date	cname	industry_id	cid	cmid	possibility	pay	balance	culture	management	recommend	expect	job_kind	current	area	helpful_count	is_best	subject	good	bad	hope
2015/2/24	(주)대웅제약	300	81945	86138	2.0	2.0	3.0	2.0	1.0	0	1	경영/기획/컨설팅	전직원	서울	 0 	False	"본인의 정체성이나 의견 등은 무시하고 하라는대로 잘할수있다면 지원할것."	육아휴직을 1년정도 쓰는편. 많이 맡기진않지만 유치원 운영	체계없고 변동많은 인사정책. 1인중심의 의사결정. 국내에서 찾아보기힘든 정책이나 제도가 많고 금방 바뀜	.
2015/2/23	(주)대웅제약	300	81945	85894	3.0	3.0	2.0	2.0	2.0	1	2	경영/기획/컨설팅	현직원	서울	 1 	True	"영업부는 본인노력에 따라 급여차이가 많이 남! 안정적인 소득을 70프로 이상의 직원은 더 많은 연봉을 받을수 있음. 성과에 따른 급여체계가 싫은 사람은 어울리지 않는 회사임! 하지만 반드시 성공하고자 하는 의지만 있다면 좋은 회사임.  영업부위주의 회사문화를 가지고 있음.  대신 관리직은 많이 힘든 문화? 갈수록 힘들어짐! 성과평가에 따라 상여가 10프로정도 차이가 나고 승진도 다소 어려워짐"	갈수록 힘들어지는 제약환경으로 인해 회사매출이 정체되어 있긴 하지만 가장 cp준수에 앞장서고 있는 회사임!  리베이트 없는 영업방식으로 변화에 앞장서고 있어 영업사원이 힘들어하고 있으나 향후에는 더 나아질수도 있을듯!  최근에 cp'AA'등급을 획득한것으로 보아 리베이트 영업으로 돌아서는 일은 없을것.	상부쪽 인사적체현상이 있고 이제 특진, 특특진이 없어져 빠른 승진은 없고, 임원들도 많이 힘들어함! 팀장이 없는 팀이 다수 존재함	문화의 급격한 변화도 좋지만직원들을 너무 힘들게 함!
2015/2/9	(주)대웅제약	300	81945	82812	3.0	3.0	2.0	3.0	2.0	1	1	영업/제휴	전직원		 5 	True	"다양한 배울거리가 많고 영엄 시스템적으로 잘 갖춰져 있음. 첫취업에 다양한 일을 배우고 싶다면 도전할만하다."	영업을 함에 있어서 오리지널 다양한 품목군을 가지고 있음.  타 회사에 비해서 영업 시스템이 잘 갖추어져있어서 여러가지 방향의 영업을 경험할 수 있다. 능력에 따라 영업에서 타 부서로의 전환이 가능하다.	예전에 비해서 진급 기준이 많이 까다로움.인센티브 제도가 많이 없어졌고 실적에따라 같은 진급에서도 연봉의 격차가 많이 난다.평일 저녁에 개인 시간이 많이 없음	직원들의 복지 쪽으로 좀 더 신경을 썼으면 좋겠다.
2015/2/5	(주)대웅제약	300	81945	81722	3.0	4.0	3.0	2.0	3.0	1	2	영업/제휴	현직원	서울	 0 	False	"국내사에선 비전이 있는 회사배울게 많지만 과거에는 일한만큼 보수가 좋았으나..최근엔 그렇지 않은듯."	국내사에서는 다른 곳 부러울 곳 없이 정말 배울게 많다.	힘들고,, 사고방식이.. 업무적으로 변하다 보니.. 인간미가 떨어진다..	회사를 오래 다닐 수 있는 방법은 없을까요?
2015/2/24	한미약품(주)	300	2669	86313	4.0	3.0	1.0	3.0	3.0	0	1	생산/제조	현직원	경기	 0 	False	"돈벌기에는 좋은 회사"	다양한 경험을 쌓을 수 있고 능력을 인정받을수 있는 회사	삶과 업무의 균형을 이루지 못한다.	직원이 혜택을 알수있는 복지제도가 있었으면 좋겠어요.
2015/2/4	한미약품(주)	300	2669	81355	2.0	4.0	3.0	3.0	2.0	0	None	영업/제휴	현직원	충북	 3 	False	"대기발령이 길고 사람을 기계처럼생각함"	높은 연봉  좋은인센 널널한 근무환경	초봉만높음 사람을기계처럼 생각 대기발령 피말림	대기발령이 너무깁니다. 피말려요 그만좀 뽑으세요
2015/2/22	종근당(주)	300	55954	85543	4.0	4.0	1.0	2.0	2.0	0	1	영업/제휴	전직원	서울	 3 	False	"전문성이 떨이지는 제약집단. 연봉은 타회사보다 높지만 상대적 업무 강도를 생각했을때 그리 많지 않은 연봉."	당장 사회 초년생들이 배울것이 많음. 연봉도 높은 편이라 어디가서 꿀리지 않음. 눈에 보이는 관료제, 많은 일을 함. 수직적인 구조라 수동적인 사람에게 적절함.	시간이 지날수록 단점이 많이 보이는 회사. 연봉 상승률도 높지 않고 연차를 사용하기 힘든 구조. 자신의 삶을 포기한다면 진급에 대한 높은 기회가 있음.	국내 모든 회사와 다를바 없지만 직원들의 자존감을 짓밟는 형태의 업무지시가 많음. 군대 문화가 자리잡고 있어 비합리적인 의사결정이 많음. 충분한 휴식은 업무의 효율성을 높인다는 것을 경영진은 인식해야 함
2015/2/3	종근당(주)	300	55954	81264	2.0	2.0	1.0	1.0	1.0	0	1	생산/제조	현직원	충남	 1 	False	"종근당이라는 회사를 잘 알고 지원하세요"	종근당하면 모두가 알고 있는 이름. 그만큼 네임밸류가 크다!	보수적인 기업문화에서 비롯된 비효율적인 업무 환경	종근당을 잘 이 끌어주세요
2015/2/14	(주)녹십자	300	83348	84299	3.0	3.0	2.0	2.0	2.0	0	1	생산/제조	현직원	충북	 2 	False	"자사 마다 다름. 녹십자 본회사와 자사들은 따로 운영된다고 보면된다 자회사 희망자들은 근무 환경 및 지역을 꼭 참고하시길.."	보건 복지부 및 적십자등 의료 공기업들과의 협력 관계에 있어 안정성은 보장 받는다.	사내 분위기가 딱딱하며. 업무처리 방식이 비효율적이다. 공장이 굉장히 외딴곳에 있어 차량 필수 출퇴근. 기숙사 및 셔틀 지원 가능하지만. 차량 없이는 지역에서 적응하기 힘든곳. 소규모 팀원에 인원충원이 거의없다. 급여는 보통수준이 향후 성장 가능성은 거의 없어보인다	팀을 세분화 시켜 인원을 보충하거나 아예 없애는게 나을정도인. 비효율적 운영체제 개선이 필요하며. 직원 복지 수준 향상이 필요하다
2015/2/23	굿네이버스인터내셔날(사)	300	86785	85958	4.0	4.0	1.0	4.0	3.0	1	2	전문직	현직원	경북	 0 	False	"사회복지 마인드 + 열정 = 당신!"	멀티가 될수있다/개인의 역량 개발이 하루가 다르게 발전한다	멀티가 되는 만큼 업무량이 증가 한다	언제나 건강하세요
2015/2/26	(주)셀트리온	300	71498	87089	3.0	4.0	2.0	1.0	1.0	0	2	경영/기획/컨설팅	현직원	인천	 2 	False	"생명공학도들에겐 좋음 허나 전혀 전공무관한 일 할수도... 인문계는 고민 많이해야함"	신입 3500연봉 어쩌다 성과급 줌나름 코스닥 2위	군대문화 확실함야근 쩔... 팀마다 다를수 있긴하지만자취비를 생각하길바람불안정한 사업특성	담배피지 말고 욕좀 자제
2015/2/19	(주)셀트리온	300	71498	85247	3.0	3.0	1.0	2.0	1.0	0	None	경영/기획/컨설팅	전직원	인천	 6 	False	"바이오제약업계에선 선두기업이며 계속 크고있는 기업이지만 그만큼 업무강도가 세고 할 일이 많음"	업계 1위라는 자부심을 가질 수 있음건물과 식당, 탕비실 등 시설이 매우 좋음신생기업이라 직원들이 대체로 젊은 편	업무강도가 너무 셈. 너무 외져서 평일에 병원이나 은행업무 등을 봐야 할 일이 있으면 곤란함차가 없다면 콜택시는 필수임(택시도 안다님).	하반기 공채 엄청크게 하고 결과 알려주는것도 계속 지연시키고 한달은 끌고는 결국 3명정도 뽑았죠.. 구직자들 희망고문하지 말아주세요
2015/2/7	(주)셀트리온	300	71498	82484	4.0	4.0	3.0	5.0	4.0	1	2	전문직	현직원	인천	 2 	False	"세계최초 항체 바이오시밀러 제품 보유. 구성원 대부분이 열정이 있음"	제약회사 특성상 회사 전체적으로 깨끗함. 점심이 잘 나오는 편. 초과이익금 분배 등의 급여 혜택	같은 분야에 있지 않으면 알려지지 않음. 주식으로 유명하지만 가끔 주가문제로 부정적인 시선이 있음.	각자의 업무에만 집중할 수 있도록 지속적인 OJT가 필요하다고 생각됨.
2015/2/4	(주)셀트리온	300	71498	81403	1.0	1.0	1.0	1.0	1.0	0	None	엔지니어링	전직원	인천	 2 	False	"조직문화가 뭉치면 살고 훝어지면 죽는다.군대문화 적응 필수"	다양한 복지와 제조업기반.  좋은 근무환경	입닫고살면오래다닐수있음.  머리가 굳어짐.  최하향평준화보장	프로세스개선 필수 감정경영 자제
2015/2/2	(주)셀트리온	300	71498	80723	3.0	2.0	5.0	2.0	4.0	0	1	생산/제조	현직원	인천	 4 	False	"외국계회사라고 알려져있으나 경영진이 죄다 한국인이므로 별다른 기대는 안하셨으면 합니다."	1.여자가 다니기엔 충분히 좋은 회사로 여성분이시면 무조건 추천 합니다.(1급사원-4년제 졸 기준)	1. 1급 사원과 2급사원의 차이 (2급사원-2년제 졸은 100년을 다녀도 1000년을 다녀도 다른회사에서 말하는 대리가 될수 없음)1급 사원과 2급사원은 직급체계부터가 다름	기숙사있으면 좋겠습니다.송도 땅값이 워낙 비싸서 한달 급여로 받은 돈에서 상당부분이 월세로 나갑니다.
2015/2/24	한국유나이티드제약(주)	300	3243	86379	3.0	3.0	5.0	2.0	3.0	1	1	전문직	현직원	서울	 0 	False	"신입보다는 경력으로 들어오는 것을 추천합니다. 지원자를 뽑을 때 관련경력이 많은 사람을 선호합니다."	업무와 삶의 균형을 가질 수 있습니다. 야근은 많지 않고, 회식문화를 지양하며, 정기적인 사내동호회 활동이나 봉사활동을 강요하는 문화가 없습니다. 클래식 음악회 등 고급문화를 가지고 있습니다.	보수적인 회사 규정이 해를 거듭할수록 생기고 있습니다.	자유출퇴근제 도입해주세요~!
2015/2/22	한국유나이티드제약(주)	300	3243	85661	2.0	1.0	4.0	2.0	2.0	0	2	전문직	현직원	충남	 0 	False	"회사의 미래는 밝지만 직원들에 대한 복지는 낮은 수준입니다."	야근이 거의 없음성장 가능성이 큼R&D에 투자 많이 함	비슷한 수준의 제약회사에 비해 낮은 연봉과 복지수준자동화 되있지 않음시설이 노후화 되있음사장님이 진짜 짠돌이임	직원들이 진짜 원하는 복지를 해주시기 바랍니다.
2015/2/17	서울대학교병원	300	28516	84874	2.0	3.0	3.0	3.0	3.0	0	1	경영/기획/컨설팅	현직원	서울	 1 	False	"안정적인게 장점이자단점 생각보다 편하지않은 근무환경"	안정적이고 정년보장이됩니다. 브랜드파워때문에 망할리도 없는 곳.	능력이나 적성을 고려하지않는 비합리적인 인력배치 교수들 눈치도봐야한다. 보직자들의 입김에따라 승진이 이루어짐	가진 능력이나  적성에따른인력배치!!
2015/2/6	서울대학교병원	300	28516	82330	2.0	2.0	5.0	2.0	2.0	0	1	의약	전직원	서울	 0 	False	"교육, 연구를 중시하여 다양한 케이스를 볼 수 있음"	네임밸류가 있어 자부심을 느낄 수 있음 저렴한 가격에 비해 꽤 먹을만 한 직식 밥	허구헌 날 하는 노조 파업, 방만 경영오래된 건물, 노후된 시설	잘하자
2015/2/24	에프알엘코리아(주)	400	19964	86083	2.0	3.0	2.0	3.0	3.0	1	1	서비스/고객지원	전직원	경기	 1 	False	"패션을 배우려 하지말고 일단은 몸으로 일한다는 생각으로 하지않으면 1년을 못 버틴다."	연장 근무를 하면 그 만큼의 대가를 받을 수 있음.  확실한 급여 시스템.	유연하지 못한 기업 문화, 점장임에도 불구하고 그만큼의 힘이나 결정력이 없음.	이직율이 높은 것을 직원에게 말하는 것보다 적극적인 변화가 필요함
2015/2/23	에프알엘코리아(주)	400	19964	85841	4.0	3.0	3.0	4.0	3.0	1	2	영업/제휴	전직원	서울	 0 	False	"적극적으로 업무에 임하고 참여할 수록 더 좋은 성과를 내고 더 많은 것을 배울 것이라 생각한다자신이 이 회사에 애착이 강하고 적극적이라면 뛰어난 업무 성과를 낼 수 있음"	체계화되어있는 업무 시스템과 공정한 승진제도	굉장히 승진이 빠를 것이라 생각했었는데 생각만큼 승진 속도가 빠르지 않다.간부 위치의 사람들이 부재하지 않는 이상 어느정도의 승진 이후에는 정체 되어 있을 듯	없다
2015/2/21	에프알엘코리아(주)	400	19964	85404	4.0	2.0	2.0	4.0	3.0	0	2	영업/제휴	전직원	서울	 0 	False	"조직내의 문화가 체계적으로 갖춰져있기때문에 처음에는 어려워 할수도 있습니다. 하지만 적응하면 크게 문제 없을껍니다."	승진기회가 많으며 점포마다 다르겠지만 일하는 분위기 좋습니다. 다들 옷을 좋아하고 유니클로를 좋아하는 사람들이 모여서 일하다보니 잼있었습니다.	업무량이 많고 잦은 쉬프트 변경등. 불규칙할수도 있습니다. 확실히 삶의 균형을 생각해볼때는 일쪽으로 많이 시간이 쏠리는것 같습니다.	전 세계적인 스파브랜드로 성장중인 회사로써 그만큼의 대우가 필요하고 더욱 더 탄탄한 사내 경영전략이 필요하다고 생각합니다.
2015/2/16	에프알엘코리아(주)	400	19964	84729	4.0	3.0	1.0	2.0	2.0	0	1	유통/무역	전직원	기타	 0 	False	"글로벌 제조사에서 일해볼 수 있는 경험을 얻을 수 있고, 동종업계에서 최고의 연봉을 받을 수 있다.하지만 동종 SPA가 아닌 이상 경력인정 받기 어렵고 일정 직위 이상으로의 커리어 비전은 없다,"	업무강도가 세서 백이면 백 다이어트 됨매뉴얼이 잘 만들어져 있고 업무체계가 잘 잡혀있어사회초년생이 버티기만 한다면 일 배우기엔 좋은곳	외국계 기업의 탈을 썼지만 엄격한 군대 문화, 시도때도 없는 연장근무로 개인여가 생활은 상상도 못함.	업무환경이 조금만 더 개선이 되었으면 한다
2015/2/27	한샘(주)	400	48317	87184	3.0	3.0	1.0	1.0	3.0	1	2	영업/제휴	전직원	서울	 0 	False	"내 생활을 다 포기하고 워커홀릭을 원한다면 지원GO. GO. SC의 경우 포기한거에 대한 금액보상 확실함. IC 의 경우 대리점에 따라 케바케.  SC보다 인센체계가 월등히 좋은곳도 월등히 낮은곳도 있음."	영업을 잘하면 나에게 돌아오는 금액이 크다. 아주 분명한 기업문화를 가지고 있다. 잘 하면 잘 해준다.	내 생활이 전혀 없다. 군대다. 심적인 스트레스를 많이 받는다. 친구들의 야근이 우낄정도다. 못하면 미래는 없다.	없음
2015/2/26	한샘(주)	400	48317	86976	5.0	3.0	1.0	3.0	2.0	0	1	전문직	전직원	서울	 0 	False	"이케아 들어오기로 한 후 부터 회사 내부에도 많은 노력을 기울이고 있음. 매출이 안되면 자기 휴일을 반납해서라도 채워야하겠다는 열정이 있어야함"	인센티브제도가 잘 되어있어서 진짜 자기가 하고자 한다면 돈을 엄청 잘 벌수있다. 1억연봉사원도 가능	선 후배가 동일한 일을 하기때문에 경쟁이 매우 치열함.	목표를 높게 잡는것도 좋지만 시기에 맞게
2015/2/17	한샘(주)	400	48317	84850	2.0	2.0	2.0	3.0	2.0	0	2	영업/제휴	전직원	대구	 0 	False	"영업을 좋아하고 꾸준히 노력 할 수 있는 사람이면 추천"	영업 실력이 좋을 수록 인센티브가 다양하게 조성되어 있음	영업인으로서 승진할 수 있는 길이 한정적, 영업 특성상 자기 시간이 별로 없고 일에만 충실해야함	일과 생활이 조화롭게 될 수 있도록 휴가나 근무시간 조정이 필요함
2015/2/11	한샘(주)	400	48317	83642	4.0	3.0	1.0	1.0	3.0	0	2	영업/제휴	현직원		 3 	False	"사람을 극한까지 밀어붙이는 가구계의 불지옥. 회사의 성장이 개인의 성장으로 이어지지 않는다. 이 불안전한 성장고리를 견디어 낼 수 있다면 지원하라"	경영진의 원대한 꿈, 그리고 그것을 곧바로 실행에 옮기는 추진력. 실패에 대한 두려움없이 과감하다. 현실에 안주하지 않는 것이 이 회사의 최대장점	성장에 눈이 멀어 인력의 누수를 신경쓰지 않음. 1류 기업을 외치면서 직원에 대한 처우는 3류와 다를바없음(사내 어린이방은 논외)	조금 더 뒤를 돌아볼 수 있는 여유도 갖추었으면 하는 바램.
2015/2/10	한샘(주)	400	48317	83244	3.0	3.0	3.0	3.0	3.0	0	1	영업/제휴	전직원	서울	 0 	False	"가구 부엌 등 다양한 분야에서 한샘은 유명하죠"	다른 외국 가구업체도 한국에 진출했지만 한샘은 명성이 있기 때문에 망하지 않을거 같아요	영업을 잘 해야 하는 압박이 있어요	앞으로도 고객들을 위해 좋은 제품 만들어주세요
2015/2/9	한샘(주)	400	48317	82970	3.0	4.0	2.0	3.0	3.0	1	2	영업/제휴	전직원	서울	 0 	False	"이케아 입점에도 불구하고 성장가능성은 열려있음. 주식상승세. 그렇기에 업무강도가 빡셈. 그에 따른 보상은 나쁘지않음"	가구업계1위. 가구업계유일하게1조돌파기업	주말도 반납하고 일에 몰두해야하는 현실.	영업직무에 있어 실적을 올리기위한 다양한 사내교육이 이루어지지만 오히려 영업을 방해하는, 즉 비효율적인 차원도 없지않아있음
2015/2/5	한샘(주)	400	48317	82017	3.0	1.0	1.0	3.0	3.0	0	2	영업/제휴	전직원	서울	 1 	False	"주말 없고, 평일에도 밤 늦게 퇴근함. 영업뿐만 아니라 영업관리도 모두 자신의 책임이기 때문에 업무시간 외에도 일을 손에 놓지 말아야함. 인센티브 높다고 하는데.. 기본급이 워낙 낮음. 영업 못하는 사람은 주말반남+풀근무해도 월200 벌까말까...그렇기 때문에 못하는 사람은 몇 개월만에 퇴사함. 이러한 이유로 근무하는 사람들의 평균연봉이 높은거임...."	기업에서 인정만 받으면 인사이동도 자유로운 편이고 돈도 꽤 벌 수 있음. "인정만 받으면"그래도 힘들게 일하는 만큼 동료들끼리 끈끈한 정이 있음. 회사에서 사원에 대한 정도 어느정도 있는 편.	인정받기 쉽지 않음. 특히나 한샘은 실적을 엄청 쪼아댐.. 실적 뿐 아니라 관리도 잘되어 있어야함. 그니깐 만능이어야지 기업에 남을 수 있다는 말! 참고로 신입을 3개월 마다 뽑음. 밑에서 계속 치고 올라오고.. 못하는 사람은 금방 나가고. 물갈이가 심하다는 느낌을 받음. 그리고 개인시간 포기해야함. 365일 근무시간.	신입만 뽑지 말고 기존 사원 육성에 더 힘을 쏟아주세요.
2015/2/5	한샘(주)	400	48317	81880	3.0	3.0	1.0	3.0	2.0	0	2	영업/제휴	전직원	서울	 0 	False	"삶이 업무가 될 것입니다. 영업직군의 경우 특히 그엏습니다"	하는만큼 보상이 따름. 영업직군의 경우 같은 영업동료끼리 연령대가 비슷하여 분위기가 좋은 점	경영진의 생각이 회사의 발전을 강력하게 염원하고 실행에 옮기는 것이라면 직원들은 어느정도 하고 안주하려는 성향이 있는데 여기서 괴리가 생김. 고객들 상대하며 여러 잡일들을 도맡아서 한다는 점이 매우피곤함	경영진이 일선근무자와 오피스근무자들의 고충을 알고 배려해주면 좋을듯.
2015/2/27	홈플러스(주)	400	784	87386	2.0	2.0	2.0	2.0	1.0	0	1	서비스/고객지원	전직원	경기	 0 	False	"거의 모든 사람이 알고 있는 직장, 망할 이유 전혀 없음. 하지만 20대 대졸자가 홈플러스를 다닌다고 하면 그렇게 좋게 보지 않음."	유통 업계 2위라는 나름의 자부심이 있음. 인지도만큼은 모르는 사람이 없을 정도.삼성물산 출신이나 공채 출신이라면 높은 자리까지의 승진이 가능함	전반적으로 사내 정치가 심하다. 몇년 전까진 매장에 층별로 부점장이라는 사람들이 있어서 만연하는 사내정치의 현장을 볼 수 있었다.부서별로 업무 강도가 다르다. 또한, 승진하기 좋은 부서가 따로 있다.	매장직 처우를 개선해줬으면 좋겠습니다. 또한, 만연하는 사내 정치는 어쩔 수 없지만 인사 고과 시스템은 개선할 필요가 있어보입니다.
2015/2/23	홈플러스(주)	400	784	85861	2.0	2.0	3.0	3.0	3.0	0	1	서비스/고객지원	전직원		 0 	False	"교대근무가 많이 힘듬"	공항근무라 깨끗한 시설, 유니폼 있음	2교대,이른 출근시간, 휴무 내맘대로 못함	없음
2015/2/23	홈플러스(주)	400	784	85757	2.0	3.0	1.0	2.0	1.0	0	None	영업/제휴	전직원	서울	 0 	False	"유통업이 좋다면 입사해보는 것도 좋음"	안정적인 월급이 창출된다는 것. 활동적인 사람에게는 정적인 사무직보다는 적성에 맞을 근무환경	주말없는 출근. 이 일을 하면 계획적인 내 사람의 life는 불가능. 오로지 직장에 맞춰진 나의 삶을 발견할 수 있음.	창의적 개선활동을 통해 영업이익을 창출할 수 있도록 노력할 것
2015/2/23	홈플러스(주)	400	784	85681	2.0	1.0	2.0	2.0	2.0	0	None	IT/인터넷	현직원	서울	 0 	False	"유통업무를 배울수 있는 기회요소가 존재"	업무체계가 잘 갖춰져있고, 네임벨류가 있음	연봉이 낮고, 직책별로 연봉인상이 발생되어 입사후 약 7-8년은 같은 연봉으로 근무	직원도 고객이라는 생각을 조금만 해주기를 바람
2015/2/22	홈플러스(주)	400	784	85560	2.0	2.0	2.0	3.0	2.0	0	1	서비스/고객지원	전직원	대전	 0 	False	"물류 유통 쪽에 대해서 많이 배울 수 있다.생각했던거 이상으로 노가다가 들어가는 업무도 있다. (모든 물류 유통 업체가 다 그럴거라고 보고있음)"	보수가 나쁘지 않고, 나름 성과금 챙겨줌.	재고, 부족한 돈 메꾸는 것에 대해서 개인적 스트레스가 있음. (이쪽 업계 일하는 사람이면 다 그럴것임)	고생하는 것 알아주시길.
2015/2/21	홈플러스(주)	400	784	85411	2.0	3.0	1.0	3.0	3.0	0	None	유통/무역	전직원	부산	 0 	False	"승진의 기회가 많이 정체되어있으나, 욕심없는 근무 가능하십니다."	정리해고 없는 안정감이 가장 긍정적인 부분이라고 생각함, 매장 별로 다르지만 부서의 다양한 경험 가능.	근무환경. 승진기회 적음, 서울 인천 지역권을 제외하고는 승진의 기회가 꽉 막혀 있는 상태	개인정보보호부터 우선 강화.
2015/2/18	홈플러스(주)	400	784	85116	2.0	2.0	2.0	3.0	2.0	0	1	IT/인터넷	현직원	서울	 0 	False	"파트장으로 들어오면 좋음. 아니면 고민을 할것."	다양한 시스템과 환경을 경험 할 수 있음.	낮은 연봉. 비합리적인 인사제도. 복지가 그리 썩 좋지않음.	앞을 내다보고 투자를 했으면함. 정치는 자제좀.
2015/2/10	홈플러스(주)	400	784	83201	3.0	1.0	4.0	3.0	2.0	0	1	유통/무역	현직원	서울	 1 	False	"본사는 여자가 다니면 좋은 곳육아휴직 출산휴가 이후에도 년차에따라 승진도 가능상여 없을 시 연봉 폭망"	대형마트는 세곳뿐임 대한민국에서 마트 안가고 살수있는 사람 별로없음.고로 지속적인 이익은 있으므로 안정적임부서나 본부에따라 분위기는 다르나 타 회사에 비해 수평적인 문화	연봉작음 더이상 설명 필요없음.정체되어있는 과장급이상 간부들	더이상 무엇이든 줄일 생각만 하지말고혁신적으로 바꿀 생각하지 않았으면 좋겠습니다.
2015/2/4	홈플러스(주)	400	784	81671	2.0	1.0	2.0	4.0	2.0	0	1	IT/인터넷	현직원	서울	 0 	False	"글로벌 회사라서 배울 점은 많습니다!"	많은 업무를 배울 수 있습니다. 하지만 체계적이지는 않습니다.인프라가 커서 큰 그림을 잘 그릴 수 있습니다.	낮은 연봉(정말 낮습니다). 딱 일한만큼만 나오는 듯한 상여, 거의 없는 야근수당. 등.	좋은 인재는 현대 사회에서 연봉을 아낀다고 나오는 게 아니라고 생각합니다.
2015/2/15	씨제이올리브영(주)	400	23194	84563	3.0	3.0	2.0	4.0	3.0	0	2	서비스/고객지원	전직원		 0 	False	"서비스마인드가 있고 큰욕심이 없다면 괜찮음."	대기업 그리고 다니면서 얻을수있는 소소한 복지 CJ라는이름	타기업에 비해 낮은연봉 주말근무 불가피 자잘한 업무가 많음.	효율적으로 일할 수 있는 환경이 필요,
2015/2/9	씨제이올리브영(주)	400	23194	82900	3.0	2.0	2.0	4.0	3.0	1	2	서비스/고객지원	전직원	경기	 0 	False	"하는업무는 생각하시는 서비스직(주말출근, 고객상대 등) 그대로임"	CJ계열사로써 복지가 좋다화장품 좋아하면 교육도 많고 도움이 많이 된다	CJ계열사 중 보수가 가장 적다주말에 일하는것, 생활의 불균형	사람들의 퇴사가 잦고 많은 편인데 왜 그런지 원인 분석해서 반영좀해주셨으면 좋겠다
2015/2/22	이마트(주)	400	59035	85495	3.0	3.0	3.0	2.0	3.0	0	1	서비스/고객지원	전직원	서울	 0 	False	"스펙 없이도 도전 할 수 있는 곳"	본인의 적성에 맞으면 최고의 직장이다.	서비스업의 모든 단점을 다 가지고 있다	직원들의 복리후생에 조금 더 많은 관심을 주셨으면.
2015/2/12	이마트(주)	400	59035	83996	3.0	4.0	3.0	3.0	1.0	0	None	경영/기획/컨설팅	현직원	서울	 1 	False	"현재 마트업계 전체적으로 성장 정체새로운 돌파구 찾기위해 고군분투중이지만 여의치 않음. 미래 성장을 보자면 쏘쏘업계1위에서 일한다는 자부심과 동시에 오는 업무강도에서 오는 좌절도 만만치 않은 곳. 팀별로 분위기 업무강도 상이"	업계1위에서 일한다는 자부심 가질 수 있음. 주부고객 주 타겟층인 회사 특성상 이미지 관리 신경쓰기 위해 복지 괜찮은 편. 특히 여사원들 육아 출산 관련 휴가제도가 좋은 편. 순환근무제도가 발달되어 있어 지루할 틈없이 보직 변경(업무마다 사람마다 다르지만 변경이 꽤 잦은편)	단시간에 성장으로 인한 업무 체계화 아직 미흡. 업무강도는 어떤 직무냐에 따라 조금씩 다르지만 높은 편임. 자신이 성장할 수 있는 기회가 한없이 있을 수도 아예 없을 수도. (그만큼 야생벌판에서 스스로 자라나야 할 경우가 많음. 교육, 인수인계 체계 부족)대졸신입이어도 현장 밑바닥부터 시작다이나믹한 시장과 현장상황때뮨에 경영방식이 주먹구구식 경영진의 교체에 따라 일관성 결여대형마트 업 특성상 현재 시장 포화상태 성장가능성 낮음	성장성 높은 신사업에 좀더 투자하길.
2015/2/10	이마트(주)	400	59035	83333	2.0	3.0	1.0	2.0	2.0	0	1	경영/기획/컨설팅	전직원	경북	 0 	False	"동종업계에서는 최고수준. 딱히 자기발전 없이 다니기엔 연봉과 복지가 나쁘지 않으나 업무강도는 높음."	유통업계 1위의 자부심.신세계의 복지와 프라이드를 느낄 수 있음.대부분 평일 휴무지만 휴무는 많음.	직무에 대한 전문적인 지식을 배우기는 어려움업무 배분이 효율적이지 못하며 업무량이 많음.연장근무시 수당받기 어려움 그러나 칼퇴근도 어려움.초대졸이나 여성으로는 진급의 한계가 있음.유통업 특성상 주말근무는 필수적이며 근무시간도 길어 삶의 여유가 많지 않음.	업무를 보다 효율적으로 진행할 수 있는 환경이 마련되었으면 합니다.능력있는 사원에게 좀 더 기회를 주었으면 합니다.
2015/2/24	지에스리테일(주)	400	55399	85988	1.0	1.0	2.0	4.0	3.0	0	2	디자인	현직원	서울	 6 	False	"안정적"	자부심을 느낄수 있다 기업문화가 좋다 직무 순환기회가 많다	7시퇴근 야근이 많다 모험을 잘하지 않는다	7시퇴근
2015/2/21	지에스리테일(주)	400	55399	85475	1.0	1.0	3.0	3.0	2.0	0	1	디자인	현직원	서울	 5 	False	"적은돈에오래다니고싶다면말리지않음."	비전이나쁜편은아니고.오래다닐수있음.오래다닐회사로는좋음.야근도거의없는편!	급여가적고.남자가많아서술위주의회식문화.이보다복지가안좋을순없을듯(?)	구식마인드의기업분위기가바뀌어야직원들의사기가높아지지않을까.
2015/2/9	지에스리테일(주)	400	55399	82897	3.0	2.0	2.0	3.0	3.0	0	1	서비스/고객지원	현직원	기타	 0 	False	"지금은 사라진 미스터도넛 부서에 있었습니다.회사 전체적인 분위기는 군대 입니다. 경쟁으로 피가 터지는 전쟁터입니다.경쟁하시길 좋아하시고 스트레스에 강하신분 추천드림니다."	성과에 대한 보상은 확실합니다. 우수한 사람들은 진급 빨리 시켜줍니다.사회생활이 다 그렇듯 일 인맥 다 중요합니다. 대기업이라는 이름이 있는만큼사람들이 알아주긴 합니다.	비교적 오래 살아남기가 힘듭니다. 회사에서 높이 올라가고 싶으시면 사생활 포기하셔야합니다.유통업이라 그런지 일의 강도가 엄청 높습니다.	편의점 사업이나 슈퍼 사업은 어느정도 성공궤도에 올랐지만신사업인 미스터도넛은 망했습니다. 기껏 매장현장직으로 일했지만느낀점은 대기업이라고 해서 다 잘하는건 아니구나. 굉장히 허술했던 점이 많았습니다.왜 망했는지도 알거 같습니다. 군대적인 분위기 수평적으로 맞추셔야하고 내부적으로 무상 오티를 많이 한다고 들었습니다슈퍼는 지옥이라고 들었습니다. 반성하시길
2015/2/24	비지에프리테일(주)	400	74403	86332	3.0	4.0	2.0	4.0	2.0	1	2	경영/기획/컨설팅	전직원	경기	 1 	False	"도전할 가치가 있는 곳.괜찮은 회사."	내수산업이지만 경기를 크게 타지 않는다는 점.그럼에도 불구하고 항상 성장하려고 하는 회사.	비합리적, 강압적, 일방적, 권위적, 업무 하달.등.	성장에 대한 목마름은 너무 좋음.그러나 직원을 인재로 생각하고 배려하려는 리더들이 많아지는 회사로 만들어주길..
2015/2/24	비지에프리테일(주)	400	74403	86268	4.0	4.0	4.0	4.0	4.0	1	2	유통/무역	현직원	경북	 1 	False	"생각보다 좋은곳임네임벨류는 다소 떨어지나 유통업체갑임"	합리적 조직문화와 업계최고 급여 근무강도도 유통업계에선 괜찮운수준	업무의 융통성 및 경직된 경영진 사고방식	합리적으로 생각해쥬세요그리고 직원을 신뢰하는 문화가 필요함
2015/2/13	비지에프리테일(주)	400	74403	84202	3.0	3.0	2.0	3.0	3.0	0	2	경영/기획/컨설팅	현직원	서울	 2 	False	"계속 성장하는 회사"	안정적이고 계속 성장하는 회사임. 월급도 잘 나옴	업무와 개인의 삶의 균형이 안맞음. 복지는 대기업에 부족함.	개인 생활에 대한 배려. 다양한 복지체계가 필요함
2015/2/11	비지에프리테일(주)	400	74403	83417	3.0	5.0	2.0	4.0	5.0	1	2	영업/제휴	현직원	부산	 3 	False	"지방대생에게 최고회사학벌 때문에 차별받을일 없으"	유통업계 떠오르는 다크호스입니다 성장성이 무한	보수적인 분위기경직된 환경선배문화 기수문화	복지향상 필요
2015/2/4	비지에프리테일(주)	400	74403	81385	4.0	5.0	5.0	5.0	5.0	1	2	경영/기획/컨설팅	현직원	서울	 1 	False	"미래가 안정적임"	임직원들 삶에 관심을 많이가지며, 개인과 조직이 함께 발전하길 기대함	좀 더 창의적이고 개방적인 기업문화로의 변화필요	직원들의 목소리에 항상 귀기울여야함
2015/2/24	한국철도공사	400	86756	86020	2.0	3.0	3.0	3.0	3.0	0	1	유통/무역	현직원	광주	 0 	False	"적당한 연봉 적당한 업무 안정적인 근무."	안정적, 높지 않은 근무강도, 정년보장.	일정하지 않은 근무시간, 여타 공기업과 비교해 낮은 연봉, 철도대학출신 차별.	제대로된 경영을 통해 좀더 나은 기업매출 바람, 채용인원을 줄이는식의 단기적 해결책은 반대.
2015/2/28	(주)대한항공	400	81661	87602	4.0	4.0	2.0	4.0	2.0	1	2	서비스/고객지원	현직원	서울	 1 	False	"같은 분야의 회사더라도 장단점이 다르니 잘 생각해보고 지원하시길."	아무래도 항공권에 대한 복지가 아닐까 생각합니다. 연봉도 타 항공사보다는 높습니다.	조그마한 실수에도 여러 말이 나올수 있다는점.	보수적인 회사 분위기가 좀 더 바뀌었으면 좋겠습니다.
2015/2/18	(주)대한항공	400	81661	85136	3.0	1.0	3.0	3.0	2.0	0	None	경영/기획/컨설팅	현직원	부산	 0 	False	"잘알아보고 오세요부서마다 편차 큼"	휴가를 비교적자유롭게 쓸수있다정년보장	수직적보수끝판왕정년이 보장되므로세대차이가 크다.중간급이적다.	연봉상승
2015/2/18	(주)대한항공	400	81661	85131	1.0	3.0	2.0	1.0	1.0	0	1	서비스/고객지원	전직원	서울	 1 	False	"잘 참는 사람이라면 뭐..."	직원항공권을 이용해 저렴하게 여행다닐 수 있다. 그러나 여행 다닐 (시간, 체력 등의) 조건이 받쳐주지 않아 가족들만 좋음.	보수적인 기업문화. 눈과 귀가 고객에게만 열려있어 직원들에 대한 배려가 전혀 느껴지지 않음.	없습니다.
2015/2/18	(주)대한항공	400	81661	85125	3.0	4.0	3.0	2.0	2.0	0	2	서비스/고객지원	전직원	서울	 0 	False	"여자가 일하기 좋은 회사. 급여 복지 좋은 편"	항공서비스 기업 중 업계 1위 회사에서 일하고 있다는자부심	수직적 기업문화, 승무직의 경우 몸도 몸이지만 수직적 상하관계로 스트레스가 많은 편	기업문화 개선
2015/2/11	(주)대한항공	400	81661	83633	2.0	1.0	4.0	2.0	1.0	0	1	서비스/고객지원	현직원	서울	 2 	False	"돈많은 사람다니기 좋은회사"	직원항공권 가족혜택/ 직원들이 대부분 온순함/ 여성이라면 최고의 직장중 하나입니다.	항공업이 타 업종에비해 연봉이 많이 낮아요	고스펙 인력 채용에 걸맞는 대우. 애사심과 자부심을 위한 복지
2015/2/3	(주)대한항공	400	81661	81312	2.0	2.0	4.0	1.0	1.0	0	None	경영/기획/컨설팅	현직원	서울	 1 	False	"정체되고 봉건제스러운 회사문화. 경영층과는 별개로 구성원들은 괜찮은분들이 꽤 많습니다. 야근 별로없는점 고용 안정성(사무직 기준)은 장점 단점은 모두 알고 계시리라 믿습니다"	비행기 티켓이 쌈, 휴가사용이 자유로움 야근이 많지 않은 편  산업자체가 안정적인 편	밥상의 숟가락 갯수까지 경영층이 개입함 따라서 의사결정 속도가 매우 느림	직원에 대한 신뢰를 바탕으로 한 업무의 위임이 필요 바텀 업의 의사결정 빈도도 높아지면 좋을듯
2015/2/2	(주)대한항공	400	81661	80650	3.0	3.0	2.0	2.0	1.0	0	None	영업/제휴	현직원	서울	 0 	False	"오너일가를 위한 회사.."	비행기표 여성이 차별받지 않는 분위기저년보장	보수적이고 정체된 문화야근 잦으며 야근수당 없음비용 절감을 직우ㅗㄴ총해 하는 회사	아번 사태 계기로 환골탈태 하기를
2015/2/24	롯데쇼핑(주) 롯데마트사업본부	400	89252	86274	2.0	2.0	4.0	4.0	2.0	0	1	유통/무역	전직원	경기	 0 	False	"유통 및 물류관리를 지원하시는 분들에게는 좋은 밑거름이될 수 있지만 마트에 뼈를 묻을 각오가 없는 분들에게는 비추. 물류 외 이직할 범위가 적음"	마트의 특성상 어머니들이 많아 회식 등 문화에 있어서는 압박이 없고 자유롭다.	연봉이 적고 어머니들이 많지만 복지는 잘 이루어지지 않는 실정. 또 낙하산이 잘 떨어지고 점장도 자주 바뀌며 그럴때마다 지침이 점장의 스타일에 맞추어 새롭게 바뀐다	일관된 지침과 무조건적인 고객우선은 지향해야함
2015/2/7	롯데쇼핑(주) 롯데마트사업본부	400	89252	82355	3.0	3.0	3.0	4.0	3.0	1	2	기타	전직원	경기	 0 	False	"롯데간판이라는것에 혹하면 오산"	롯데다닌다는자부심가질수있음리시빙팀 업무는 단순함	수직적 상하관계, 마트특성상 주말출근 불가피	사원간 상호준중이있었으면함
2015/2/23	현대백화점(주)	400	47637	85944	1.0	1.0	1.0	2.0	1.0	0	1	서비스/고객지원	전직원	서울	 1 	False	"계약직을 지원하는거라면 뜯어 말린다."	대기업이라는것. 많은 경험을 한다는것. 많은 사람을 본다는것	군대식문화, 개인주의, 고성과 욕설등	군대식 문화부터 폐지하시길.
2015/2/23	현대백화점(주)	400	47637	85855	4.0	5.0	5.0	5.0	5.0	1	2	경영/기획/컨설팅	현직원	서울	 1 	False	"1.  '사람'이 다 좋다. 다 좋은 사람들만 모여있어서 일하기엔 최고인 환경. 2. 우수한 복지 (CEO의 주 경영관이 조직문화 관련인지라..)3. 다만, 스펙타클함을 기대하고 백화점을 지원한다면 다시한번 생각해보라고 하고 싶습니다.+ 그리고 아시겠지만, 연봉이 높습니다."	높은 연봉, 자유로운 분위기, 좋은 근무 환경, 선진적 조직 문화.	복잡한 절차, 반복되는 업무, 유통/패션/트렌드 전문가의 부재.	가치관은 거의 다 정지선 회장님에 맞춰서 유연해지신거 같은데, 막상 유통/트렌드에 대해 모르시니까..새로운 제안을 해도 꽉 막혀있는 느낌..다들 세상에 좀더 민감해지기를!
2015/2/22	현대백화점(주)	400	47637	85487	3.0	3.0	2.0	4.0	3.0	0	1	영업/제휴	전직원	서울	 1 	False	"매장관리직이라면 자기생활이 없어질수도있음. 노가다업무가 많음."	젊은사람과 여직원이 많아 사내문화가 좋은편.	비합리적 인사발령(지방발령), 노가다업무 많음.	인사제도의 투명성
2015/2/15	현대백화점(주)	400	47637	84538	3.0	4.0	3.0	3.0	3.0	1	1	기타	전직원	울산	 0 	False	"계약직으로 잠시 근무했지만 큰 어려움은 없었습니다. 배우고자 하는 자세를 높게 평가하는 것 같습니다."	분위기는 마음에 들고 백화점 유통으로 일할 분이라면 경력을 쌓을 만하다고 생각합니다!	매장관리직이나 기타 영업 직은 매월 짧게는 주 단위 매출 목표를 갖고 있어 스트레스를 좀 받을 수 있습니다.	고객이 왕이라지만 근무 직원들에게도 많은 관심을 갖고 처우 개선에 노력해주셨으면 합니다.
2015/2/9	현대백화점(주)	400	47637	83052	3.0	5.0	3.0	4.0	3.0	1	1	유통/무역	전직원	서울	 3 	True	"공무원같이 책상에서 가만히 일하기 좋아하시는 분에게는 비추입니다! 하지만 매일매일 다이나믹한걸 추구하시는 분에게는 좋은 직장입니다."	다른 유통회사와 달리 복지 및 연봉이 쎈편에 속합니다! 특히나 정지선 회장님의 방침아래 회사문화는 갈수록 좋아지고 있습니다.	유통회사다 보니 주말에 출근을 해야하고 엄청난 체력을 요합니다.	회사문화를 다른 유통회사와는 달리 가장 중요하게 생각해주시는 점은 최고인듯 합니다
2015/2/2	현대백화점(주)	400	47637	80791	3.0	3.0	2.0	3.0	3.0	0	1	영업/제휴	현직원	서울	 1 	False	"동종업계 최상위연봉. 점점 좋아지는 기업문화"	기업문화가 점점 좋아지고 연봉이 괜찮은편이다	승진이 점차적으로 어려워지고 있으며, 폭발적인 업무량으로 인해 늘 시간이 부족하다	갑작스런 조직문화 변화로 인해 윗 사람들과의 마찰이 심한편이다. 이점을 고려해주면 좋겠다
2015/2/18	코리아세븐(주)	400	52956	85101	5.0	4.0	3.0	3.0	3.0	1	2	경영/기획/컨설팅	현직원	서울	 1 	False	"몇몇 라인들이 존재 하지만 꾸준히 일하면 본인 자리 찾을수 있는곳"	학력 제한 없음 한만큼 평가 받을수 있음 유통 강자롯데 소속	Ja~a 로 올라가기 힘들며 롯데 고시가 있다	현장 직무 많으니 현장을 이해 해주세요.
2015/2/14	코리아세븐(주)	400	52956	84291	4.0	3.0	2.0	3.0	2.0	0	1	영업/제휴	현직원	서울	 0 	False	"여름엔 수박, 크리스마스엔 케이크, 설날추석엔 선물세트... 지인판매할 자신 있으시죠?"	CVS업계가 나홀로 성장을 지속하는 만큼 성장성은 밝다업무와 삶의 균형, 사내문화 개선을 위한 변화가 진행되고 있다사내 이동이 활발하여 다양한 업무를 접해볼 수 있다프랜차이즈 관리, 개발 쪽에서 커리어를 쌓고 싶다면 많은 것을 배울 수 있을것	빅3중에서 연봉처우가 가장 낮은것은 사실편의점 특판은 사실상 지인판매가 필요하며, 매주 신상품이 나오는 편의점 업계 특성상 점주와 신상품 도입문제로 고민하게 될 것이다공채와 사채는 봉급/승진 등에서 분명한 차이를 보이므로 고려할 것	FC 본연의 업무는 점주들의 수익개선에 있지막무가내로 상품을 들이미는데 있거나, 선물세트 파는데 있지 않습니다
2015/2/27	이랜드리테일(주)	400	59124	87380	3.0	3.0	1.0	1.0	2.0	0	1	경영/기획/컨설팅	전직원	서울	 1 	False	"일과 삶의 균형이 없는 곳, 이해할 수 없는 문화"	대기업에 속함, 초봉은 다른 기업에 비해서 높은 축에 속함	근무시간이 김, 기독교를 강요하는 문화, 군대식 문화 등	연차는 사용하지도 못하는데, 소진율이 높다니요!
2015/2/26	이랜드리테일(주)	400	59124	86956	2.0	3.0	2.0	2.0	3.0	0	1	경영/기획/컨설팅	현직원	울산	 0 	False	"하루종일 업무에 파묻혀 지내게 됨"	사회 기부와 교회헌금문화가 정착되어 있으며, 타 지역 발령시 숙소제공이 좋음	직원을 수단 또는 업무의 도구화로 여기며 정해진 메뉴얼대로 움직이기를 원함. 휴무시행을 스스로 못하게 만듬	대외 봉사 및 복지재단을 통한 사회기부문화는 좋으나 직원들을 먼저 돌아봐 주었으면 좋겟다
2015/2/25	이랜드리테일(주)	400	59124	86687	1.0	4.0	1.0	3.0	3.0	0	1	디자인	전직원	서울	 0 	False	"엄청난 업무량 그에 충당되는 보상이 있지만 내 시간이 없다"	이곳에서 버텨내면 다른곳에서 대우받을 수 있다 그만큼 이미 일많고 힘들기로 유명	일 일 일오늘도 내일도 일일일, 아침 출근 시간부터 지옥이다	회사 특성상 어쩔수없는 부분
2015/2/19	이랜드리테일(주)	400	59124	85180	3.0	2.0	1.0	3.0	1.0	0	1	경영/기획/컨설팅	전직원	경기	 0 	False	"하루 12시간 이상근무와 주말휴무가 고정적이지 않음. 이를 감당할수있으면 지원하길.일과 삶은 모두 회사에 있음"	홀로 직접 배울수 있는기회.음주문화가 없음.독서문화가 주류로 자기개발도움	본인들도 모르면서 문제해결하라고 함.성과평가 기준대로 평가가되지않음.상급자마음대로 평가가능	인수회사와 정기그룹직원 차별없이 대우하길
2015/2/13	이랜드리테일(주)	400	59124	84143	4.0	3.0	1.0	2.0	2.0	0	2	유통/무역	전직원	서울	 0 	False	"열심히 일할 마음의 준비가 되었더라도 한번 더 생각해봐라"	업무 프로세스가 효율적이기 때문에 많은 것을 배울 수 있다. 또한 회식문화가 없고 기독교인에게는 좋은 직장일 수 도 있다	기업내 기독교 문화가 매우 짙게 나타나기 때문에 기독교에 반감을 가진 사람은 적응하기 어려울 수도 있다. 또한 업무강도가 매우 높기 때문에 자신의 삶은 내려 놓아야 한다.	업무 강도를 좀 낮춰주거나 직원을 좀더 충원하면 정말 다니기 좋은회사가 되지 않을까
2015/2/12	이랜드리테일(주)	400	59124	83981	5.0	3.0	2.0	4.0	3.0	1	2	유통/무역	현직원	서울	 0 	False	"동종 업계 상위권 연봉을 받을 수 있고, 회사가 성장하고 있는 곳이라서 열심히만 한다면 기회가 많이 열려있는 곳이다."	동종 업계 상위권 연봉, 승진 가능성 높음	업무와 삶의 균형을 원한다면 생각이 많아짐	^_^
2015/2/10	이랜드리테일(주)	400	59124	83358	3.0	3.0	3.0	3.0	3.0	0	1	영업/제휴	전직원	경기	 0 	False	"독실한 기독교 신자라면 천직이라고 생각되는 곳"	적당한 연봉과 그에 상응하는 일의 양이 있다.	일을 너무 많이 하는 것, 무교자나 불교자가 가면 힘듬	업무배분이 현실적으로 더 디테일하게 이루어졌으면 좋겠음
2015/2/4	이랜드리테일(주)	400	59124	81686	4.0	4.0	1.0	2.0	3.0	0	1	경영/기획/컨설팅	전직원	서울	 0 	False	"글로벌 비전을 가질 수 있었고, 높은 연봉을 받았으나 업무강도가 높았음."	글로벌 비전을 가지고 있다면 기회는 많으나 업무와 삶이 불균형함.	종교에 대한 강요가 심함. 새벽7시 출근, QT등으로 시작함.업무강도가 높음.	변화를 추구하지만 업무 프로세스에 변화가 필요함.
2015/2/25	씨제이대한통운(주)	400	23203	86748	2.0	4.0	2.0	2.0	2.0	0	2	영업/제휴	현직원	부산	 0 	False	"물류라는업계의 색이 잘드러나는 회사. 보수적이며 상하계급체계가 확실. 갑과을이무엇인지알게해준회사"	대기업인만큼 복지가 좋음. 씨제이계열사인만큼 생활문화쪽복지가 확실함.	계급적 수직적문화. 눈치빠르고 상사를 잘맞추는사람만이살아남고인정받음. 야근이 일상인분위기탓에 자기개발에대한 욕구와 지지가 전혀없는회사	효율적이고 체계적인시스템을 활용하길.. 대기업인만큼  시설과 장비 좋은인력고ㅏ시스템까지갖추었지만 자유롭지못한 분위기때문에  직원개인의 역량을 더디게함
2015/2/11	씨제이대한통운(주)	400	23203	83594	3.0	2.0	3.0	3.0	1.0	0	1	유통/무역	현직원	서울	 3 	False	"대한통운 GLS의 합병으로 회사 체계가 엉망진창이 된 느낌입니다. 정체성을 찾기 어려우실 겁니다."	국가 전체적으로도 물류를 밀어준다고 하는 부분에서는 항상 희망을 가질 수 있습니다. 경쟁사도 크게 없다는 점이 장점입니다.	항상 느끼는 부분이지만 희망이 희망으로 끝나는 것 같습니다. 자체적인 매출 성장은 한계가 있고 합병으로 성장해야 하는 상황입니다. 더군다나 여자가 많은 그룹 특성상 일부 부서는 업무 배분도 잘 되어 있지 않습니다. 스텝 부서에게 권한이 강한 부분도 있지만 클레임 걸 곳도 마땅치 않습니다.	회사의 팀장급 이상은 실적에 목을 매고 있고, 정말 리더라고 할 수 있는 사람이 얼마나 되는지 의심스럽습니다.
2015/2/28	(주)서브원	400	73058	87505	2.0	3.0	3.0	3.0	3.0	1	1	경영/기획/컨설팅	전직원	서울	 3 	False	"회사가 진행하는 사업 자체들의 전망이 밝지는 않지만, L"	(FM사업부 한정)FM 사업부는 현재 업계리더, FM 사업의 한계를 느끼고 PM 등으로 영역을 넓히는 중에 있음.본사 근무자는 제한적이고 대부분 현장에서 근무하기 때문에 안좋게 느낄 수 있으나,실제는 현장 근무자들의 근무 만족도가 더 높은 편. 그런면에서는 자유로움이 존재.	(FM사업부 한정)당장 5-10년 뒤만 봐도 그다지 전망이 밝은 사업이 아니라는 것을 느낄 수 있음.또한, 회사 내의 경직된 문화가 조직원들의 건강한 회사 생활을 저해함.대부분 팀장들이 경력직으로 구성되어 있어서, 공채 출신과 경력직과의 더 많은 공동체 정신이 필요할 것 같음.또한, 급하게 채용해서 주어진 직무이다보니 리더십이 떨어지는 건 부인할 수 없는 사실.	단순히 보이는 기업 문화의 쇄신보다는, 조직원들의 삶에 더 깊이 들어가 만지고 고치고하나로 만들 수 있어야 앞으로 좋지않은 업계 상황에서도 끊임 없이 혁신하며 살아남을 수 있지 않을까조심스레 말해봅니다.
2015/2/23	(주)서브원	400	73058	85687	2.0	3.0	3.0	4.0	2.0	0	1	영업/제휴	전직원	기타	 5 	False	"mro사업부 영업 비추, 업무편차 심하고 지방근무는 서울 거주자에게 비추천. 영업이 하는 일이 불쌍함. 늘 욕먹고 몸으로 막는다는 생각으로 일함."	유한 사내 분위기. 알아서 스스로 하는 분위기. 젊은.조직. 업무 강도 그냥 대기업 전반적 수준. 최고의 회사는 아니지만 나쁘진 않은 회사임.	주먹구구식 경영. 영업은 뭐하는 애들인지 모르겟....대학졸업하고 욕먹는 게 일ㅋㅋ...사업장이 전국구로 잇어서 지방근무 두려움ㅎㅎ	현업해본 경영자 출신이 필요할듯.
2015/2/13	(주)서브원	400	73058	84114	5.0	5.0	4.0	5.0	5.0	1	2	경영/기획/컨설팅	현직원	서울	 0 	False	"괜찮음"	회사문화가 괜찮고 연봉높음. 자기계발가능	직무에 따른 업무강도의 차이는 있음(어느회사나 있겠지만ㅋ)	더 승승장구 바람 ㅋ
2015/2/11	(주)서브원	400	73058	83693	2.0	3.0	1.0	2.0	2.0	0	1	영업/제휴	전직원		 1 	False	"다시한번생각해보시길...."	업계1위, 자율적인 업무분위기는 좋지만 그만큼 책임이 따른다	업무량과 그에 따른 스트레스외로운 상주 근무	현장을 생각해주세요
2015/2/7	(주)서브원	400	73058	82499	3.0	4.0	3.0	4.0	3.0	1	1	경영/기획/컨설팅	전직원	서울	 0 	False	"진입장벽이 낮다 하지만 좋은 기업"	프리한 업무환경 젊은 나이대의 상사들	미래가 없는 사업아이템 과도한 규제로 인해 해외로 빠져나갈수 밖에	새로운 사업 아이템 개발에 힘써주시길
2015/2/6	(주)서브원	400	73058	82067	3.0	4.0	1.0	2.0	2.0	0	1	영업/제휴	전직원		 2 	False	"스트레스, 영업의 헬이라고 할 정도로 업무강도가 매우 쎈편."	업계 1위이라는 점, 엘지가 망하지 않는한 계속 유지 될 듯, 각 사업장에 대한 자신의 권한이 큼.	각 사업장 단독 근무로 권한이 큰만큼 책임도 자기가 감수해야함	인력보충, 지원팀이 현장의 상황을 알아주었으면 한다.
2015/2/27	(주)이디야	400	87294	87329	3.0	4.0	3.0	4.0	3.0	1	2	경영/기획/컨설팅	전직원	서울	 1 	False	"기회는 동등하게 주어지고 열심히하면 성과를 인정받음"	커피 프랜차이즈 회사로 지속적으로 발전하는회사고 조직이 젊음	조직관리가 지금보다 체계적이었으면 함	커피 업계에서 최고가 되었으면 함
2015/2/26	(주)이디야	400	87294	86841	3.0	4.0	3.0	4.0	4.0	1	2	경영/기획/컨설팅	현직원	서울	 0 	False	"프랜차이즈업에 대한 열정과 긍정적인 마인드가 있다면 도전해볼만한 회사"	프랜차이즈의 모범을 보여주는 회사로서 본사와 가맹점간의 상생이 무엇인지 배울 수 있다	급속한 성장에 비해 체계적인 인사관리가 미흡	근무시간에 일하고 퇴근시간이 보장되는 문화를 만들어 주었으면 좋겠다
2015/2/6	(주)이디야	400	87294	82057	2.0	2.0	2.0	3.0	1.0	0	1	엔지니어링	전직원	서울	 0 	False	"장기근무를 위한다면 패스"	복지는 좋음 초년생들이라면 누구나 원하는 프랜차이즈 업	윗사람을 누구만나는지에따라 업무에 양이 달라짐	추후 발전이 있음
2015/2/15	자라리테일코리아(주)	400	12620	84442	2.0	1.0	3.0	3.0	2.0	0	2	서비스/고객지원	전직원	서울	 0 	False	"생각할 점을 많이 던져주기때문에 배울 점 많고 성장기회 많음. 그러나 모든 게 스페인 헤드오피스 위주이기때문에 장기적 비전을 생각하긴 어려움. 복지는 연차와 직원할인이 전부."	비전이 점포 경영이라면 추천.고졸, 초대졸이라면 추천.	복지없고 쉬는 날이 자주 바뀜.업무강도가 센 편임.	바라는 것 없음
2015/2/28	하이프라자(주)	400	48960	87445	4.0	4.0	1.0	4.0	5.0	1	2	영업/제휴	현직원	경기	 0 	False	"영업이라는 이름아래 자기시간을 갖을 수 없음"	돈을 생각한다면 결코 나쁘지 않은곳 ...	시간과 돈을 바꾼다는 이야기가 괜히 나오는 곳이 아님..	체계적인 임무분장. 워크엔라이프의 책임
2015/2/25	아시아나항공(주)	400	22637	86390	5.0	4.0	5.0	4.0	2.0	1	1	전문직	현직원	기타	 0 	False	"조종사만 좋아요"	해외여행이 자유로움, 상대적으로 복지가 나쁘진 않음.	너무 보수적임, 기업문화가 별로 안좋음.	발전을 위해서는 개혁이 필요함.
2015/2/24	아시아나항공(주)	400	22637	86119	3.0	4.0	4.0	4.0	2.0	1	1	전문직	현직원	서울	 0 	False	"큰 연봉은 아니지만, 편안한 직장생활을 하고 싶다면.."	서블로 티켓 ( 비성수기 시즌에 저렴하게 여행갈 수 있는.)	부서간의 커뮤니케이션의 부족과 서로의 이해도가 많이 부족해서 발생하는 사소한 이벤트들	님들도 결국에는 employee 입니다. Not employer~! 우리 employee끼리 이해하며 잘 해봅시다.
2015/2/14	아시아나항공(주)	400	22637	84392	3.0	4.0	3.0	4.0	4.0	0	2	서비스/고객지원	현직원	서울	 0 	False	"꿈을 가지고 노력하면 이루어진다"	복지가 좋아서 여행을 좋아하는 사람들에게는 좋은 직장이다	장시간비행을 하여 자기관리를 잘하여야한다 밤과 낮이 바뀔수있다	승진기회가 적다
2015/2/10	아시아나항공(주)	400	22637	83329	1.0	1.0	2.0	2.0	1.0	0	1	경영/기획/컨설팅	전직원	경기	 0 	False	"전라도 연고지 구직자 강추. 안정적이고 정적인 회사를 찾는 구직자에겐 추천. 업무성취욕 높고 진취적인 구직자에겐 비추"	업무강도 타 사기업에 비해 낮음. 단 부서마다 복불복. 스케줄근무자와 해외파견자가 사내 최대수혜자. 정년까지 근무가능. 단 부서, 직무에 따라 다름	보수적 문화. 사내 시스템(소프트,하드) 부족. 인사적체	이 질문의 의도는?
2015/2/24	롯데하이마트(주)	400	35647	86219	3.0	4.0	2.0	3.0	4.0	1	1	영업/제휴	현직원	인천	 1 	False	"영업에 대한 정수를 배울 수 있다."	기본급에 인텐시브, 판만큼 받을 수 있다. 복지가 좋다.	자기시간이 부족. 늦게끝난다. 판만큼 받아가기 때문에 간혹 사원들끼리 견제가 있기도함	무리지만 자기 시간이 조금만 더 생겼으면..
2015/2/12	롯데하이마트(주)	400	35647	83895	2.0	3.0	2.0	4.0	3.0	0	1	영업/제휴	전직원	전남	 0 	False	"즐겁게 일할수 있으나 어느매장을가도 브랜드간 편가르기가 존재함"	세일즈의 기본자세를배울수있었고 사내 직원간 소통이 활발하여 즐거운분위기였다	여러브랜드를 취급하다보니 브랜드별 편가르기로인해 간혹 난감해질때가 있음	무
2015/2/20	(주)아성다이소	400	82693	85345	2.0	2.0	1.0	1.0	2.0	0	2	영업/제휴	현직원	서울	 0 	False	"영업직이나 유통업이 천직이라고 느끼시는분들에게는 정말 추천합니다"	매장성장에 집중하고 매출성장에도 집중하고 경쟁력을 갖추려고 노력하는 회사입니다타브랜드와의 비교를 통해 끊임없이 발전해나가고 있습니다	직원들의 복리후생이 너무 좋지 않으며 사람들과의 관계가 너무 막혀있다그러니까 친한사람들끼리만 친하고 안친하면 먼산 바라보듯 지내고 분위기가 삭막하다너무 일 일 일 일만바라보는 회사다 자기시간이 없는 삭막하고 딱딱한 회사다	너무 일에만 치중하지 마시고 직원 복리후생과 직원과 직원사이의 소통도 신경써주셨으면 합니다
2015/2/15	(주)아성다이소	400	82693	84551	2.0	1.0	1.0	1.0	1.0	0	2	IT/인터넷	전직원	서울	 0 	False	"상승세고 안정적임"	연봉이 중소평균이상 밥이 괜춘하다........	복지가 별로... 업무가 좀 빡센듯.......	체계좀 갖추길
2015/2/12	(주)아성다이소	400	82693	83965	3.0	3.0	5.0	1.0	2.0	0	2	영업/제휴	현직원	대구	 3 	False	"미래가 없는곳이지만  나름  안정적임  지방치고 급여가  괜찮음"	경쟁사가  없고  상승세임  퇴근시간이 거의  정확하고 중식 석식제공	경 영진에 의해  회사가  좌지우지됨  급여 체계가 잘 잡혀있지 않음	체계적인 업무를 할수 있도록 회사 자체적인 규정이 필요함
2015/2/7	(주)아성다이소	400	82693	82353	2.0	1.0	1.0	2.0	1.0	0	1	서비스/고객지원	현직원		 3 	False	"현재를 살기 급급한 회사"	회사가 커서 월급날 잘 지킴. 사대보험 적용정도. 안정적임	보수가 적고 업무 강도 강함. 직원의 혜택이 없음	현장 잘 알기
2015/2/4	(주)아성다이소	400	82693	81444	1.0	1.0	1.0	1.0	1.0	0	1	유통/무역	현직원	서울	 2 	False	"불안정적이며, 근속년수가 짧음 업음강도에 비해 급여가 낮음"	균일가 1위 업체라는 자부심과 함께 자유로운복장이 장점이라면 장점	군대문화조직, 낮은급여, 승진기회 낮음비체계적인 업무, 오너가족회사, 불균형적인 업무시간	직급체계 단축, 자율적 업무 분위기 요구급여체계 인상, 자녀학자금등 복지체계 개선
2015/2/2	(주)아성다이소	400	82693	80884	1.0	1.0	1.0	1.0	1.0	0	1	유통/무역	현직원	대구	 0 	False	"회사 브랜드 이미지는 좋음"	근무시간이 타이트 하지 않다 출근시간이 빠르지가 않다	경력이 쌓일수록 급여가 낮다 복지가 없다 승진이 늦다	복지에 신경써달라
2015/2/5	신세계(주)	400	70075	81881	4.0	4.0	4.0	4.0	4.0	1	2	IT/인터넷	현직원	서울	 21 	False	"E-커머스부문은 온라인 몰이 통합된지 1년정도 지나서 조금씩 안정화 단계로 진입하는중인 회사.유통이 주인 기업이기때문에 온라인은 뒷전으로 밀려있었으나 최근 트렌드로 인하여 점점 온라인부문에 투자가 늘어나고 있는 상황이라 비전은 괜찮아 보임."	급여는 높지 않지만 연 2회 지급되는 성과급이 항상 비슷한 수준으로 나오기 때문에 금전적인 여유가 생긴다.	온라인 부문에서 새로운 것을 시도하기보다는 타 회사에서 서비스하는 컨텐츠를 따라하느라 바쁨	임직원 할인 제도 외에 누릴만한 복지가 없습니다. 직원들을 위한 이벤트가 많아졌으면 좋겠습니다.
2015/2/7	(주)에어코리아	400	87179	82407	4.0	1.0	1.0	2.0	2.0	0	1	서비스/고객지원	현직원	인천	 1 	False	"불규칙적인 생활, 스케줄 근무에 본인이 맞는지 판단할것, 경력이직률이 높고 여러항공사를 핸들링하며 외국어가 뛰어나고 인간관계, 서비스마인드가 투철하다면 항공사 매니저로 스카웃제의가 빈번하다."	여러 조업사중 근로환경이나 페이가 좋은편.한진계열로 대한항공, 진에어 항공권 할인을 적게나마 받을 수 있다.	업무량에 비해 페이가 적고 이직률이 높다고로 직원에 대한 애착심이 없다.가는사람 안잡고 오는 사람 안막는다	이직률에 관해 심층적인 분석을 통해 직원들이 회사에 대한 주인의식, 애사심이 생기도록 교육 또는 복지 확대 필요.
2015/2/19	(주)이마트에브리데이	400	66291	85226	3.0	2.0	2.0	2.0	2.0	1	2	유통/무역	현직원	경기	 3 	False	"유통은 1년만 일해라가 아니라, 1년만 버텨라입니다. 버티면 2~3년은 갑니다. 버틸 자신없는 사람은 아예시작도 하지 않는게 좋아요~"	신세계 계열사다보니, 복지는 좋습니다.또 슈퍼마켓 업태에서 후발주자기에 승진의 기회가 많습니다.	유통업이다 보니 풀근무는 기본이지요또한 아직 체계가 확실히 잡히지 않아 여러번 일을 하게 만드는 부분이 있습니다.FM들은 페이가 적습니다.	본사에 집중된 업무진행이 아닌, 현장중심에 업무진행이 이루어져야 합니다.말만 현장중심이 아니길 바랍니다.
2015/2/12	(주)이마트에브리데이	400	66291	83994	3.0	3.0	2.0	3.0	2.0	1	2	유통/무역	현직원	서울	 0 	False	"사람들과 잘 어울리는 사람에게 추천. 어머니뻘 여사님들의 뒷말을 견딜 수 있어야 함. 업무는 어렵지 않으나 육체노동이 있음."	1기때보다 회사 대우가 좋아지고 있음.매장 수가 차츰차츰 늘어나고 있어서 승진 가능성이 있음.	여사님들의 뒷말을 감당하기가 어려웠음.매장영업이라 근무시간이 길고, 쉬는 날에도 발주때문에 출근해야함.	오버타임에 대한 수당이 주어졌으면.
2015/2/8	(주)이마트에브리데이	400	66291	82669	3.0	2.0	1.0	3.0	1.0	0	1	유통/무역	현직원	경기	 0 	False	"붙기는 쉽지만 버티기가 힘들고 아직 체계가 불안정함."	기본적인 복지가 마련되어 있고 신세계 계열사 중에서 유일하게 노조가 활동함.	근무시간은 엄청 긴데 그만큼 급여가 안 나옴. 여기에 점장이 어떠냐에 따라 매장 분위기가 좌우됨.	매장 상황을 이해하고 아낌없는 지원을 해주길 바람.
2015/2/27	카페베네(주)	400	86758	87318	2.0	3.0	2.0	2.0	2.0	0	None	서비스/고객지원	전직원	서울	 7 	False	"언제 없어질지 모르는 회사"	커피업계에서는 손꼽히는 기업이라 나름 다양한 복지나 사내 제도가 많다 13년 근무당시에 기억나는복지는 부모님용돈드리기(매달 부모님계좌로 10만원이체),명절 선물은 집으로 직접배송,문화카드30만원,2달에 한번씩 10만원 베네상품권 등 나름 인간적인 복지가 꽤 많이있었고 교육면에서는 직급이있으면 한달에 두세번정도 본사에서이루어짐,직원은 고달프지만 위생관리 등 철저한 부분이 많아서 좀 놀랐다	대기업을 표방한 철저한 간판장사를 도모하는 기업 경영진들이 대놓고 카페베네 사업은 포기세컨브랜드다뭐다 일만 늘여놓고 아무 대책없이 운영하는 기업 800개넘는 매장에 직영점은 10개도안되고 그마저도 매출안나오면 오픈한지 1년도안된 매장도 폐점시켜버리는 사람들..직원안위는 안중에도없고 언제나 직원들은 이곳저곳 옮겨다니기 바쁘다 매장근무환경은 매장마다 천차만별이므로 점장이나 윗 사람을 잘 만나는것도 매우 중요하다 참고로 난 지옥같은 1년을 경험함 개인적으로 비추	인재를 놓치셨네요
2015/2/2	카페베네(주)	400	86758	80861	2.0	3.0	3.0	2.0	2.0	1	1	서비스/고객지원	전직원	서울	 0 	False	"열심히 하면 해외에 근무할수있는기회가 주어질듯"	내가 일했던 매장이 편했던건진 몰라두 할때 잠깐만하면 편하구 안정적인거	일하는거에 비해 적은 페이. 그렇지만 좀 한가한 매장 같은경우 꿀빠는거 생각하면 괜찮은거같다	지금처럼만 해도 괜찮을거 같습니다
2015/2/16	데상트코리아(주)	400	38482	84628	4.0	4.0	2.0	4.0	5.0	1	2	경영/기획/컨설팅	현직원	서울	 29 	True	"회사의 색깔이 매우 뚜렷하기 때문에 그것이 본인과 잘 맞을 지 충분히 고민해보시기 바랍니다."	디자인, 기획, 영업 쪽 직무라면 일에 대한 충분한 보상을 받을 수 있습니다. 단 성과를 내야 보상이 충분해집니다. 경영진이 매우 공정하고 합리적으로 회사를 경영하고자 하기 때문에 실력이 있다면 고속 승진이 보장됩니다. 국내 기업 전반에 존재하는 이른바 유리천장이 없습니다. 열정이 있고 성공에 대한 욕심이 많은 사람이라면 꿈의 직장이라고 해도 무방합니다.업무 로테이션이 있기 때문에 다양한 실무 경험을 익힐 수 있습니다.	사무, 지원 직무의 경우에는 뚜렷한 장점이 없어 보입니다. 회사가 폭풍 성장 중이기 때문에 업무 강도는 세지만 타부서에 비해 뚜렷한 성과를 내기도 어렵습니다. 또한 자신이 일을 개척해나가야합니다. 안정을 추구하고 수동적인 사람이라면 이러한 점이 다소 어려울 수 있습니다.사내에 다양한 활동(꼭 해야만하는)이 있는데 개인 시간을 많이 할애하여야합니다.	밖에서 바라본 기업에 대한 기대와 실상은 다소 차이가 있었습니다. 그럼에도 불구하고 희망을 거는 것은 경영진 때문입니다. 경영진이 더 좋은 회사, 더 좋은 기업문화를 만들고자 노력하기 때문에 이 회사는 기대에 부합하는 회사로 성장할 가능성이 있다고 생각합니다. 경영진이 지금처럼만 회사를 잘 이끌어가기를 바랍니다.
2015/2/8	데상트코리아(주)	400	38482	82719	5.0	5.0	3.0	5.0	4.0	1	2	경영/기획/컨설팅	현직원	서울	 0 	False	"자유로운 분위기 최고의 대우! 하지만 평가가 객관적이고 냉정함 실력있어야 살아남을 수있는 구조"	동종업계 최고 연봉 , 여타 대기업 연봉에도 뒤지지않음. 직원을 생각해준다는 걸 느낄 수 있는회사. 회사의 성장가능성을 믿을 수 있는 곳	인사평가가 냉정함. 빠른 성장을 독려함. 디자이너 직군외에 업무량이 많음. 잦은야근. 스포츠기업이기때문에 운동을 좋아해야함.	빠른 대응과 변화에 만족함. 평가가 합리적임. 지금의 구조 유지 해주길
2015/2/3	데상트코리아(주)	400	38482	81335	4.0	3.0	5.0	4.0	4.0	1	2	경영/기획/컨설팅	전직원	서울	 5 	False	"힘들지만 연봉이 좋음"	연봉이 좋고 글로벌한 일을 할수 있음	일이 많음. 대신 돈 준만큼 시킴.그리고 오래 다니면 인티가 있음ㅎㅎ호ㅗㅎ	사장님 계속 좋은 모습보여주시길
2015/2/2	데상트코리아(주)	400	38482	80907	4.0	4.0	2.0	4.0	2.0	0	2	기타	전직원	서울	 4 	False	"앞으로 더 발전 가능성이있는 회사.젊은 분위기를 원한다면 추천."	젊은 사람들이 많이 들어오고 있어 분위기가 밝음.	많은 업무량으로 인한 잦은 야근.회사의 행사가 너무 많음.	업무 강도조절이 필요함.회사 행사에 직원들이 강제 동원되는 것도 선택제로 전환했으면 좋겠음.
2015/2/20	씨제이오쇼핑(주)	400	68779	85299	3.0	2.0	1.0	2.0	1.0	0	None	유통/무역	현직원	서울	 0 	False	"부서마다 워크라이프 밸런스 편차가 매우 큼. 스텝들은 대체적으로 승진에 무리없고 퇴근도 빠르며 업무 강도 여유있음. MD 직군 채널별 대우와 보상체계 편차가 큼"	35프로 할인 혜택. 연간 120만원 가량의 복지 포인트 제공.	보여지기로는 자유분방하며 젊은 조직인듯한 인상을 주지만 실상은 보수적. 업무강도와 스트레스는 삼성전자급 연봉은 노코멘트. 하루살이같은 실적 압박인생	본인들의 전략 없이 아래사람들에게만 전략을 강요하는 리더들. 어쩌다 한번 실무에대해 현저히 이해도가 낮은 이들끼리 탁상공론식 전략이 나오긴 함
2015/2/10	씨제이오쇼핑(주)	400	68779	83277	4.0	3.0	3.0	4.0	2.0	1	1	영업/제휴	현직원	서울	 0 	False	"열심히 하세요"	팀에 따라 다르긴 하지만 동료들이 전반적으로 인성이 좋고 완전한 상또라이는 거의 없음야근도 팀바팀이긴 하지만 많지 않은 편임	외부에서 보는 것 보다 회사가 체계가 없음 직원 복지는 좋은 편이나 연봉이 동종업계 대비 낮은 편	아랫사람의 의견을 잘 취합하는 경영진이었으면 함
2015/2/1	씨제이오쇼핑(주)	400	68779	80583	1.0	1.0	1.0	1.0	1.0	0	2	기타	전직원	서울	 2 	False	"md assistant 하는일에비해 대우 못받고 박봉"	md업무를 제대로 빡세게 배울 수 있다	계약직의 정규직 전환이 로또 당첨수준차별심함	ㅡ
2015/2/22	제너시스비비큐(주)	400	56878	85651	2.0	1.0	1.0	1.0	1.0	0	1	영업/제휴	현직원	서울	 0 	False	"업계 1위라는 타이틀만 보고 들어온다면 많은 후회를 하게 될 것"	그룹 특유의 무조건 적인 부분에 대해 다양한 경험을 느낄 수 있음	모든 업무의 문제점을 부족한 인력으로만 해결하려 함. 인력에 대한 가치를 매우 낮게 평가함.	기본적인 구성원의 행복 먼저 생각하셔야 발전할 수 있는 낮은 단계라 생각됩니다.
2015/2/5	제너시스비비큐(주)	400	56878	81717	1.0	1.0	1.0	1.0	1.0	0	None	영업/제휴	전직원	서울	 0 	False	"신입사원에게는 좋은 회사일지 모르나 경력직이라면 다시 재고해보시길"	프랜차이즈 1위회사이다보니 마케팅 교육등 정확하게 배울 수 있는장점이 있음	아무래도 가장 극악한 직업시간... 군대라고 생각하시면됩니다.	치킨 많이 파시고 건강하세요 ^^
2015/2/26	(주)케이티엠앤에스	400	53157	87007	3.0	3.0	3.0	2.0	3.0	0	1	기타	전직원	기타	 0 	False	"대졸영업공채직 - 소매, 도매 점장 시킨다고 보면 됨"	'장'이 될 수 있다. 업계 관심이 있다면, 추후 개인점을 차릴 수 있다.	'장'을 언제까지 유지할 수 있을까. 바쁘게 돌아가는 생활, 주말에도 근무할 수 있음. 각각 떨어져 있는 조직인만큼 늘 사람들의 평가가 따른다. 평판일 수도, 뒷담화일 수도.	없음
2015/2/27	삼성물산(주) 상사부문	400	30214	87268	4.0	5.0	3.0	3.0	3.0	1	1	엔지니어링	현직원	서울	 0 	False	"건설사로 연봉이 높고 동종업계 최고 수준이기 때문에 보수측면에서는 만족삼성 그룹이라는 자부심도 있고 커리어 쌓기에 나쁘지 않음"	삼성그룹 답게 타회사와 비교하여 복지가 좋은 편임. 다른 업종보다 높은 연봉.	간혹 삼성이라는 이미지에 맞지 않게 관료화된 조직분위기를 느낄 수 있음. 이건 건설회사의 특징이기도 하지만 조직 외부에서 보는 삼성과는 조금 다른 느낌.기술직으로 입사하면 해외 오지 근무할 수 있다는 점(사우디 등)본사고 현장이고 비교적 업무 강도가 높음.	본래 고유 업무 이외에 불필요한 형식적 보고업무가 너무 많음.건설사임에도 현장보다 본사위주의 업무시스템은 문제가 있다고 보임
2015/2/25	삼성물산(주) 상사부문	400	30214	86503	4.0	5.0	3.0	4.0	4.0	1	1	생산/제조	전직원	서울	 0 	False	"네임밸류 및 연봉이 최고 수준입니다. 복지도 괜찮구요. 그만큼 지원할 가치가 있습니다."	그룹내 최고 연봉. 해외 근무하면 억대 연봉도 가능. 건설업계 최고 수준의 대우. 복지도 좋은편임.	연봉에 비례하는 업무량. 해외 근무 현장의 열악함. PS는 적은편(그룹내) 하지만 해외 근무시 커버 가능.	최고라는 이름 아래 경영진들의 경영능력은 의심이 됩니다. 상승하기 위해서 경영진들의 능력과 사원들 교육에 대해 신경을 써야할 것입니다.
2015/2/24	삼성물산(주) 상사부문	400	30214	86204	4.0	3.0	1.0	3.0	3.0	0	1	엔지니어링	전직원	충남	 4 	False	"겉만 본다면 낭패. 높은 연봉에는 그만한 이유가 있음."	브랜드파워. 기술력 있음. 높은 연봉. 본사 근무시 높은연봉에 삶의 밸런스 어느정도는 맞출 수 있음	계열사 공사 편향적(실질적인 상품군 좁음). 신혼에게도 외국 혹은 지방 현장 전출 시킬 정도. 순환근무라지만 이름뿐인 듯. 삶은 반포기해야. 브랜드 자체의 문제인지 과도기인지는 모르겠지만 안전을 위한 안전인지 사고시 책임전가를 위한 안전인지..	일 잘하는 사람은 잘리듯이 나가고..?? 현장에서는 본사의 업무처리가 매우 답답 합니다. 보고서를 위한 보고서가 과다하고 본사가 경영 지원 조직인지 현장의 갑인지.. 밀로만 글로벌하지말고 근본적인 부분을 고쳐나가야 할 듯 합니다. 계열사 공사에만 의지하지 말고요.. 꼭 잘 되었으면 합니다.
2015/2/9	삼성물산(주) 상사부문	400	30214	82998	3.0	4.0	4.0	3.0	3.0	1	2	IT/인터넷	현직원	서울	 0 	False	"한국에서는 안정적이고 좋은 회사"	자율 출근제에 근무 환경 좋음직원들 친절함	보고서가 너무 많음영업을 거의 못함이상한 상사와 만나면 피곤	신사업에 대한 적극적인 투자.저유가 시대에 투자하여 돈을 벌어야함
2015/2/1	삼성물산(주) 상사부문	400	30214	80483	4.0	3.0	1.0	4.0	4.0	1	2	엔지니어링	현직원	서울	 0 	False	"자기가 한만큼 경력이 가치있어짐."	자신의 목적과 회사의 목적이 동일시 될때 행복하게 일할 수 있는 회사임	가족과 함께보내기 힘든 부분이 있음.	천천히나마 지금처럼 계속 전진하는 회사분위기를 유지시켜주길.
2015/2/16	에이치앤엠헤네스앤모리츠(주)	400	20164	84735	3.0	2.0	4.0	4.0	4.0	1	2	서비스/고객지원	현직원		 0 	False	"정말 서비스직과 유통업에 꿈을 품은 사람이라면 지원해볼 만 함"	열심히 하고 배우고 싶은 의지만 있다면 충분히 성장가능하고 지원도 많이 해줌사생활 터치라던지 전혀 없고 일과 삶의 밸런스를 잘 맞출 수 있음	승진의 기회를 각 매장의 스토어 매니저가 관할하는 부분이 매우 커서 잘못보이면 영영 승진의 기회가 주어지지 않을 수도 있음하루종일 서 있거나 무거운 걸 들어야할때도 간혹 있어서 육체적으로 고될 때가 있음	인사 체계를 체계적이고 객관적으로 바꿀 필요가 있음
2015/2/15	(주)한진	400	48025	84493	3.0	1.0	2.0	2.0	2.0	0	1	경영/기획/컨설팅	전직원	서울	 0 	False	"장단점이 갈리는 회사입니다."	회사 네임벨류, 본사 위치, 업무강도 낮은편(부서마다 상이), 70년 역사를 바탕으로 한 안정성	낮은 연봉 및 복리후생, 보수적인 조직문화, 정체되어 있는 임직원 마인드	좋은 경영 부탁 드립니다.
2015/2/28	탐앤탐스(주)	400	52038	87471	3.0	2.0	2.0	4.0	3.0	0	1	서비스/고객지원	전직원		 0 	False	"커피를 빨리 만들수 있게 되는 곳"	프레즐도 만들고 나름 재미있음 커피를 기계처럼 빨리 만들게 됨	짠 월급과 하루종일 서있는 고단함으로 피곤하고 생활유지가 어려움	없음
2015/2/26	탐앤탐스(주)	400	52038	86843	2.0	3.0	3.0	4.0	2.0	0	1	서비스/고객지원	전직원	서울	 0 	False	"서비스직인만큼 손님을 응대할때 받는 스트레스가 어느정도 있음. 근무시간이 규칙적이지 못해 자기 시간을 쓰기가 애매함. 또 본사에서 물건 계약 공장과 레시피등을 자주 바꿔 컴플레인이 많이들어옴"	답답하지않고 가족같은 분위기에서 일할 수 있음	무엇보다 개인시간 불규칙하고 육체노동인에 비해 낮은 급여	본사에서 레시피나 공급해주는 물품을 자주 바꾸는데 그런것좀 자제좀해주셨음 함
2015/2/12	탐앤탐스(주)	400	52038	83945	3.0	2.0	3.0	2.0	1.0	1	2	경영/기획/컨설팅	현직원	서울	 2 	False	"잘참고 인내하면 타사 이직시 플러스요인이 될수 있음"	경영진 인정만 받으면 엄청난 발전이 가능함	경영진 눈밖에 나면 끝~~ 해고 권고사직 음해등등	공과사의 구분
