date	cname	industry_id	cid	cmid	possibility	pay	balance	culture	management	recommend	expect	job_kind	current	area	helpful_count	is_best	subject	good	bad	hope
2014/4/27	(주)대웅제약	300	81945	8928	5.0	3.0	1.0	3.0	2.0	1	2	영업/제휴	현직원	경남	 4 	True	"제약업계에서 단기간안에 빠른 성장의 커리어를 배우기에 좋은 회사대웅에서 살아남는 자는 무슨 일을 해도 잘함"	선진화된 영업 시스템 및 변화에 빠른 대응. 단기간안에 수 많은 지식 함양	개인시간 부족 및 성과에 대한 압박, 상여나 출퇴근 시간 불일치 수면부족	복지에 대한 혜택 및 개인시간 존중
2014/4/26	(주)대웅제약	300	81945	8705	3.0	3.0	1.0	2.0	1.0	0	1	영업/제휴	전직원	서울	 0 	False	"2013년 기준, 연봉 4000 중 상여 600%, 영업 인턴에서 정규직 전환하는 과정에서 시끄러웠음. 1달 반 정도 연수과정이 매우 힘듬. 하루에 5시간도 못자는 구조. 단기간에 많은 약에 대해 공부해야 하기 때문에 만만치 않음. 기본급 2400은 정규직이 된다면 받을 수 있지만, 상여1600은 성과에 따라 차등지급. 그러니 연봉 4000이라 적혀있지만 실제로 모두 받기는 힘들고 보통 3천 중후반이라 보는게 맞음. 한미, 종근당과 더불어 영업 빡세게 시키기로 유명함."	능력이 있다면 승진이 빠를 수도 있고, 직무 순환제도가 잘 되어 있음	영업 실적 압박이 심함. 군대 문화.	인턴에서 정규직 전환하는 과정에서 확실히 처음에 말했던 것 처럼 해주길 바람.인턴은 쓰다 버리는 존재가 아님. 마인드를 바꿔야 함.
2014/4/17	(주)대웅제약	300	81945	404	5.0	5.0	4.0	5.0	5.0	1	2	영업/제휴	현직원	인천	 0 	False	"미래를 계획하게 해준 회사"	끊임없는 학습장려, 직원의 미래설계 장려	높은 업무 강도, 과도한 경쟁	더욱 자부심을 느낄 수 있도록 정도경영 부탁드립니다
2014/4/17	(주)대웅제약	300	81945	402	5.0	5.0	4.0	5.0	5.0	1	2	영업/제휴	현직원	인천	 0 	False	"인생의 목표를 세우게 해준 회사"	성공사례공유	과한 경쟁의식	자부심을 느낄수 있게 지금처럼 바른경영 부탁합니다
2014/4/17	(주)대웅제약	300	81945	403	3.0	4.0	4.0	2.0	3.0	0	2	영업/제휴	현직원	서울	 0 	False	"내능력을 발휘하는 회사"	능력을 인정해주는 회사	군대식 회사문화	인재가 회사의 미래입니다
2014/4/17	(주)대웅제약	300	81945	405	3.0	2.0	3.0	4.0	4.0	0	2	디자인	현직원	서울	 2 	False	"경영지식을 토대로 자기개발을 중요하게 생각하는 회사"	직원의 행복을 위한 여러가지 혜택	비효율적인 출퇴근 시간	능동적인 업무 시간관리
2014/4/24	한미약품(주)	300	2669	8393	4.0	4.0	3.0	3.0	1.0	0	2	영업/제휴	현직원	서울	 0 	False	"잘할자신있으면 지원하세요못하면 이용만 당하다가 버려집니다"	노력한만큼 금전적으로 확실한 보상이 따른다	효율을 추구하지만 비효율적인 업무가 너무 많다오너에게 보여주기식으로 업무를 추진하는 경영진	보여주기식이 아닌정말 필요한 업무에 관심가지시길
2014/4/17	한미약품(주)	300	2669	7089	4.0	4.0	4.0	4.0	4.0	1	2	영업/제휴	현직원	서울	 0 	False	"변화에 뒤쳐지지 않는 힘을 갖게 해 준 회사"	환경의 변화에 따른 발빠른 대처 능력	특별한 건 없습니다	사내 복지를 더 좋게
2014/4/17	한미약품(주)	300	2669	7085	4.0	4.0	4.0	3.0	3.0	1	2	영업/제휴	현직원	강원	 0 	False	"현재 내게 이상적인 삶을 누릴수있게 해준 소중한 직장입니다."	자신의 노력으로 이룬 성과를 반드시 보상해주는 시스템	연차에 따른 호봉제가없어 그에따른 연봉이 낮다.	시장의 어려움과 환경적 어려움이 닥쳤을때 직원들을 다독이고 보듬어줄수 있는 진정한 가족과같은 분위기가 필요합니다.
2014/4/17	한미약품(주)	300	2669	7088	2.0	3.0	3.0	3.0	2.0	0	1	영업/제휴	현직원	서울	 0 	False	"높은 기대치 낮은 결과물"	돈은 잘 준다	애사심이 없다	배려가 있었으면 좋겠다
2014/4/17	한미약품(주)	300	2669	7087	4.0	2.0	3.0	2.0	2.0	0	1	생산/제조	현직원	경기	 0 	False	"돈을 버는 곳"	업무량이 많다	인간적이지 못하다	복리후생 좀 높여주세요
2014/4/17	한미약품(주)	300	2669	7086	4.0	3.0	3.0	3.0	2.0	0	2	생산/제조	현직원	경기	 0 	False	"능력이 우선인회사"	투자에 관대함	강압적 분위기	인재의 중요성을 좀 더 아셨음함
2014/4/29	종근당(주)	300	55954	9847	4.0	4.0	4.0	3.0	2.0	1	1	생산/제조	현직원		 0 	False	"직무가 중요함. 직무에 따라서 업무 강도와 만족도가 크게 차이남"	깨끗한 여건에서 근무할 수 있고, 남녀차별이 거의 없음, 봉급도 만족함	성과 재분배가 거의 없고, 진취적이기 보다는 안정을 추구하는 분위기	딱히 없음...
2014/4/28	종근당(주)	300	55954	9334	2.0	4.0	2.0	3.0	3.0	1	1	생산/제조	현직원		 2 	False	"본인의 적성을 잘 판단한 뒤 지원해야 합니다. 특히 회사보다는 직무가 엄청 중요하다고 말씀드리고 싶네요."	제 직무의 경우 일한 시간만큼 수당이 지급되는 것이 장점입니다.	보수적이고 직무에 따라 야근이 엄청 심한 부서가 있습니다. 우리가 흔히 말하는 연말 보너스 없습니다.	직무교육. 사외교육이 잘 이루어져야 합니다. 아무리 생산일정이 급해도 정기적인 교육은 꼭 필요하다고 봄!!
2014/4/25	종근당(주)	300	55954	8564	3.0	3.0	2.0	3.0	2.0	1	2	경영/기획/컨설팅	현직원	서울	 0 	False	"도전해 볼만한 회사입니다."	능력만 된다면 승진의 기회가 좋습니다.	오래된 회사라 권위적인 분위기가 있습니다.	사내정치 보다는 능력있는 직원을 성장시켜야 합니다. 능력있으면 다른 기업으로 이직을 하니... 능력없는 선임들만 남아있습니다.
2014/4/17	종근당(주)	300	55954	2151	4.0	4.0	4.0	4.0	5.0	1	2	전문직	현직원	경기	 0 	False	"연구하기에 좋은 회사"	자유로운 연구분위기	연구 이외에 신경쓸 일이 많다	복지 향상
2014/4/17	종근당(주)	300	55954	2152	3.0	1.0	2.0	1.0	1.0	0	1	기타	현직원	서울	 0 	False	"이직하고 싶은곳"	넓고 방대한 업무	낮은 연봉 명절추가금이 없음	안보이는곳에서 일하는 사람도 신경좀
2014/4/17	종근당(주)	300	55954	2149	3.0	4.0	3.0	3.0	3.0	0	1	영업/제휴	현직원	경남	 0 	False	"인생을 알게 해 준 회사"	자율성	수직적 구조	매출도 좋지만 영업부직원들  근무환경 및 밀어넣기식 판매지향 바람
2014/4/17	종근당(주)	300	55954	2150	3.0	3.0	3.0	3.0	3.0	1	1	영업/제휴	현직원	경기	 0 	False	"삶의 굴곡을 느끼게해주네요"	돈 많이주고 인지도가 있다	업무가너무많고구속적	인재를 잘보고 고르세요
2014/4/17	종근당(주)	300	55954	2147	2.0	2.0	2.0	3.0	3.0	0	1	경영/기획/컨설팅	현직원	서울	 0 	False	"전통적이다"	사람들이친절하다	낮음보수	임금인상
2014/4/17	종근당(주)	300	55954	2148	3.0	3.0	3.0	3.0	2.0	0	1	서비스/고객지원	현직원	서울	 0 	False	"상사가 메너가 없다"	식권이 나와서  점심시간이 편하다	맡은 업무와 관계 없는 다른 업무른 시킴	메너를 지키고 맡은 업무외에 잡일을 시키지말 것
2014/4/22	(주)녹십자	300	83348	7770	5.0	2.0	2.0	3.0	2.0	0	2	영업/제휴	현직원	경기	 3 	False	"존경받는 기업이 되기 위해 애쓰지만 그러기에는 제약사라는 을의 입장에서 하고자 하는 의지와는 무관하게 비윤리적인 행동들을 저지르게 된다."	넒은 본사 공간 및 기업의 역사만큼이나 깊은 자부심	교통편이 불편. 자가용 차량이 없을 시 출퇴근이 불편.	혁신은 말로만 하는 것이 아니라 실천하는 것 입니다.
2014/4/17	(주)녹십자	300	83348	267	3.0	2.0	4.0	4.0	3.0	1	2	의약	현직원	서울	 1 	False	"적당한 업무 강도, 편안한 사람들"	적당한 업무 강도, 근무 시간 탄력적운영	낮은 연봉과 성과급의 부재	직원 복지에 신경써주세요
2014/4/17	(주)녹십자	300	83348	268	3.0	3.0	3.0	2.0	3.0	1	2	생산/제조	현직원	서울	 1 	False	"시기 적절"	웅용 가능성 높은 연구주제와 연구에 적합한 환경	수직적 사내 환경	좀 더 수평적인 기업문화룰 원합니다
2014/4/17	(주)녹십자	300	83348	266	3.0	3.0	2.0	3.0	3.0	1	2	의약	현직원	서울	 1 	False	"적당한 업무 원만한 사우관계"	업무의 자율성 적당한 업무 강도	낮은 보수 성과금이  없음	직원 복지에 신경써주서오
2014/4/17	(주)녹십자	300	83348	269	2.0	4.0	2.0	2.0	3.0	0	1	영업/제휴	현직원	대구	 2 	False	"제약은 아니라고 생각하게된.."	실적이 좋다면 여유로움	퇴근이 너무 느리네요	접대가 판매로 꼭 이어지지는 않습니다.
2014/4/26	굿네이버스인터내셔날(사)	300	86785	8821	2.0	3.0	1.0	1.0	1.0	0	2	서비스/고객지원	현직원	충남	 2 	False	"가치 있는 일을 위해 자기를 희생함"	가치있는 일  4대보험됨  사회복지 치고 급여는 많은편 회사는 계속 커지고 있음	엄청난 업무량에 비해 야근수당 없음 절대적인 직원수 부족 사내 분위기 좋지 않음  취미생활따위 불가능 (평균 13시간 근무) 직원복지 시급	기업을 키울 생각만 하지 말고 직원을 버티면 쓰고 아니면 말고식의 소모품으로 생각하지 말고 이웃에게만 좋은 사람이기 위해 왜 직원이 죽어나갈 지경이 돼야합니까 사명감만으로 버티는게 아니라 어떡하면 직원의 인생이 행복할 수 있는지를 먼저 생각하는 회사가 되지 않는다면 직원이 하루빨리 떠나는게 맞겠지요
2014/4/17	굿네이버스인터내셔날(사)	300	86785	31	4.0	3.0	2.0	4.0	4.0	1	2	전문직	현직원	경기	 0 	False	"소통이 자유롭고 서로존중하는 회사"	소통이 잘되며 직급에 상관없이 존중하는 문화	야근이 많고.. 수당이작은것	지금처럼 소통하는 회사가 되도록 노력해 주세요
2014/4/17	굿네이버스인터내셔날(사)	300	86785	30	4.0	4.0	3.0	4.0	3.0	1	2	교육	현직원	울산	 0 	False	"좋은 이웃들에게 사랑을 전하는 가슴 벅찬 일을 하는곳"	장점을 강점으로 만들어주며, 안일함보다 변화와 혁신이 있는곳	업무 강도에 비해 감정소비가 심하며 잦은 야근	업무가 많습니다, 직원들의 복지도  신경써주세요
2014/4/17	굿네이버스인터내셔날(사)	300	86785	29	3.0	3.0	3.0	3.0	3.0	1	2	기타	현직원	서울	 0 	False	"한번 경험해 볼만한 곳"	수평적 조직문화, 육아휴직사용 가능	업무가 많음. 잦은 야근	야근수당 주세요. 인력더 늘려주세요. 업무량이 너무 많아요
2014/4/17	굿네이버스인터내셔날(사)	300	86785	28	4.0	2.0	1.0	4.0	3.0	0	1	전문직	현직원	서울	 1 	False	"기대가 없어서 만족함"	직원들의 인성, 가치관	봉급 야근 야근...야근	복지혜택 개선이 시급
2014/4/17	굿네이버스인터내셔날(사)	300	86785	32	3.0	3.0	2.0	3.0	3.0	0	2	기타	현직원	서울	 1 	False	"업무량이 매우 많은 회사"	NGO로써 비전이나 가치가 높은 회사	업무 강도가 매우 높은 것	사업장별 업무 강도를 비교하고 그에 맞는 인력배치를
2014/4/17	제일약품(주)	300	11279	6250	4.0	3.0	3.0	3.0	4.0	1	2	경영/기획/컨설팅	현직원	서울	 0 	False	"좋음"	제품의 품질이 좋음. 파이자와 같이 마케팅진행. 다른 곳보다 괜찮은 급여	1달동안 트래이닝 캠프를 운영함. 너무 자주 진행되는 트레이닝 캠프. 가족과 지낼 시간이 많이 없음	
2014/4/17	제일약품(주)	300	11279	6249	2.0	1.0	2.0	1.0	2.0	0	1	생산/제조	현직원	경기	 0 	False	"제일약품"	복리후생	안전성	
2014/4/17	제일약품(주)	300	11279	6248	5.0	4.0	1.0	2.0	4.0	1	1	영업/제휴	현직원	서울	 0 	False	"영업이란 뭔지 가르쳐준 회사"	사회가 무엇인지 가르쳐주는 문화	업무 강도가 높고 정치적인 요소가 강함	IT인프라 쪽으로 신경써주셨으면...
2014/4/17	(주)셀트리온	300	71498	1027	4.0	4.0	4.0	4.0	4.0	1	2	기타	현직원	서울	 0 	False	"좋은 회사"	다이나믹한 분위기	업무 강도	
2014/4/17	(주)셀트리온	300	71498	1029	5.0	1.0	1.0	3.0	1.0	0	1	경영/기획/컨설팅	현직원	인천	 1 	False	"잠재적인 능력이 있는 회사지만…리더쉽에 가려진…"	더 성장할 수 있는 폭이 큼. 기회도 많이 존재하며 책임감도 느낌	많은사람들이 제약과 전혀 관계 없는 자동차 분야에서 왔음..	생각의 전환이 필요합니다.
2014/4/17	(주)셀트리온	300	71498	1028	3.0	3.0	3.0	3.0	3.0	1	2	경영/기획/컨설팅	현직원	서울	 0 	False	"기대가되는 회사"	발전가능성이 있는 회사	과도한 업무량	야근 자제 부탁
2014/4/17	(주)셀트리온	300	71498	1030	4.0	3.0	1.0	3.0	1.0	0	None	경영/기획/컨설팅	현직원	인천	 0 	False	"근무 시간이 길지만..성장 폭이 큼."	계속 성장하는 회사로서 책임감이 많이 따름	긴 근무 시간과 넘치는 일	직원들에게 더 집중하고 귀기울였으면
2014/4/29	제이더블유중외제약(주)	300	11676	9485	2.0	1.0	1.0	1.0	1.0	0	None	경영/기획/컨설팅	현직원		 1 	False	"회사와 직무에 대한 확실한 확신이 없다면 들어오지 마세요"	비즈니스 자체가 사회적 공헌임. 과거에 상당히 훌륭한 역사를 기반으로 하고 있음. 그래서 그것을 강조하고 있고..	매년 경영실적이 악화되고 있음 특단의 조치가 없는 한 나아질것 같이 않다는것이 문제	이제는 리더들이 바뀌어야 할 때
2014/4/27	제이더블유중외제약(주)	300	11676	8905	3.0	3.0	2.0	3.0	3.0	0	1	영업/제휴	현직원	서울	 1 	False	"업종과 직무에대한 확신이 있으신분만 지원하셔야합니다."	규칙, 규율의 강조보다 인간적인 부분이 많은 조직입니다	인간적인 문화로 누군가에게 희생을 강조합니다.	체계적인 업무 배분과 합리적 사고를 배양시키는문화가 자리잡기 원합니다.
2014/4/17	제이더블유중외제약(주)	300	11676	6234	3.0	2.0	2.0	1.0	1.0	0	1	영업/제휴	현직원	서울	 1 	False	"비젼이 안보이는 회사"	수액시장의 높은 점유률	비젼이 없음	직원들이 일하기 좋은 회사가 되었으면 합니다.
2014/4/17	제이더블유중외제약(주)	300	11676	6233	4.0	2.0	3.0	4.0	3.0	0	1	전문직	현직원	서울	 2 	False	"운이 없었던 회사"	비교적 자유로운 업무환경, 수직적이거나 억압적이지 않은 팀 분위기	특근 수당 부재, 윗선에서의 혼란	휴가 좀 붙여쓰게 해달라
2014/4/17	제이더블유중외제약(주)	300	11676	6232	3.0	2.0	3.0	2.0	3.0	0	1	의약	현직원	서울	 0 	False	"실망스러운 회사"	개방적이려고 노력하는 모습	추가 근무수당 없음 낮은 연봉상승률	매출압박이 심하고 영업부서와 타 부서의 소통이 컸으면
2014/4/17	제이더블유중외제약(주)	300	11676	6231	2.0	2.0	1.0	1.0	2.0	1	1	경영/기획/컨설팅	현직원	서울	 3 	False	"보수적인 회사"	높은 연봉	업무 강도 및 연장업무의 당연화	돈이 새는 이유는 따로있습니다.
2014/4/17	서울대학교병원	300	28516	4988	3.0	3.0	3.0	2.0	2.0	0	2	영업/제휴	현직원	서울	 0 	False	"편하고 주부들이 오래 다닐수있는 직장"	시간의 효율성과 쉬운 업무	낮은 연봉과 직원들을 배려 안하는 업무환경 복리후생	좀 더 쾌적한 근무환경과 월급 인상
2014/4/17	서울대학교병원	300	28516	4986	4.0	4.0	2.0	4.0	3.0	1	2	의약	현직원	서울	 0 	False	"칼퇴가가능한 회사"	대인관계의다양성	인력부족	사람 좀 더 주세요
2014/4/17	서울대학교병원	300	28516	4987	3.0	3.0	3.0	3.0	3.0	1	2	의약	현직원	전남	 0 	False	"가정과함께 갈수있는 회사"	출퇴근이 어느정도 자유롭습니다	낮은 연봉이 단점입니다	연봉 올려주시면 좋겠어요
2014/4/17	서울대학교병원	300	28516	4985	3.0	3.0	3.0	3.0	3.0	1	1	의약	현직원	서울	 0 	False	"보수적이나 자기개발이 가능한 회사"	자기개발을 위한 시간적 여유 제공	업무 강도 및 3교대	보수를 좀 올려주세요
2014/4/17	서울대학교병원	300	28516	4983	3.0	3.0	4.0	3.0	3.0	0	2	의약	현직원	서울	 0 	False	"첫 직장이자 마지막 직장"	수평적인 인사관계, 개인존중	많은 당직과 낮은 연봉 문제	근무 환경 개선했으면 좋겠다
2014/4/17	서울대학교병원	300	28516	4984	3.0	3.0	2.0	3.0	2.0	0	1	의약	현직원	서울	 1 	False	"내 인생을 바꾼 곳"	타병원에 비해 안정적이고 복지면에서 우수함	타병원에 비해 조금 낮은 연봉과 식사시간이 없을정도로 바쁘다는 점	직원들 환경개선에 조금만 더 기울여줬으면
2014/4/17	서울대학교병원	300	28516	4981	5.0	3.0	5.0	4.0	4.0	1	2	의약	현직원	서울	 0 	False	"원하는 것을 마음껏 할 수 있는 환경을 제공해준다"	활용 가능한 데이터와 원하는 일을 할 수 있는 환경	낮은 연봉과 정보의 부재	인원을 좀 더 늘렸으면 함
2014/4/17	서울대학교병원	300	28516	4980	4.0	2.0	3.0	3.0	4.0	1	1	의약	현직원	서울	 0 	False	"새로운 경험을 하게 해준 곳"	환자수가 많다 연구비가 많다	효율이 낮다	업무환경 개선
2014/4/17	서울대학교병원	300	28516	4979	4.0	2.0	2.0	2.0	3.0	0	1	의약	현직원	서울	 0 	False	"대규모의 회사여서 시스템적인 걸 배울수 있었다"	엄청난 환자수와 직원수	효율이떨어지고 연봉이낮다	환자입장에서 더 생각하는 경영을했으면 한다
2014/4/17	에프알엘코리아(주)	400	19964	5677	3.0	3.0	2.0	3.0	4.0	1	2	서비스/고객지원	현직원	경기	 0 	False	"새로운경험이다 고객들을만나면서"	조직의체계성과 복지가좋습니다	시간이.제한적이고.스케줄이 일주일씩나와 계획짜기기힘듷다	직원들의.이야기를.들을수있는공간을더만들어주세요
2014/4/17	에프알엘코리아(주)	400	19964	5678	4.0	3.0	3.0	3.0	3.0	0	2	서비스/고객지원	현직원	경기	 0 	False	"새로운 도전을 시작하게 해준 회사"	절대적인 능력 위주의 진급 시스템	과도한 업무로 인한 체력적인 문제	매출도 좋지만 과도한 업무은 이제 그만
2014/4/17	에프알엘코리아(주)	400	19964	5679	5.0	4.0	3.0	4.0	3.0	1	2	서비스/고객지원	현직원	서울	 0 	False	"노력하는 만큼 공정한 보상을 주는 회사"	조직체계가 잘 갖춰진점	보여주기식의 업무성과요구	매출에 따라 점별 스텝들에 대한 대우(시급)이 다른것은 매우 불공평한 처사이다. 매출이 없다고 업무시간에 노는 게 아니라 똑같이 일한다.
2014/4/17	에프알엘코리아(주)	400	19964	5680	4.0	3.0	2.0	2.0	3.0	0	1	서비스/고객지원	현직원	서울	 0 	False	"인생의 길을 제시해준 회사"	다양한 경험과 업무능력을 배울수있다	업무 강도와 잦은 보충업무	인건비문제도 잇지만 원활한 근무를위해 여유있는 인력
2014/4/17	에프알엘코리아(주)	400	19964	5675	3.0	4.0	2.0	2.0	3.0	0	1	서비스/고객지원	현직원	경기	 0 	False	"생각보다소문보다더욱빡시고힘든 회사"	일 한 만큼돈을주고 복지가좋음	해도해도끝이없는업무 그래서 생기는 연장 나의 시간이 없어지고 건강에 좋지 않이다	매출도 좋지만 스탭들의 건강과 근무환경에도 좀 더 신경써주면 좋겠다
2014/4/17	에프알엘코리아(주)	400	19964	5676	5.0	5.0	3.0	4.0	3.0	1	2	영업/제휴	현직원	서울	 0 	False	"나의 가치를알아주는 회사"	수평적 조직문화 정확한휴식시간 초과근무 시간에대해급여로 정확하게 인정해준다 능력에 따른 승진	휴가비 설날이나 추석에 돈이 나오지않는다. 자유롭게.쉴수 있는 휴게실 마련	기업에 대해 이미지개선 사업을 실시하고 각나라에 맞는 휴가비와 명절에 직원들에게 일정의 보수를 지급하셨으면 좋겠습니다.
2014/4/17	한샘(주)	400	48317	2969	1.0	1.0	1.0	1.0	1.0	0	None	유통/무역	현직원	경북	 0 	False	"너무 근무 시간이 길고 압박이심함"	매년 성장하는 회사여서 다님	연봉 및 성과급이 너무 적음	수익이 많이 발생한 만큼 돌려다오
2014/4/17	한샘(주)	400	48317	2968	3.0	2.0	3.0	2.0	4.0	0	2	경영/기획/컨설팅	현직원	서울	 0 	False	"생각보다 단순하고, 생각보다 어렵다"	신입이라도 도전하는 만큼 이뤄낼수있다	신입이라도 뭔가 할 수 있다는 얘기는, 그만큼 체계가 안잡혀있다는 것	비전을 보여주셔서 감사합니다. 하지만 가끔은 현실이 미래의 비전을 이기기도 하더군요
2014/4/28	홈플러스(주)	400	784	9261	4.0	2.0	3.0	3.0	3.0	1	1	유통/무역	전직원	서울	 5 	True	"유통업에 관심있다면 시작하기 좋은 회사. 낮은 연봉이 흠"	테스코의 선진 유통 노하우가 잘 갖춰져있음. 다른 유통사보다는 자유로운 분위기. 업무강도는 낮지 않지만 많이 배울 수 있음	낮은 연봉. 테스코의 잦은 간섭과 사업의 한계성	직무별 연봉 조정, 부서 이기주의 타파
2014/4/26	홈플러스(주)	400	784	8795	2.0	2.0	2.0	4.0	2.0	0	None	영업/제휴	현직원	서울	 0 	False	"남들이 알고 있는 대형마트 획기적인 전환점은 없어보임"	여성분들 다니시기엔 좋아보임나름 내부 시스탬이 잘 잡혀져 있다고들 하심	단순보고를 위한 작업이 많음연봉이 너무 적음부서별 업무량 편차 과다개인임원을 위한 보고서가 너무 많음	조급함. 밀어붙이지 말아주세요mbk에 왜이리 눈치보시는지
2014/4/24	홈플러스(주)	400	784	8481	5.0	1.0	4.0	4.0	2.0	1	1	유통/무역	현직원	서울	 0 	False	"근무환경은 비교적 편함. 매장말고 본사임. 급여는 적음"	전체적으로 널널한 분위기임. 여성들이 일하기 좋음 그외의 장점은 글쎄...	급여가 현실적으로 너무 적음. 파트장이 되기전까지는 박봉임.	급여를 현실적으로 반영했으면, 대기업이라는 타이틀에 너무 판이하게 다른 급여체계
2014/4/24	홈플러스(주)	400	784	8373	2.0	2.0	4.0	3.0	1.0	0	None	디자인	현직원	서울	 0 	False	"100프로 영국회사. 모든최대결정은 영국에서.하지만 문화는 한국식이라 몹시 이중적임. 오락가락할수있으나 적응하기 나름~"	아기엄마들이 다니기 좋음.1년 육아휴직에 부담없음.	팀마다 분위기가 다름.너그러운팀장을 만나면 그래도 편한 직장생활보장.까다로운 팀장은 업무중 찍소리도 못함.. 갈수록 승진이 어려워짐. 팀에서 한명 올라갈까말까함.그 한명이 누락되면 계속 해서 후배들도 승진이 어려움.	직원들의 소리를 듣겠다고 스팸같은 설문조사는 맨날하지만 실제 반영되는것이 없다.신뢰도는 떨어지고 실망감만 가중될뿐..
2014/4/17	홈플러스(주)	400	784	7461	3.0	1.0	3.0	3.0	2.0	0	1	서비스/고객지원	현직원	서울	 0 	False	"많은 경험을 배운 회사"	자유로운 휴무	업무에 비해 낮은 연봉	어려움은 있겠지만 현실적인 연봉 부탁 드림
2014/4/17	홈플러스(주)	400	784	7462	3.0	2.0	4.0	3.0	2.0	0	1	유통/무역	현직원	경기	 0 	False	"사회경헝의 첫 시작..무언가..아쉽다.."	유통회사에 장점은..다양한 고객들은 만나보고  기술직 섹션이 있어 좋다	정직원들은 희생과 봉사다..낮은 연봉 정말..대박이다..	연장을하면 연장시간을 올리라고 못할망정..눈치겁나주지마쇼..
2014/4/17	홈플러스(주)	400	784	7456	3.0	3.0	3.0	3.0	3.0	0	1	유통/무역	현직원	서울	 0 	False	"사회의 다양한 경험을 겪게 해 준 회사"	자율성 다양성 다양한 조직관리	발전 정체, 장시간 근무 시간, 성과급 불확실성	부진 원인과 대안이 쉽게 나올거면 애당초 발전만 있을것을...
2014/4/17	홈플러스(주)	400	784	7460	2.0	2.0	3.0	3.0	2.0	0	1	유통/무역	현직원	인천	 0 	False	"가면갈수록 힘들어는 회사"	여러 종류의 사람들을 경험해볼 수 있다	업무 강도에 비해 낮은 보수	직원들의 근무환경은 물론 직원들 상태를 봐가면서 업무를 하달했으면
2014/4/17	홈플러스(주)	400	784	7452	3.0	3.0	3.0	3.0	3.0	0	1	서비스/고객지원	현직원	인천	 0 	False	"좋은 회사라 생각합니다"	급여가 빠짐없이  10일  나옴	감정서비스  수당이 지급이  안 된다는 점	근무환경
2014/4/17	홈플러스(주)	400	784	7453	2.0	3.0	3.0	3.0	3.0	0	2	영업/제휴	현직원	경기	 0 	False	"서비스정신 투철하게 만들어줌"	돈을 꼬박꼬박 주는 것이요	너무나 일이 많아요	직원들에게 잘해 주세요
2014/4/17	홈플러스(주)	400	784	7454	4.0	3.0	3.0	3.0	3.0	0	1	영업/제휴	현직원	서울	 0 	False	"사업의 타당성 검토 가능"	자유로운 상상력	팀간의 이해관계 충돌	합리적인 의사결정
2014/4/17	홈플러스(주)	400	784	7450	3.0	2.0	2.0	3.0	3.0	1	2	유통/무역	현직원	인천	 0 	False	"물질 여유로움을 줌"	업무의 자율성	일에 비해 낮은 연봉	월급 올려주세요
2014/4/17	홈플러스(주)	400	784	7451	4.0	1.0	4.0	3.0	3.0	0	2	서비스/고객지원	현직원	대전	 0 	False	"나의 인생의 앞날을 열어준 회사"	나의 개인의 역량을널펴준 회사	하는일이 끝이 없다는 것	직원이 부족하고 쉬는 시간이 없다보니 너무 힘들다  근로기준법 의해 쉬는 시간이 있었으면 좋겠다
2014/4/17	홈플러스(주)	400	784	7444	3.0	2.0	2.0	2.0	1.0	0	1	유통/무역	현직원	서울	 0 	False	"아직도 기준과 기반이 부족한 회사"	외국계회사 휴직 복직의자유로움 연차문화	업무과중과 책임에 비해 낮은 연봉	직원 복지와 급여인상 여자들을위한 어린이집마련
2014/4/17	홈플러스(주)	400	784	7447	4.0	4.0	3.0	4.0	3.0	1	2	유통/무역	현직원	인천	 0 	False	"결혼 후 첫 출근을 하게 해 준 회사"	시간자유 로테이션 근무	업무 강도 늦은폐점 12에에끝남	영업폐점시간을 앞당길수는없지만 퇴근만은 한시간이라도 빨리시켜주시면 좋을듯
2014/4/17	홈플러스(주)	400	784	7448	3.0	3.0	3.0	3.0	4.0	1	1	영업/제휴	현직원	서울	 0 	False	"내 인생 그자체"	업무의 자율성	낮은 연봉	좋은근무환경
2014/4/17	씨제이올리브영(주)	400	23194	5306	3.0	2.0	2.0	3.0	5.0	1	2	서비스/고객지원	현직원	서울	 0 	False	"도움이 되고싶은 회사 큰 경험"	수평적 조직문화와 발령	낮은 연봉과 발령이 급하게난다는 점	많이노력하고 있으니 서로 알아주길
2014/4/17	씨제이올리브영(주)	400	23194	5307	3.0	3.0	3.0	3.0	3.0	0	2	서비스/고객지원	현직원	서울	 0 	False	"하는일에 비해 급여가 너무적다"	시간 활용과 대인관계가 풍부	급여가 적고 너무 바쁘다	급여를 조금 올려주셨으면
2014/4/17	씨제이올리브영(주)	400	23194	5308	3.0	3.0	2.0	3.0	3.0	1	1	서비스/고객지원	현직원	서울	 1 	False	"잘 다듬어져있는 회사.  그러나 질서 속의 숨막힘과 무질서가 있는곳"	체계화 되어있는 시스템. 서비스 교육이 잘 이루어져있다	업무 평가가 굉장히 획일화되어있어, 여러 다른상황에 예외라는게 없는 점	근무환경 개선
2014/4/17	씨제이올리브영(주)	400	23194	5309	3.0	5.0	3.0	2.0	2.0	1	1	서비스/고객지원	현직원	서울	 2 	False	"역시 대기업이라 아르바이트생에게도 복지가좋았다 나중에 직장을 구하게된다면 이곳으로 해야겠다"	다른곳에 비해 높은시급과 복지	직원들의 잦은 교체	사무실 직원들이 좀 더 현장의 현실을 알아야함
2014/4/17	씨제이올리브영(주)	400	23194	5305	3.0	2.0	1.0	2.0	2.0	0	1	유통/무역	현직원	경기	 0 	False	"마케팅 인사이트를 넓혀준곳"	신입이 할 수 있는 일이 많은 회사	성과급의 부재.	신입이 제대로 성장할 수 있는 발판 마련이 필요
2014/4/17	이마트(주)	400	59035	1923	4.0	4.0	2.0	3.0	3.0	0	1	유통/무역	현직원	서울	 1 	False	"기대에 미치지 못하는 곳"	활용할 수 있는 범위가 많은 일	업무 강도에 비해 낮은 만족	기업문화의 변화가 필요하다
2014/4/17	이마트(주)	400	59035	1924	2.5	2.5	2.5	2.5	2.5	0	None	서비스/고객지원	현직원	서울	 0 	False	"생각했던것 보다매력있는직장이었다."	복리후생과 사내직원들의 친근함		
2014/4/17	이마트(주)	400	59035	1925	2.0	2.0	2.0	2.0	2.0	1	2	서비스/고객지원	현직원	서울	 0 	False	"맘에듭니다."	자율성이 좋다	진급이 좀 어렵다	직원들을 더 챙겨주세요
2014/4/17	이마트(주)	400	59035	1921	4.0	4.0	2.0	3.0	4.0	1	2	유통/무역	현직원	서울	 0 	False	"근무만족도가 기대이상인 회사"	변화에 적극적으로 대처하는 자세	체계적인 시스템 부족	성과를 위한 빠른 반응보다는 장기적이고 체계적인 발전방향 수립
2014/4/17	이마트(주)	400	59035	1922	4.0	3.0	3.0	3.0	3.0	0	None	경영/기획/컨설팅	현직원	경기	 0 	False	"인생의 첫걸음이자 사람에 대해 많은 것은 느끼고 깨닫게 해준곳"	인내력과 사람을 대하는 그런 행동거지를 변화시켜준다.	업무 강도와 고객관리 매우 어려움	사람을 위한 사람을 위해 앞으로도 좋은 정책과 독려 부탁드립니다.
2014/4/17	이마트(주)	400	59035	1915	3.0	2.0	2.0	3.0	2.0	0	1	서비스/고객지원	현직원	부산	 0 	False	"많은 깨달음과 인내를 가르쳐준 회사"	가족과 같은 동료들간의 화합	업무능력에 따른 능력가급 월급제임에도 불구하고 객관성있게 평가하지 않음	합리적인 능력과 성과에 따른 객관적인 판단
2014/4/17	이마트(주)	400	59035	1916	2.0	2.0	3.0	2.0	2.0	0	2	유통/무역	현직원	경기	 0 	False	"생각했던것 보다 나쁨"	월급이 제 때제 때 나옴	노조없서서 회사 마음대로임	일선에서 일하는 사람들을 기업의 이익보다 먼저 생각해주었으연좋겄다
2014/4/17	이마트(주)	400	59035	1917	2.0	2.0	2.0	3.0	2.0	0	1	서비스/고객지원	현직원	경기	 0 	False	"서비스업의 어려움을 절실히 느낌"	어러 유형의 사람들을 만나볼수 있어서	일에 비해서 월급이 너무 낮음	직원들의 복지향상에 좀 더 신경을 써 줬으면
2014/4/17	이마트(주)	400	59035	1918	3.0	2.0	2.0	3.0	2.0	0	2	전문직	현직원	경기	 0 	False	"자신감,성취감,능력등"	바쁘게 회사생활속에 시간이빨리감	업무 강도에 비해 저임금	고객만 최고가아니라 직원들도 최고라는걸 알아줬으면
2014/4/17	이마트(주)	400	59035	1919	1.0	3.0	3.0	2.0	2.0	0	1	유통/무역	현직원	서울	 0 	False	"힘들다"	이 나이에 보너스준다	업무에 비해 낮은 보수	월급 올려주세요
2014/4/17	이마트(주)	400	59035	1920	3.0	3.0	3.0	3.0	3.0	1	1	유통/무역	현직원	서울	 0 	False	"직원의.휴식을.제대로 제공하지 않음"	저렴하게판매하고 고객을.우선으호함	낮은 연봉과.성과급이 없다.	단기 일용직도 신경써주고 휴식공간을눌려쥬세요
2014/4/17	이마트(주)	400	59035	1911	4.0	3.0	2.0	3.0	3.0	1	1	유통/무역	현직원	서울	 0 	False	"보상이 적절하다"	보상적절	근무스트레스	압박그만
2014/4/17	이마트(주)	400	59035	1912	4.0	5.0	4.0	5.0	5.0	0	2	유통/무역	현직원	광주	 0 	False	"열정이 넘치는 회사"	변화의 민감하다	경기에 따라 매출이 변함	다변화하는 시대에 변화에 발맞춰 갈 수 있도록 교육환경이 필요하다
2014/4/17	이마트(주)	400	59035	1913	4.0	3.0	4.0	4.0	4.0	1	2	서비스/고객지원	현직원	경기	 0 	False	"인생 사십의 새로운 도전이자 활력"	조직적 친근감과 유대감	바쁜 생활에서의 시간적여유	직원들의 근무환경 및 연봉인상
2014/4/17	이마트(주)	400	59035	1914	3.0	3.0	3.0	3.0	3.0	0	1	기타	현직원	경기	 0 	False	"할 수록힘들고ᆢ사람 대하기가 힘들다 ᆢ"	시간적인 면에서 나와 맞다	만족스럽다	휴식공간이 좀 쾌적했으면 좋겠다
2014/4/30	지에스리테일(주)	400	55399	10375	5.0	3.0	3.0	5.0	3.0	1	2	유통/무역	현직원	서울	 0 	False	"현장을 사랑하는 사람이라면 추천"	그나마 군대문화가 적은 곳이라서 여성들도 일하기 좋음	타 경쟁사에 비해 1.5배많은 업무량	창의적으로 일할 수 있는 환경을 만들어주세요
2014/4/29	지에스리테일(주)	400	55399	9924	5.0	3.0	3.0	4.0	3.0	1	2	유통/무역	현직원		 0 	False	"프랜자이즈, 유통 인재 양성학교"	수평적 조직문화연공서열에 탈피한 승진급 체계	조직의 성장동력 부재CVS사업 위주의 성장	도전적으로 사업을 영위해 나아가면 좋겠다
2014/4/17	지에스리테일(주)	400	55399	2199	3.0	3.0	2.0	4.0	3.0	0	1	유통/무역	현직원	서울	 0 	False	"인생에 기회를 준"	조직문화	근무 시간	근무환경 개선
2014/4/17	지에스리테일(주)	400	55399	2200	3.0	3.0	3.0	3.0	3.0	1	2	유통/무역	현직원	서울	 0 	False	"인사제도가 별로임"	조직문화 자유로움	비정규직의승급제도	여직원에 대해서 인정을 해 줬으면
2014/4/17	지에스리테일(주)	400	55399	2195	3.0	1.0	1.0	4.0	2.0	0	None	유통/무역	현직원	서울	 0 	False	"겉은 대기업 실제는 중소기업"	조직문화가 타 회사보다는 좋은 편	업무 강도보다 터무니없이 낮은 보수	근무환경이 너무 열악함에도 개선되지 않고 모든것이 나빠지고 있음
2014/4/17	지에스리테일(주)	400	55399	2196	4.0	3.0	3.0	4.0	4.0	1	2	경영/기획/컨설팅	현직원	서울	 1 	False	"첫 직장은 대기업"	조직문화가 좋다	진급의 정체	복지향상에 신경 좀
2014/4/17	지에스리테일(주)	400	55399	2197	3.0	3.0	2.0	3.0	3.0	0	2	엔지니어링	현직원	경기	 0 	False	"기업 마인드를 알게 해 준 회사"	수평적 조직문화	업무 강도가 높움	근무 환경이,너무 열악하다
2014/4/17	지에스리테일(주)	400	55399	2198	4.0	3.0	2.0	3.0	4.0	1	2	영업/제휴	현직원	서울	 0 	False	"인내를 시험하는 회사"	다양한 외부활동 등등	잦은 외근과 업무 스트레스	
2014/4/17	지에스리테일(주)	400	55399	2193	3.0	3.0	2.0	3.0	2.0	0	1	서비스/고객지원	현직원	경기	 0 	False	"일할 수 있음에 감사한 회사다"	조직문화가 잘 되어 있다	힘든 일에비하여 시급제이고 저임금	비정규직을 정규직으로
2014/4/17	지에스리테일(주)	400	55399	2194	2.0	2.0	3.0	3.0	1.0	0	None	유통/무역	현직원	서울	 0 	False	"최초 직장 연봉 짜다"	인간관계	낮은 연봉	직원들을 소모품으로 보지 말자
2014/4/17	지에스리테일(주)	400	55399	2191	4.0	4.0	3.0	4.0	4.0	0	1	유통/무역	현직원	서울	 0 	False	"자신감을 키워준 회사"	사원들  서로를 존중해주는 조직문화	진급의 어려움과 높은 업무 강도	
2014/4/17	지에스리테일(주)	400	55399	2192	3.0	2.0	2.0	2.0	3.0	0	1	생산/제조	현직원	부산	 0 	False	"육체노동의 강도가 상당함."	본인 업무만 완수하면 크게 터치가 없다는게 장점이자단점 _ 워낙 바쁘고 일이 많다보니 개인주의가 심함	업무 강도에 비해 낮은 임금. 정해져있지 않은 퇴근시간 _ 잦은 연장	업무환경이 너무 열악합니다 _ 입출하 때문에 외부와 완전 개방되어 있어 동하절기 작업환경 최악 영하로 내려가는 날 핫팩 한개. 하절기 얼린생수 한개로 버팀. 생일자, 업무우수자 보상 미미_ 문화상품권 만원이 뭔가요
2014/4/29	비지에프리테일(주)	400	74403	9902	3.0	3.0	3.0	2.0	1.0	0	1	영업/제휴	현직원	경기	 0 	False	"편의점업계를 제대로 맛보고 싶으면 오시길 모기업이 제일 약한곳인데 ms1위를 유지하는 이유를 알게될것임"	비교적 야근이 없으나 케바케 업계에서는 초봉은 높음 외부인은 기업이미지가 좋은것같음 왜그런지는 모르겠으나	보고를 위한보고, 문제시 서로 책임안지려는 분위기, 절차, 기준겁나 좋아함, 보수적 군대적인 문화, 쥐꼬리같은 연봉상승율, 인사적체	투자를 하고 경쟁사처럼 자유롭고 창의적인 분위기좀 만들어봐요
2014/4/24	비지에프리테일(주)	400	74403	8443	3.0	3.0	3.0	2.0	2.0	1	2	유통/무역	현직원		 0 	False	"창의적인 사고보다 대인관계나 활동적인 업무를 하고자하는 사람에게는 적합한 회사"	업계 1위로서 자부심이 있음. 타 유통업체에 비해 업무강도 높지 않음 편임. 점차 개선되고 있는 업무환경	유통업 특유의 군대문화 남아있으나 개선되고 있음. 상명하복의 권위적인 분위기 다소 존재함. 편의점 외 성장동력 약함	창의적인 사고가 가능한 열린 마인드 필요
2014/4/17	비지에프리테일(주)	400	74403	873	3.0	4.0	2.0	2.0	2.0	0	2	유통/무역	현직원	서울	 0 	False	"영업관리업무를 알게 해준 회사"	높은 임금 , 순환근무	과한 업무량, 본사직원과 영업직원의 업무 강도	영업관리 직원에 대한 복지 증진과 칼퇴근
2014/4/17	비지에프리테일(주)	400	74403	871	1.0	1.0	1.0	1.0	1.0	0	1	서비스/고객지원	현직원	서울	 0 	False	"기대치 없었음으로 실망도 없음"	효율적인 업무 시스템 구축	낮은 보수. 최저임금 안 지킴.	점장들이 아르바이트생들의 법적최저임금을 반드시 지키도록 감시하세요
2014/4/17	비지에프리테일(주)	400	74403	872	3.0	4.0	2.0	2.0	3.0	0	2	유통/무역	현직원	서울	 0 	False	"영업에 대해 알거해준 회사 높은 연봉이 좋지많은 않다는 것을 알게 해 준 회사"	높은 연봉 순환근무	휴일이 잘 지켜지지 않음	휴일과 복지를 개선했으면
2014/4/24	한국철도공사	400	86756	8429	2.0	2.0	3.0	2.0	2.0	0	None	엔지니어링	현직원	서울	 1 	False	"확실한 직업의식을 갖고 철도에 관심이 많다면 충분히 보람된 직장"	널널한 근무강도와 많은 휴무로 여유로운 여가생활	군대를 방불케.하는 수직적 관계 낮은임금과 복지	제발 정신차리고 성과급제도 개선하고 업무효율 높이고 공기업답게 운영했으면
2014/4/17	한국철도공사	400	86756	7012	4.0	3.0	4.0	4.0	2.0	0	None	기타	현직원	부산	 0 	False	"기대치에 비해 걱정도되고 평생직장의확신에 애로사항이따르는 회사"	자율적 분위기능력을인정해주는 관계	업무스타일 낮은복지	회사의어려움의 근본적인문제를 해결할 수있는지혜가필요할듯
2014/4/17	한국철도공사	400	86756	7013	3.0	2.0	3.0	2.0	3.0	0	1	특수계층/공공	현직원	인천	 0 	False	"현실에 안주하는 회사"	고용 안정 및 규칙적인 수입 보장	상위기관의 눈치에 따른 행정과 낮은 급여	직원의 복지도 신경써주길..
2014/4/17	한국철도공사	400	86756	7006	4.0	4.0	4.0	3.0	2.0	1	1	기타	현직원	경기	 0 	False	"충분히 기대에 부응"	복지혜택이 다양함	수면 부족	공공성 보장
2014/4/17	한국철도공사	400	86756	7007	3.0	2.0	1.0	2.0	1.0	0	None	서비스/고객지원	현직원	경기	 0 	False	"기대에 비해 보수가 적어서 실망"	교번근무를 하다보니 평일도 일을 볼수있다	업무 강도에 비해 낮은 보수와 불규칙적인 생활	직원들의 복지에 신경좀 썼으면
2014/4/17	한국철도공사	400	86756	7008	1.0	2.0	2.0	3.0	1.0	1	None	영업/제휴	현직원	경기	 0 	False	"힘없는 회사"	공기업이라 사기업에 비해 안정적	낮은 연봉과 근무강도가 세다	다른 공기업에 비례한 복지및 임금  요망
2014/4/17	한국철도공사	400	86756	7009	3.0	3.0	3.0	3.0	2.0	1	1	서비스/고객지원	현직원	부산	 0 	False	"재밌는 회사"	자유로운 근무형태	낮은 연봉	직원의 복지향상
2014/4/17	한국철도공사	400	86756	7010	3.0	3.0	3.0	3.0	3.0	1	2	전문직	현직원	서울	 0 	False	"잔뜩 기대했고 기대만큼 부응해준 회사"	마음이 편함	잦은업무	보너스 올려주세요
2014/4/17	한국철도공사	400	86756	7011	4.0	3.0	4.0	3.0	2.0	0	1	특수계층/공공	현직원	서울	 0 	False	"첫 직장으로서 많은 경험을 하게 해준 회사"	수직, 수평관계의 조화	낮은 연봉과 본 업무 외 기타 업무가 많음	업계의 동향 파악을 정확히 했으면
2014/4/17	한국철도공사	400	86756	7000	2.0	1.0	2.0	1.0	1.0	0	1	IT/인터넷	현직원	서울	 1 	False	"인재썩히는저질문화"	비교적 안정적(정년 보장)	학연(특정 전문대)에 따른 인사고과및 승진 등의 심한 차별.	현장은 쥐뿔도 모르면서 바라는 것만 많은데 그러지 말자.. 무슨놈의 서류 작업 하느라 야근을 밥먹듯 해야하나요. 1년에 연차 딱 반개 썼음
2014/4/17	한국철도공사	400	86756	7001	4.0	3.0	4.0	4.0	3.0	1	2	경영/기획/컨설팅	현직원	경남	 1 	False	"나의 가치관을 실현해준 회사"	스트레스가 적음	낮은 성과급	교대근무패턴을 바꿧으면
2014/4/17	한국철도공사	400	86756	7002	4.0	3.0	3.0	4.0	2.0	0	1	서비스/고객지원	현직원	인천	 0 	False	"다양한 계층의 고객들이 이용하는 만큼 감정노동이 심한 직업이라는 것을 알게해줌"	시간활용을 잘한다면 자기시간을 많이 얻을수있다	업무시간과 강도에 비해 봉급이 낮다	직원을 가족처럼이라는 말을 실천으로 행했으면
2014/4/17	한국철도공사	400	86756	7003	4.0	3.0	3.0	4.0	4.0	1	2	서비스/고객지원	현직원	인천	 0 	False	"Cs능력을키우는데 도움이 됨"	여자가일하기 좋은 직장	직원을 가족처럼이라는 말이 잘안지켜짐	근무환경 개선이 시급하다
2014/4/17	한국철도공사	400	86756	7004	3.0	3.0	3.0	3.0	2.0	0	None	전문직	현직원	광주	 0 	False	"처음 직장 들어올때 자부심이 들었는데 현재 애사심이 떨어지고 있다"	고객서비스에 대한 안전성	노사간에 신뢰성이 부족하다	직원에게 애사심을 갖게끔 힘써달라
2014/4/17	한국철도공사	400	86756	7005	4.0	4.0	4.0	3.0	3.0	1	2	기타	현직원	서울	 0 	False	"사회를 알게 해준곳"	신분의 안정과 역을 옮김으로 인한 다양한 경험	최근 일고있는 민영화 문제	모든 문제를 원만히 대화로 조속히 해결했으면...
2014/4/17	한국철도공사	400	86756	6999	5.0	4.0	4.0	5.0	3.0	1	1	전문직	현직원	서울	 0 	False	"내 삶의 가치를 높여주는 회사"	자유로운 업무형태  가치를 높일수있는 회사	진급의 정체성, 다른부서간의 이동이 어려움	직원들의 후생에 조금더 신경써주기를
2014/4/29	(주)대한항공	400	81661	9430	3.0	3.0	4.0	3.0	2.0	1	1	IT/인터넷	현직원	서울	 0 	False	"해외 근무 기회에 열려있고, Specialist 보다는 Generalist 로서의 역량과 흥미가 있으면 잘 맞으실 듯."	안정적인 근무 여건, 특히 비슷한 대기업 기준으로 여직원이 가정과 일을 병행하기 상대적으로 무리 없음. 해외 근무, 해외 경험 기회가 열려 있음.	혁신, 새로움, 도전보다는 안정, 유지, 절차 등이 우선시 되는 기업문화.	없음
2014/4/17	(주)대한항공	400	81661	437	4.0	3.0	3.0	3.0	3.0	1	2	경영/기획/컨설팅	현직원	서울	 0 	False	"일하기 좋은 항공"	다른 곳에 비해서 팀워크가 좋음	보수가 다른 회사들과 비슷함	
2014/4/17	(주)대한항공	400	81661	438	1.0	1.0	3.0	2.0	1.0	0	None	경영/기획/컨설팅	현직원	서울	 0 	False	"추천하지 않는 회사"	항공권 할인 (스탠바이지만..) 평생 할 수 있는 친구들..	보수가 낮음. 승진 가능성이 낮음	무능력한 직원들이 승진하는 경우가 많음.
2014/4/17	(주)대한항공	400	81661	439	2.0	1.0	3.0	2.0	2.0	0	None	경영/기획/컨설팅	현직원	서울	 0 	False	"커리어가 아닌 단순한 직장을 원하는 사람들을 위한 회사"	낮은 스트레스, 좋은 근무 시간	낮은 보수, 대부분은 돈은 임원들이 챙기고, 승진 가능성이 낮음	인맥에 의해서 사람들을 가리지 말고, 모든 사람들에게 귀 기울일 필요가 있음
2014/4/17	(주)대한항공	400	81661	440	3.0	4.0	3.0	3.0	3.0	1	2	경영/기획/컨설팅	현직원	서울	 0 	False	"여행하는 것을 좋아하면 최고의 회사"	다양한 곳을 여행 할 수 있다는 것이 최고의 장점	근무 스케쥴링, 시프트. 일정한 근무 시간이 없음	팀장이 누구인지에 따라 매우 다름
2014/4/17	(주)대한항공	400	81661	429	5.0	5.0	3.0	2.0	3.0	1	2	서비스/고객지원	현직원	서울	 1 	False	"많은 기회를 주고 경험을 제공하는 회사"	열려있는 채용의 문	보수적인 분위기 수직적인 관계	면세품 강매 등 상식외의 업무는 자제해 줬으면
2014/4/17	(주)대한항공	400	81661	430	2.0	3.0	5.0	3.0	1.0	1	None	경영/기획/컨설팅	현직원	서울	 0 	False	"좋은 회사"	매우 안정적인 직장. (절대로 해고당할 일이 없음) 다른 회사들 보다 스트레스가 적음. 가족을 위한 복지 혜택. (장학금, 비행기 표, 제품 할인 등등)	3세 경영에서 조직 구조가 제대로 이루어지지 않았으며 사람들이 오너 눈치를 계속 봄. 비행 산업에 경쟁이 심해지면서 힘들어 질 수 도 있음.	중간 관리자들에게 더 많은 기회를 주었으면 좋겠습니다.
2014/4/17	(주)대한항공	400	81661	431	4.0	4.0	5.0	4.0	4.0	1	2	IT/인터넷	현직원	서울	 0 	False	"하루하루가 즐거운 회사!"	자율성,여행,회사 분위기	낮은 연봉, 물가인상률이 적용안 됨	조종사분들만 신경말고, 일반사원에게도 신경을
2014/4/17	(주)대한항공	400	81661	432	4.0	3.0	4.0	2.0	1.0	1	1	전문직	현직원	서울	 0 	False	"직장 생활의 판타지와 실제를 구분시켜준 회사"	저렴한 항공권을 이용한 해외여행	기대완 달리 너무 보수적인 사내분위기와 조직문화	직원들의 사기를 올려서 실제로 생산성을 향상시킬수있는게 무었인지 정확히 파악했으면..
2014/4/17	(주)대한항공	400	81661	433	3.0	2.0	4.0	2.0	3.0	0	1	서비스/고객지원	현직원	서울	 0 	False	"기대치를 점점 낮춰주는 회사"	임직원 항공권 사용으로  비교적 저렴한 비용으로 여행 가능	보수적인 조직문화 및 낮은 연봉	좀 개방적인 조직문화로 바뀌면 좋겠다
2014/4/17	(주)대한항공	400	81661	435	4.0	2.0	4.0	5.0	3.0	1	2	생산/제조	현직원	경남	 8 	False	"한국 항공산업 기술력의 현주소"	유럽 혹은 미국의 선진 항공기 개발 업체의 기술자료를 접할 수 있고 그들의 사고 방식을 배울 수 있음	기본적으로 낮은 연봉 및 성과급 부재의 돈 문제더불어 개인의 성과를 객관적으로 평가할 만한 평가도구의 부재, 이로 인한 전체적인 성과의 평등화 및 일부 진급자 위주의 인사고과 평가	서비스업과 연구개발업의 근본적인 차이에 대해 인식하고 다른 방향으로 접근하길
2014/4/17	(주)대한항공	400	81661	436	3.0	2.0	3.0	3.0	3.0	0	2	서비스/고객지원	현직원	경남	 0 	False	"그럭저럭 다닐만하다."	복지혜택이 잘 되어 있다	낮은 연봉과 업무 강도에 비해 낮은 보수	매출도 좋지만 직원들의 근무환경에 신경썼으면
2014/4/17	(주)대한항공	400	81661	422	3.0	3.0	3.0	3.0	3.0	0	2	서비스/고객지원	현직원	서울	 0 	False	"기대치가 높았지만 힘든직업과 회사"	복지혜택	많은교육	직원배려..
2014/4/17	(주)대한항공	400	81661	423	4.0	4.0	4.0	4.0	3.0	1	2	서비스/고객지원	현직원	경기	 0 	False	"서비스 인생을 열어준 회사"	업무상 자유로운 여행	시니어리티 고객중심	승무원의 입장도 생각해당라
2014/4/17	(주)대한항공	400	81661	424	5.0	4.0	2.0	3.0	4.0	1	2	서비스/고객지원	현직원	서울	 0 	False	"아직 꿈 을꾸는  것 같다"	복지	경직된분위기	
2014/4/17	(주)대한항공	400	81661	425	3.0	3.0	3.0	3.0	3.0	0	1	전문직	현직원	경기	 0 	False	"첫 직장으로 사회 생활을보여준 회사"	항공권복지혜택으로 여행가능	3교대근무로인한 건강우려	수익과직원의복지를함께향상시켯으면
2014/4/17	(주)대한항공	400	81661	426	4.0	4.0	4.0	4.0	4.0	1	2	경영/기획/컨설팅	현직원	서울	 0 	False	"하늘 길을 열어준 회사"	직원항공권 사용	진급이 느림	진급시켜주세요
2014/4/17	(주)대한항공	400	81661	427	1.0	2.0	3.0	3.0	2.0	0	1	서비스/고객지원	현직원	서울	 0 	False	"나가고 싶은 회사, 직원을 소중히 하지 않는 회사"	여성친화적 분위기	낮은 연봉과 현장근무	신입직원때 현장근무 시간을 줄여줬으면
2014/4/17	(주)대한항공	400	81661	428	3.0	3.0	4.0	3.0	3.0	0	1	서비스/고객지원	현직원	서울	 0 	False	"내 생활의 안정과 목표를 주는 회사"	안정적인 환경 / 여유있는 근무환경	낮은 연봉과 낮은 임금 상승률	직원 복지를 조금만 더 늘려줬으면
2014/4/17	(주)대한항공	400	81661	419	4.0	4.0	4.0	4.0	2.0	1	2	서비스/고객지원	현직원	경기	 0 	False	"그럭저럭 다닐만한 회사"	일과 싦의 균형	보수적인 조직 문화	직원들을 소중히 여겨 줬으면
2014/4/17	(주)대한항공	400	81661	420	3.0	4.0	1.0	2.0	1.0	0	2	서비스/고객지원	현직원	서울	 0 	False	"이기적인 회사"	복지혜택이 좋다	보수적이고 상하규율이 너무 심함	겉으로 보이는 곳만 신경쓰지 마시고 내부도 살펴주세요
2014/4/17	(주)대한항공	400	81661	421	4.0	4.0	3.0	3.0	2.0	0	1	서비스/고객지원	현직원	서울	 0 	False	"꿈을 이루게 해주고 경험하게 해준 회사"	다양한 복지와 항공권할인	많은교육과 업무 강도의세기..	교육의감소와 개인 시간 증대..
2014/4/27	롯데쇼핑(주) 롯데마트사업본부	400	89252	9003	2.0	2.0	1.0	1.0	2.0	0	None	유통/무역	현직원	서울	 0 	False	"수직적이고 군대식의 문화가 많이 남아 있는 기업자유롭고 창의적인 업무 활동을 기대한다면 비추천 합니다."	어느 정도 정년에 대한 고용 보장이 이루어짐.	전략이 없고 일시적이고 즉흥적인 영업 방향에 자주 혼란스럽고 당혹함을 느낌수직적인고 전형적인 군대식의 문화(Top-down 업무 방식의 표본)	인재를 소중히 다루는 경영진이 되었으면 합니다.
2014/4/26	현대백화점(주)	400	47637	8770	3.0	4.0	3.0	4.0	3.0	1	1	유통/무역	현직원	서울	 0 	False	"사람 만나는것에 적극적인 스타일이면 추천.학구파라면 비추천."	높은 연봉.많은 권한.안정적인 재무구조.	지방근무 가능성.쉬는날에도 회사는 돌아감.	투자에 조금 더 과감했으면 좋겠음.
2014/4/24	현대백화점(주)	400	47637	8269	2.0	4.0	3.0	4.0	4.0	1	1	교육	현직원		 0 	False	"주말근무에 대해 잘 생각해보시기 바랍니다."	급여가 높은 편이며, 휴무를 변경할 수 있다는게 장점일 수 있습니다.사내 분위기는 좋은 편입니다.	백화점업의 성장세가 높지 않고, 정체중입니다.	신규투자를 활발히 할 필요가 있습니다.
2014/4/24	현대백화점(주)	400	47637	8188	3.0	4.0	5.0	5.0	4.0	1	1	유통/무역	현직원		 0 	False	"조직문화에 대한 회사의 노력"	빠른 실행력. 가족같은 정안정적인 재무구조	현대 고유의 투박함이 남아있다 어정쩡한 포지션	새로운 도전 앞서나가려는 시도!
2014/4/23	현대백화점(주)	400	47637	8062	4.0	4.0	2.0	2.0	4.0	1	1	경영/기획/컨설팅	전직원	서울	 0 	False	"연봉, 급여 부문에서는 국내에서 인정할 수준임다만 경쟁에 수반되는 스트레스가 많음"	현대라는 네임밸류백화점 3사중 최고연봉	하라면 하는 군대문화(사무직군들에게 까지 현대백화점 카드 모집할당, 상품권 판매 할당 등)워크 앤 라이프의 불균형	업무혁신에 대한 좀더 강한 Drive를!
2014/4/23	현대백화점(주)	400	47637	7877	3.0	4.0	2.0	3.0	2.0	0	2	경영/기획/컨설팅	전직원	서울	 0 	False	"제한된 직무 내에서 다양한 업무를 습득하여 업무 능력 향상은 빠름"	타 직종에 비해 높은 연봉과 양질의 문화를 습득할 기회가 많음	정제된 조직문화와 지나치게 많은 업무량	경영진 끼리의 소통 부족으로 내려오는 지침이 다름
2014/4/17	현대백화점(주)	400	47637	7262	4.0	1.0	2.0	2.0	1.0	0	1	서비스/고객지원	현직원	서울	 0 	False	"눈가리고아웅결과물은니탓내덕"	윗선에선 자율창조혁신 을 강조	낮은 보수와 윗선에서의 방침과는다른 눈가리고아웅식의 일처리	직원들의 복지나 근무환경 개선에 힘쓰고 직원들의 이야기를 경청했으면 좋겠다
2014/4/17	현대백화점(주)	400	47637	3066	4.0	3.0	3.0	4.0	4.0	1	2	영업/제휴	현직원	경기	 0 	False	"많은 사람을 만나게 해준곳"	다양한 사람과의 교류	긴 업무시간	가족같이 생각하는 마음이 변치않기를
2014/4/17	현대백화점(주)	400	47637	3061	4.0	5.0	3.0	4.0	4.0	1	2	영업/제휴	현직원	서울	 0 	False	"많은 기회와 권한을 주는 회사"	업무의 자율성. 많은 권한	업무 시간	식사시간의 보장
2014/4/17	현대백화점(주)	400	47637	3064	3.0	3.0	3.0	3.0	3.0	0	1	서비스/고객지원	현직원	경기	 0 	False	"기대보다 그냥그저그런회사"	업무의 자율성	사람들의 텃세	동료들간의 친목이 쌓이게 자주 그런모임을 마련해줬느면 좋겠습니다
2014/4/17	현대백화점(주)	400	47637	3063	4.0	4.0	4.0	4.0	4.0	1	2	경영/기획/컨설팅	현직원	서울	 0 	False	"많은 것을 가르치는 회사"	점심외에 쉬는시간을 자유롭게 활용할 수 있다	다른곳보다 인수부족으로 해야할일이 조금많을때가 있다.	휴게공간및 직원들 에게 좋은 근무환경을 제공해주셔서 좋았던것 같습니다
2014/4/17	현대백화점(주)	400	47637	3062	4.0	3.0	2.0	3.0	3.0	0	1	유통/무역	현직원	서울	 0 	False	"고객들만 중요한 회사...내부고객에게도 충분하게 복지를 제공해주길.."	차별화된 고객서비스	수평적인관계가되려하지만 아직까지는 수직적인 관계	직원들의 근무환경좀 제발 신경써주세요
2014/4/17	현대백화점(주)	400	47637	3065	3.0	4.0	1.0	3.0	4.0	0	2	서비스/고객지원	현직원	경기	 0 	False	"기대했던것 만큼 기대치가 부응해 주지 못한 회사"	다른매장보다는 편한 업무	직장상사의 잔소리	직원들이 편안하게 일을 할 수 있는 환경을 만들어줬으면
2014/4/17	현대백화점(주)	400	47637	3059	4.0	4.0	3.0	3.0	3.0	0	2	경영/기획/컨설팅	현직원	서울	 0 	False	"도전할 만한 목표와 가치가 있는 회사"	조직문화 개선을 위한 공감대	단기적 성과주의	근무환경(하드웨어)에 자부심을 느낄수 있었으면 좋겠다
2014/4/17	현대백화점(주)	400	47637	3060	2.0	4.0	3.0	3.0	4.0	0	1	유통/무역	현직원	서울	 0 	False	"내청춘을 보내버린 회사"	급여수준이 비교적 높음	남성위주 문화와 촌스러움	업종에 맞는역량있는직원채용
2014/4/27	코리아세븐(주)	400	52956	8861	3.0	2.0	1.0	2.0	2.0	0	2	영업/제휴	현직원		 2 	False	"힘들지만 보람도 있어요"	지속적으로 성장중이에요 시스템도 좋아지고 있어요	신입사원을 키우는 프로세스는 미흡합니다 신입들의 퇴사가 너무 안타까워요	현장과 주변이야기를 잘들어주세요
2014/4/24	이랜드리테일(주)	400	59124	8199	5.0	3.0	1.0	4.0	2.0	0	2	유통/무역	전직원	서울	 2 	False	"삶의 균형이 완전히 깨짐. 개인 사업을 하려는 사람에게는 강력 추천. 직장생활 안정적으로 하고 싶은 사람에게는 최악의 기업"	상하 평등,  열심히 하면 승진의 기회가 많이 열려 있는 편, 윗사람에게 싸바싸바 안해도 된다.	노동법을 완벽히 무시하는 근무여건, 특히 주 5일제나 공휴일 휴무는 개나 줘버림 심지어 연차도 그냥 까 버림. 근무여건은 중소기업보다 못함	일보다 사람이라는  이랜드 스피릿을 좀 지켜 주세요.
2014/4/18	이랜드리테일(주)	400	59124	7641	3.0	1.0	1.0	3.0	1.0	0	1	영업/제휴	현직원	서울	 18 	True	"최고근무시간-평균 10시간(야근아님)에 대한 근력을 얻을수 있으며 비용대비 최대효과를 만들어내는 프로세스 습득 중간수준의 연봉을 받고 다양한 문화활동을 경험"	비리가 적다  여자에게 유리천장이 잘 안보임(실제 여성임원 많음)술 문화가 없어 편함빠른승진 가능(정책에 의해서)따뜻한  사내 문화	일과 삶의 균형이 없음(본사-정규근무시간 10시간 7시~6시/지점 9시~10시/주 5일 근무 불가 주 1.2일 근무/추가수당 없음)	직원에게 헌신(시간외 근무/휴무,연차일 근무/밤샘 or 새벽 패널티 미팅)을 요구하려면 그만큼의 가치를 제시하던지 보상을해주던지 해야함.이곳은 수익을 내야하는 회사라고 하면서 교회에서의 헌신을 요구하면 안됨 그리고 헌신하지 않는 직원에게 몰입되지않았다는 건 어불성설입니다.
2014/4/17	이랜드리테일(주)	400	59124	1891	3.0	4.0	2.0	2.0	4.0	0	2	서비스/고객지원	현직원	전남	 0 	False	"많은 경험을 하게 해 준 회사"	자신의 능력을 발휘할 수있게 해줌	가족간의 시간을 가지기 어려우마	회사일도 중요하지만가족의 화합 할 수 있는 시간을 만들어주셨으면 좋겠어요
2014/4/17	이랜드리테일(주)	400	59124	1890	3.0	4.0	2.0	2.0	4.0	0	2	서비스/고객지원	현직원	전남	 0 	False	"많은 경험을 하게 해 준 회사"	자신의 능력을 발휘할 수 있게 해줌	가족간의 시간을 가지기 어려움	회사 일도 중요하지만 가족의 화합할 수 있는 시간을 만들어 주셨으면 좋겠어요
2014/4/17	이랜드리테일(주)	400	59124	1893	3.0	3.0	3.0	3.0	3.0	1	2	영업/제휴	현직원	인천	 0 	False	"나의 새로운 재능을 발견해준 곳"	여러가지 경험을 할 수 있다	내시간이 없다	복지 신경좀 써주세요
2014/4/17	이랜드리테일(주)	400	59124	1892	3.0	3.0	3.0	3.0	3.0	0	1	서비스/고객지원	현직원	서울	 0 	False	"여성복지가 잘되는 회사"	분기별 문화활동	승진제도	상여금 좀주세요
2014/4/17	이랜드리테일(주)	400	59124	1889	3.0	4.0	2.0	3.0	3.0	0	2	서비스/고객지원	현직원	전남	 0 	False	"많은 경험을 할 수있게 해주는 회사"	자신의 능력을 발휘할 수 있게 해주는 회사	많은행사로 가족에게 쓸 시간이 부족함	종교의 자유가 있다고 하지만 은근 기독교 관련 행사진행 좀 하지 않았으면 그리고 가족간의 시간을 가지도록 배려해 주었으면 합니다
2014/4/27	씨제이대한통운(주)	400	23203	8949	3.0	2.0	2.0	3.0	2.0	1	None	영업/제휴	현직원	서울	 1 	False	"업무가 많으며 보수적임"	계열사 복지가 좋습니다 특히 올리브영 빕스 투섬 등	업부량, 야근, 낮은 급여로 인하여 만족감이 결여	글로벌의 기회 확대
2014/4/17	씨제이대한통운(주)	400	23203	5299	4.0	3.0	3.0	3.0	3.0	0	2	경영/기획/컨설팅	현직원	서울	 0 	False	"영업의 인생을 열어준 회사"	내부 복지혜택	실적 압박	실적 압박이 큽니다
2014/4/17	씨제이대한통운(주)	400	23203	5297	5.0	3.0	2.0	2.0	2.0	0	1	경영/기획/컨설팅	현직원	서울	 0 	False	"물류의 중요성을 인식시켜준 회사"	인프라를 바탕으로한 물류서비스	경쟁업체 포화와 낮은 수익률	너무 많은 회의로 실업무 시간의 부족
2014/4/17	씨제이대한통운(주)	400	23203	5298	4.0	1.0	2.0	1.0	1.0	1	1	영업/제휴	현직원	서울	 0 	False	"물류에 대해 배움의 기회이긴 하나, 조직문화가 그릇된 회사"	업계에서의 네임밸류	지나치게 과다한 실적요구	실적도 좋지만 처우개선에 힘써달라
2014/4/27	(주)서브원	400	73058	8902	3.0	3.0	4.0	4.0	3.0	1	1	영업/제휴	현직원	서울	 0 	False	"평범하고 안정적인 기업임"	삶과 업무의 균형을 이룰수있음기업문화가 좋음	낮은 연봉대부분이 LG그룹사 사업으로 LG계열사의 사업 영향을 많이 받음	업무배분이 체계적으로이루어졌으면
2014/4/30	(주)이디야	400	87294	10355	3.0	5.0	3.0	3.0	3.0	1	2	경영/기획/컨설팅	현직원	서울	 0 	False	"한번 쯤 경험해 보면 좋을 회사인 듯"	복지 업계 최고 수준, 급여와 보너스 잘 나옴.	부서에 따라 미래가 안보일 수 있음.	굿
2014/4/30	(주)이디야	400	87294	10350	1.0	3.0	1.0	2.0	1.0	0	1	마케팅/시장조사	전직원	서울	 0 	False	"첫 회사로서 나쁘지 않지만, 업무에 대해 배우기 보다는 회사문화에 대해 전반적으로 배울 수 있음"	신입에게 업무부담이 적고 복지가 나쁘지 않음. 눈치 안보고 칼퇴 가능.	불필요한 회의나 소모적인 업무가 많음. 이해하려고 하면 안되고 그냥 시키는 일을 하면 됨.	신규사업에 대해 좀 더 긍정적으로 검토했으면 좋겠음.
2014/4/17	(주)이디야	400	87294	1887	4.0	3.0	3.0	3.0	2.0	0	2	서비스/고객지원	현직원	서울	 0 	False	"마음의 혼란을 준 회사"	다양한 직원들의 복리후생	체계적이지 않은 조직화	매출도 좋지만 회사 규정 규율 관리에 신경 좀 썼으면
2014/4/17	삼성에버랜드(주)	400	30164	4537	4.0	4.0	4.0	4.0	3.0	1	2	엔지니어링	현직원	경기	 0 	False	"극과극인 회사"	변화의 중심	야근과 고인물	
2014/4/17	삼성에버랜드(주)	400	30164	4534	4.0	4.0	4.0	4.0	4.0	1	2	영업/제휴	현직원	경기	 0 	False	"대기업이 뭔지를알려준"	복지가좋다 대기업의	야근이잦다	야근 신경
2014/4/17	삼성에버랜드(주)	400	30164	4536	3.0	3.0	3.0	3.0	3.0	0	2	엔지니어링	현직원	서울	 0 	False	"기대 높았지만 실망스런회사"	자율성	체계가 없다	체계있는 회사로 만들어달라
2014/4/17	삼성에버랜드(주)	400	30164	4535	4.0	4.0	4.0	4.0	3.0	1	1	경영/기획/컨설팅	현직원	경기	 0 	False	"다양한 경험의 기회를 준 회사"	다양한 업무직군과 많 은사람과의 인적네트워크	업무 강도	성장가능한 목표설정 및 실행
2014/4/17	삼성에버랜드(주)	400	30164	4530	4.0	3.0	4.0	4.0	3.0	1	2	서비스/고객지원	현직원	경기	 0 	False	"4계절이 늘 아름다운 눈이 호강하는 곳"	체계적이며 든든함	자유롭지 못한 부분	
2014/4/17	삼성에버랜드(주)	400	30164	4529	4.0	4.0	4.0	4.0	4.0	1	2	영업/제휴	현직원	경기	 0 	False	"좋다"	복지	야근	복지
2014/4/17	삼성에버랜드(주)	400	30164	4533	4.0	4.0	1.0	4.0	2.0	0	2	서비스/고객지원	현직원	경기	 0 	False	"일이 많은 회사"	외부에서보는 브랜드가치성	업무 강도	아래사람들 마음을 조금이라도아는지,
2014/4/17	삼성에버랜드(주)	400	30164	4532	4.0	3.0	3.0	3.0	4.0	1	2	경영/기획/컨설팅	현직원	서울	 0 	False	"패션회사인 만큼 기대치가 높음"	의류 패밀리행사	많은 업무량	
2014/4/17	삼성에버랜드(주)	400	30164	4531	5.0	3.0	3.0	3.0	3.0	0	2	서비스/고객지원	현직원	서울	 0 	False	"다이나믹한 회사 나에 대한 기대치가 높은 회사"	수평적 조직문화	낮은 보수와 대대적 사업개편	직원들에게 많은 격려와 보너스 좀
2014/4/17	삼성에버랜드(주)	400	30164	4528	2.0	2.0	2.0	2.0	3.0	0	1	유통/무역	현직원	서울	 0 	False	"기대이하"	복지및적당한급여	업무 강도에 비해 낮은 보수남녀차별및평가차별	직원의사기 향상 및 근무환경 신경요
2014/4/17	자라리테일코리아(주)	400	12620	6173	5.0	4.0	3.0	4.0	4.0	1	2	서비스/고객지원	현직원	울산	 0 	False	"패션업에종사하게된계기"	업무퀄리티와연봉수준	복리후생부재	직원들 복리후생 보너스나 명절선물
2014/4/17	자라리테일코리아(주)	400	12620	6174	3.0	2.0	1.0	1.0	3.0	0	None	서비스/고객지원	현직원	서울	 1 	False	"직원에 대한 기대치가 높은 회사 기회가 보장되는 회사"	내부 승진 기회 외국계열 회사	과도한 업무 높은기대	직원간 커뮤니케이션 문제 해결
2014/4/17	하이프라자(주)	400	48960	2857	3.0	3.0	2.0	2.0	3.0	0	2	영업/제휴	현직원	인천	 0 	False	"영업을 시작하게 만든 회사"	지식이 쌓이며 노력한 만큼 번다	성과급 문제와 사생활이 적음	열심히 하는 만큼 다같이 노력하여 발전
2014/4/17	하이프라자(주)	400	48960	2858	2.0	2.0	1.0	3.0	2.0	0	1	영업/제휴	현직원	광주	 0 	False	"보상제도는 만족하는 편이나 업무환경이 열악함"	영업에 대한 지식경험은 좋은듯  함	업무에 비해보상이적음. 성과급등.	매장환경이나 성과급 등에 신경
2014/4/30	아시아나항공(주)	400	22637	10393	2.0	3.0	4.0	1.0	1.0	1	1	생산관리/품질관리	현직원	인천	 0 	False	"외부에서 보는 이미지와 실제 기업 내부의 이미지가 진짜 너무 너무 너무 다름"	여행가기 편함.다른 대기업에 비해 상대적으로 업무강도가 낮은 편.주말 출근 시  대체휴무 제도가 잘되어 있음.연차 사용이 대기업에 비해 자유로움	정비부문의 군대식 문화장기적인 고려가 하나도 없는 장기 계획무대뽀식의 노조탄압 및 임금동결보수적인 사내 문화낮은 임금커리어를 고려하지 않은 인사관리불필요한 회의가 많음그나마 있는 항공권 복지혜택도 갈수록 사용하기 어려워짐매출만 대기업이고 사내 조직도나 업무 처리 방식은 중소기업.	기업 조직 구조, 기업 문화, 직군간의 갈등 등에 대하여 심층적으로 고민 하여야할 시기라고 생각함.더 이상 고생하는 직원들을 당연히 여기지말고경영방식이나 똑바로 잘했으면 좋겠음.
2014/4/20	아시아나항공(주)	400	22637	7689	5.0	5.0	5.0	4.0	4.0	1	2	기타	현직원		 0 	False	"하늘을 누비며 일할 수 있다는 것은 항공사만의 장점이 아닐까요?"	업무와 일상생활의 균형을 이룰 수 있어서 좋습니다.	아직은 언급할 만한 단점을 찾지못했습니다.	열심히 회사을 이끌어주세요. 저희도 각 위치에서 최선을 다하겠습니다.
2014/4/17	아시아나항공(주)	400	22637	5369	4.0	4.0	3.0	3.0	4.0	1	1	전문직	현직원	서울	 0 	False	"많이 배운다"	항공권	일이 어렵다	
2014/4/17	아시아나항공(주)	400	22637	5368	3.0	3.0	3.0	3.0	3.0	1	2	기타	현직원	서울	 0 	False	"복리후생 좋음"	복리후생	진급속도	진급속도
2014/4/17	아시아나항공(주)	400	22637	5367	5.0	2.0	4.0	4.0	3.0	0	1	IT/인터넷	현직원	서울	 0 	False	"그럭저럭 다닐만한"	좋은 동료	낮은 연봉	직원 사기도 고려
2014/4/17	아시아나항공(주)	400	22637	5365	3.0	1.0	3.0	3.0	2.0	1	1	경영/기획/컨설팅	현직원	인천	 0 	False	"외부의인식과 내부적 인식의 갭이 큰 회사"	신속한 의사결정과 인간미	직원들의 모럴해저 심각. 일안하고 뺀질거리는 직원 다수	임금인상 중요
2014/4/17	아시아나항공(주)	400	22637	5366	1.0	1.0	2.0	1.0	1.0	0	None	경영/기획/컨설팅	현직원	인천	 0 	False	"중소기업임"	사람들 성품이 착함	주먹구구식 정책. 무사안일	회사부터 살려야 자리보전이 문제가 아님
2014/4/17	아시아나항공(주)	400	22637	5364	3.0	1.0	2.0	2.0	2.0	1	1	경영/기획/컨설팅	현직원	경기	 0 	False	"다양한 인간 관계"	수평적 조직문화	연봉에 비해 높은 업무 강도	직원들이야기를 귀담아 들어주세요
2014/4/17	아시아나항공(주)	400	22637	5363	4.0	3.0	3.0	2.0	2.0	0	1	기타	현직원	서울	 1 	False	"우리나라 일반적인 재벌기업의 전형적인 경영수준을 느끼게 해 준 회사."	나름 대외적인 서비스 이미지는 괜찮은 것 같음.	숫자경영 수준에 머물러 있는 것 같음.	최고경영자/대외경영철학이 회사운영전반에 실제로 적용될 수있도록 해야한다 생각 됨.
2014/4/17	아시아나항공(주)	400	22637	5362	5.0	4.0	4.0	5.0	5.0	1	2	서비스/고객지원	현직원	서울	 0 	False	"꿈을 이뤄준 회사"	다양항 경험의 기회	높은.업무 강도와 불규칙 스케쥴	
2014/4/17	아시아나항공(주)	400	22637	5361	5.0	4.0	2.0	2.0	4.0	1	2	서비스/고객지원	현직원	서울	 0 	False	"기대치를 만족시켜주는회서"	높은 급여와 여성복지	높은업무 강도와 스캐쥴	근무환경이 부드러워졌으면
2014/4/29	롯데하이마트(주)	400	35647	9621	4.0	4.0	3.0	3.0	4.0	1	2	서비스/고객지원	현직원	경남	 0 	False	"사람과의 소통을 좋아하고 처음 보는 사람과도 서스럼 없이 대화가 가능한 사람이라면 좋음"	자신의 역량이 동시에 들어나기에 노력한 만큼 매출이 올라가는 재미가 있으며 비교적 자유로움	과도한 근무시간과 잡무처리가 굉장히 많음	롯데로 넘어가면서 구조개편과 일전의 시스템이 일괄 변경되었는데 아직 체계가 안잡힌듯한 느낌이 강함
2014/4/17	롯데하이마트(주)	400	35647	4135	3.0	4.0	1.0	2.0	3.0	1	2	영업/제휴	현직원	서울	 0 	False	"많은 일을 겪을수 잇는 회사"	많은 기회와 경험과 서비스 품질	긴 근무 시간 과중한 업무비중	실적 뿐만 아니라 직원 복지 및 본사와지사.지점.사이의 보이지 않는 벽을 허물엇으면
2014/4/17	롯데하이마트(주)	400	35647	4132	4.0	4.0	4.0	3.0	3.0	1	2	서비스/고객지원	현직원	광주	 0 	False	"내 적성에 맞는곳을찾아준 회사"	가족애보다 끈끈한 동료애	장시간 서있는게 아쉽지만 괜찮다	직원들복지에 좀 더 신경써주세요
2014/4/17	롯데하이마트(주)	400	35647	4134	3.0	3.0	1.0	3.0	3.0	1	2	유통/무역	현직원	서울	 0 	False	"전체적으로 만족"	편하다	업무시간이 길다	너무 실적으로만 평과하는 것보단 전체적인 실무위주의 평가
2014/4/17	롯데하이마트(주)	400	35647	4133	3.0	3.0	1.0	1.0	3.0	0	1	서비스/고객지원	현직원	경기	 0 	False	"직장상사가 너무 싫다"	유아휴직	업무 강도에 비해 급여가 너무 적다 말뿐인 연차	근무개선좀 제발 시켜주면 좋겠습니다
2014/4/23	(주)아성다이소	400	82693	7941	2.0	1.0	1.0	2.0	1.0	0	1	유통/무역	전직원	경기	 6 	False	"인간적이지 못한 회사.인간대우 못받는 회사."	월급은 끊기지 않는다? 월급인상은 계속된다? 회사가 작아서 의사결정이 빠르고 시설이나, 매장, 상품 사입에 대한 투자는 꾸준히 한다.	열약한 복지. 작은회사 마인드, 어설픈 대기업 마인드. 회사의 모기업과 그 경영진이 돈을 버는 구조. 내부거래의 최고봉. 인센티브에 인색하고 직원들 자기계발에 투자는 해주지 않는다. 하물며 직원 할인도 없음.	복지에 신경좀 쓰세요. 싼거 판다고 직원들 마인드도 싼게 아니잖아요.
2014/4/17	(주)아성다이소	400	82693	325	3.0	3.0	3.0	2.0	2.0	1	2	유통/무역	현직원	대전	 0 	False	"많은 것을 알게된 회사임"	자율성이 보장되어있는 회사	낮은 연봉 및 성과급	복지에 신경좀 써주기를
2014/4/17	(주)아성다이소	400	82693	324	3.0	4.0	2.0	2.0	1.0	0	1	유통/무역	현직원	경기	 2 	False	"다양한 직업을 보여준 회사"	칼퇴근할 수 있는 자유로움	낮은 연봉과 상사들의 무조건적인 명령	직원들의 고생을 알아줬으면
2014/4/17	한국미니스톱(주)	400	3585	6816	3.0	2.0	3.0	2.0	4.0	1	2	유통/무역	현직원	부산	 2 	False	"사회 생활 기초에 발판이 되엇음"	담당자들의 의견 존중	낮은 급여 복지	복지 급여인상
2014/4/30	신세계(주)	400	70075	10130	4.0	4.0	3.0	4.0	3.0	1	1	경영/기획/컨설팅	현직원	서울	 0 	False	"동종 업계 상위 연봉다양한 직무를 경험해 볼 수 있다"	점포 세일즈부터 헤드쿼터까지.지역부터 직무까지 다양한 경험이 가능하다	기업 문화가 보수적이다대체로 경직되고 틀에 박힌 사고방식에 의해 의사가 결정된다	업무간 업무량의 불균형이 너무 심하다
2014/4/17	신세계(주)	400	70075	1122	4.0	4.0	3.0	3.0	2.0	1	1	경영/기획/컨설팅	현직원	경기	 0 	False	"다양한 경험을 하게 해 준 회사"	규모가 커서 다양한 방법의 업무가 가능하다.	보수적인 문화	쌍방향 피드백이 실현되는 유연한 업무 환경
2014/4/17	신세계(주)	400	70075	1123	4.0	4.0	3.0	3.0	3.0	1	2	경영/기획/컨설팅	현직원	경기	 0 	False	"다양한 경험을 하게 해 준 회사"	데이터의 방대함, 다양한 사업분야	강한 업무 강도, 인사발령	직원의 니즈를 반영한 인사발령
2014/4/17	신세계(주)	400	70075	1124	4.0	4.0	4.0	4.0	3.0	1	1	경영/기획/컨설팅	현직원	서울	 0 	False	"기회를 주고 잘 살려주는 회사"	사원에 대한 배려를 하려고 노력하는 회사	표준화 되어있지 않은 업무 프로세스	일방적이지 않은 의사결정을 했으면 좋겠다
2014/4/17	신세계(주)	400	70075	1125	4.0	3.0	3.0	2.0	2.0	0	1	전문직	현직원	서울	 0 	False	"인생의 변화시킨 회사의 도움"	업무 스킬을 많이 얻을수 있었음	업무적인 스트레스 인간관계	너무 사람을 지치게 한다
2014/4/17	신세계(주)	400	70075	1126	1.0	1.0	1.0	1.0	1.0	0	None	전문직	현직원	경기	 0 	False	"재미없고  활력없는  그저그런"	시간 때우며  놀기에편함	희망이없고 경력도 비리비리 함	자신감을 가지고  즐겁게 하자고
2014/4/17	신세계(주)	400	70075	1116	4.0	5.0	4.0	4.0	3.0	0	2	서비스/고객지원	현직원	경기	 0 	False	"익숙해지면 괜찮을 줄 알았는데 더 많은걸 요구하는 회사"	시간의 자율성 원하는 날에 쉴수있음	일주일전 프로모션 공고후 암기, 서비스 응대	현장에서 일하는 사람들 배려좀 해 주세요 욕먹는 것은 현장직원들임
2014/4/17	신세계(주)	400	70075	1117	3.0	3.0	4.0	4.0	3.0	1	1	영업/제휴	현직원	경기	 0 	False	"사회 생활이 무엇인지 알게 해준 회사"	수평적 조직문화, 직원간의 친밀한 관계	낮은 연봉	직원들의 근무환경에 신경써주세요.
2014/4/17	신세계(주)	400	70075	1118	4.0	3.0	4.0	3.0	3.0	1	2	서비스/고객지원	현직원	부산	 0 	False	"외국인 기피증 극복"	자기의 능력을 발휘할 수 있다	줄어드는 고객 수	직원 복지에 신경 써달라
2014/4/17	신세계(주)	400	70075	1119	3.0	3.0	3.0	4.0	3.0	1	2	서비스/고객지원	현직원	서울	 0 	False	"기대치 그정도"	데이터의 방대함	성과의 비효율적 분배	성과를 직원들에게 그대로 돌려주세요
2014/4/17	신세계(주)	400	70075	1120	5.0	5.0	5.0	5.0	5.0	1	1	경영/기획/컨설팅	현직원	인천	 0 	False	"조직원의 가치를 존중해주는 회사"	훌륭한 복리후생과 사원존중경영	시장의 한계 및 전통시장과의 관계	현재처럼 사원 중심의 회사로 지속되길
2014/4/17	신세계(주)	400	70075	1121	4.0	4.0	4.0	4.0	4.0	1	2	유통/무역	현직원	서울	 0 	False	"다양한 기회"	트랜디함	비효율화	다양한 기회
2014/4/17	신세계(주)	400	70075	1110	3.0	3.0	3.0	2.0	3.0	1	1	경영/기획/컨설팅	현직원	서울	 0 	False	"인생의 첫 직장이자 마지막이 될 직장"	여러가지 다양한 업무를 배울 수 있음	기본급이 낮음	아끼는 것에두 한계가 있음
2014/4/17	신세계(주)	400	70075	1111	2.0	2.0	1.0	2.0	2.0	0	1	유통/무역	현직원	서울	 0 	False	"외부에서 보는 것과 차이가 많고 보수적이며 폐쇄적인 회사, 직원들보다는 고객이 우선시되는 분위기라 일하기힘든 회사임"	직원 할인제도	다양한 직군에 따른 상대적으로 차등적용되는 연봉과 그에 비해 구체화 되어 있지 않은 직급체계, 업무 강도와 근무 시간에 비해 낮은 보수, 서비스업종이라 생기는 과한 스트레스	고객들도 중요하지만 좋은 서비스와 성과는 직원들로부터 나온다는 점, 사람이 중요하다는 점
2014/4/17	신세계(주)	400	70075	1112	4.0	3.0	4.0	4.0	4.0	1	2	경영/기획/컨설팅	현직원	경기	 0 	False	"회사 = 나"	창의적업무,  다양한 복지와 혜택, 프라이빗	승진 체계. 성장에 대한 보장이낮음	직원들의 복지만큼 미래에 대한 성장도 신경써주시길
2014/4/17	신세계(주)	400	70075	1113	3.0	4.0	3.0	4.0	3.0	0	2	경영/기획/컨설팅	현직원	서울	 0 	False	"업무에 비해 낮은 연봉 그리고 후한 복지"	복지는 잘 되어 있다	업무에 비해 낮은 연봉 밤새 일해도 짜다	직원들 보지는 좋으니 제발 연봉은 그렇다치고 능력급이며 이런게 뭔상관있겠는가 기본급이라도 많이 올려주소서
2014/4/17	신세계(주)	400	70075	1114	4.0	2.0	3.0	5.0	4.0	1	2	영업/제휴	현직원	경기	 0 	False	"더 많은 커리어를 만들어 줄 회사"	가족같은 분위기에 자기개발에 투자해 주는 회사	낮은 연봉책정	고객만족을 위한 고객서비스팀도 중요하지만 감정노동의 시대에 걸맞게 직원서비스팀도 개설하여 블랙컨슈머를 통해 피해 받은 직원의 보호에도 힘꺼야 한다.
2014/4/17	신세계(주)	400	70075	1115	5.0	5.0	5.0	5.0	5.0	1	2	전문직	현직원	서울	 0 	False	"성장의 연속"	딱딱하지않은 분위기, 대기업같지않은 편안함		지금처럼 해주셨으면
2014/4/17	신세계(주)	400	70075	1109	3.0	4.0	3.0	4.0	4.0	1	2	유통/무역	현직원	서울	 0 	False	"근무 조건 비 만족스러운 편"	복지 및 쇼핑 환경 편리	기본급이 낮음	기본에 충실한건 좋으나 일부 항목은 너무 보수적인 느낌이 듬(엘레베이터 커피소지 금지 등)
2014/4/17	(주)에어코리아	400	87179	1415	5.0	3.0	3.0	3.0	2.0	0	1	서비스/고객지원	현직원	인천	 0 	False	"회사는 별로지만 좋은 선후배 동료로 인하여 계속 다닐 수 있다"	사내 동료들이 좋다	낮은 연봉과 적은 보너스	일하는 것에 비하여 돈을 너무 적게 준다
2014/4/17	카페베네(주)	400	86758	6422	3.0	3.0	4.0	4.0	4.0	0	1	전문직	현직원	서울	 0 	False	"기대치가높았고 괜찮음"	분위기좋은 회사	업무 강도에 비해 약간은 낮은 보수	획기적인 무언가가 필요하다
2014/4/17	씨제이오쇼핑(주)	400	68779	1206	3.0	3.0	3.0	3.0	5.0	1	2	영업/제휴	현직원	대구	 0 	False	"내가 힘들때 경제적으로 정신적으로  안정을 준곳"	주5일 로 여가활용이 가능하고 가족적인 분위기	가끔 늦은퇴근시간..하지만 나름 만족한다	명절선물을 상품권으로 주세요
2014/4/29	제너시스비비큐(주)	400	56878	9810	2.0	3.0	1.0	1.0	2.0	0	1	영업/제휴	전직원		 1 	False	"프랜차이즈 업계, 외식업에 대한 관심과 국내1등이라는 이름만 보고 오신다면 잘못된 선택임. 한국 외식업과 프랜차이즈의 한계를 느끼고 정체되어있는 기업문화로 만약 외식업이라는 열정을 가지고 계신다면 다시한번 생각해 보시기를 추천."	다양한 경험, 외식업이라는 것을 확인하고, 현장영업을 통해 많은 경험이나 사회 경험은 가능합니다. 또 영업의 경우 활동비가 나옵니다.	경직되어있는 회사문화, 무조건적인 회장충성, 비합리적인 조직과 회사시스템 등등. 대졸 공채의 경우 상당수가 1년 이내에 퇴직하고있습니다. 업무와 생활의 균형은... 포기하시는편이 빠릅니다.	왜 직원들이 나가는지, 불만을 가지고있는지 한번만 생각해본다면 발전도 잘하고 좋은 기업이 될수 있을텐데 말이죠...
2014/4/17	씨제이프레시웨이(주)	400	23182	5332	3.0	2.0	2.0	2.0	2.0	0	2	서비스/고객지원	현직원	경남	 0 	False	"노력한 만큼의 금전적 도움이 덜함"	상대적으로 많은 휴일로 인한 여유	낮은 연봉.복리후생.장시간근무	근무 시간 단축으로인한 피로도 늦춰졌으면
2014/4/28	지에스홈쇼핑(주)	400	55358	9046	4.0	3.0	3.0	4.0	3.0	1	2	미디어/홍보	현직원	서울	 8 	True	"홈쇼핑 업계에서 경력을 쌓고 싶다면 한 번 정도는 꼭 근무해 봐야 하는 회사(라고 들었음)"	홈쇼핑 업계 중 가장 선진적인 시스템을 갖추고 있음(라고 들었음)PD의 경우 개인 단위 업무가 대부분이라 출퇴근 시간도 유연하고 회식 등의 단체 활동이 극히 드뭄	PD의 경우 불규칙적 근무 스케줄을 감내해야 함업계 위상이나 근무 강도에 비해 금전적 보상이 다소 약함	솔직히 세상에 자기 입맛에 딱 맞는 회사는 없는 거고 마음에 안 드는 점도 분명 있긴 하지만 이 정도면 충분히 크게 투덜거릴 일 없이 다닐 수 있겠으나돈을 조금만 더 준다면 더 바랄 나위가 없겠음
2014/4/17	지에스홈쇼핑(주)	400	55358	2205	4.0	4.0	4.0	3.0	3.0	1	1	영업/제휴	현직원	광주	 0 	False	"고객관리부터 영업까지 내능력을 알게 해 준 고마운 회사"	업무가 자유로울뿐 아니라 대기업이라는 이미지덕에 고객들의 성향 또한 우수하여 업무적 스트레스가 적다는 점	영업적인 성향을 띠다보니 급여가 불규칙하다는 점	고객들의 민원에 민감한점은 당연하다 여겨지나 상담원들이 불안해하며 업무에 임하지않도록 좀 더 확실한 메뉴얼이 필요하다고 여겨짐
2014/4/29	(주)케이티엠앤에스	400	53157	9558	1.0	1.0	1.0	1.0	1.0	0	None	영업/제휴	전직원	서울	 6 	False	"통신시장에서의 영업관리나 유통을 경험해 볼 수 있습니다.추가적으로 케이티 자회사의 지위라든지 하부단에서 올려다 본 국내 대기업의 문제점을 마음껏 느낄 수 있습니다."	일이 쉽고, 단순합니다. 왜 국내의 유통영업 시장에 발전이 없는지 여실히 느낄 수 있습니다. 그냥 시키는대로 하고 기계적인 업무를 원한다면 추천합니다.	기형적인 직급 간 괴리감. 현장조직의 비현장지향형 조직구성. 심하게 낮은 임금과 강요되는 야근. 보여주기식 업무 수행과 형식적 성과관리.	여러분이 추구하는 눈 앞의 안녕을 추구하는 태도가 영업조직과 기업 발전에 심각한 문제를 야기하고 있습니다.
2014/4/17	(주)케이티엠앤에스	400	53157	2472	4.0	4.0	3.0	3.0	3.0	1	2	기타	현직원	경기	 0 	False	"학과 공부를 실현할 수 있는 기회를 가지게 된 회사"	최소한 하는 만큼 이상은 인정해주는 회사	매출변동에 따른 업무량이 몰리게 되는 점	직원들이 자긍심을 더욱 가지게끔 칭찬이 많았으면
2014/4/17	(주)케이티엠앤에스	400	53157	2473	1.0	2.0	2.0	3.0	2.0	0	1	영업/제휴	현직원	충북	 0 	False	"다른데도 똑같아서 이직하기 귀찮어서 다닌다"	수평적인 조직문화와 강도가 약한 업무	낮은 연봉과 능력주의 성과제도. 긴 업무시간	연/월차 사용이 자유롭기를 바랍니다
2014/4/17	(주)케이티엠앤에스	400	53157	2471	4.0	4.0	4.0	4.0	3.0	0	2	영업/제휴	현직원	서울	 0 	False	"살아가고 있음을 느끼게 해주는 회사"	직원들과의 관계에서 맺어지는 인적 네트워킹	잦은 야근	현장직원 그리고 영업직군직원 케어..
2014/4/29	삼성물산(주) 상사부문	400	30214	9458	4.0	4.0	3.0	3.0	3.0	1	2	엔지니어링	현직원	서울	 0 	False	"글로벌 건설기업으로 발전 중, 동종업계내 상위권 연봉"	괜찮은 연봉과 복지제도, 전반적으로 또xx같은 사람은 별로 없는듯	전반적으로 임직원들의 멘탈이 좋으나 부서에 따라 극명, 엔지니어들은 해외근무 많음(장점일수도?)	딱히..
2014/4/25	삼성물산(주) 상사부문	400	30214	8550	5.0	4.0	3.0	4.0	4.0	1	2	영업/제휴	현직원		 0 	False	"사장이 된 기분으로 일할수 있으나 사장이 아님에 실망할것이고조직 구성원으로 일할수 있으나 일방적 짝사랑임에 당황하게 될것임"	자신의 꿈을 보다 키워나갈수 있는 회사라고 생각 함	언제 그 꿈을 접어야할지도 알게해 주는 요물같은 회사	전략회의는 이제 그만요~~^^
2014/4/24	삼성물산(주) 상사부문	400	30214	8454	5.0	5.0	2.0	4.0	3.0	1	2	엔지니어링	현직원	서울	 11 	True	"Worldwide, Various Projects을 경험할 수 있는 회사."	1. 높은 보수와 훌륭한 복지2. 성장 중인 회사라 여러가지 job을 경험할 기회가 많음.3. 추후 삼성 그룹 지배구조의 핵심이 되지 않을까..	1. 실력있고 똑똑한 사람은 모두 회사를 나가고 정치를 잘하는 사람만이 정점에..2. 해외 배치 시 개인의 의견이나 사정이 고려가 안됨. 낮은 직급일때, 혹은 직급은 높으나 정치를 못하면..3. 책임 전가 大戰, 배구 선수가 많다. (본인이 결정짓지 않고 토스만 함)	System이 없어서, 우수한 인재들을 데리고도 효율이 낮음. 멍청이들을 데리고도 최고의 퍼포먼스를 낼 수 있는 System이 꼭 필요함.
2014/4/23	삼성물산(주) 상사부문	400	30214	7871	4.0	4.0	2.0	2.0	3.0	0	1	엔지니어링	현직원	서울	 1 	False	"맨땅에 헤딩하는 느낌"	플랜트 업계 다양한 분야를 경험 해볼수 있음	한전 퇴직 후 경력직으로 들어오는 양로원. 그들은 책임지려 하지 않음	프로젝트 하는게 졸업작품 하는 느낌
2014/4/22	삼성물산(주) 상사부문	400	30214	7788	4.0	3.0	4.0	3.0	2.0	0	None	유통/무역	전직원	서울	 6 	True	"답답한 느낌이다. 너무 그룹의 눈치를 본다. 독자적으로 추진해 나갈 힘이 없다."	전부 다는 아니겠지만, 일부 직원들의 열정과 기본적인 영업 센스.인재를 육성하는 기능.	맡은 일에 대한 열정보다는 정치적이고 눈치만 보는 윗 사람들.윗 사람들 중에 멘토가 별로 없다.	그룹 눈치 보지 말고 강력하게 밀어붙일 건 밀어붙이는 모습!
2014/4/17	삼성물산(주) 상사부문	400	30214	4494	1.0	3.0	3.0	1.0	1.0	0	None	경영/기획/컨설팅	현직원	서울	 0 	False	"시스템적인 결함과 매우 정치적임"	내수시장에 심한 경쟁이 해외시장으로 진출하게 만들었음. 삼성의 브랜드가 있기 때문에 전체적인 시장에 매우 큰 잠재력이 존재한다고 생각함	직원들의 실력에 의해서 평가되는 것이 아니라, 정치적 영향력으로으로 평가되는 시스템임. 전체적인 환경 및 주위요소들로 인해서 일하는 직원들의 실력이 점점 저하되는 듯. 날씨, 기술적, 회계, 법률적인 부분들에 있어서 아직 능력이 부족함. 기술 책임자들이 드로잉을 이해못하며 투자 책임자들의 기본적인 회계지식이 부족함.	
2014/4/17	삼성물산(주) 상사부문	400	30214	4493	4.0	4.0	4.0	4.0	3.0	1	2	엔지니어링	현직원	대전	 0 	False	"인생을 풍요롭게 한다."	대기업,복지수준	비정규직운용	
2014/4/17	삼성물산(주) 상사부문	400	30214	4492	4.0	4.0	3.0	3.0	3.0	1	1	엔지니어링	현직원	인천	 0 	False	"시스템이 너무 복잡한 회사"	가족처럼 지낼 수있는 장점	업무 강도가 시간상 많다는 점	인원을 좀 더 늘려주었으면 좋겠어요
2014/4/17	삼성물산(주) 상사부문	400	30214	4488	5.0	4.0	3.0	4.0	5.0	1	2	엔지니어링	현직원	서울	 0 	False	"업무성과에 확실한 보상을 해주는 회사"	대내외 인지도 및 높은 보수	다소 높은 업무 강도를 꼽을 수 있음	야근 및 주말근무를 약간은 지양하는 분위기도 필요
2014/4/17	삼성물산(주) 상사부문	400	30214	4491	4.0	4.0	2.0	3.0	3.0	1	2	엔지니어링	현직원	서울	 0 	False	"인생을 다시 생각해보게 해준 회사"	방대한 인적네트워크 및 개인의 역량개발이 가능	높은 업무 강도	
2014/4/17	삼성물산(주) 상사부문	400	30214	4489	4.0	3.0	3.0	3.0	3.0	1	1	엔지니어링	현직원	서울	 0 	False	"새로운 비전을 제시한 회사  향후미래가기대되는 회사"	개인적인 업무능력향상에 도움음줌	너무경쟁에의한 스트레스	가족을 위한시간을 많이갖을수 있도록 지원
2014/4/17	삼성물산(주) 상사부문	400	30214	4487	4.0	5.0	2.0	4.0	4.0	1	2	엔지니어링	현직원	서울	 0 	False	"삶에 풍요와 안정을 제공함"	연봉이 높음	건설업의 특성상 현장 발령이 가능함. 따라서 안정적인 가 정생활이 어려움 (기러기가 될 확률이 다분)	회사규모를 키우기 보단 내실을 다졌으면 좋겠음.
2014/4/17	삼성물산(주) 상사부문	400	30214	4490	4.0	4.0	4.0	4.0	4.0	1	2	서비스/고객지원	현직원	서울	 0 	False	"일에 대한 업무 도 향상 기여"	업무 실적 위주 성과 체계	강한 업무 강도	
2014/4/17	삼성물산(주) 상사부문	400	30214	4486	3.0	3.0	3.0	3.0	3.0	1	1	엔지니어링	현직원	경기	 0 	False	"돈버는일자리"	인지도	업무 강도	근무환경 개선
2014/4/17	삼성물산(주) 상사부문	400	30214	4484	3.0	3.0	2.0	3.0	3.0	1	1	경영/기획/컨설팅	현직원	경북	 0 	False	"대기업의 시스템을 알게 해주었다"	업무분담이 잘되어 있다	타사에 비해 적읁급여는 아니지만 하는일에 비해 급여가 적은듯	계약직의 보상플랜이 좋았음 좋겠다
2014/4/17	삼성물산(주) 상사부문	400	30214	4485	3.0	4.0	3.0	3.0	3.0	0	2	유통/무역	현직원	서울	 0 	False	"영업과  현실과 사회을알려준 회사"	복지가 우수하다	업무 강도가 높은것에 비례해서 보수가 낮다	수당이나 특별수당을 올려주면 좋겠다
2014/4/17	삼성물산(주) 상사부문	400	30214	4483	4.0	4.0	4.0	4.0	3.0	0	1	엔지니어링	현직원	서울	 0 	False	"군대다"	페이가 많다	업무의 강도가 너무세고 위계질서가 너무 철저하다	웃으면서 근무햇으면 좋겠습니다
2014/4/30	(주)판토스	400	75892	10444	3.0	2.0	2.0	1.0	3.0	0	None	경영/기획/컨설팅	전직원	서울	 2 	False	"나름 일류 물류업체라는 자부심이 있으나 대기업 답지 않은 소박한 연봉 및 낮은 인상률로 우울함이 있음. 경력으로 와서 해외주재원을 노려보기엔 베스트이나......."	비교적 젊은 나이에 해외주재원 혹은 장기파견 경험이 많고 비중있는 업무를 맡을 기회도 많다	강한 사내정치 영향으로 과장부터는 나름 줄을 서야하고... 글로비스 및 sds대비 연봉이 적게는 천만원 많게는 그이상 차이가 난다.	연봉을 적어도 경쟁사 90퍼센트 수준으로 마춰주고 업무순환 기횔 주길.....
2014/4/17	(주)판토스	400	75892	805	4.0	3.0	3.0	2.0	2.0	0	2	유통/무역	현직원	인천	 0 	False	"마지막일터"	끊임없는 업무 혁신활동	보수적인 조직문화	업계 일위다운 근무환경 개선
2014/4/17	(주)판토스	400	75892	804	3.0	3.0	3.0	3.0	3.0	1	2	유통/무역	현직원	서울	 0 	False	"복지. 급여. 업무환경등 기대치가 높았으나 실제는 약간 부족했다."	업무의 시스템화. 전산화.	점점 줄어드는 성과급	열심히 한 만큼 충분한 보상
2014/4/17	에이치앤엠헤네스앤모리츠(주)	400	20164	5656	3.0	3.0	4.0	4.0	4.0	1	2	경영/기획/컨설팅	현직원	서울	 0 	False	"좋은 회사"	가족같이 느껴지는 팀	너무 비용을 아끼려고함	CS 처리해 주세요
2014/4/17	에이치앤엠헤네스앤모리츠(주)	400	20164	5655	4.0	3.0	5.0	4.0	3.0	0	2	생산/제조	현직원	서울	 0 	False	"나를 발전할 수 있게 도와준 회사"	자율적인 분위기와 조직문화. 열정을 가진 사람에 대한 업무의 폭넓은 기회	업무에서 영어를 많이 쓰다보니 영어의 다한 스트레스	외국 정서도 좋치만 한국정서에 맞는 경영 마인드도 필요할듯
2014/4/17	(주)한진	400	48025	3008	3.0	1.0	3.0	3.0	2.0	0	None	엔지니어링	현직원	경기	 0 	False	"많이 배울수 있는곳 이다"	많은 것을 알려주고 내가 그것을 찾아갈수 있는 점	낮은 연봉과 복지..	복지 좀..제발..
2014/4/17	(주)한진	400	48025	3007	4.0	2.0	3.0	4.0	4.0	0	1	경영/기획/컨설팅	현직원	서울	 0 	False	"사회 생활의 시작"	팀원간 유대관계	낮은 연봉	복지개선, 연봉인상
2014/4/17	(주)한진	400	48025	3006	3.0	3.0	3.0	2.0	2.0	0	1	특수계층/공공	현직원	부산	 1 	False	"전공 외 분야에 대하여 많이 알게 되었다"	국내 기업 기준 활용할 수 있는 데이터 방대함	세계무대에서의 경쟁력 약함	지시내용에 대하여 한번 더 고려후 하달하였으면 함
2014/4/17	(주)한진	400	48025	3004	3.0	3.0	3.0	3.0	3.0	0	1	경영/기획/컨설팅	현직원	경기	 0 	False	"기대치는 높았음에 임금에 기대치에 높지않았다"	수직적	낮은 보수	근무환경
2014/4/17	(주)한진	400	48025	3005	4.0	1.0	2.0	1.0	2.0	1	2	유통/무역	현직원	인천	 0 	False	"안정"	안정적이고 보수적이다	성과급이 적고 일을 많이시킨다	직원들 복지 신경써주세요
2014/4/17	이엘씨에이한국(유)	400	13812	6094	4.0	3.0	3.0	3.0	3.0	0	2	서비스/고객지원	현직원	인천	 0 	False	"내 인생의 황금기를 건 회사"	자율적인 문화	성과에 따른  직원차별	매출도 좋지만 직원을 좀 더  생각하는 회사가 됐으면
2014/4/17	(주)코스트코코리아	400	52760	2501	3.0	3.0	3.0	3.0	3.0	1	2	서비스/고객지원	현직원	대전	 0 	False	"많은걸 배우게 해준 회사"	일주일에 이틀은 꼭 쉬는 점	낮은 연봉과 주말근무	인건비도 중요하지만 과도한연차사용은 좀없었으면...
2014/4/17	(주)코스트코코리아	400	52760	2500	3.0	3.0	3.0	3.0	4.0	1	2	유통/무역	현직원	서울	 0 	False	"사람이 어떤지 알게 해 준 회사"	법률준수와 정시근무	사람들을 상대해야하는 압박감	사원이 간부를 평가하는 역평가 시스템을 원함
2014/4/17	탐앤탐스(주)	400	52038	2548	5.0	3.0	4.0	4.0	4.0	1	2	서비스/고객지원	현직원	서울	 0 	False	"나의 평생미래를 걸게 만든 회사"	적당한 규모와함께 성장할 수있는 여력이있는 회사	본사와의 의사소통 미원활	유니폼 좀 바꿔주세요 추워요
2014/4/17	탐앤탐스(주)	400	52038	2549	2.0	3.0	3.0	2.0	3.0	0	1	IT/인터넷	현직원	서울	 2 	False	"브랜드 네임밸류에 대한 기대치는 높았으나 관련업무쪽으로는 만족스럽지 못함"	높은 자율성을 보장하여 업무의 흐름이 빠르다	팀간의 정치적 싸움과 눈치가 심하다	사내 흡연의 금지를 꼭 시행 했으면...
