date	cname	industry_id	cid	cmid	possibility	pay	balance	culture	management	recommend	expect	job_kind	current	area	helpful_count	is_best	subject	good	bad	hope
2014/8/30	(주)대웅제약	300	81945	37886	4.0	2.0	3.0	3.0	2.0	0	1	생산/제조	현직원	경기	 0 	False	"제약업계에서는 유명한 기업, 경력을 쌓기에 좋다"	경력은 확실히 인정해주는 빡센 분위기의 회사	금연정책 및 기타 성과를 인정해주지 않는다.	성장동력을 제대로 찾아서 올인하고, 직원들의 만족도를 위해 성과만큼은 인정을 해줘라.
2014/8/24	(주)대웅제약	300	81945	36806	3.0	4.0	2.0	3.0	2.0	0	2	영업/제휴	현직원		 0 	False	"전체적인 제약산업은 어려운 상황. 나름의 활로를 지속적으로 모색중임."	보수는 많은편. 왠만한 대기업 계열사보다 많이 받고 개인시간도 비교적 자유롭게 만들 수 있음. 출퇴근이 자유로워지는 추세.	진급, 상여금에 차등이 있어 상대적 박탈감 느낄 수 있음. 팀장을 잘못만나면 굉장히 고생함. 사람을 대하는 영업의 경우는 업무스트레스가 적지않은 편.	신약개발이 필요할듯. 언제까지 도입으로 땜빵하려는지...자기식구 챙기기가 노골적으로 보이면 직원 사기에도 문제일듯.
2014/8/22	(주)대웅제약	300	81945	36628	3.0	4.0	4.0	3.0	3.0	0	2	영업/제휴	전직원	서울	 0 	False	"엄첨빡셈/ 견디면 능력있으면 임원도 될수 있음 / 진짜 악착같이 해야됨"	잡다한 수당있고 배울면서 일함영업인력 우선시하는 경향	빡세기로는 한* 종* 와 같이 손에 꼽히는 정책 엄청 많이 바뀜 정책 엄청 많이 바뀜	없음
2014/8/20	(주)대웅제약	300	81945	36270	3.0	3.0	2.0	2.0	2.0	0	2	경영/기획/컨설팅	현직원	서울	 0 	False	"국내제약사에서  여기만큼 배울수있는곳없음 다만 힘든만큼 노력하지않으면안됨 제약사관학교"	교내 처방약 시장 일위  미래성장가능성도 높아보임  글로벌성과도 곧 가시화	사람관리가안됨 이직율높음 노화된 일부 경영진 의 마인드가 사기를떨어뜨림   개혁  결단이 필요	잘하는직원들이 힘을낼수있는 체계구축
2014/8/18	(주)대웅제약	300	81945	35861	2.0	3.0	2.0	1.0	1.0	0	None	경영/기획/컨설팅	현직원	서울	 0 	False	"제약업이 무엇인지 제대로 배울 수 있는 회사"	제약업계 중 나름 시스템화 되어 있음급여가 높은 편 이다	경영진의 전문성이 부족함KPI를 제대로 설정/평가하지 않아 비합리적인 보상이 이루어짐	경영성과가 나지 않을 때 직원들을 탓하기 보다는경영진의 전문성을 돌아볼 필요가 있음
2014/8/7	(주)대웅제약	300	81945	33986	3.0	3.0	2.0	2.0	3.0	1	2	영업/제휴	전직원	서울	 0 	False	"체계적으로 영업을 배울 수 있는 곳"	제약업계에서 인정받는 회사를 다닌다는 자부심을 느낄 수 있음, 다양한 교육 기회 제공, 타회사로의 이직시 메리트가 큼.성과과 뒷받침 된다면 업무순환제도로 다양한 업무 경험가능영업사원에게 힘을 많이 실어주는 분위기.	허례허식이 많은 내근체계, 일을 만들기 위한 업무가 다수.업무강도가 업계 상위 수준. 철저한 성과 위주로 스트레스가 많음.지점마다 문화가 많이 다르고, 지방과 수도권지점의 사내문화도 차이가 있는 편.	지나치게 딱딱한 군대와 같은 조직문화를 보다 유연하게 이루어 나간다면, 좋은 회사가 아닌 좋은 직장이 될 수 있을 것같습니다
2014/8/25	한미약품(주)	300	2669	36994	2.0	2.0	1.0	1.0	2.0	0	None	경영/기획/컨설팅	전직원	서울	 0 	False	"변화가 없는 회사"	지금은 모르겠지만 내가 다니던 때는 명절때 휴가비보다는 한미약품 제품이나 음료수 같은걸 주었음. 지인들에게 나누어줄때 좋았음	부서마다 다르겠지만 영업관련업무는 업무강도가 너무쎔.새벽 5시에 퇴근했던 날도 있었음.	현장 영업에만 모든 집중이 쏠려있는거 같음. 물론 영업이 중요하지만 영업을 받쳐주는 타부서의 체계적인 교육, 지원등이 폭넓어졌음 좋겠음.
2014/8/22	종근당(주)	300	55954	36569	3.0	4.0	2.0	1.0	1.0	0	1	영업/제휴	현직원		 0 	False	"자기관리 및 스트레스관리를 잘 하실수있는분만 지원하세요"	명실공이 강력한 영업력을 가진회사높은 연봉높은 인지도	연봉외 영업비용 지원 미약(ex유류비,식비)강한업무강도수직적인 조직문화피라미드형 조직구조	월급을 영업비용으로 쓰지않을 수 있도록 지원필요
2014/8/5	종근당(주)	300	55954	33639	3.0	4.0	2.0	4.0	2.0	0	2	영업/제휴	전직원	서울	 1 	False	"동종업계 상위권 연봉 하지만 개인의 스트레스 해소를 잘 소화하시는 분만"	같은 업종 중 상위권에 속하는 높은 연봉직원들과의 가족같은 화목한 분위기시스템 분할이 잘 되어있음	가족같지만 때로는 군대같은 말도안되는 실적 맞추기갑작스러운 서류업무무의미한 취합	사원들의 개인 삶을 존중해주길당직근무는 이제 없어져도 되는거 아닌가요서류 업무 최소화 시켜주세요
2014/8/3	종근당(주)	300	55954	33387	5.0	3.0	1.0	1.0	1.0	0	1	영업/제휴	전직원	기타	 0 	False	"영업이라는 직종에 대하여 고민하고 고민하고 또 고민해서 지원하길 바람."	초봉 4000대로 처음 시작은 다른 대기업 부럽지않은 출발.하지만....	업무특성상 퇴근후 내시간이 아님. 실적압박. 인센티브가 과연 득일까 독일까 생각해봐야함.	많은거 안바라고 제네릭 아닌 신약 개발과 근무지에대해서 좀 신경좀 써줬으면한다. 서울사람 지방으로 보내버리면 어쩌라는 거지?
2014/8/1	종근당(주)	300	55954	33245	2.0	3.0	1.0	1.0	1.0	0	2	경영/기획/컨설팅	전직원	서울	 4 	False	"수직문화, 군대문화가 잘 맞는 사람에게 적합한 회사"	호봉이지만 나름 높은 연봉과 복지. 긴 여름휴가(약 9-10일).  자기개발 등 교육 지원을 많이 해줌. 보스가 어떤 사람인지에 따라 사무실 분위기가 달라짐. 직급이 낮은 사람들은 주말에 회사 출근 안해도 됨. 5호선과 2호선이 있어 교통이 편리함	연차를 돈으로 주지 않기 때문에 연차쓰고 출근하는 것이 대부분.  쓸데없는 보고서를 많이쓰느라 본연의 업무에 집중하기 어려움. 군대문화가 심함(수직적임) 잦은 야근과 주말출근, 잦은 회식으로 가정적인 생활이 힘듬. 오너의 그날 기분에 따라 관리부는 모든것이 결정되는데, 기분 좋을때가 거의 없음.(주말 밤샘 야근이나 몇시간씩 깨지기 때문에 분위기 개판) 의사 결정이 느림. 진급이 느리고, 성과가 좋더라도 실력만으로는 진급이 어려움. (아부나 라인을 잘타면 진급 빠름)  계약서에는 5시반에 퇴근이지만 최초 6시 반까지 있는 분위기. 직급이 높을수록 집에 일찍 갈 수 없음. 극단적으로 보수적인 회사 분위기로 절때 창의적일 수가 없음. 사내 문화도 알아서 기는 사람들 밖에 없어 문화개선이 어려움.	아랫사람은 깨져봐야 잘할것이다라는 옛날 군대식 생각은 버리고 합리적이고 논리적으로 그리고 과학적으로 접근하여 효과적인 관리를 해주길 바람. 결국은 사람이 회사를 만드는 것인데, 저런 군대문화로 인해 알아서 기는 문화가 심해지고, 회사가 발전하는것에 한계가 있음. 회사에서 일하는것이 즐겁도록 만들어줘야 인재들이 그만두지 않을것임.
2014/8/12	(주)녹십자	300	83348	34934	3.0	3.0	3.0	3.0	3.0	1	2	기타	현직원	경기	 0 	False	"R&D분야 지원생에게는 좋은 기회"	업계 상위기업의 자부심, 회사의 복지 확대 노력	비전과 미션은 뚜렷하지만 경영은 과거와 비슷함. 영업에 너무 많은 의지	'좋은 약을 만드는 회사에서 좋은 약을 통해 건강한 삶을 서비스하는 회사, 더나아가 그것을 통해 전 세계로 나아가는 회사'로 이미지 메이킹했으면 좋겠습니다.
2014/8/28	굿네이버스인터내셔날(사)	300	86785	37544	3.0	2.0	2.0	2.0	2.0	1	1	서비스/고객지원	전직원	서울	 0 	False	"생각만큼 힘듦일임."	좋은일 한다는데에서 보람을 느낄 수 있음.	희생이 필요함. 확실히 힘듦. 신중하게 선택하시길	합리적인 인사이동을 원해요
2014/8/19	굿네이버스인터내셔날(사)	300	86785	36012	5.0	2.0	1.0	2.0	2.0	0	2	기타	현직원		 2 	False	"아동의 권리를 찾다 자신의 삶을 잃어버리는 곳"	아이들과 함께 하는 프로그램이 많아서 좋음	업무강도가 매우 높고 그에 비해 월급이 적음.	직원의 생각을 조금 더 들어주었으먼 함.
2014/8/18	굿네이버스인터내셔날(사)	300	86785	35685	3.0	2.0	3.0	2.0	2.0	0	None	경영/기획/컨설팅	현직원	서울	 2 	False	"국제개발에 관심이 있으신 분들이 가면 현장을 최전선에서 느낄 수 있다는 장점이 있습니다. 다만, 행정적인 처리에 휘둘려 사업의 본질을 까먹게끔 만드는 분위기가 있으니 조심해야합니다. 행정을 하다보면 이곳이 NGO인지 헷갈릴 때가 많으니 가치를 잃지 않도록 스스로를 잘 다잡아야 버틸 수 있습니다. 다만 인재관리에 소홀한 경향이 있습니다. 해외파견직임에도 위험수당이 없고 오히려 국내 인력보다 월급이 적은 등 처우개선이 매우 시급합니다. 소탐대실할 경향이 있어 앞으로 경영진이 사람을 중심으로 생각하는 경영을 해야하다고 봅니다. 그럼에도 불구하고 국내에서 국제개발의 선봉장에 있는 NGO이며, 해외에서도 굿네이버스라는 이름에 자부심을 가지고 일할 수 있습니다."	국제개발 현장의 최전선에서 일할 수 있는 몇안되는 한국NGO처우 수준이 여타 NGO에 비해 괜찮은 편	인재관리 시스템 부재주먹구구식 사업	사람이 미래다.
2014/8/15	제일약품(주)	300	11279	35440	3.0	3.0	1.0	2.0	1.0	0	None	영업/제휴	현직원		 0 	False	"일하기에 수월할진 모르나 미래가 불투명"	영업하기엔 타회사에 비해 쉬운편. 인지도가 낮지 않음	말도 안되는 내근. 불필요한 내근이 너무 많음	체계적인 업무가 필요하며 막가파식 지시는 지양해야할 것
2014/8/25	(주)셀트리온	300	71498	37016	3.0	4.0	2.0	2.0	3.0	0	1	경영/기획/컨설팅	전직원	인천	 0 	False	"복지는 좋은편이나 좋은 사람을 만나야 함"	외국계 회사라서 대체로 자유로운 분위기, 상명하복식 문화가 아니다	인사제도가 비합리적인 경우가 있고, 일울 처리하는 것이 유연성이 너무 심해서 그때그때 상황파악을 장해야한다	체계적인 인사 제도 도입
2014/8/20	(주)셀트리온	300	71498	36105	3.0	4.0	2.0	3.0	2.0	0	1	경영/기획/컨설팅	현직원	인천	 0 	False	"이 분야에 대해 많은 것을 배울 수 있지만 업무강도가 세다는 점을 참고하길."	업계 선두인 만큼 많은 것을 배울 수 있음. 직급이 낮더라도 꽤 중요한 일에 관여할 기회가 주어짐. 급여가 좋은 편.	업무강도가 센데 이를 당연하게 여김. 대기업은 아닌데 회사가 '옛날' 대기업 같은 형식적인 일을 많이 함	실용적인 복지를 늘려주었으면 하고 쓸데없는 보여주기식 일 좀 안 시켰으면 좋겠다
2014/8/11	(주)셀트리온	300	71498	34801	3.0	2.0	2.0	3.0	2.0	0	2	생산/제조	현직원	인천	 8 	True	"업무 강도가 아주 높습니다. 그리고 연차에 비해 과중한 책임을 지우는 업무를 할 수 있습니다."	아직은 젊은 회사라서 팀장진들이 나이가 많지 않아서 아직은 보수적인 회사의 안 좋은 문화는 없습니다. 비교적 의사 소통이 자유롭습니다.	업무 강도가 아주 높으며 야근이 잦으며 업무에 비해 연봉이 너무 적다고 생각합니다.	현재 회사가 크고 있는 단계라 직원들이 연봉과 복지 혜택을 누리지 못하고 있는 것 같습니다. 이에 비해 업무 강도가 너무 높고 불합리 하다고 생각합니다. 이 부분에 대해 개선이 필요합니다.
2014/8/5	(주)셀트리온	300	71498	33767	4.0	3.0	3.0	4.0	2.0	0	2	경영/기획/컨설팅	현직원	인천	 0 	False	"신입부터 다양한 일 하고 싶으면 추천. 연봉은 보통."	일 많음. 직급대비 다양하고 책임감있는 업무가 주어짐. 예전만큼 야근은 안함. 셔틀이나 구내식당 등 복지좋음. 자유로운 분위기. 앞으로 상승 업종.	체계가 없음. 회사 위치가 송도라는 점. 언제나올지 모르는 성과급에 연연하게 됨. 경영진이 의문점. 회사경영이 회장1인에 대한 의존도가 높음.	필요하다면 쓴소리도 할 줄 알길.
2014/8/5	(주)셀트리온	300	71498	33628	4.0	2.0	2.0	3.0	2.0	1	2	기타	현직원	인천	 1 	False	"발전가능성이 크고 젊은 기업으로 사람들과 업무분위기가 좋지만 업무강도가 대체로 쎔(부서별 업무강도 차이가 큼)"	젊은 기업으로 다른 기업들에 비해 유연하고 분위기가 대체로 좋음. 다들 열심히 일하고 사람들이 좋다. 성장가능성이 큰 회사	젊은 기업으로 중간 관리자들의 매니지먼트 노하우가 부족한 편. 사원, 대리들의 업무강도 및 책임이 매우 크다. 일 배우기는 좋으나 업무 스트레스가 만만치 않음	일정 빡빡하게 세워 놓고 무조건 하라고 하면 지금까지처럼 앞으로도 어떻게든 해내긴 하겠지만 분명 어디선가 빵꾸나게 될 것이다.
2014/8/30	제이더블유중외제약(주)	300	11676	37850	1.0	4.0	4.0	4.0	4.0	1	1	영업/제휴	현직원	서울	 1 	False	"점프 투 더 월드 할 것이다"	전통이 있는 메이져 제약회사이다그렇기 때문에 좋을 것이다.	오너기업이라 보수적일 수 있지만 영업직이다	모두 잘 될 겁니다.
2014/8/28	서울대학교병원	300	28516	37578	3.0	3.0	2.0	3.0	2.0	0	1	IT/인터넷	전직원	서울	 3 	False	"병원 조직의 실태를 알 수 있음"	국내 최고 수준의 인력과 일할 수 있다는 정도?	삶의 질이 떨어지고.. 전반적인 근무환경이 열악함	비정규직의 정규직 전환에 힘써주세요
2014/8/28	서울대학교병원	300	28516	37534	2.0	2.0	5.0	5.0	3.0	1	1	전문직	전직원	서울	 0 	False	"본인노력하에 많은것을 배울수있으며, 자기개발의 시간을 가질수 있다. 학위 또한 병행할수있는 곳이 많아 자연계 학생들이 거쳐가기에 좋은 곳."	자유로운분위기, 학위병행가능한곳 많음, 자기개발하기에 충분한 시간, 고되지 않은 일이며 학사생으로서 많이 배울수 있는곳	비정규직, 보수 복지가 안좋음, 남성 평생직장으로는 비추천	연구원들에게 정규직 전환의 기회를 많이 부여해주기를
2014/8/27	서울대학교병원	300	28516	37365	2.0	2.0	3.0	3.0	3.0	1	1	의약	전직원		 0 	False	"힘든 환경, 낮은 복지"	국립대학병원에서 공공의 이익을 위해 일한다는 자부심	힘든 환경, 낮은 복지, 출퇴근시간 자유롭지않음	인재 및 사람에 대한 투자, 시설 개선이 필요
2014/8/27	서울대학교병원	300	28516	37303	3.0	4.0	4.0	3.0	3.0	1	2	경영/기획/컨설팅	현직원	서울	 0 	False	"안정적"	복지 좋음 빅5병원 근무시간대비 급여 높은수준임	인사적체로인한 승진가능성 낮음 최근 노조 계약직몬제로 이슈화됨	특이사항 없음
2014/8/22	서울대학교병원	300	28516	36649	1.0	3.0	4.0	2.0	1.0	1	2	서비스/고객지원	현직원	서울	 0 	False	"가늘고 길게 가고싶다면 지원"	나름 안정적이고 정해진 업무이외엔 신경쓸 일이 별로 없음. 가족들 병원비 절약. 약간의 복지	보수적인 조직구조. 돈없다고만 하는 경영진.  직종에 따른 대우의 편차다 큼. 감염의 위험이 있음. 아픈사람 상대하는 스트레스	보수적인 마인드를 바꿔라
2014/8/21	서울대학교병원	300	28516	36342	3.0	4.0	1.0	4.0	2.0	0	1	의약	현직원	서울	 0 	False	"빅5의 병원"	서울에서 있다는 것과 상당한 규모의 병원 병동의 수도 상당함	너무 힘든 3교대 그러나 3교대도 적응하면 그나마 하기쉬워짐 할수있습니다	전체적으로 4교대로늘렸으면
2014/8/25	에프알엘코리아(주)	400	19964	37053	5.0	4.0	3.0	3.0	4.0	1	2	영업/제휴	현직원	서울	 1 	False	"기업의 성장에 자신의 역량을 발휘하고 싶다면, 좋은 회사! 미래에 글로벌에서 활동 할 수 있을 가능성이 큰 회사."	20, 30대에 큰 규모의 매출을  관리 할 수 있는 권한과 책임이 부여, 이를 원하는 자에게는 최고의 직장	전국발령으로 낯선 장소에서의 정착이 어렵다고 느낀다면 단점이 될 수 있음	지속성장가능한 회사를 만들어 주세요!
2014/8/20	에프알엘코리아(주)	400	19964	36074	3.0	3.0	2.0	2.0	2.0	0	1	유통/무역	전직원		 1 	False	"일본식 기업문화."	매뉴얼이 칼같고 시간계산이 철저함. 로테이션 근무로 다양한 유통업무를 빠른 시간에 습득함.	일본기업 특유의 요상한 곤조. 실적 압박. 결국 경험치싸움.	롯데스러움은 끌고갈만한 성질이 아닐수도
2014/8/17	에프알엘코리아(주)	400	19964	35581	4.0	3.0	1.0	3.0	3.0	0	1	영업/제휴	전직원	서울	 0 	False	"매장관리, 스탭관리, 의류산업에 대한 관심, 체력에 자신있는 분이라면 지원해볼만 합니다"	평가에 의해 진급이 결정되고 본인과 잘 맞는 업무라면 빠른 승진도 가능. 간혹 본사로의 업무전환도 이루어짐.복지등은 꾸준히 개선되는 중인듯	점장후보직은 매장업무가 대부분이라 체력이 요구되고 힘든점이 많으며주말근무를 해야하고 평일 이틀 휴무를 갖는점을 감안해야 할듯	더 나은 업무환경을 위해 개선해나가고, 점장뿐만 아니라 본사측에서도 점장후보직에 대한 피드백 및 케어를 강화하면 좋을듯
2014/8/7	에프알엘코리아(주)	400	19964	34041	4.0	3.0	2.0	3.0	3.0	0	1	서비스/고객지원	전직원	서울	 0 	False	"일본기업의 특성을 느낄 수 있는 곳. 패션/유통업에 관심 있다면 성장해나갈 수 있는 곳."	일본 특유의 체계적으로 운영되는 시스템을 느낄 수 있음.철저히 능력제 위주로 승진의 기회를 보상받을 수 있음.	일보다 사람이 우선 시 되어야하는데. 직급이 올라가면 올라갈 수록 개인의 삶은 점점 사라짐. 매장에 따라 상이하겠지만 타이트한 인력운영.지나치게 칼 같은 조직문화.	직원들을 위한 복리후생 개선이 필요함. (사내 복지제도 증진 등)
2014/8/2	에프알엘코리아(주)	400	19964	33322	3.0	3.0	3.0	3.0	3.0	0	1	서비스/고객지원	현직원	서울	 0 	False	"들어가기 생각보다 힘들어요"	계속해서 이쪽길로 가고 싶은분들엑 추천	점포에 따라 일의 양이 많고 진상 고객들은 매우 힘듬	한국쪽도 많이 발전시켜주세요
2014/8/20	한샘(주)	400	48317	36178	5.0	4.0	3.0	3.0	3.0	1	2	영업/제휴	현직원	서울	 1 	False	"열심히 한만큼의 평가와 보상이 확실하다.많은부분에서 부족하지만 매년 나아지고있다."	누구에게나 기회가 주어지며 평가가 공정하다.	휴무일에 고객연락이 불특정으로 오지만..쉴거다쉬고 성공하는 직장은 없다.	없음
2014/8/19	한샘(주)	400	48317	36000	3.0	2.0	2.0	2.0	2.0	0	1	생산/제조	전직원	경기	 1 	False	"회사입사시 면접보는데 면접은 그닥어렵지않음 대부분 이사람이 오래다닐수 있나 끈기 성실함을 마니봄"	장점은 완성업체라 위업체 눈치볼필요엄고 조합도 잇음 회사노조같긴하지만 직원수가 만음	사람이만아서 인사할사람이만음 근무강도가 빡센편임 가구라 그런지 품질관리가 빡셈 불량마올시 선별작업시 일일이 무거운가구들면서 검사 해야함 ..	연봉이 너무 짠편임 근무시간에 비해 근무강도도 좀 체계적으로 약하게해야함 너무 빡셈
2014/8/18	한샘(주)	400	48317	35838	4.0	2.0	2.0	3.0	3.0	1	2	영업/제휴	전직원	서울	 1 	False	"일단은 매장에 오는 고객들을 맞는 영업이기 때문에 보험이나 카드, 자동차, 제약 영업보다는 훨씬 쉬움. 하지만 매일 실적에 대한 스트레스, 압박이 상당함.  잘 하기만 한다면 또래보다 많은 연봉을 받을 수 있다는 게 가장 큰 장점."	가장 큰 장점은 영업 성과가 좋을 경우 젊은 나이에 억대 연봉자가 될 수도 있다는 점. 본인 성과가 높으면 높을수록 인센티브도 파격적으로 올라감.	하지만 억대연봉자가 아직까지 1명 밖에 없을정도로 매우 큰 성과를 올리기는 힘듦. 작년 평균 연봉이 3600이라고는 하지만 기본급이 2300으로 너무 낮기 때문에 오로지 인센티브로 먹고 산다고 봐야함.그리고 주말과 공휴일에 못 쉰다는 게 큰 단점. 주변 사람들과 쉬는 싸이클이 안맞는게 애로 사항.	딴건 둘째치고 기본급 좀 올려주었으면 좋을 것 같음. 그리고 회사가 아주 목표를 높게 잡기 때문에 회사의 발전은 이루어질 수 있으나 밑에서 이를 이루려고 하는 직원들이 조금 힘듬
2014/8/17	한샘(주)	400	48317	35672	2.0	2.0	1.0	4.0	4.0	0	2	전문직	현직원	경기	 0 	False	"발전할 것 같다"	성장하고 있는 중이다.전문적인 직업을 원한다면 추천	달력은 온통 까만숫자만 가득빨간날도 까만날이 된다.	공휴일은 좀 쉬었으면..
2014/8/10	한샘(주)	400	48317	34571	3.0	3.0	2.0	3.0	4.0	0	2	경영/기획/컨설팅	현직원	서울	 4 	False	"직급 대비 많은 기회를 얻을 수 있었지만 일에 치중할 수 밖에 없는 불균형적인 삶을 살 수 밖에 없음"	가능성이 열려있음. 발전해 가고 있고 할 일이 많은 만큼 자신이 도전해볼 수 있는 다양한 기회가 있음.	서울대 출신 우대. 4년제 출신 우대. 학력에 대한 차별이 심함. 성과평가에 따른 연봉상승체계에서 서울대 출신을 우대하다 보니, 비서울대 출신은 승진 및 발전가능성에 한계가 있음.	직원도 내부고객이라는 생각을 가지고 그들의 삶 만족도 향상을 위해 복지체계의 발전이 필요. 그래야만 회사의 발전에도 큰 기여를 할 수 있는 임직원이 늘 수 있다는 판단임.
2014/8/4	한샘(주)	400	48317	33562	5.0	5.0	1.0	1.0	1.0	1	2	영업/제휴	현직원	서울	 0 	False	"하는만큼 받습니다."	위 제목과같이 하는만큼 벌어가는 회사입니다.연봉1억도전도 꿈이 아닙니다. 자기가 하고자하는 만큼절실함과 밤샘작업을 한다면 연봉 올리는것은 일도아닙니다.	개인발전 포기하시고 개인시간 없습니다.일 집 일 집 ? 아니고 일일 집 일일집 입니다. 야근하고 근처 모텔에서 2~3시간 쪽잠을 잘수도있습니다.	회사의 발전도 중요하지만 개개인의 능률을 올리기위해서는충분한 휴식도 필요합니다.
2014/8/1	한샘(주)	400	48317	33140	3.0	2.0	2.0	2.0	3.0	1	2	경영/기획/컨설팅	현직원	서울	 0 	False	"일이 정말 많은 곳"	똑똑한 사람들 많음경영진의 머리는 굳어있지만 다들 똑똑한 사람들이라똑부러지는 일처리와 분석 보고 능력만 있다면...	1위기업이지만 가구+유통업 특성 상 연봉이 높지 않은 편.회사 문화가 많이 보수적이며, 주말 근무를 권장하는 분위기.	보다 열린 마인드를 가져준다면...
2014/8/29	홈플러스(주)	400	784	37684	1.0	1.0	3.0	2.0	2.0	0	None	기타	현직원	서울	 0 	False	"혼란,"	직원 혜택으로 매장에서 5%할인 이런 정도일까..	대기업이란말이 무색할 정도로 아직까지 정립이 않되어 있다.	쓸데없는 것에 시간을 소비하지 말것
2014/8/28	홈플러스(주)	400	784	37559	4.0	3.0	3.0	4.0	4.0	1	2	경영/기획/컨설팅	현직원	서울	 0 	False	"역동적인 직장생활을 원한다면 지원해 볼만한 기업"	능력과 성과에 따라 빠른 성장이 가능항	정부규제로 인해 양적 성장의 정체, 전반적인 승진 기회가 줄고 있음	양적 성장을 가속할 수 있는 마스터플랜이 제시되어야 함
2014/8/27	홈플러스(주)	400	784	37290	3.0	3.0	3.0	3.0	3.0	1	2	경영/기획/컨설팅	전직원	서울	 0 	False	"그럭저럭 다니기 좋아요."	무난한직장.근무지다양. 적당한보수.다양한변화시도.	일반회사들의 단점들 여기도 다 있음. 무난하게 다닐만함.	..
2014/8/26	홈플러스(주)	400	784	37118	3.0	2.0	3.0	4.0	3.0	0	1	유통/무역	현직원	충남	 0 	False	"젊은 패기로 고생을 하는 것은 나쁘지 않지만 차라리 돈을 원한다면 조금 더 고된 잡부일을 하는 것을 추천함"	상사 눈치보지 않고 칼퇴근 가능, 자유롭고 가족같은 분위기	유통업 분야가 다들 알다시피 일이 고되고, 휴식여건이 제대로 갖춰지지 않음	업무량이 많은날은 정말 많지만 없는 날은 아예 없다시피함. 이게 균등분배가 되지 않고 발주도 엉망으로 내서 형편없는 수준.자체적인 운영 시스템의 개발을 요구
2014/8/19	홈플러스(주)	400	784	36034	1.0	2.0	2.0	2.0	1.0	0	1	IT/인터넷	현직원	서울	 1 	False	"연봉인상율이 낮고 인사평가에 따른 차등이 거의 없기 때문에 입사할 때의 직급 및 연봉 협의가 정말 중요합니다."	대기업으로서 가지고 있는 직업 안정성	사람을 중요하게 생각하지 않아 회사의 빠른 성장에 따른 기득권을 누리는 초창기 멤버 그룹 외에는 대부분 근속년수가 상당히 짧음(전체적으로 이직율이 높음)	직원들의 마음을 사로잡지 못하면 이 회사의 미래는 어둡습니다.
2014/8/17	홈플러스(주)	400	784	35614	2.0	2.0	3.0	2.0	1.0	0	None	IT/인터넷	현직원	서울	 1 	False	"미래불투명기준사원들의 불만족 심함퇴사하고싶지만 달리 방법이 없는 사람들만 잔류경력사원이 90프로이상여직원이라면 조금 추천It쪽은 야근많음"	유통대기업칼퇴권장분위기 갑으로서의 회사	낮은연봉 너무낮은 연봉대기업치고는 체계와 시스템이 엉망복지수준도 별로매출 매년 감소추세협력업체를 쥐어짜기 대마왕협력업체들이 모두 싫어함	장기적으로 미래가 없음사업할돈이없음 테스코는 손 털고 나갈듯
2014/8/9	홈플러스(주)	400	784	34495	3.0	3.0	3.0	3.0	3.0	0	1	경영/기획/컨설팅	전직원	서울	 0 	False	"유통업에 대한 전반적인 이해를 할 수 있음"	동종업계 괜찮은 연봉을 받을 수 있음 복지도 괜찮은 편	외국계 기업이지만 전형적인 한국 기업 문화를 갖고 있음, 업무와 삶의 균형이 어려움 현재 하향세	인사제도의 개편이 필요함
2014/8/9	홈플러스(주)	400	784	34453	2.0	3.0	2.0	3.0	3.0	0	1	기타	현직원	서울	 0 	False	"한곳에 쭉있다기보단 지나가는 회사라 생각하는게 편할지도"	다양한 복지와 교육. 임직원 할인 등. 보편적인것 이외엔 딱히 없음.	개인시간의 부족. 휴일근무. 다른곳 보다 적은 연봉	승진의 기회가 좀 더 열리길 바라며. 인사평가시 공정하고 공평하게 진행이되었으면 합니다.
2014/8/7	홈플러스(주)	400	784	34002	2.0	2.0	2.0	2.0	2.0	0	None	유통/무역	현직원	서울	 0 	False	"유통에 뜻이 있으면 추천, 그렇지 않으면 비추천"	자유로운 근무환경, 강남 위치, 점포본사간 이동소수이지만 글로벌 사업장 근무 기회	낮은 연봉(특히 파트장급 미만), 복지 수준이 열악함부서간 이기주의	영국 눈치 그만 보고 직원들 좀 챙기길...사내 정치, 파벌은 그만
2014/8/5	홈플러스(주)	400	784	33697	3.0	2.0	3.0	4.0	3.0	0	1	유통/무역	전직원	대구	 0 	False	"[현장판매직근무(유통)] 대체적으로 밝고 긍정적인 분위기에서 근무하고 근무하는 파트에 따라서 육체적인 노동의 강도가 결정될 수 있음. 과자파트같은곳보다는 농산물파트쪽이 좀더 쎈 경향이 있고 때에 따라 매장에서 큰소리치며 판매해야되는 대외적인(?) 활동도 자주경험할 수 있음"	일반인으로서 경험하지못하는 판매경험과 홈플러스 및 유통기업이 어떻게 물건을 들어와서 어떻게 판매하고 관리하는지에 대해 경험하고 배울수 있음. 직원수도 남녀의 적절한 비율로 분위기 또한 부드러운 편임.	유통업인 동시에 서비스적인 면도 있어 성향이 맞지않는 사람은 육체적으로나 정신적으로나 맞지않을수도 있음	기여하는 노동 및 강도에 비해 낮은임금이라는 측면이 있는데 임금의 향상이 되었으면 하는게 요구사항.
2014/8/5	홈플러스(주)	400	784	33650	1.0	2.0	3.0	2.0	1.0	0	1	서비스/고객지원	전직원		 0 	False	"단기알바 또는 휴학생들이 일하기 좋음"	급여관련 밀림없이 받을수있음 활발하고 열정적인 젊은이라면 일할때 즐거움	진상 아줌마 아저씨들의 진상짓을 웃는얼굴로 이겨내야함 오랫동안 서있어야하고 휴게실에서 아주머니사원들위 텃새에 편히 쉬지못할수도있음	임금인상 및 복지(휴게)시설이 더 발전해야할 것 같다
2014/8/29	이마트(주)	400	59035	37732	3.0	4.0	1.0	2.0	2.0	0	1	유통/무역	현직원	서울	 5 	True	"국내 1위 대형 할인점 답게 큰 규모의 업무를 경험할 수 있습니다. 이 수준에 걸맞는 복지 혜택 또한 제공하고 있습니다. 하지만 성장이 멈춰있는 단계고 업무량이 많은점은 참고 하셔야 할 듯 합니다."	업무를 진행함에 있어 1등 할인점 이라는 프리미엄을 받을 수 있음. 어린 나이에도 많은 것을 경험해 볼 수 있다고 생각함.	성장이 정체되다 보니 조직이 무거워 지고 관습적으로 업무를 진행하는 경우가 많이 있음. 창의적이고 혁신적인 업무를 원한다면 추천하고 싶지 않음	업무를 진행함에 있어 보다 체계적인 과정이 될 수 있는 여건이 마련되면 좋을것이고, 역피라미드형의 조직은 반드시 개선되어야 할 것 같습니다.
2014/8/18	이마트(주)	400	59035	35858	2.0	3.0	4.0	4.0	3.0	0	1	전문직	현직원	경남	 0 	False	"복지가 좋으나 밑바닥 부터 시작할 경우 연봉이 낮으며 엘리트 코스가 아니고서야 승진도 더디다."	동종업계 1위, 복지, 분위기가 활발하고 같은 사원들 끼리는 인상 구길 일이 별로 없음.	진상 고객 응대, 가끔 있는 본사에서 내려오는 폭탄과 같은 발주, 회장이나 부회장께서 점포 방문 시 난리 남.	직급이 낮을 수록 배로 떨어지는 연봉. 전문직2의 경우 이전 아르바이트 때와 같은 수준의 월급. 변화를 도모하고 관습을 타파한다고 하지만 고질적인 관습은 타파되지 못한 분위기. (승진 엘리트 코스라든가)
2014/8/14	이마트(주)	400	59035	35233	3.0	4.0	3.0	3.0	3.0	1	1	서비스/고객지원	전직원		 0 	False	"생각보다 근무여건은 좋다."	업계 1위라는 자부심. 이거 진짜 무시 못함.	유통업 특성상 상상 이상의 진상을 만난다는 것이 함정. 그것도 매일. 실적 압박도 당연히 들어온다.	해외사업은 접는게...
2014/8/12	이마트(주)	400	59035	34837	3.0	3.0	2.0	1.0	1.0	1	1	유통/무역	현직원	서울	 1 	False	"유통업계 쪽에서는 상위랭킹 연봉/ 고객서비스 계열에서 적극적인 분들에게 선호될 직무입니다."	국내 1위 유통업계 종사가능/ 현장근무-본사근무의 연계-순환근무가능(물론 발령은 인사팀 마음대로) / 수도권 점포 수가 상대적으로 많기 때문에 서울지역 근무 가능성 높음/ 신세계 계열사의 할인혜택 복지 다수	보수적인 조직문화/ 폐쇄적인 인사구조/ 초대졸 대졸간의 갈등 다수/ 본사와 현장의 의사소통이 힘듬/ 능력보다는 액션(속된말로 싸바싸바)이 인정받는 회사 분위기/ 장교우대 분위기가 있는편/ 경력직에 대한 편견 및 승진시 (비공식적으로) 불이익 있음/ 주중 주말 구분 없이 업무 전화 많음(점포의 주말영업때문)	오픈된 인사시스템이 필요함/ RT 전문 채용에 대한 재고 필요합니다
2014/8/9	이마트(주)	400	59035	34501	3.0	4.0	3.0	2.0	3.0	0	1	유통/무역	현직원	서울	 0 	False	"마트 중에서는 업계 1위라서 그나마 업무 환경이 나은편.그러나 앞으로의 낮은 성장성과 이면과 다른 주먹구구식 경영방식때문에비추함."	복지가 유통업계 중 좋은 편이며(육아휴직 보장) 업계 1위라는 메리트가 있음.점포: 남들 쉴때 못쉬니 급여가 높음. 본사: 부서마다 케바케. 일반 사무직 회사랑 비슷함.	1.앞으로의 낮은 성장성 ->낮은 성장성 대비 인력 정체가 심해직급 체계가 올해 전체적으로 바뀌면서 평균 연봉이 낮아질 것으로 보임.2. 주먹구구식 경영방식-> 보이는 이미지와 달리 상당히 주먹구구식.  대기업이라고 어떤 원칙과 매뉴얼이 있다고 기대하는 것은 무리......그때그때 달라요....그동안 높은 성장세에는 주먹구구식이 통했을지 모르겠지만앞으로의 성장에 난관이 많음.	...
2014/8/26	지에스리테일(주)	400	55399	37244	3.0	3.0	2.0	4.0	2.0	0	1	영업/제휴	현직원	서울	 0 	False	"영업관리는 영업도 아니고 관리도 아님.본인이 생각하는 업무와 다를수있으니 미리 알아보고 지원하세요."	유통전반에 대해 폭넓은 지식을 얻을수있다.특히 가맹사업.	설,추석 등 이슈있을때 주변 친지,가족에게 빌게됨.	말도안되는 평가지표 항목만 늘리지말고 필요한업무에 매진할수있게 해주었으면.
2014/8/23	지에스리테일(주)	400	55399	36675	4.0	4.0	1.0	3.0	3.0	1	1	영업/제휴	전직원	경기	 0 	False	"대형유통사의 경험 생각지 못한 경험 할수 있음"	장사를 배울수 있다. 대기업이라 처우는 좋지만................급여는 나은편	승진 어렵고 유통시장이 침체기다 근무시간이길고 휴무날도 나와야할판	다른 경쟁력을 만들어야함 본사와 점포간의 미스커뮤니케이션을 최소화 해야함
2014/8/21	지에스리테일(주)	400	55399	36341	4.0	3.0	3.0	4.0	2.0	1	1	영업/제휴	현직원	서울	 0 	False	"괜찮은 회사"	승진급 기회의 평등한 기회. 개인역량 발휘 기회 높음	보수적인회사, 업계 1위를 위한 투자 미흡	직원에 대한 관심
2014/8/18	지에스리테일(주)	400	55399	35682	3.0	2.0	2.0	4.0	3.0	1	2	유통/무역	현직원	서울	 0 	False	"책상에 가만히 앉아서 기계처럼 같은 업무만 하기시른사람들 강추조직문화강추"	업무 스케쥴을 본인이 짠다는것가맹사업전반에대한 방대한 지식습득!	하루하루스펙타클한 일들이 일어남외근이 많음	인센 좀 주세요근로의욕 고취에는 이것만한게 없죠
2014/8/16	지에스리테일(주)	400	55399	35546	3.0	3.0	2.0	1.0	2.0	0	1	유통/무역	현직원	서울	 1 	False	"입사후 최소 3-4년은 영업에서 경험을 쌓아야 함. 대학 좋은데 나오는거 보다 ROTC 캐리어가 더 중요한 회사임. 엠디를 목표로 해야 성장가능성이 높음."	성실하고 회사를 삶의 터전으로 생각하는 사람들에게는 최고의 직장임. 그러나 직원수가 많아 인사 적체 상태임. 1조가 넘는 현금이 있는것도 회사의 안정성에 보탬이 됨.	여직원수가 적으며 여자가 근무하기에는 너무나도 남성중심의 회사임. 그러나 여직원은 일못해도 대리까지는 무난히 다닐수있고 가끔 성희롱 신고로 영업팀장들 목 날리고 퇴직함. 영업팀에서는 여직원을 떠받드는 분위기임.	없음. 너무나도 다른 세계임.
2014/8/7	지에스리테일(주)	400	55399	34012	4.0	4.0	4.0	4.0	4.0	1	2	서비스/고객지원	전직원	서울	 0 	False	"안정적이고 집중할 수 있는 업무 환경"	다양한 복지, 그룹사 할인 등 제도가 잘 되어 있음.	약간은 딱딱한 업무환경이며 보고가 많음.	조금더 많은 대화를 통해 직원들과 좋은 환경을 이끌어 나갔으면 좋겠다.
2014/8/19	비지에프리테일(주)	400	74403	35980	3.0	3.0	3.0	2.0	3.0	0	1	기타	전직원	서울	 1 	False	"인생의 목표가 돈인 경우 궁합이 맞을듯.."	타 편의점 업계 대비 급료는 괜찮음. 여러가지 일을 해볼 수 있어 좋은 경험은 될듯..	일이 정말 많음, 자기 업무 외 타 업무 지시 정말 많음.	복지가 시급합니다.
2014/8/16	비지에프리테일(주)	400	74403	35506	2.0	3.0	2.0	3.0	3.0	0	1	영업/제휴	현직원	서울	 0 	False	"편의점 업계중에서는 연봉이나 복지 등 상위라고 생각합니다. 하지만 근무환경이나 복지쪽은 아직 개선해야 할 사항이 많다고 생각합니다."	동종업계 중 신입사원 연봉은 괜찮은편. 특판에 대한 부담이 덜한편	연봉상승율이 적은편. 연차가 쌓일수록 일이 힘들어지는 점. 사람의 힘으로 일을 해결하려는 점	업계1위를 유지할 수 있으려면 직원들의 마음부터 사로 잡아야한다고 생각합니다.
2014/8/12	비지에프리테일(주)	400	74403	34948	3.0	3.0	2.0	3.0	2.0	0	1	영업/제휴	전직원	서울	 0 	False	"연봉은 높지만 그 만큼 일하는곳!!"	업계 1위의 자부심과 안좋은 문화는 바뀌려고함	너무 높은 업무강도!  왠만한 남자들도 힘들어함	삶과 업무에 균형이 이루어졌으면 좋겠다
2014/8/8	비지에프리테일(주)	400	74403	34318	2.0	2.0	1.0	1.0	1.0	0	1	IT/인터넷	현직원	서울	 4 	False	"편의점 업계1위 기업이지만, 아직도 군대문화가 여전.까라면 까야하는 문화. 시키면 무조건 토 달지 말고 진행해야 하는 업무."	아침형 인간이 된다. 출근은 기본 8시 20분까지. 어떤 타부서는 7시 출근은 당연.독신주의자가 될 수 있다.	휴가를 맘껏 쓸 수 없다. 퇴근도 언제 할지 알 수 없다.술을 너무 좋아한다. 기본개념이 없는 윗선이 수두룩.	일을 체계적으로 진행하지 않고, 닥쳐서 일을 진행. 물리적인 시간을 전혀 고려하지 않음. 잘하면 내 업무 못하면 니 업무. 불필요한 보고서 작업이 너무 많다.
2014/8/4	비지에프리테일(주)	400	74403	33604	4.0	2.0	1.0	1.0	1.0	0	1	유통/무역	전직원	서울	 0 	False	"10년동안 회사가 두배로 커졌지만 직원 수는 그대로인 회사? 왜 일까?왜 회사를 위해서 희생을 안하느냐는 분위기이며, 싫어하는 사람은 바보가 되는 회사"	재무구조가 탄탄하기 때문에 망할 걱정은 없다. 퇴사자가 많기 때문에 승진기회는 충분하다. 일이 힘들기 때문에 직원들간에 끈끈한 것이 있다. 처음 입사하면 선배들이 잘챙겨주는 편이다.	직원돈으로 특판 물량 구매를 채워야함. 안사면 특판사라고 보너스 주는 것이라고 함. 일과 삶의 밸런스를 찾는 사람은 왕따 당하기 쉬운 곳이다. 그리고 완벽한 군대문화 문제가 생기면 덥고 보자 마인드다.	당신들이 충성스럽다고 생각하는 사람들이 회사를 망치고 있다. 당신을 포함해서
2014/8/29	한국철도공사	400	86756	37802	2.0	1.0	1.0	3.0	1.0	0	1	영업/제휴	전직원	서울	 0 	False	"회사 자체가 크게 상황이 썩 좋지 않음 개선하기 위해 열심히 노력하고는 있음"	업무에 대한 스트레스가 적음 자기 일만 잘하면 됨	노조문제, 그리고 계속되는 민영화에 대한 압박	경영정상화를 하는 것은 좋으나 좀 잘 해주었으면 한다
2014/8/20	한국철도공사	400	86756	36163	4.0	3.0	4.0	4.0	3.0	1	2	경영/기획/컨설팅	현직원	서울	 0 	False	"장기적으로 보았을때 발전가능성 높음. 공기업 특성상 조금만 열심히하려한다면 길이 열려있음."	부서간 이동 및 경험이 자유로움. 공기업 특성상 본인 노력여하에 따라 길이 열려있음. 업무 강도가 낮은 곳의 경우 노력대비 연봉수준 최고.	낮은 호봉의 경우 연봉과 복지수준이 타 공기업대비 낮음	열린 사고 필요함. 철도청시절 관료주의에 젖은 일부 층들이 잔재.
2014/8/21	(주)대한항공	400	81661	36458	2.0	3.0	2.0	1.0	2.0	0	1	생산/제조	현직원	인천	 3 	False	"한번의 여행으로 1년의고통을 감수할 수 있는 여행홀릭들에게는 추천."	비교적 안정성이 보장되는 기업. 웬만큼 사고를 치지 않는 이상 정년까지는 보장됨.부모님, 장인장모, 배우자, 자녀에게 제공되는 대폭 할인되는 항공권.	뿌리박힌 군대문화. 항공권을 제외한 직원복지 미비.정년은 보장하지만, 진급율이 매우 낮은 시스템.	직원에게 책임만을 물으려하는 제도를 개선해야되지 않을까...
2014/8/5	(주)대한항공	400	81661	33704	3.0	3.0	4.0	3.0	3.0	1	1	경영/기획/컨설팅	현직원	서울	 0 	False	"최상위 항공사에서 일할 수 있는 기회가 있으며, 일과 가정의 균형을 어느정도 가져갈 수 있음. 직원 항공권 사용하여 여행가능하므로, 여행을 좋아하는 사람에게 추천함."	직원항공권 사용하여 전세계 어디든 여행을 갈 수 있음. 타사대비 야근이 많지 않아 일과 가정을 어느정도 양립할 수 있음.	타 산업군 대비 낮은 보수와 정체된 인사가 문제, 항공업 특성상 타사 이직이 쉽지 않음	직원 능력에 따른 복지와 급여에 신경써 주시면 좋겠습니다.
2014/8/4	(주)대한항공	400	81661	33613	3.0	3.0	4.0	4.0	3.0	1	1	경영/기획/컨설팅	전직원	서울	 1 	False	"당시만 해도 유일한 글로벌 회사"	ZED 티켓, 매너 있는 조직문화, 정년보장과 가까운 고용안정성	낮은 연봉 수준, 사무직과 대졸공채의 갈등	3세 경영 승계작업의 성공
2014/8/1	(주)대한항공	400	81661	33146	2.0	3.0	4.0	1.0	2.0	1	None	생산/제조	전직원	서울	 0 	False	"영어를 가장 중요시 하기때문에 토익과 스피킹 점수를 최대한 만들면 좋음"	회사 이미지가 좋아서 남들이 좋게 봅니다. 항공권 잘 사용하면 효도할 수 있는 것이 큰 장점 장기근속 연수 부서에 따라서 칼퇴근이 가능	기술직은 3D 업무이기에 머리를 쓰는 일 보다 몸을 쓰는 일이 거의 대부분이며 더위 추위가 적. 생산직 업무 같아서 회의감이 나이들어 듬니다 학교에 의한 사내 정치가 보기 안좋음	현장직 사람들에 대한 인식과 대우 개선 필요
2014/8/25	롯데쇼핑(주) 롯데마트사업본부	400	89252	37064	3.0	4.0	2.0	3.0	2.0	1	1	유통/무역	현직원	서울	 4 	True	"상품과 시장과 고객 모두 가까이에 있기때문에 마음만먹으면 이보다 더좋은 밑거름이 없으며, 달리말하자면 이보다더빡센곳을 찾기도 힘들다"	상품과 시장의 흐름을 배울수있다  가장 아래에 있는직원도 스스로 업무를 진행하여 성과를 창출할 수있다	아주조금이라도 배워가기 위해서는 내 멘탈과 퇴근후 여유로운 저녁은 결코 확보할수없다	인적 인프라 관리에 힘쓸것. 보고에 연연하지말고 스스로 생각해볼것
2014/8/25	롯데쇼핑(주) 롯데마트사업본부	400	89252	36937	3.0	4.0	2.0	2.0	1.0	0	1	영업/제휴	현직원	경기	 1 	False	"가만히 책상에 앉아 엑셀 두드리는 일이 적성에 안맞는다면, 여기 한 번 와서 일해보세요."	은근 쉬는 날은 잘 보장해줌(주2회의 주휴, 법정공휴일, 5일 휴가 등), 육아휴직과 복직에 관대함, 업무강도가 시즌이나 요일에 따라 강약중간약을 왔다갔다 하기 때문에 힘들어 죽겠다가도 다닐만함.	대중없는 퇴근시간(아침에 출근했다가 자정에 퇴근도..), 상명하복 군대식문화, 업계 1등 뒤를 쫓아가기 위한 많은 비효율적 노력들, 비효율적이고 쓸모없는 업무를 수행하는데서 오는 스트레스, 기본 오퍼레이션 개선보다는 당장의 보여주기식 개선과 매출올리기에 급급함..장기적 성장가능성 낮아보임.	내부 직원들의 목소리를 진지하게 들어볼 필요가 있음.
2014/8/24	롯데쇼핑(주) 롯데마트사업본부	400	89252	36863	2.0	3.0	1.0	1.0	1.0	0	None	유통/무역	현직원	서울	 8 	False	"일반 대기업 수준의 급여는 받을 수 있으나 성장하는 유통회사를 경험하고 싶다면 비추천합니다."	일단 대기업 수준의 연봉과 연말과 연초에 터지는 상여금. 이거땜에 일년을 버틴다.	정말 보수적이고 체계없는 주먹구구식 기업문화. 직원들을 소중히 여기지않고 누구든 대체가능하다고 생각하며 인사관리를 해주지 않음. 내가 당장 내일 생각치도 못한 팀이나 점포로 발령날 수 있음.	직원을 소중히 여기며 인력관리를 제대로 해주길. 지금의 기업문화라면 똑똑한 직원들은 다 빠져나가고 결국 정체될것이다.
2014/8/20	롯데쇼핑(주) 롯데마트사업본부	400	89252	36301	3.0	3.0	1.0	1.0	1.0	0	1	유통/무역	전직원	서울	 0 	False	"가서 열심히 할수 있는 사람들만 지원하기를."	열심히 하는 회사. 사원급에서 할수 있는 업무가 다양함	습관화된 야근과 주말출근. 수직적인상하구조	퇴사했으므로 없음.
2014/8/20	롯데쇼핑(주) 롯데마트사업본부	400	89252	36140	3.0	2.0	1.0	2.0	1.0	0	1	경영/기획/컨설팅	전직원	서울	 0 	False	"한 분야의 전문가로 성장하고 싶다면 비추"	윤리, 도덕적 문제만 일으키지 않는다면 정년보장. 직장에서 성공하겠다는 욕심만 없다면 그냥그냥 다닐 수 있음.	일관된 경력유지로 전문가로 성장하기 어려움. 언제 어느 부서로, 심지어 어느 점포로 어느날 갑자기 발령날지 알 수 없다.	비효율적인 회의관행, 정답없고 발전없는 도돌이표 사업전략.몸 말고 머리를 쓰는 똑똑한 경영진이 필요하다.
2014/8/12	롯데쇼핑(주) 롯데마트사업본부	400	89252	35001	2.0	1.0	1.0	2.0	1.0	0	None	영업/제휴	현직원	서울	 0 	False	"대기업이라는 이름은 있지만 문화 수준은 중소기업"	한번에 여러가지 업무를 할 경험을 가질 수 있음	즉흥적인 의사결정, 변덕적인 업무계획	직원을 아낄수 있어야 함
2014/8/4	롯데쇼핑(주) 롯데마트사업본부	400	89252	33481	2.0	2.0	1.0	1.0	1.0	0	None	유통/무역	현직원	서울	 1 	False	"업의 특성상 연봉도 크지 않고, 추가 근무, 휴일 근무가 많다. 그러나 그룹의 특성상 망하지 않을 회사이다. 또한 타 유통사보다 해외에 많은 포커스를 두고 있기에 글로벌 역량이 된다면 좋은 경험을 할 수 있다."	다른회사 대비 업무적으로 여러가지 압박이 있다보니 업무스킬과 인내심을 빠르게 기를 수 있다. 또한 앞서 얘기한 회사 안정성과 해외 지점은 타 유통사 대비 강점이다.	유통흐름이 온라인 시프트가 빠르게 진행되고 있어 계속 부진분석과 과다한 회의가 난무하고 있다.	회사방향성이 왔다갔다 안했으면 한다.  왜 직원들이 계속 떠나고 있나에 대한 질문에 대해 심각하게 고민해야 한다. 그리고 워크앤라이프발란스, 굿투그레잇 등 철지난 이슈(타 대기업에서는 이미 몇 년 전부터 시행중인)에 대한 도입이 시급하다.
2014/8/1	롯데쇼핑(주) 롯데마트사업본부	400	89252	33268	4.0	3.0	2.0	2.0	3.0	1	1	유통/무역	현직원	서울	 1 	False	"업계상위권의 대형유통업체로, 유통전문가를 꿈꾸는 사람에게 좋은 경험의 장이 될 수 있음. 단단히 맘을 먹고 입사해야 할 곳이라는 판단"	업계상위권의 대형유통업체이므로, 다양한 업계의 파트너들과 많은 경험을 하기에 좋은 직장이라고 판단됨.  일은 힘들지만, 경쟁력있는 사회인으로 도약할 수 있는 토대가 될 수 있음	보수적인 문화의 존재, 체계적으로 업무를 하기보다 그때그때 시류에 맞춰흘러가는 듯한 분위기	없음.
2014/8/30	현대백화점(주)	400	47637	37848	2.0	4.0	2.0	2.0	2.0	0	1	영업/제휴	현직원	경기	 0 	False	"영업관리를 배울 수 있는 회사"	현대의 문화를 가지고 뭐든 하면 한다는 스타일로 밀어부침	바뀌려고 하는 기업문화에 비해 바뀔 수 없는 부분도 아직 많다...	...
2014/8/22	현대백화점(주)	400	47637	36633	3.0	4.0	3.0	3.0	3.0	0	1	경영/기획/컨설팅	전직원	서울	 0 	False	"실무자에게 권한을 많이 줘 보람차기도 하지만 영업압박 심하고, 업계를 주도하는 뭔가가 딱히 없어 앞으로도 3위일 것 같은 느낌."	실무자에게 권한을 많이 줘서 여러가지 아이디어를 낼 수 있음. 동종업계 경쟁사와 비교하면 상대적으로 직원처우가 좋습니다.	주요 수익창출원 중 하나인 현대백화점카드 영업압박이 있습니다. 영업압박이 대박 스트레스. 그리고 윗분들을 보면 다른 회사보다 빨리빨리 잘리는 것 같습니다.	..
2014/8/22	현대백화점(주)	400	47637	36553	4.0	4.0	2.0	2.0	2.0	0	1	영업/제휴	전직원	서울	 0 	False	"금융권정도의 높은 급여 그러나 근무시간이 길고 실적압박(카드,매출)등이 있음활발하고 외향적인 사람은 추천"	최고수준의급여, 직원할인 혜택, 새로운 트렌드를 자주 접함, 해외출장 기회, 사내대학 진학 기회, 부채비율이 엄청낮은 튼튼한회사, 순환근무를 통한 다양한 직무체험, 학연이 없고 평균학벌이 높지 않음.	보수적 수직적 조직문화, 이익률을 따지느라 도전에 주저하는모습, 긴 근로시간, 불규칙한 휴무, 업무위주의 삶(휴일에 빈번한 연락 )불필요한 업무 과다아직은 체계가 확실히 잡히지 못함영업부서, 지원부서  ,본사 근무여건 차이가 심함지점 영업관리일 경우 스트레스가 심함 (매출압박, 카드영업등)	영업부서 의존도를 줄이고 영업환경에만 집중할수있도록 불필요한 업무하달 자제 요망
2014/8/19	현대백화점(주)	400	47637	35973	2.0	3.0	1.0	2.0	4.0	0	1	서비스/고객지원	전직원	서울	 0 	False	"항상 좋은사람과 만나 거래를 할 수 있는건 아니라는점을 명심하고 지원하면 좋겠음"	업종의 특성상 열심히 일하면 더 많은 보수를 받을수 있는 구조. 자신이 관심있는 분야라면 즐기면서 일을 할 수 있을것이다	주1회 휴무와 공휴일 필히 출근을 해야하며 항상 웃어야하는 직종이다보니 속으로 스트레스가 많이 쌓임	직원들의 인권보장 및 복무여건의 개선이 필요
2014/8/13	현대백화점(주)	400	47637	35205	3.0	4.0	3.0	4.0	3.0	0	1	서비스/고객지원	전직원	서울	 0 	False	"사내 분위기 자체가 많이 바뀌고 있는 추세. 수직적인 군대문화가 줄어들고 협력사원을 존중하는 편"	다양한 복지와 올바른 사내문화가 존재한다. 가족같은 사내 분위기가 존재하고 정직원들 또한 다양한 농촌봉사에 참여한다. 협력사원과 정직원 간의 차별이나 거리감은 없는편이다	근무시간이 비교적 많다. 평일에는 8시에 마감 한다고 하지만 실질적으로 끝나는 시간은 8시 20분 이고 금, 토, 일 엔 30분씩 연장영업 한다.  주말근무는 필수다. 규칙적인 출근을 선호한다면 비추천하는 직장이다.	고객을 대상으로 하는 마케팅을 늘려야 한다. 코엑스 공사로 인해 매출이 많이 떨어진 상태에서 더욱더 공격적인 마케팅을 기획해야 한다. 다양한 상품권 행사 및 할인행사 등이 필요하다.
2014/8/9	현대백화점(주)	400	47637	34442	3.0	4.0	2.0	4.0	2.0	0	1	영업/제휴	현직원		 0 	False	"영업관리중에서도 백화점업은 진짜 빡신듯 그래도 돈은 많ㅇㅣ줌"	높은 연봉대기업서비스업이라 경력쌓기 좋음	일이 진짜 빡셈스트레스를 많이 받음	없음
2014/8/31	코리아세븐(주)	400	52956	37908	2.0	1.0	2.0	2.0	2.0	0	1	서비스/고객지원	전직원	서울	 0 	False	"그냥 한번 일해본다고 생각하면 편하다."	정해진 일만 잘하면 아무 문제 없어서 좋다.	시급도 짜고... 빡시고..솔까 그시간에 다른일하는걸 추천	딱히 바라는건 없고, 그냥 알바니까 하는거지...
2014/8/21	코리아세븐(주)	400	52956	36509	2.0	3.0	1.0	1.0	2.0	0	1	영업/제휴	전직원	서울	 0 	False	"자사채용으로 입사한다면 진급에 한계가 옴.자기 생활 포기하고 일에만 매진한다면 추천"	자립심을 키울 수 있음. 뭐든 알아서 해야함.반복적이고, 능동적이라면 적성에 맞을 수 있음.	평가의 의미는 진급누락을 때우려는 핑계. 남들하는것 보고 다들 저거밖에 못해?  하고 덤비다가 결국 나도 남들처럼 하고 있음.	업무배분의 분할이 필요함.  외적성장 보다는 내실과 체계를 확실히 할 필요가 있음. 만능을 바라기엔 개개인 능력이 다 틀리고 한계점에 금새 부딪힘. 자사입사라면 꽤나 긴 기간동안 진급. . .은. . .
2014/8/20	코리아세븐(주)	400	52956	36227	3.0	4.0	3.0	4.0	2.0	1	2	영업/제휴	현직원	서울	 1 	False	"체력보강"	보람찹니다 아침부터 밤까지 매장관리에서부터 직원교육까지 그리고 물품 상하차 진열 모두 자기의 관리에서 이루어지기때문에 끝나고나면 보람찹니다.	잦은야근에 시달려서 체력이 많이 딸리기 때문에 평소에 체력관리를 잘하셔야합니다.	업무조건개선
2014/8/11	코리아세븐(주)	400	52956	34795	3.0	2.0	3.0	3.0	3.0	0	2	서비스/고객지원	전직원	인천	 0 	False	"힘든점이나 고생한 점은 없지만 업무에 비해 급여가 많이 적다."	업무가 힘들지 않고 편안한 분위기에서 업무를 볼 수 있었다.	자신이 생각한 것보다 급여가 적고 최대한으로 적게 주려는 경향이 있다.	일한 성과만큼 급여를 받았으면 좋겠습니다.
2014/8/6	코리아세븐(주)	400	52956	33965	3.0	2.0	1.0	1.0	1.0	0	None	영업/제휴	전직원	경기	 1 	False	"너무나 다양한 경험"	롯데라는 간판, 점포가 많아 운이 좋다면 집근처에서 근무 가능.	동종업계 보다 적은 임금.롯데 계열사인지 의심스러운 복지.	직원은 소모품이 아닙니다.
2014/8/19	이랜드리테일(주)	400	59124	35885	1.0	3.0	2.0	1.0	1.0	0	2	유통/무역	전직원	서울	 0 	False	"여자가 대부분인 직장에서 버틸수 있는 멘탈과 군대를 다녀온것과 비슷한 체력과 정신력을 가진 사람이면 충성할 만한곳"	오래 다닌 직원은 퇴사후 재취업이나 휴직 복직등이 비교적 자유롭다.하지만 이것도 팀마다 부서마다 조직마다 다 다르다는점~복불복이다.	월급은 몇해전 회장님께서 전반적으로 올려줘서 대기업 수준이지만...일랜드 라는 말은 절대 거짓말은 아니다. 노동이 많고 정신적 스트레스..특히 나이많은, 생활 전선에서 일하는여성이 많은조직을 버틸수 있는 멘탈이어야함. 하지만 아무튼...워낙 회사가 큰만큼 팀마다 부서마다 직무마다 모두 복불복이라 뭐라고 말하기 어려움.	왜 직원들이 많이 퇴사하는지 좀더 적극적으로 알아보셔야 하지 않을까요...
2014/8/14	이랜드리테일(주)	400	59124	35289	2.0	4.0	1.0	2.0	1.0	0	1	디자인	전직원	서울	 0 	False	"멍청하도록 착하고 순종적이면서도 열정이 빛나는 모습을 보인다면 반드시 합격할 것입니다."	패션디자이너로서의 연봉은 업계 최고의 수준으로 받을 수 있습니다. 개인 성과별 격차가 꽤 큰편이지만 본인의 성과가 좋으면 남부럽지 않은 연봉을 받을 수 있습니다. (패션 디자이너)	신입시절부터 개인 프로젝트 성과로 평가당합니다. 디자인을 하고 싶은 사람이라면 가지 않는 것이 좋습니다. 디자이너에게 디자인 외적인 업무가 많이 주어집니다. 자신의 스타일을 포기하게 만듭니다.	뭐, 알아서 하십쇼
2014/8/6	이랜드리테일(주)	400	59124	33839	3.0	3.0	1.0	2.0	3.0	0	1	경영/기획/컨설팅	전직원	서울	 0 	False	"개인 생활을 거의 포기해야 한다. 이틀 쉬면 잘 쉬는 거라고들 한다... 이틀 쉬면 윗사람들이 눈치 줌."	술자리 문화 없음. 승진 기회는 균등한 편.	쓸데없는 사내 행사가 많음. 체육대회 준비 따위로 본업은 팽개치고 1~2개월을 합숙 훈련. 그외 합창대회 등 각종 행사 다양함. 흡연자는 승진시 불이익 있음. (승진면접 전 혈액검사 실시) 겉으로 드러나는 종교 강요는 없으나, 사실상 기독교에 거부감 있는 사람은 적응하기 어려울 수도. (지점별 담임 목사가 있음) 평균 10~12시간 근무. 실제로는 13시간 반 정도 근무했음. 개인생활이 거의 없다고 보아도 무방.	주먹구구식, 이론에만 입각한 이상적인 경영관을 버려야 한다.
2014/8/21	씨제이대한통운(주)	400	23203	36311	3.0	3.0	2.0	3.0	1.0	0	1	서비스/고객지원	현직원	서울	 0 	False	"물류분야에 대한 풍부한 경험 가능, 많은 업무량"	물류/유통에 대한 일을 전문적으로 배울 수 있음. cj 복지혜택 좋음. 끝	업무량이 심각하게 많음. 보수적이며 답답한 업무 체계 스트레스. 능력을 인정해주나 보수가 따르지 않음.	경직된 사내문화와 수직적 구조를 개선해야 글로벌 기업으로 거듭날 수 있음.
2014/8/31	(주)서브원	400	73058	37975	3.0	2.0	3.0	3.0	3.0	1	1	기타	전직원	서울	 1 	False	"근무위치 상당히 좋으며 LG계열사라는 자부심을 갖고 다닐 수 있음. 그러나 진심 이게 대기업인가 할 정도로 낮은 월급을 보면 참..."	회사위치가 좋으며 대기업이라는 타이틀이 직장에 대한 자부심을 느끼게 함.	사업이 다양해서 어디에 치중을 하고 있는지 모르고 무엇보다 짠 임금은 정말 노답	어차피 나왔으므로 바라는거없음
2014/8/24	(주)서브원	400	73058	36902	3.0	3.0	2.0	3.0	1.0	0	None	엔지니어링	현직원	서울	 1 	False	"동종업계 대비 시평액 및 시공순위가 낮은데 비해, 기업 자본급과 LG라는 타이틀로 성장할 것이라는 기대감이 가득 찬 회사임."	타 건설사에 비해 자유로움.경력직이 회사를 주도하므로 일하기 수월함.	신입사원을 키우려는 생각은 없어보임.상사와 부하직원간의 갭이 커, 쉽게 일을 배울 수 없음.	FAST TRACK과 FE는 시기상조임.
2014/8/20	(주)서브원	400	73058	36129	2.0	3.0	1.0	1.0	2.0	0	1	영업/제휴	전직원	기타	 0 	False	"엘지그룹 내 안정적인 사업구조미래  비전이 없음"	업계1위, 우수한 인재들과함께 일할 수 있는점	타 계열사에서  이직해  온 사람 들이 많아 자체적인 문화란게 존재하지 않는회사부서잘못걸리면 하루종일 없는상품등록만 할수있음	본사인력과 지방인력의 효율적인 관리가 필요할듯본사는 건전한 회식문화로 바뀌고  있지만, 지방은 중견기업수준의 문화를 가지고있음
2014/8/11	(주)서브원	400	73058	34760	5.0	4.0	5.0	5.0	5.0	1	1	경영/기획/컨설팅	현직원	서울	 3 	False	"B2B 기업으로 구직자에게 잘 알려지지 않았지만, LG 그룹 내 매출 순위 7위, 매경 1000대기업 매출순위 109위로 안정성과 성장성을 동시에 갖춘 회사."	LG그룹 담게 업계 최고 수준의 연봉 및 복지 수준을 갖추고 있으며 젊은 조직문화가 형성되어있어 즐겁게 소통하며 일할 수 있는 기업.	CIC 형태로 사업부가 하나의 회사처럼 운영되고 있어, 하나의 기업이라기 보다는 4개의 회사가 하나의 이름으로 뭉쳐있는 느낌이 강하다. 열심히 근무하여 성과를 만들어도 타 사업부의 부진에 따라 성과 인정이 퇴색되는 경우가 있어 사업부간 이기주의가 발생하기도 한다.	대기업이지만 LG 브랜드를 사용하지 않고 있으며, 외부에 많이 알려지지 않아 임직원들의 프라이드는 높지 않은 편입니다. 꾸준한 홍보와 마케팅으로 매출과 임직원 로얄티, 두마리 토끼를 모두 잡길 바랍니다.
2014/8/8	(주)서브원	400	73058	34328	4.0	3.0	5.0	5.0	5.0	1	2	경영/기획/컨설팅	현직원	서울	 0 	False	"안정적인 성장 가능성쾌활한 조직문화직무역량 강화"	젊고 밝은 사내문화가족같은 분위기업무적으로 성장할 수 있음지속적인 성장 가능성	MRO사업부의 경우 분명 프로세스 개선을 해야 할 필요가 있음 (PI 효과 미비, 효율적이지 못하고 더 안좋아짐)	MRO사업부의 경우 분명 프로세스 개선을 해야 할 필요가 있음 (PI 효과 미비, 효율적이지 못하고 더 안좋아짐)
2014/8/8	(주)서브원	400	73058	34302	3.0	2.0	1.0	3.0	1.0	0	None	영업/제휴	전직원	경기	 2 	False	"사업부와 직무에 대해 잘 알아보고 지원할 것. 대외적 이미지와 실제 현업의 차이가 큼."	급성장한 회사로 상대적으로 젊은 조직. 대기업 문화를 겪어볼 수 있다.	현실성 없는 업무 프로세스 및 시스템 변경으로 혼란 겪고 있음.과중한 업무량과 고객 클레임 상대.본사 근무가 아닐 경우 맡게 되는 사업장에 따라 근무 여건 차이가 큼.	실제 현업의 여건을 좀 더 고려하고 운영해주셨으면 함.
2014/8/7	(주)서브원	400	73058	34174	3.0	5.0	1.0	3.0	1.0	0	None	영업/제휴	현직원	서울	 0 	False	"젊은 조직, LG그룹안에서 유일한 유통기업, 업계 1위"	젊은조직, 기존 유통망을 활용해 신규 제품 개발 및 시장 창출 가능호황이든 불황이든 안정적인 성장	시스템개편...누구를 위한것인가요? 정말 한방에 훅 갑니다.	시스템 개선 프로젝트 실패로 보고 반면교사로 삼읍시다.그리고 시스템 원복하든지 아님 새로운 보완을 하던지...
2014/8/7	(주)서브원	400	73058	34167	3.0	1.0	1.0	2.0	1.0	0	None	영업/제휴	현직원	서울	 1 	False	"과거 단기 성장하였으나 이제는 정체되는 시점. 현업과는 괴리된 시스템 개편으로 인해 모든 부서 대 혼란"	비교적 낮은 스펙으로 대기업 밟아볼수 있음호황이든 불황이든 리스크가 적음기존 산업재 유통망 활용하여 얼마든지 신규 시장 개척 가능	경영진 판단착오현장 지원 전무	시스템 개편은 실패로 보고 다시 원복합시다.
2014/8/4	(주)서브원	400	73058	33587	4.0	3.0	1.0	5.0	1.0	0	1	영업/제휴	현직원	기타	 2 	False	"적당한연봉에 과도한 업무. 경영지원이라면 추천. 구매라면 그냥.. 다닐만 함. 영업이라면 당장 다른거 알아보심이 좋음"	적당한 연봉. 비교적 진입문턱이 낮음(특히 지방근무자의 경우 낮은스펙으로 대기업 문턱을 밟아볼수 있음)	잦은 조직개편. 주먹구구식의 업무 체계. 혼란으러운 경영진의 의사결정. 아무도 이해못하는 시스템 변경.	현상황이 말해주고 있음(2014년 8월 현재)
2014/8/27	(주)이디야	400	87294	37355	3.0	2.0	1.0	1.0	1.0	0	2	영업/제휴	현직원	서울	 1 	False	"자기발전이 힘듬,회사의 발전 가능성은 반반,동종 업계 비하면 높은 연봉으로 시작하지만 인상률은 없음."	성장하는 회사, ceo의 마인드가 좋음	군대식 기업 문화, 오래 일할수록 일을 잘한다는 인식을 갖고 있음, 여인천하	짧게 일해도 효율적으로 일할수 있는 환경 개선 요구함. 오래 일한다고 일을 잘하는게 아니라는것을 알아줬으면..
2014/8/20	(주)이디야	400	87294	36282	2.0	5.0	3.0	3.0	3.0	0	2	서비스/고객지원	현직원		 0 	False	"연봉이나 복지에 있어서 좋은 기업이다."	커피를 좋아하고 활발한 활동을 좋아한다면 추천다만, 업무가 많은편급속 성장을 이루는 중	승진 등 인사고과에서 발전 가능성이 별로 없다	점포 늘리기 보다 다른 커피점들보다 차별화된 경쟁력이 필요한 듯
2014/8/29	삼성에버랜드(주)	400	30164	37677	3.0	3.0	2.0	3.0	2.0	0	1	경영/기획/컨설팅	현직원	경기	 0 	False	"은근 보수적"	여성에게는 최고의 직장.복지는 괜찮은것 같음.	보수적인 면이 많음.연봉도 적은편이고 성골이 아니라면 진급은 기대하기 힘듦.은근 남성에게는 역차별이 있음.	테마파크의 특성에 맞게 장기적인 플랜으로 접근해야 하나,최근 잦은 경영진의 교체로 인해 단기 실적에 집중하는 모습을 보임.
2014/8/27	삼성에버랜드(주)	400	30164	37327	3.0	2.0	3.0	3.0	2.0	0	1	경영/기획/컨설팅	현직원	서울	 0 	False	"삼성이라는 것을 빼면 이젠 단물 다 빠져버린 회사"	삼성이라는 네임밸류 그나마 삼성 관계사 중에 낮은 업무강도	돈 되는 사업이 없고 제일모직.패션하고 합쳐지면서 회사 정체성 흔들리다가 사명도 제일모직으로 바뀜	중장기적인 관점에서 회사운영
2014/8/25	삼성에버랜드(주)	400	30164	37018	2.0	3.0	1.0	3.0	3.0	0	2	서비스/고객지원	현직원	경기	 0 	False	"하루를 일해도 보수를 받을 수 있는 회사"	아무래도 역시 삼성이구나. 라는 감탄사가 나올 정도로 급여 부분에 있어서는 칼같이 계산해주더군요. 보수가 적은 편도 아니었구요	성수기에 업무강도가 정말 강합니다. 교대로 근무하다보면 정신도 없고 본인 생활에 균형을 맞추기는 정말 힘든 곳 같네요	서비스직은 현장 최전선에 있는 만큼 기업의 이미지를 좌우하는 중요한 직무입니다. 서비스직 직원들에게 그만큼의 보상과 복지를 돌려줄 수 있었으면 좋겠습니다.
2014/8/4	삼성에버랜드(주)	400	30164	33584	5.0	5.0	5.0	5.0	4.0	1	2	디자인	현직원	경기	 1 	False	"신입사원을 잘 뽑지는 않지만 들어가면 대기업의 장점과 공무원의 장점을 함께 누릴수 있습니다."	삼성의 공무원이라 불릴정도로 일과 삶의 균형이 좋아 자기계발시간이 많습니다.	딱 한가지 단점이 있다면 대중교통이 불편해 차가 있어야 한다는 점입니다.	고생이 많습니다.
2014/8/29	자라리테일코리아(주)	400	12620	37702	4.0	1.0	3.0	2.0	3.0	0	1	경영/기획/컨설팅	현직원		 4 	True	"유능한직원에게는 승진의 기회는 있으나장기적인 커리어를 쌓기엔 부족한 회사"	업무능력을 인정받으면 승진의 기회는 언제나 있음수평적임	업무강도가 꽤높고 사무환경과 인프라가 혁신적이지않음개인주의	회사규모가 늘어남에따라 더많은 인력이 요구됨
2014/8/2	자라리테일코리아(주)	400	12620	33347	5.0	3.0	3.0	2.0	3.0	1	2	서비스/고객지원	전직원	서울	 0 	False	"SPA업계의 일을 체계적으로 배우고 시작하고 싶다면 자라에서 일을 시작하는 것을 추천한다."	일단 능력제 승급으로 나이나 학벌로 평가 받지 않는다는 점이 매력적이고승급 또한 일의 능력 만큼 빠르다.	칭찬하는 분위기보다는 못하는 점을 계속 지적해서 트레이닝 하는 분위기가 계속 답습되고 있는데 이 부분이 가장 단점이라고 생각했다. 말투에 따라서 일적이 아닌 개인적으로 상처받을 수 있는 부분이라고 생각한다. 그리고 스케쥴이 자주 변동된다.	조금 더 직원을 위한 복지가 생겨나면 좋을 것 같다 예를들면 휴게실이라던지.. 그런 작은 배려가 인재들을 놓치지 않는 기회가 될 것 같다.
2014/8/26	하이프라자(주)	400	48960	37206	3.0	4.0	1.0	3.0	2.0	1	1	영업/제휴	전직원	서울	 0 	False	"업무강도가 세지만 급여로 보상해주는 회사. 영업에 관심있다면 추천."	높은 급여.안정적인 승진.안정적으로 오래다닐 수 있는 회사.	유지기에 들어간 회사로 승진해도 판매사원.주말휴무 불가.다소 강압적인 근무환경.	금전적 보상 외 문화적 보상 필요.
2014/8/4	하이프라자(주)	400	48960	33555	4.0	4.0	1.0	2.0	2.0	0	1	경영/기획/컨설팅	전직원	서울	 0 	False	"삶의질과 연봉을 맞바꿀자신이 있다면 추천"	LG전자에 버금가는 연봉과 복지혜택영업과 서비스마인드를 철저히 배양할수있음	본사든 지점이든 업무강도가 매우높고삶의질이 떨어지는 부분을 감수해야함유통은 주말이 피크이기때문에 본사에 입사한다고해도 주5일을 꼬박지킬수는 없음인력교체가 잦은편임	임원 주도의 실적경영이 당연하겠지만 직원들이 주인이 되어 내실을 다지는 회사가 되길
2014/8/27	아시아나항공(주)	400	22637	37361	3.0	3.0	5.0	3.0	2.0	0	1	전문직	현직원	인천	 0 	False	"항공업계 특성상 보수적일 수 밖에 없는 업무들이 대부분입니다. 본인의 성향을 잘 파악하고 지원하는 것이 좋을 것 같습니다."	항공권 혜택 및 비교적 야근이 적은 편입니다	적극적이고 능동적인 업무를 기대하기 어렵습니다. 규정과 절차에 따른 보수적 업무가 주를 이룹니다. 개개인의 성격에 따라 이 점이 단점이 될수도 있을 것 같습니다.	.
2014/8/19	아시아나항공(주)	400	22637	35999	3.0	3.0	3.0	4.0	2.0	1	1	서비스/고객지원	현직원	서울	 0 	False	"국내 No.2의 항공사.."	국내 No.2라는 자부심. 대한항공과 아시아나라는 투톱을 넘을만한 항공사는 한국기업중 없다.. 그 외에는 잘 모르겟음. 사무직이라면 무난하게 다닐 수 잇는회사. 연봉이 높지않음	항공기의 노후화. 항공기문제로 딜레이가 많이 되고 대체기가 없어 문제가 될 수 있다. 회사가 돈이 없음..	항공산업에서 획기전인 무언가가 나오기는 힘들다는 생각..
2014/8/3	아시아나항공(주)	400	22637	33432	3.0	4.0	4.0	3.0	2.0	1	None	경영/기획/컨설팅	현직원	서울	 17 	True	"항공권 혜택으로 여행을 좋아하는 사람들에게는 매우 좋은 회사. 여직원들의 비중이 높아 여직원들이 출산/산휴 휴직을 사용하는데 있어서 상대적으로 자유로운 분위기."	항공권 할인 혜택으로 저렴한 비용으로 해외여행을 다녀올 수 있음. 업무 강도가 높지 않은 편. 주중 야근, 주말 특근 등의 거의 없음	겉에서 보이는 부분과는 달리 매우 보수적. 필요없는 수준의 의전까지 당연시 여기는 분위기. 여직원들의 비중은 높으나 팀장, 임원 비중은 극히 미비.	보고를 위한 보고가 줄어들었으면 좋겠음.
2014/8/12	롯데하이마트(주)	400	35647	34891	3.0	4.0	1.0	2.0	2.0	0	1	IT/인터넷	현직원	기타	 1 	False	"매일 손님들상대하는 영업직이라 스트레스는 항상따라다님 그것보다 더ㅎ 스트레스받는건 지사나 본사에서 내려오는 터무니없는 오더  예를들어 w사제습기가 월등히 좋음에도 불구하고 회사에서r사 제품을팔라고하면 r사 위주로 추천들어감폰파는곳도아님에도 폰을팔으라고 압박심하게들어감 이슈가되는상품은 무조건 유통해서 인기가없어도 인기있는제품으로 만들어야함 당연한거지만스트레스 많이받는편이라 로테이션 주기 짧음"	급여는 대체로 만족함일이힘든거보다 정신적인스트레스만 빼면나쁘지않음 인센티브가 체계적으로지급돼기 때문에 실적에대한 부담은 크지않음	평균12시간 근무 휴무 월5-6회 지정해서 쉬기때문에 지인들과 교류 문화생활에  지장있음 하루씩만쉬기때문에 어디 휴가가는거 꿈도 못꿈	없음
2014/8/28	(주)아성다이소	400	82693	37621	2.0	1.0	1.0	3.0	1.0	0	2	기타	전직원	서울	 0 	False	"기본적인 복지사항 제외하고는 사원복지라는게 없는회사."	어딜가나 말만하면 알수있는 회사이기에 명함의 값어치는 올라갑니다.	단 한명에 의해 좌지우지되며 복지라고는 찾아볼 수 없는, 너 아니여도 뽑을 사람 많아. 라는 경영진의 마인드가 눈에 보입니다.	월급만 준다고 최고가 아닙니다.직원이 행복해야 회사의 내실이 강해진다고 생각합니다.부디 이 점 꼭 명심하세요.
2014/8/20	(주)아성다이소	400	82693	36264	4.0	3.0	2.0	2.0	2.0	0	2	영업/제휴	현직원		 0 	False	"중소기업과 대기업 사이에 위치한 중견기업이며,현재 기업 시스템이 갖춰지는 중입니다."	빠르게 성장하고 있으며앞으로도 성장 가능성이 높은 회사입니다.	빠르게 성장했다보니인프라가 부족합니다.	매출 신장도 중요하지만지금은 내실을 다져야 할 때인것 같습니다.
2014/8/30	한국미니스톱(주)	400	3585	37888	3.0	1.0	1.0	2.0	1.0	0	None	영업/제휴	현직원	서울	 4 	False	"불합리한것이 참 많은 회사."	빠른 진급기회. 직장상사와 마주칠일 적음.자유로운 활동	설,추석 할당 의무 구매. 각종 기념일 시간외 근무 수당없음.	회사가 어려워지고 같이 어려움을 파타해 나가길 원하면서실제 직원들을 소모품처럼 이용하지 않았으면 좋겠다.
2014/8/4	한국미니스톱(주)	400	3585	33518	1.0	1.0	1.0	1.0	1.0	0	None	영업/제휴	현직원		 4 	False	"낮과 밤, 휴일, 미래가 없는 회사취업이 정말 힘들더라도 피해야할 직장"	안정적인거빼면 없다. 굳이 하나 적자면 빠른 진급 기회?하지만 이것도 요즘은 어렵다	낮은 인지도만큼 낮은 연봉복지가 없는 회사본사와 가맹점주 사이에서 등터지는 업무낮과 밤, 휴일과 비휴일 그리고 미래가 없는 회사	말같이 행동도 따라와주길직원은 소모품이 아니라 가족입니다
2014/8/24	신세계(주)	400	70075	36810	3.0	3.0	3.0	3.0	3.0	1	2	서비스/고객지원	현직원	서울	 0 	False	"일을 배우기엔 최적 안정적인 상태에서 많은걸 배울수 있음"	복지나 사내분위기등 여러모로 경쟁사보다 좋다고 생각	단점은 그다지 없다고 봄 어느 회사나 있는 야근정도?	ㅎ
2014/8/23	신세계(주)	400	70075	36663	3.0	4.0	2.0	3.0	3.0	1	1	경영/기획/컨설팅	현직원	서울	 0 	False	"여성이 오래 다니기 좋은 회사. 분위기는 화목한 편. 야근은 자율이나 할 수밖에 없는 환경"	무난하고 유연한 복지, 나쁘지 않은 근무환경, 힘들지 않은 업무	과도한 친목질, 긴 업무시간, 상사 중심의 사내문화, 케바케 팀바팀	미입력
2014/8/20	신세계(주)	400	70075	36211	3.0	5.0	4.0	2.0	2.0	0	None	경영/기획/컨설팅	전직원	서울	 6 	True	"패션기업이 아니라, 유통기업이라는 걸 명심. 보수적인 문화이지만 좋은 사람들도 많음"	유통기업이라 빠른 트렌드를 느낄 수 있으며, 업무 강도에 비해 높은 연봉 대졸 초봉 4,300이상 (성과상여포함), 부장급 세후 1억 이상. 좋은 사람들이 많음.	전체적으로 퍼져있는 보수적인 문화. 유통업이라 이익율이 점차 줄어들고 있는 사업. 커리어상 유통업의 한계점	생산적인 그룹의 비전을 제시하고, 유연한 조직문화에 목숨을 걸어야 할것.
2014/8/4	신세계(주)	400	70075	33597	4.0	4.0	2.0	5.0	3.0	1	1	유통/무역	전직원	서울	 0 	False	"유통업에서 일하고 싶다면 다른 기업 (특히 ㄹㄷㅁㅅㅈ) 이랑 비교하는게 자존심 상할 정도로 여러모로 좋은 기업. 하지만 주말근무나 긴 업무시간을 절대로 무시하지 말 것."	유통업 중에서는 타 기업과 비교하는게 민망할 정도로 가장 좋다고 생각한다. 기본적으로 서비스업이다보니 상대적으로 같이 일하는 사람들 성격이 괜찮은 편이다. 연봉상승률이 좋다(고 한다.. 그렇게 오래 안다녀서 확인해보지는 못했다.) 꽤나 직원 친화적이라고 생각한다. 특히 역차별이다 싶을 정도로 여성 친화적이다.	주말근무, 긴 근무시간, 보수적인 의사 결정 구조. 이것만 견딜 수 있으면 최고의 기업이라고 말해도 부족함이 없다고 생각한다.	특별히 없다.
2014/8/19	(주)에어코리아	400	87179	35870	3.0	1.0	3.0	2.0	2.0	0	1	서비스/고객지원	현직원	인천	 0 	False	"단언컨데 공항 지상직에  관한 전반적인 업무와 흐름을 알고 싶은 지원자들에게는 좋은 경험이 될것이다."	1. 여객서비스등 공항에서의 다양한 업무를 배울수 있음   -값진 경험을 얻을수 있다고 생각함!	1. 항공사에 비해 낮은 급여 및 복지    -개인적으로 조업사의 한계라고 생각함2. 조업 항공사 팀별 분위기(사내 분위기)    -상시 채용이 많다는것은 결국 퇴사자 많다는것 !    퇴사자의 사유를 보면 대부분 분위기(선후배 관계 등)	"사람이 미래다"
2014/8/20	(주)이마트에브리데이	400	66291	36147	4.0	3.0	3.0	3.0	4.0	0	2	영업/제휴	전직원	기타	 0 	False	"유통업계 큰회사의 분위기를 그대로 이어 받아 분위기는 좋습니다. 하지만 자신이 해야할 업무에 대해 잘 파악하고 지원하는 것이 좋을 듯 합니다."	업무강도가 힘들진 않아 편함, 유통경로 및 차후 사업준비에는 큰도움이 됨, 업무적 압박이 심하지 않음, 비전공자도 가능함	삶의 안정성을 찾기 어려움, 매장 오픈등 행사때 무지하게 바쁨	근무시간외 잔업!!!특히!!! B2B고객전화응대가 없었으면 합니다.
2014/8/12	(주)이마트에브리데이	400	66291	35018	3.0	1.0	1.0	1.0	2.0	0	1	유통/무역	전직원	서울	 0 	False	"유통에 뜻을 둔 사람 지원하세요"	학력제한이 없기 때문에 누구나 열심히 하면 점장까지 올라갈 수 있음. 각양각색의 고객을 대면하기 때문에 융통성을 기를 수 있음.매일매일 다양한 일들이 일어나기 때문에 크고 작은 보람을 느낌.	너무 적은 연봉. 정직원 인원이 부족하기 때문에 근무순환이 제대로 이루어지지 않음 (ssm특성상 어쩔수없는 부분), 계속해서 점포는 늘어나지만 조금씩 성장은 하고 있지만 직원한테까지 미치지않음.	직원들의 근무환경 개선이 시급함.연봉인상.
2014/8/24	카페베네(주)	400	86758	36816	4.0	2.0	1.0	3.0	2.0	0	2	경영/기획/컨설팅	현직원	기타	 0 	False	"프렌차이즈 시스템을 배울 수 있으며 개개인에게 기회가 많이 주어지는 곳"	글로벌 기업으로서 젊고 진취적으로 일 할 수 있음	낮은 복지수준과 회사 시스템부족경영진의 전문성	업무효율성 및 복지
2014/8/22	데상트코리아(주)	400	38482	36642	4.0	4.0	4.0	4.0	4.0	1	2	디자인	현직원	서울	 3 	False	"성장하고 있는 회사로써 디자이너에게 기회가 많고 신입이 실무에 빨리 투입되기 때문에 실무를 빨리 배울 수 있는 장점이 있다"	업계에서 연봉이 좋은 편이며 복지 또한 괜찮음. ceo에게 배울점이 많음.  수평적 회사 구조로 일을 열심히 한다면 얼마든지 기회가 열려 있음. 일과 삶의 균형이 비교적 괜찮음. 회사 사원들의 연령이 낮아 젊은 기업문화를 가지고 있음. 디자이너가 다니기 좋은 회사임에 분명함.	성장하고 있는 회사이기 때문에 업무 메뉴얼이 정확하게 서 있지 않아 자주 변동되는 경향이 있음.(하지만 끊임없이 변화하며 좋은 방향으로 나아가려고 노력함) 회사와 나의 가치관이 맞지 않으면 힘들수 있음.	딱히 없다
2014/8/29	씨제이오쇼핑(주)	400	68779	37796	4.0	3.0	4.0	3.0	4.0	1	2	영업/제휴	현직원	서울	 2 	False	"일과 삶의 밸런스를 맞추기 좋다.적당한 급여 적당한 일 적당한 자신의 삶을 원한다면 적극추천"	복지혜택비교적 수월한 업무강도독립적인 업무로 인한 업무의 자유도	생각보다 많지 않은 보수독립적인 업무에 대한 강한 책임감	의사결정의 확실함을 요합니다.새로오신 경영진에서 이를 해결해줄거 같아서상당히 고무적입니다.많은 직원들도 희망을 걸고 있습니다.
2014/8/19	씨제이오쇼핑(주)	400	68779	35997	3.0	4.0	5.0	4.0	3.0	1	1	경영/기획/컨설팅	현직원	서울	 1 	False	"대체적으로 무난하다.연봉도 복지도 업무강도도 조직문화도.."	적절한 업무강도.조직문화 좋음. 연봉과 복지 중상 수준이다	오너회사가 아니어서 진취적 도전의식 결여..안정적이기만 하다.	장기적 관점에서 업무 추진해주시길..단기목표에 치중하지말고
2014/8/7	씨제이오쇼핑(주)	400	68779	34108	2.0	3.0	2.0	2.0	3.0	1	1	디자인	현직원	서울	 2 	False	"대기업계열사라 어느 정도 사회초년생들의 학습차원에서 괜찮지만 부서별 케바케."	CJ계열사이기에 여자들이 다니기에 훌륭한 복지가 제공된다.(문화/외식)	한 번 들어오면 이직이나 퇴사가 드물다->앞에 승진때 놓친 선임들이 수두룩->내 승진 늦어짐.	글쎄 별로.
2014/8/6	씨제이오쇼핑(주)	400	68779	33873	4.0	3.0	4.0	2.0	2.0	0	1	IT/인터넷	현직원	서울	 0 	False	"유통회사에서 일할수 있고, 대기업의 복지를 느낄수 있음."	비교적 자유로운 사내 문화, 좋은 복지, 업무의 자율성	보고하기 식 업무와 진짜 효율적인게 뭔지 모를 눈앞의 성과 혹은 매출에만 업무가 집중됨.	엔지니어가 무슨 일을 하는 건지 명확히 알아 주셨으면 합니다.
2014/8/5	씨제이오쇼핑(주)	400	68779	33797	3.0	3.0	4.0	5.0	4.0	1	2	미디어/홍보	현직원	서울	 3 	False	"아기자기한 분위기. 직원들을 위한 행사와 시설이 갖춰진 곳."	회사 전경이 예쁘고 내부도 잘 꾸며져 있다. 식당 메뉴도 많고 밥이 맛있음. 자유롭게 입을 수 있는 의상.	팀별 분위기 복불복인듯. 야근수당 없음. 실적에 대한 압박 많음. 경쟁사에 대한 지나친 의식.	경쟁사와의 비교 대신 독보적 1등을 위한 발판을 마련해줄 수 있기를.  차별화를 향해 직원들에게 자기계발과 저녁이 있는 삶을 확보할 수 있게 해주길 바랍니다.
2014/8/26	제너시스비비큐(주)	400	56878	37258	3.0	3.0	3.0	3.0	3.0	1	2	영업/제휴	전직원	서울	 1 	False	"군대같은 문화가 적응하긴 힘들지만 한국형 프랜차이즈를 배울수 있음"	프랜차이즈를 체계적으로 배울 수 있음 또한 국내 유일의 교육기관 운영은 능력 배양에 도움이 됨	개인 시간의 여유가 없어서 능력 개발의 기회가 제한 되는점이 아쉬움	없음
2014/8/24	제너시스비비큐(주)	400	56878	36912	1.0	1.0	1.0	1.0	1.0	0	None	영업/제휴	전직원	서울	 1 	False	"국내 1위 프랜차이즈 기업이지만 기업에 장기근속하는 사람들이 거의 없는데에는 이유가 있다."	국내 1위 프랜차이즈의 시스템이 어떻게 돌아가는지 알 수 있다.	기업 분위기가 군대식이라 상당히 경직되어있다. 종교를 강요한다. 개인시간을 가질 수 없다. 주말에조차 새벽까지 있는 경우가 종종 있다.	직원이 퇴직하면 고객이 됩니다. 목표한 대로 1000년 기업이 되려면 입사한 직원들을 잠깐 이용하다 버리겠다는 생각을 버리고 함께 오랫동안 같이 할 사우로 생각했으면 좋겠습니다.
2014/8/20	제너시스비비큐(주)	400	56878	36269	1.0	1.0	1.0	1.0	1.0	0	None	영업/제휴	전직원	서울	 2 	False	"지금은 치킨업계 1위 하지만..."	체계적인 교육 - 입사시 치킨대학 입소 후 약 4개월간 교육	일요일 이외 주말 보장 안됨(주6일 근무)연봉은 많아 보일지 몰라도 각종수당(식대, 토요일 근무수당, 주휴수당 등)이 포함되어 주임(J1)직급의 경우 연 2960만원임.	현재는 업계 1위이나 경쟁사의 성장으로 순위가 뒤집힐 수 있는 위기 상황이나 경영진들은 회사를 개선하고자 하거나, 경쟁력을 갖추려고 하는 의지나 능력도 없어 보이는 것이 안타까움.경영진들이 지금의 위기상황을 정확히 인식하여 현 상황을 타개하고자 대대적인 기업문화 개혁이 요구됨.
2014/8/11	제너시스비비큐(주)	400	56878	34770	3.0	2.0	1.0	3.0	3.0	0	1	경영/기획/컨설팅	전직원	서울	 0 	False	"퇴직 후 외식업으로 창업하거나 프랜차이즈 지도사 준비하면 유망한 회사단!! 야근 업무는 당연시 되고 주말 중 하루는 근무한다는 생각을 해야함."	프랜차이즈 지식 및 경력을 쌓을 수 있다프랜차이즈 업계 1위	수직적인 조직문화와 빡센 업무강도잦은 인사발령	수평적인 조직 문화 구축과 주말 휴식 보장
2014/8/5	제너시스비비큐(주)	400	56878	33636	3.0	3.0	3.0	3.0	3.0	0	1	경영/기획/컨설팅	전직원	서울	 1 	False	"군대문화 맞고 야욕있으면 도전해볼것. 그러나 경력직에게는 비추."	높은 목표 달성을 세우고 추진해나가는 기업.프랜차이즈업계에서는 최고라는 자부심 존재.	무리한 업무 강요.노동대비 낮은 연봉과 복지혜택.신입사원들에게는 soso 경력직과 연구직에게는 not good.	변화하는 트렌드 읽기를.
2014/8/17	씨제이프레시웨이(주)	400	23182	35669	5.0	5.0	5.0	5.0	5.0	1	2	영업/제휴	현직원	서울	 1 	False	"글로벌 유통업에 종사하고 싶으면 꼭 지원해봐라"	업계 1위의 자부심을 느낄수 있으며 다양한 복지혜택을 누릴수 있다.	아직 산업화 되지 않은 분야이므로 많은 일이 필요로함군대처럼 열심히 해야된다.	지금처럼 꾸준히 열심히 해주었으면 좋겠고, 또한 내실을 더 다졌으면 좋겠다
2014/8/14	지에스홈쇼핑(주)	400	55358	35360	3.0	4.0	3.0	4.0	3.0	1	2	영업/제휴	현직원	서울	 8 	True	"기업 문화가 생각보다 괜찮음.업계 1위 기업.. 한번쯤 일해볼만한 직장.특히 여성이라면 더더욱."	동종 업계 내에선 연봉 괜찮은 편.복지는 진짜 만족스러움. 특히 먹는 복지 최고 수준.밥 세끼 공짜. 분식 및 샐러드 간식 공짜. 커피 등 간식비 월마다 충전. 일년 세번씩 상품권에휴가비, 특히 연초 성과급.. 까지.	움. 부서와 상사에 따라 출퇴근 시간, 휴가,일하는 분위기 등 마니 다름. 그야말로 복불복.	쓸데없는 야근 문화 바꿨으면..
2014/8/21	(주)케이티엠앤에스	400	53157	36407	3.0	3.0	4.0	3.0	2.0	1	2	경영/기획/컨설팅	현직원	서울	 0 	False	"지속적인 발전이 가능한 회사"	본인이 하고자 하는 열정만 있으면 무엇이든지 할 수 있음	kt 그룹의 통제가 심하고 눈치를 많이 봄	직원과의 대화 시간 증대
2014/8/25	삼성물산(주) 상사부문	400	30214	37093	3.0	4.0	2.0	3.0	3.0	1	2	유통/무역	현직원	서울	 0 	False	"열정에 따라서는 최고의 직장일수도. 자신의 한계를 시험해볼수 있음."	나름 합리적인 조직문화, 스마트한 동료가 많음	업무강도. 경기흐름에 따른 up & down이 심함.	안정성.
2014/8/16	삼성물산(주) 상사부문	400	30214	35468	4.0	5.0	2.0	4.0	3.0	1	2	엔지니어링	현직원	기타	 0 	False	"돈을 빨리 많이 벌 수 있다."	월급은 많이 받는다. 건설회사로써는 네임벨류 때문에 타 회사보다 비젼이 있다.	야근이 굉장이 심하고 많다. 삼성이 그렇듯 직업으로써 오래 하지는 못한다.	야근이 너무 많다. 조정이 필요하다.
2014/8/8	삼성물산(주) 상사부문	400	30214	34257	4.0	5.0	1.0	4.0	5.0	1	1	엔지니어링	현직원	기타	 0 	False	"아직 입사전이지만 근무지 로테이션을 하니까 그나마 덜 힘들거라 생각합니다"	국내 최고수준의 건설사. 높은연봉.그리고 최고수준의 복지 . 역시 삼성임	해외근무를 얼마나 할지 모르는 것이 단점 특히 플랜트는 해외서 살아야한다고..	근무지 로테이션을 실제로 시행해서 해외근무를 누군가만 가는 것을 지양하면 좋을것 같습니다
2014/8/4	삼성물산(주) 상사부문	400	30214	33625	4.0	4.0	3.0	4.0	5.0	1	2	엔지니어링	현직원	서울	 0 	False	"프라이드를 가질만한회사.  업무강도는 직무에 따라 천국과 지옥을 오갈수있음."	거대그룹사 안에서의 안정적인 포트폴리오를 갖추고있음	삼성이라는 그룹문화가 건설업과는  맞지않을수도 있겠다.. 싶을때가있음	핵심 기술인력 확충의 방안이 마련되어야함
2014/8/13	삼성전자판매(주)	400	30124	35105	3.0	3.0	1.0	1.0	1.0	0	1	영업/제휴	현직원	경기	 0 	False	"글로벌 제조회사라는 자부심과 체계적인 일을 배울수 있다."	다양한 복지와 체계적인 일을 배울수 있고,만족할 만한 연봉	업무에 너무 매달리며, 경쟁이 심하며,퇴근이 늦다	기술개발에 좀더 귀를 귀울였으면 함.
2014/8/12	(주)판토스	400	75892	35017	4.0	3.0	4.0	3.0	3.0	0	1	영업/제휴	현직원	서울	 1 	False	"물류업계에서는 탑이지만 어느정도의 한계를 보임 상대적으로 낮은 임금도 불만"	글로벌 거점이 많아 해외로 나갈 기회는 타 기업대비 많은편	낮은 임금인상률, 다소 보수적인 조직문화	임금 좀 올려주고 회사 개개인에게 신경을 좀 써주길..
2014/8/11	(주)판토스	400	75892	34792	4.0	3.0	4.0	3.0	3.0	0	1	영업/제휴	현직원	서울	 1 	False	"물류 기업치고는 배울 것도 많고 나쁘지 않지만, 연봉이 다른 대기업 대비 낮은편"	많은 해외 사무소 등 나갈 기회가 비교적 많음	연봉이 높지않은 물류기업의 한계다소 수직적인 조직문화	보다 다양하고 많은 투자가 필요
2014/8/2	(주)판토스	400	75892	33284	4.0	3.0	5.0	4.0	4.0	1	2	경영/기획/컨설팅	현직원	서울	 5 	True	"회사 발전 가능성이 높으며 개인의 능력을 발휘할 수 있는 조직문화입니다."	글로벌기업에 따른 세계 각국과의 커뮤니케이션 업무가 많습니다. 회사 업무에 집중하고, 가정에 충실할 수 있도록 경영진이 나서서 배려해줍니다.	복지제도가 좋지 않습니다. (단, 성과에 따른 보상은 확실)	간혹 권위적인 경영진이 좀있습니다.직원들과 소통할 수 있도록 마음을 열어주십시오.
2014/8/12	에이치앤엠헤네스앤모리츠(주)	400	20164	34836	4.0	2.0	3.0	5.0	2.0	1	None	서비스/고객지원	전직원	서울	 6 	False	"외국계 기업의 자유분방함을 느끼고 싶다면 추천. 타업체 판매직보다는 승진 기회가 열려있지만 인맥위주의 부당한 승진이 성행함."	서구적인 독특한 사내문화. 연말 파티. 상사와 수평적인 관계상사에게도 피드백을 할 수 있다는 메리트.승진에 있어 학력보다는 자기주도적, 긍정적 마인드를 중시잘 짜여진 트레이닝 시스템오피스로 입사하신다면 추천하는 기업.	매장직으로 입사하는 것은 비추. 인사팀의 평가기준을 알 수가 없음. 별 메리트 없는 복리후생. 열려있는 승진기회를 악용하는 사례가 많음. 종종 실력보다 인맥을 통한 승진이 있음. 여자가 많은 기업이기 때문에 특유의 신경전과 시기와 질투가 있음.노처녀 매니저들이 상당히 많고, 그들은 본인의 분에 못이겨 아랫사람들에게 스트레스를 푸는 일이 잦음.	매장직 직원들을 어떻게 하면 최대한 부릴 생각만 하지 마시고 업무효율성을 높일 수 있는 대안을 생각해보시길 바람.
2014/8/4	에이치앤엠헤네스앤모리츠(주)	400	20164	33488	4.0	2.0	3.0	4.0	3.0	1	1	서비스/고객지원	현직원	서울	 1 	True	"원하는 만큼 배워갈 수 있는 곳"	수평적인 구조로 딱딱하지 않은 분위기외국계기업 특유의 오픈마인드	대기업에 비해 낮은 복지 수준과 연봉	야근시 오버타임급여가 제대로 지급됐으면 좋겠음!
2014/8/17	(주)한진	400	48025	35580	2.0	2.0	3.0	1.0	3.0	0	1	영업/제휴	현직원	서울	 0 	False	"안정적인 대기업의 이미지 그대로 이지만 매우 보수적인 사내분위기, 투자에 민감한 경영진으로 발전이 더디다"	종합물류기업으로의 물류업계의 대기업의 대외이미지, 보수적인 남성문화에 적응하신다면 완벽한 상명하달의 수직적인 문화도 장점이라면 장점 , 업계 내 상위권의 보수 체계	보수적인 인사제도로 승진 어려움, 투자에 민감하여 회사 성장 더딤, 대기업 수준의 복지문화 없음	물류업계에 비젼을 느낀다면 물류에 대한 모든 사업을 진행, 혹은 추진 중인 기업으로 물류에 꿈이 있다면 도전
2014/8/14	(주)한진	400	48025	35261	3.0	3.0	1.0	2.0	2.0	0	1	경영/기획/컨설팅	전직원	경기	 0 	False	"물류나사업쪽이나 본사쪽은 일할만 하지만 택배쪽은 지옥임"	복지는 괜찮은 편임. 복지카드 발급이나 콘도 예약 할인, 등등 그리고 대기업 네임밸류도 있다.	사무직, 현장직 이렇게 나뉘는데 사무직은 진급도 빠르고 급여도 많은 편이나 현장직은 그 반대임, 퇴근시간은 거의 매일 열한시~열두시	숫자가 다가 아니다
2014/8/31	(주)코스트코코리아	400	52760	37916	2.0	4.0	2.0	3.0	2.0	1	2	유통/무역	현직원	인천	 0 	False	"시간적 여유는 많아서 좋지만 돈 보고는 절대 다닐 수 없는 회사임."	시간적 여유 많음. 승진기회는 평등. 근무환경도 준수함. 안전에 민감해서 위험한 일 거의 없음.	기업은 외국계지만 일 하는 사람은 한국사람므로 윗 사람에게 잘보이려 노력해야하고 상황에따라선 내가 모든걸 뒤집어쓰고 죄인이 되어야함	열린정책이네 뭐네 하면서 오픈마인드라 말만 하지말고 정확한 상황도 모르면서 자신들입장에서만 해석하는 안 좋은 습관들부터 고치시길...
