date	cname	industry_id	cid	cmid	possibility	pay	balance	culture	management	recommend	expect	job_kind	current	area	helpful_count	is_best	subject	good	bad	hope
2014/8/30	스타벅스커피코리아(주)	100	70749	37863	4.0	3.0	2.0	3.0	2.0	0	1	서비스/고객지원	전직원	서울	 0 	False	"간판만 좋은 회사의 현실."	세계적인 기업 스타벅스, 국내에서는 신세계 그룹의 계열사 따라서 복지는 괜찮음. 바리스타로 들어가더라도 아르바이트가 아닌 계약직 직원 대우를 해줌. 또한 국내 1위의 시장점유율과 브랜드 파워를 지니고 있어 다니는 동안 회사가 망하지는 않을 듯 함.	네임벨류에 비해선 터무니 없는 급여, 특히 좋게말해서 체계적이지만, 반대로 말하자면 틀에 박힌 사이클대로 돌아가는 업무. 직영으로만 운영되는 라이벌 회사와 비교됨. 대졸 공채를 제외하곤 정규직 직원이 되기까지 시간이 너무 오래걸림. 최소기간이 약 1년6개월. 그리고 2018년 부터 매출 안나오는 매장 정리 들어간다고 함. 따라서 이제 점장 or 영업관리자로 승진은 더욱 피터질 예정.	바리스타 퇴사율이 가장 높다고 하는데, 그 이유가 무엇인지 생각해 보아야 할듯, 차라리 아르바이트생은 아르바이트생 따로, 직원은 직원따로 뽑아서 운영하는게 훨씬 효과적일듯
2014/8/9	스타벅스커피코리아(주)	100	70749	34482	3.0	2.0	1.0	2.0	1.0	0	1	서비스/고객지원	현직원	서울	 0 	False	"알바 하면서 경험 쌓기는 좋으나... 낮은 연봉으로 정규직은 비추"	세련된 매장에서 자기 만족이 높음커피에 대해 관심이 많으면 적극적으로 추천 함	인금이 적으며, 비 정규직이 많음.서비스 직으로는 정규직 전환이 불가능 함	시금을 높혀주세요
2014/8/7	스타벅스커피코리아(주)	100	70749	34054	2.0	3.0	3.0	3.0	3.0	0	1	생산/제조	전직원	서울	 1 	False	"남자 직원이라면 점장까지는 빠르게 승진할 수 있었다."	당시 바리스타 업무를 맡아서 하고 있었는데, 일하는 시간이 길지 않고 정신없이 커피 만드는 일이 대부분이어서 신나게 일에 몰입할 수 있었다.바리스타 직군은 업무시간에 비해 4대 보험 가입 및 성과금, 상여금 등이 주어지는 점이 매력적이다.	승진의 한계성이 보인다.특히나 여성들은 점장(SM)까지도 올라가는데 오래걸린다.더 이상 한국에서 확장성을 기대하기는 힘들다.	이 이상 어떻게 발전해 나갈 수 있을지, 치열하게 고민하셨으면 함
2014/8/4	스타벅스커피코리아(주)	100	70749	33535	5.0	5.0	5.0	5.0	5.0	1	2	기타	전직원	서울	 0 	False	"글로벌 회사인 스타벅스에서 서비스와 고객의 니즈에 대한 다양한 경험을 쌓을 수 있습니다."	복지혜택과 다양한 승진기회가 있습니다. 사소한 사항도 마케팅에 중요한 의미가 있음을 알 수 있습니다.	기회가 많은 만큼 감내해야할 것도 많습니다.	인사제도를 공정하게 운영해 주시고 복지혜택을 확충해 주시면 감사하겠습니다.
2014/8/23	한국맥도날드(유)	100	3616	36704	2.0	2.0	3.0	4.0	4.0	0	1	생산/제조	전직원	부산	 0 	False	"말단사원일때부터 매장관리의 총체적인 업무가 주어짐. 처음부터 일반 제조기업의 중관관리자 같이 사람관리를 할수있음. 급여에비해 과도한 업무량."	글로벌한 기업. 업무의 사원간 불균형이 없음. 체계적인 직원 교육시스템. 여사원이 많아 사내문화가 합리적임.	승진기회적음. 과다한업무량. 글로벌하지만 그만큼 글로벌한 악평.	인적관리의 세련됨이 부족함.
2014/8/13	한국맥도날드(유)	100	3616	35188	2.0	2.0	1.0	2.0	1.0	0	1	서비스/고객지원	전직원	대전	 0 	False	"인턴으로 들어가면 무시하는 분위기"	3교대라는 점에서 매장이 잘 걸리면 나이트근무는 꿀근무가 될수있음,  같이 일하는 알바생들이 다 어리고 학생이라 직장이라는 느낌보다는 아르바이트의 연장선이라고 느껴져서 재밌음.알바하다가 매니저되는 사람들의 비중이 큼	점장의 성향에 따라 일하는 강도가 정해짐. 매장이 바쁠 땐 퇴근을 맞춰서 하기 어려움. 정해진 근무 이외에 신경써야하는 사이드잡이 많음.  인턴으로 들어가면 무시하는 분위기 그래서 퇴사율 엄청 높음. 남자가하기엔 보수 정말 적음	매장 발령 보낼때 본인의 의견을 조금은반영해줬으면 좋겠음 급여좀 더 올려줬으면 좋겠음
2014/8/6	한국맥도날드(유)	100	3616	33812	2.0	2.0	3.0	4.0	3.0	1	1	서비스/고객지원	전직원	서울	 0 	False	"경험하기 좋은 곳"	패스트푸드점 및 글로벌 음식점 마케팅의 선두주자임. 맥도날드가 처음 도입한 촉진행사 및 상품들 몇개월 후 다른 음식점들도 유사하게 진행하고 있음을 볼 수 있다. 정말 효율적인 기업. 매장 분위기가 밝다 매니저들이 노력	딱 필요한 만큼의 보수 필요한 만큼의 청결함 필요한 만큼의 비용	없음
2014/8/4	한국맥도날드(유)	100	3616	33494	3.0	2.0	3.0	3.0	3.0	0	1	서비스/고객지원	전직원	서울	 0 	True	"외식업에 대해 여러가지를 배울 수 있다"	외식업에 대한 각종 정보, 지식, 노하우 등을 배울 수 있다.할 일이 많다.세계 1등 기업	수직적인 조직문화다소 적은 페이내가 발전한다는 느낌은 그다지 들지 않는다	조금은 수평적인 문화가 생겼으면
2014/8/27	(주)하나투어	100	49174	37340	4.0	1.0	2.0	3.0	3.0	0	1	IT/인터넷	전직원	서울	 2 	False	"업계 1위다 보니 기회적인 측면이나 기술 향상에는 좋음"	업계 1위다보니 선구적인 역할을 해야 하므로 기술향상에 메리트 있음	낮은 연봉과 잦은 야근 8시30분 ~18시 30분 근무시간	좋은 직원들 놓치지 마시고 연봉이나 처우개선에 힘써 주세요
2014/8/27	(주)하나투어	100	49174	37293	2.0	3.0	5.0	5.0	4.0	0	1	경영/기획/컨설팅	현직원	서울	 0 	False	"돈보고실하면실망 그렇지만 일과 사람 및 기타장점 찾는다면 오시라"	시스템이 잘갖추어져있어서 업무가 편함조직문화가 젊음 (팀장급이 30대, 고졸공채신입도 뽑는추세) 해외인솔자출장기회많음	평범한 업무.누구나 1년이면 인수인계받고 자기업무대체가능. (좋은건지나쁜건지.)어린이집이나 사내식당은없음	어린이집
2014/8/25	(주)하나투어	100	49174	37087	3.0	1.0	1.0	3.0	3.0	0	2	서비스/고객지원	전직원	서울	 0 	False	"과도한 업무로 지치게 만들었던 곳"	출장 기회가 많다같이 일하던 사람들이나 같이 입사한 동기들 대부분 괜찮았음	팀별 부서별로 업무 편차가 큼시스템이 비효율적인 면이 많음연봉이 낮음	비효율적인 시스템 개선업무 편차 조절하나투어 하나의 기업 문제는 아니지만 선두주자로서 한국 여행산업 문화 개선에 앞장설 필요있음개선된 문화 속에서 직원들이 당당하게 비전을 가지고 업무에 임할 수 있도록 지원필요월급이 너무 짬, 개선 필요
2014/8/25	(주)하나투어	100	49174	37010	3.0	1.0	3.0	3.0	2.0	0	1	기타	전직원	경기	 1 	False	"여자들일하기 좋은 직장. 그러나 박봉"	여성들 일하기는 좋습니다 영업직무 빼고는 크게 실적을 내야하는 것 같지는 않았어요	굉장히 박봉입니다. 그래서 사내 연애는 금기시 된다는 단점이 있죠.	도전적인 인재에게는 업무 성과에 맞는 연봉 상승을 제공하면 좋을듯 하네요
2014/8/23	(주)하나투어	100	49174	36721	3.0	2.0	4.0	4.0	3.0	1	2	경영/기획/컨설팅	현직원	서울	 0 	False	"다양한 사업을 진행중이라 여행뿐 아니라 여러가지 기회가 존재한다. 하지만, 연봉 부분에 있어서는 아쉬움"	여행업1위에 대한 자부심이 있으며 이에따라 다양한 사업을 진행중이다. 따라서 여러가지 경험을 해보고 기획할 수 있는 기회가 존재한다. 사내 분위기가 매우 자유로우며 팀에따라 다르지만 칼퇴도 자유롭다.	여자가 다니기에는 최고의 회사라고 말하고 싶다. 하지만 남자의 경우 추후 결혼과 삶을 생각한다면 여행업의 연봉은 조금 아쉽다.	직원을 생각하는 마인드는 좋으나 향후 새로운 사업에 있어서 조금 더 공격적인 투자가 필요하다고 생각함
2014/8/19	(주)하나투어	100	49174	35892	3.0	1.0	4.0	3.0	3.0	0	1	영업/제휴	현직원	서울	 1 	False	"업무와 삶의 균형을 적당히 유지할수 있으며, 철저한 주5일 근무가 보장이된다다만 영업부서의 경우 군대식문화가 존재함."	유연근무제, 스마트워킹등으로 직원들의 업무와 삶의 균형을 유지 할 수 있도록 제도를 마련하고있다. 또한 여직원들의 경우 눈치를 보지 않고 1년의 육아휴직을 자유롭게 낼 수 있는 장점이 있다.과장급 이상의 경우 유럽/미주등의 출장기회가 주어질 수 있음	업계1위답지 않은 연봉과, 복지혜택은 전직원의 불만이며, 적은 연봉에다 인상폭마저 매우적음. 2006년까진 성과급으로 연봉부족분을 메울수 있었지만 현재는 성과급은 거의 받지 못한다고 봐도 무방함	직원을 소모품, 비용으로만 보지 않았으면함. 회사가 어려울때 가장 손쉽게 직원들의 연봉동결등의 정책을 갖고 계신거 같음
2014/8/19	(주)하나투어	100	49174	35886	4.0	2.0	4.0	4.0	3.0	1	2	경영/기획/컨설팅	전직원	서울	 0 	False	"돈이 삶의 목적이 아니라면 추천!!!!"	유연한 조직문화. 구성원들의 사고가 폐쇄적이지 않아 좋다.	여행 트렌드의 변화에 따른 확실한 미래 성장동력을 가지고 있는 지 궁금함	사람을 잘 쓰셔야 합니다.
2014/8/16	(주)하나투어	100	49174	35515	3.0	2.0	3.0	3.0	2.0	0	1	경영/기획/컨설팅	현직원	서울	 2 	False	"칼퇴 가능하지만 연봉 및 각종 복지가 터무니없음"	해외 출장 기회. 칼퇴근, 영업직 아니라면 회식 자주 하지 않음술 강요 없음	회사를 떠나고 싶게 만드는 연봉. 구내 식당이 없는것은 큰 마이너스	없음
2014/8/16	(주)하나투어	100	49174	35513	3.0	2.0	3.0	3.0	2.0	1	2	경영/기획/컨설팅	전직원	서울	 1 	False	"여행 상품의 기획에서 유통까지를 속속들이 알 수 있는 곳"	- 대한민국 1등 여행업체로써 안정감 있는 수익 구조를 가지고 있음.- 6개월 마다 공채를 뽑아, 후배를 빨리 만나게 됨- 순환 근무 제도로 영업부터 기획까지 두루 경험할 수 있음	- 업계 특유의 저임금- 군대 처럼 기수에 따른 서열화- 승진을 위해 어느 정도 정치 감각 필수- 한 때 고학력 위주로 뽑아서 OP 등의 단순 노동만 시켰는데, 요즘은 어떤지 잘 모르겠음.	- 업계 1등 답게 평균 급여를 높여주고- 직원들과 더 많은 소통 하시길.
2014/8/2	(주)하나투어	100	49174	33365	3.0	2.0	3.0	4.0	3.0	0	1	영업/제휴	현직원	서울	 0 	False	"분위기 좋고 괜찮은 기업"	연령대가 낮아 사내 분위기가 활발하여 대인관계상 특별한 문제가 없다면 회사생활은 아주 좋음	개개인마다 다르겠지만 연봉이 조금 낮다는 생각	연봉적인 문제만 잘 해결된다면 괜찮은 회사
2014/8/21	롯데지알에스(주) 롯데리아	100	78632	36474	4.0	3.0	3.0	3.0	2.0	1	1	생산/제조	전직원	서울	 0 	False	"국내 프랜차이즈 중 가장 전통적이고 안정적인 기업의 메뉴얼과 운영을 배울 수 있는 기업"	여러가지 수당이 많다. 본인이 잘 선택하고 노력한다면 수당을 받는 것이나 진급도 그렇게 어렵지 않다.기본적으로 오래된 기업이라 시스템이 안정되어 있기 때문에 자신이 할 일이 모두 정해져있고, 새로운 일을 굳이 찾아보거나 할 일이 없어 귀찮은 일이 없다고 할 수 있다.	급여가 아무래도 가장 떨어지는 수준이다. 다른 기업에 비해 많은 여러가지 수당이 있긴 하지만 그래도 급여가 적다.또한 매장에서 일하는 경우 하루종일 앉지도 못하고 서서 일하는 경우가 많고 이는 매니저도 피해갈 수 없는 부분이다. 매니저는 고객 응대 제품 제조 매장 관리를 모두 해야하기 때문에 롯데의 정규직 중 가장 힘든 계급? 이라고 생각함.	국내 1위의 패스트푸드 프랜차이즈 답지 않게 도전에 인색하고 패스트 팔로워에 그치는 기업 분위기. 독창적인 메뉴 개발이나 직원 복지 등에 별로 관심이 없고, 당장의 이익에만 관심이 있는 인상을 준다. 이 부분이 개선되면 좋겠다.
2014/8/8	롯데지알에스(주) 롯데리아	100	78632	34199	3.0	3.0	3.0	3.0	3.0	1	1	기타	전직원	서울	 0 	False	"업무강도나 분위기는 부서마다 다름."	타기업에 비해 안정적인 것 같다고 느낌	보수적인 군대문화, 계열사끼리 얽혀있음	보수적인 문화를 좀 벗어났으면..
2014/8/3	롯데지알에스(주) 롯데리아	100	78632	33391	4.0	3.0	5.0	4.0	4.0	1	1	영업/제휴	현직원		 2 	False	"취준생에게 알려지진 않았지만 근무여건이 좋은 곳 중에 하나."	교육시스템과 직원을 배려하는 회사. 여성직원을 우대 및 소중하게 대하는 곳	취업시장에서 그리 유명하지않음. 본사 건물이 낡음	항상꾸준한 발전이있기를
2014/8/2	롯데지알에스(주) 롯데리아	100	78632	33307	3.0	3.0	3.0	3.0	3.0	0	1	서비스/고객지원	전직원	서울	 0 	True	"편하지만 편하지 않다"	외식업에 관한 여러가지 메뉴얼등을 익힐수 잇다교육시스템, 관리 시스템이 나쁘지 않다	아무래도 보수적인 업무처리과정...수직적인 관계소통이 불편함보수가 짠편임	세대간 이해하려는 마음이 필요함다양한 인재를 얻기 위해서는 글로벌적인 마인드 필요해보임
2014/8/13	(주)세스코	100	71990	35075	2.0	1.0	2.0	3.0	1.0	0	1	경영/기획/컨설팅	전직원	서울	 0 	False	"회사 고유의 독특한 기업문화를 가지고 있기에, 글로벌 스탠다드를 보유하고 있는 지원자는 이 회사에 적응하기가 쉽지 않음.. 입사 면접때에는 얼마나 끈기있게 적응하는 지를 보기 위해 인성을 주로 평가하는 듯함.이 회사에 근무한 경력이 혹시 타회사 이직할 경우에 별로 인정을 안해주는데 이유는 이 회사에 오래 근무할수록 다른 회사에 근무하는 자와 연봉이나 능력 면에서 차이가 많이 난다고 평가하는 듯함."	매출이 매년 성장세라서 인력 구조조정은 없으며, 조직도 매년 성장하고 있음..새로 입사한 자들은 적응에 힘들 수도 있지만, 오래 근무한 자들에게는 나름대로 천국같은 조직으로 보임	회사내에 감성적인 부분들이 많아서 합리적이고 이성적인 의사결정보다는 기분이나 감정의 기복에 따라 일들이 결정되어지는 듯함.	업무진행이 너무 꼼꼼하게 모든 것을 챙기는 관리가 탑다운방식으로 진행.임원급에 있는 사람들이 오너의 눈치를 너무 살피고 조심하는 것 같아 살벌한 근무분위기가 단번에 느껴짐
2014/8/15	유베이스(주)	100	87279	35445	4.0	1.0	5.0	4.0	4.0	0	2	영업/제휴	전직원	경기	 0 	False	"고객상담이 전화를 통해 이루어지기 때문에 성별, 외모, 스펙이 전혀 중요하지 않다."	체계적인 교육과정을 통해 누구라도 바로 투입될 수 있음. 사내 인테리어나 비품들이 상당히 세련되어 보임. 퇴직금, 급여에 관해서도 전혀 문제가 없고, 인재를 배려하려는 모습이 인상적임. 장애인, 여성채용에 적극적.	급여수준, 직원들의 애사심이 상당히 낮다는 것이 느껴짐. 일종의 아르바이트의 형태의 계약직으로 고용되는 경우가 대다수.	사원들의 근속년수를 높이고, 애사심을 높이기 위해 노력해야할 듯.
2014/8/20	아워홈(주)	100	68269	36303	3.0	2.0	2.0	3.0	1.0	0	None	기타	현직원	서울	 4 	False	"나 그리고 회사..어떻게하면 더 성장할것인가에 대한 총체적 관점이 점점 없어지고  시키는 대로 하는 것에 익숙해지니 주의바람"	체계화된 교육시스템, 사내 네트웍 시스템	경영진의 도를 넘은 관여보수문화낮은 급여	직원들과 함께가는 거라는 생각 한번쯤은 해볼 수 있는 리더마인드 부탁
2014/8/12	아워홈(주)	100	68269	35009	3.0	2.0	4.0	2.0	2.0	0	1	경영/기획/컨설팅	전직원	서울	 0 	False	"식품업계 다방면으로 일해보고 싶은 사람이라면..."	능력에 따른 성과평과제도 일을 안하는 팀 안에서 일을 안하기 힘듬. 능력이 있고 열정, 아이디어가 있다면 그 많큼 기회도 많음.대체적으로 출퇴근 시간이 잘 지켜지고 회사에서 사람들에게신경을 써주는 부분이 많음.여자들, 특히 기혼 여자들이 다니기 최적의 회사	구LG문화가 뼛속 깊이 박혀있음.식품업계 특성상 높지않은 연봉.무엇보다 경영진의 입김이 너무 쎄서 무엇을 위해 일을 하나 생각하게 될때가 있음	안되는 일에는 포기하는 일이 빠를 수도 있다는 것을 알아야함
2014/8/12	아워홈(주)	100	68269	34931	3.0	2.0	1.0	2.0	2.0	0	None	서비스/고객지원	전직원	서울	 5 	False	"취업이 목표였다면 추천, 발전가능성을 본다면 비추"	체계적인 교육시스템, 나름 lg계열에서 따온 복지 시스템업무를 배우는데 효과적임.	일 노예 (12~13시간은 평소 기본 노동시간)그러나 추가수당은 없음. 여자가 많은 회사 (발 없는 말이 천리를감)시어머니가 많음. 끝	인력의 효율정이 매우 떨어짐. 가령 전문성이 부족하면 외부 업체와 협력을 해야하는데주먹구구식으로 일이 진행되는 경우가 많음.
2014/8/18	아웃백스테이크하우스코리아(유)	100	86465	35778	2.0	2.0	2.0	3.0	3.0	0	1	서비스/고객지원	전직원		 1 	False	"아르바이트로 하긴 좋음. 정직원으로 생각하고 있다면 별로."	외식업에 관심이 많다면 배울것이 많고 본인이 배우겠다고하면 매장에서도 많이 알려주는 편임. 교육체계는 좋은 편임.	매니저이상 진급하면 업무 대비 보수가 너무 적음.사람끼리 맞대고 하는 일이다보니 매니저나 점주와 커뮤니케이션이 안되면 일하기 굉장히 힘들어짐. 본인의 능력보다 친분이 진급에 영향을 미침.매장마다 다르지만 아르바이트생들에게도 일을 우선시하라는 분위기가 강한 편.	진급에 관해 객관적인 평가가 존재했으면 좋겠음.
2014/8/18	아웃백스테이크하우스코리아(유)	100	86465	35721	4.0	1.0	1.0	4.0	2.0	0	1	서비스/고객지원	전직원	경기	 1 	False	"각 매장 마다 점주나 매니져팀의 스타일에 따라 업무환경이 크게 변한다. 대체적으로 업무 분위기는 자유로운 분위기"	자유로운 근무 분위기 / 스펙 전혀 보지 않음 / 누구나 열심히하면 진급 가능	비상식적으로 긴 쉬는시간 / 업무 강도 비해 낮은 임금 / 일정하지 못한 퇴근 시간	눈가리고 아웅식의 직원 복지가 아닌 상황에 맞는 적절한 복지 시스템 구축 하였으면
2014/8/14	아웃백스테이크하우스코리아(유)	100	86465	35270	4.0	2.0	1.0	4.0	2.0	0	1	서비스/고객지원	현직원	서울	 0 	False	"일이 너무 고되고 장시간 서 있기도 힘들다. 견디고 견디고 견딜 자신 있는 사람만!"	바닥부터 누구나 시작하는 공평한 인사제도. 노력하면 점주까지 될 수 있다.	견디기 힘들다. 휴식, 휴식시간 저녁식사를 보장하지 못한다. 다리가 아프다. 청소 스트레스도 많다.	경영진이 매출액의 대부분을 가져간다. 하위 직원에까지 매출을 고루 분배하는 공생의 리더십이 필요하다.
2014/8/14	아웃백스테이크하우스코리아(유)	100	86465	35269	1.0	2.0	2.0	4.0	4.0	0	1	서비스/고객지원	전직원	서울	 0 	False	"정말 심적으로 고됩니다. 하지만 견디면 오래 견디면 물질적 보상이 따릅니다."	학력, 능력과 무관하게 입사가 쉽고 처음에 맨 아래층에서 같이 시작한다.	일이 너무 힘들고 쉬는 시간이나 휴일이 잘 보장되지 않는다. 몸이 상할 수 있다.	경영진이 얻은 이윤을 하위 직원들에게 까지 분배하는 공유의 리더십이 필요하다고 보입니다.
2014/8/5	아웃백스테이크하우스코리아(유)	100	86465	33768	1.0	1.0	2.0	3.0	2.0	0	1	서비스/고객지원	전직원	서울	 0 	False	"체계적인 서비스와 식음료 서비스를 피부로 느끼며 배울 수 있는 곳. 하지만 육체적으로 너무 시달리고 바쁠 때는 정신적으로도 시달리기 때문에 매니저 이하로 잠깐 알바만 경험하는 게 좋을 듯."	체계적인 식음료 서비스를 직접 배울 수 있다. 패밀리 레스토랑 업계에서 아직까지는 제일 알아주는 곳이므로 일단 알바로서 경험해볼만 하다.	육체적으로 강인하지 못하면 견디지 못한다. 알바에게 적당한 시급도 사기 저하의 요인... 어린이날, 크리스마스 시즌 같은 날 잘못 걸리면 다음날 병난다.	힘들어도 자부심을 가질 수 있도록 시급 인상과 더불어 여러가지 복지 제도를 사원들에게 베푸시길 바란다. 알바 말고도 사회 전반적으로 저임금 체계가 너무도 잘 자리잡고 있는 상태에서는 어렵겠지만 말이다.
2014/8/28	(주)호텔신라	100	47377	37633	2.0	1.0	3.0	3.0	3.0	0	1	경영/기획/컨설팅	현직원	서울	 2 	False	"학벌따짐. 하지만 그에 비해 보상은 좋지 않은편. 매출의 90%를 차지하는 불안한 면세시장의 특성을 고려해야 할것."	국내 호텔 1위. 면세 2위. 자유로운 회식문화	정체되어있는 사업기획. 이에 보상(연봉인상률) 낮은편. 삼성그룹이라는 생각은 잘 못된 생각. 대기업의 이름이란 아래 사업크기는 매출 2조의 중견기업.	적극적인 신사업 개발 및 면세/호텔 사업 진출이 필요하다.
2014/8/27	(주)호텔신라	100	47377	37359	2.0	3.0	2.0	3.0	2.0	0	1	경영/기획/컨설팅	전직원	서울	 1 	False	"화려한 호텔의 이미지만 보고 지원하지 마시길..  연봉 상승률도 잘 알아보고 지원하세요."	워낙 대외 이미지가 좋아서 가끔 덕을 보긴했습다.	경직된 분위기... 제가 그렇게 창의적인 사람은 아닌데 정말 질릴정도였습니다.	면세점에 너무 의존하지 말고 사업 다각화를 통해 좀 더 안정적으로 성장할 수 있는 방법을 찾으면 좋겠음.
2014/8/27	(주)호텔신라	100	47377	37291	1.0	4.0	2.0	2.0	2.0	0	1	서비스/고객지원	전직원	서울	 0 	False	"동종업계 중 최고의 복지. 그러나 삶의 균형따윈 바라지 말것. 엄격한 위계질서. 승진어려움"	나름의 자부심. 동종업계에선 독보적인 다양한 복지혜택.	보수적 문화. 위계질서. 고인물. 턱도없이 좁은 승진기회	직원들의 고충에 조금 더 귀기울여야 함
2014/8/21	트랜스코스모스코리아(주)	100	51105	36319	2.0	2.0	3.0	3.0	3.0	0	2	경영/기획/컨설팅	현직원		 1 	False	"익숙하지만 지루하다"	업무를 빠르게 익힐수 있음, 업무 숙달이 쉽게됨 적성에 맞는사람은 좋은 직장이 될것같기도 하다	부족한 인센티브, 급여때문에 근무의욕 하락우려가 있습니다. 부족한 인센티브제도 역시 일회성이라 생각함..	획기적인 근무의욕향상안이 필요하다
2014/8/23	씨제이푸드빌(주) 빕스	100	91680	36676	3.0	1.0	2.0	3.0	2.0	0	2	생산/제조	전직원	서울	 0 	False	"급여 생각 골치아픈 것 없이 몸으로 때울것 이라면 OK."	취업이 쉬움.  일이 단순함 요식업 이라 식사를 무료로 재공해줌	급여가 매우 적고 몸이 힘듬.지저분하고 위험한 일도 있음	급여와 복지가 형편 없으니 신입 물갈이가 빠른편.
2014/8/5	씨제이푸드빌(주) 빕스	100	91680	33775	4.0	3.0	1.0	3.0	3.0	0	2	서비스/고객지원	전직원	경남	 0 	False	"조리업과 서비스업 호환적인 업무를 경험 해볼 수 있고, 나아가 한 매장의 경영과 인력관리등 총괄적인 매장관리와 역량을 키워나갈 수 있다."	동종업계에서 최고라는 자부심과 최신화된 업무 환경,  빠른 승직기회와 글로벌로 나아갈 수 있는 활로를 갖추고 있다.	회사는 빠른 성장을 하고있지만 인력 부족과 강도높은 업무환경으로 개인의 삶과 행복, 시간등이 존중받지 못한다	근무시간에 따른 타당한 임금지급, 부족한 인력을 해소 또는 지원, 기존사원의 업무환경 파악
2014/8/18	(주)유니에스	100	87274	35808	3.0	3.0	3.0	3.0	3.0	1	2	서비스/고객지원	현직원	서울	 4 	False	"미래설계를 위해서 큰비중안두고 일할수있는 주 5일 근무환경"	주5일근무 , 약간 자유로운 근무 환경덕에공부를 한다던가 하는 다른일을 할수있다.	관리자와 사원의 큰 벽이 있다고 생각이든다.아웃소싱기업이라 갑과 을에서 항상 을의 위치에 놓이게 되는데그점에서 기업의 단점을 스스로 발견하게 된다.	없다.
2014/8/31	(주)에스텍시스템	100	89310	37928	2.0	3.0	1.0	1.0	2.0	0	None	서비스/고객지원	현직원	경남	 0 	True	"젊음을 차라리 공부에 바쳐라"	일은 수월하다 안정적이기도하고 큰 수익없이 그저 물흐르는듯 사는 사람이라면 먼저 그만두기전까지는 회사에서 해고당할일 없음.	사업장마다 다르겠지만 자기계발 시간이 너무 부족하다.업무특성상 교대 근무로 이루어지며 차라리 자격증을 따거나 기술을 배워라	고인물을 빨리 갈아치우지 않으면 이 회사의 미래는 없다.
2014/8/7	(주)에스텍시스템	100	89310	34111	2.0	1.0	1.0	1.0	1.0	0	1	기타	현직원	충남	 0 	False	"군대를 가지못했다면 군대 미리 맛볼수잇다 근무하는데에따라 보너스 천차만별 보안이아니라 고객응대라 생각하면됨 돈은 알바정도나오고...."	진급할수록 돈 많이주고  할일이없어진다 정말 이것도 군대느낌 위로갈수록 편한회사	선배들에게 다나까 말투를 쓰며 그냥 군대	진짜 열심히좀 하면 밑에 사람들이 안힘들텐데
2014/8/13	에스원(주)	100	65658	35139	2.0	3.0	3.0	1.0	2.0	0	1	경영/기획/컨설팅	현직원	서울	 0 	False	"국내1위인 시큐리티 기업으로 자부심이 있지만 상명하복의 기업문화 큼"	삼성계열의 장점을 가지고 있으며 안정적인 재무구조와 Cash Cow가 존재	상명하복의 기업문화가 크게 존재하며 + 기존 삼성의 스타일인 Smart한 오더가 아닌 위에서 아래로의 명령으로 진행	다양한 수익구조를 창출해야만 융복합되는 현재의 경영상태에서 벋어날 수 있다고 생각함
2014/8/7	한국마사회	100	86726	34060	3.0	5.0	4.0	4.0	3.0	1	1	경영/기획/컨설팅	전직원	서울	 18 	True	"두 가지의 단점만 뺀다면 정말 다니기 좋을 회사"	확실히 다른 곳보다 실적 압박도 덜하고(지점별 방문자수와 매출이 떨어지면 압박 있음), 업무 강도에 비해 급여와 복지가 좋습니다. 아르바이트나 일용직에게도 성과급을 챙겨줄 정도로 확실. 딱히 재투자해야할 항목이 별로 없어서 인건비로 다 쓰는 듯 합니다. 크리스마스, 명절이나 여름휴가철엔 휴장을 하여 주말엔 못쉬더라도 반드시 가족과 함께해야하는 날에는 스트레스없이 쉴 수 있으며, 야근도 거의 없습니다. 30분~1시간 늦게 퇴근하는 정도?	남들 쉴 때 일하고, 남들 일할 때 쉬어야합니다. 금/토/일 경마가 있기 때문에 수~일 출근하고 월요일과 화요일에 쉽니다. 주말에 휴가내기 어렵습니다.전국에 지점이 있고, 순환근무가 필수이기때문에 서울에서 경상도로 날아가고, 제주도에서 서울로 날아오는 경우가 왕왕 있습니다.여자분들 일하시기엔 남들 인식이 안좋을수도 있구요..	어쩌면 경마산업은 발전해서는 안 될 산업이기도 합니다. 민간으로 넘어가면 더 상황이 안좋아질테니 사회보호 차원에서 국가에서 관리하는 산업이라, 정체되는 느낌이 있는데, 해결 방법이 없는 듯..
2014/8/28	세일즈웍스 코리아(유)	100	90449	37605	3.0	2.0	2.0	4.0	4.0	0	1	영업/제휴	전직원	서울	 31 	False	"자기 시간 없어도 돈 많이 벌고 싶으시다면 추천. 본인만 열심히 해서 팀만 꾸려지게 되면 돈은 금방 벌림."	영업일이지만 커미션이 없어서 처음1년 정도는 돈도 안되고 고생하지만, 팀만 꾸려지고 자리 잡으면 팀원들 돈의 몇퍼센트를 인센티브로 받기 때문에 돈이 잘 벌림. 승진 할 수록 퍼센티지도 커져서 우리 지점장 월 천만원 받은적도 있다고 하네요.(세전)	6시에 퇴근할 수는 있지만 그 전에 하나도 못 팔면 그날 하나도 돈을 못 벌기 때문에 퇴근하고 싶어도 퇴근 할 수 없다.커미션이 없어서 그날 하나도 못 팔면 그냥 돈 못받는 것.B2C영업이기 때문에 월급이 일정치 않음.	열심히 해도 안되는 날이 있습니다. 기본급은 보장 해 주었으면 좋겠습니다.
2014/8/18	케이에이(주)	100	87378	35835	1.0	1.0	2.0	2.0	2.0	0	None	서비스/고객지원	현직원	인천	 0 	False	"벌이가 많이 안됩니다."	근무시간이 명확합니다. 일하는것이 적성에 맞는다면 재미있습니다.	3교대근무이기에 생활이 불규칙적, 급여가 약하고 호봉이 잘 안오릅니다. 군대 위계질서	복지,혜택이 없으니 소속감이없는 이 회사는 비젼이 없습니다.
2014/8/10	이트너스(주)	100	13535	34578	3.0	1.0	3.0	3.0	3.0	0	1	경영/기획/컨설팅	전직원	서울	 0 	False	"대기업 시스템 도입으로 사회 초년생이 기업 적응에 좋음, 단 연봉이 너무 낮음. 그나마 신입은 쪼금 괜찮지만 갈수록 연봉이 낮아 버티기 힘듬"	삼성전자가 안망하는 한 망하기 어렵다.오히려 업황이 안좋을 수록 아웃소싱이 늘어나서 기회가 늘어난다.	다 보통수준일 수 있으나 연봉 문제가 있음.아웃소싱 업무의 고질적인 단조로움과 정체성 혼란;;어차피 이 회사는 사람장사임; 업무자체가 큰 업무가 아니라 나이들면 곤란해짐;;; 그냥 싼 사람 쓰면 더 이득이니까;;;;	업직종상 연봉문제는 어쩔 수 없을 수도 있다 생각됨. 필요하다면 우수 육성인재를 잡을 메리트를 주는것이 필요한데, 별로 안하는걸 보니 크게 우수 인력이 필요 없는거라 생각됨. 직원을 오래 잡아둘 무언가를 고민해야함. 아주 오래 말고 적당히 오래.
2014/8/3	이트너스(주)	100	13535	33446	4.0	2.0	1.0	2.0	2.0	1	2	IT/인터넷	현직원	경기	 2 	False	"아키텍쳐링 개발 모든것을 스스로 하고 싶으면 좋은곳"	모든 인프라를 사용가능하며 사무직 분위기와는 달리 본사에서의 지원을 많이 받고 개발분야 외 타분야의 지식을 많이 습득할 수 있다.	야근이 너무 많고 스스로 능력이 되지 않는다면 정말 힘든곳	혁신! 혁신! 외치지만 말고 현재 시장의 분위기를 보고 사업 방향을 유연하게 대처해야 함
2014/8/27	효성아이티엑스(주)	100	285	37477	3.0	3.0	1.0	1.0	3.0	0	2	경영/기획/컨설팅	현직원	서울	 6 	True	"부서에 따라 다르지만  잦은 야근, 지독하게 보수적인 문화, 잦은 회식 등 자기계발이 어려움. 본사가 아닌 센터에서 일한다면 추천(복불복)"	동종업계에선 나름 탑클래스다양한 사람(다양한분야)과 일해볼 수 있음본사와 센터 차이가 크지만 타 회사에 비해 학벌은 많이 중요하지 않음	지원부서의 텃세가 심함.보수적인 문화정시퇴근은 다른나라 이야기	부서간의 전문성을 특화시키고  효율적인 업무처리를 위한 투자가시급함
2014/8/25	대명레저산업(주)	100	82315	36980	2.0	2.0	3.0	1.0	1.0	0	None	서비스/고객지원	전직원	강원	 1 	False	"업계 1위, 대기업을 표방한 각종 인사제도. 하지만?"	레저기업이다 보니 대명에 귀속된 각종 레저시설의 혜택이 주어짐비용으로 따진다면 작지않은 금액이니 레저에 관심이 많으신 분들은 좋으실듯	여성 직원들의 승진혜택 0%80년대 조직문화명령하달식 업무지시	평균근속년수가 낮은 이유를 알려나 몰라.
2014/8/8	대명레저산업(주)	100	82315	34371	2.0	3.0	2.0	2.0	1.0	1	2	서비스/고객지원	전직원	경기	 1 	False	"승진의 기회가 여자는 거의 없고 남자에게 집중됨 대명의 자회사이므로 복지가 나쁘지 않음서비스가 자기의 적성에 맞으면 지원바람"	리조트 영업 1위, 워터파크 매출 1위의 자부심경기북부의 1급호텔복지혜택이 나쁘지 않음	보수적인 사내문화, 대명이 리조트회사 이므로 호텔 문화를 받아들이지 않음, 부서마다 다르나 업무 강도가 셈	창의적이고 개방된 경영 철학을 가지고 발전하기 바람
2014/8/8	대명레저산업(주)	100	82315	34367	2.0	3.0	2.0	2.0	1.0	1	2	서비스/고객지원	전직원	경기	 0 	False	"승진의 기회가 여자는 거의 없고 남자에게 집중됨 대명의 자회사이므로 복지가 나쁘지 않음서비스가 자기의 적성에 맞으면 지원바람"	리조트 영업 1위, 워터파크 매출 1위의 자부심경기북부의 1급호텔복지혜택이 나쁘지 않음	보수적인 사내문화, 대명이 리조트회사 이므로 호텔 문화를 받아들이지 않음, 부서마다 다르나 업무 강도가 셈	창의적이고 개방된 경영 철학을 가지고 발전하기 바람
2014/8/3	피알원(주)	100	87461	33471	3.0	3.0	2.0	3.0	3.0	1	1	서비스/고객지원	전직원	서울	 2 	False	"다양한 국내외 클라이언트를 맡아 홍보 직무를 배우고 본인의 역량에 따라 기회도 많이 주어짐. 야근이 잦고 업무강도가 쎄서 일과 라이프 밸런스가 불가능함."	전체적인 사내 분위기가 매우 좋고, 워크숍이나 직원 동호회 등 친목을 도모할 수 있는 기회가 많다.	높은 업무 강도, 잦은 야근, 적은 보수	직원들이 일과 라이프의 균형을 맞출 수 있도록 해주었으면..
2014/8/25	(주)대학내일	100	86769	37091	3.0	4.0	1.0	2.0	4.0	0	1	서비스/고객지원	현직원	서울	 1 	False	"사내 분위기는 좋은 편이나 대신, 업무 특성 상 대외적으로 힘들 때가 있고 업무량이 많은 편"	경영진의 오픈마인드, 대다수의 직원이 괜찮은 사람들임	일과 삶의 불균형, 업무량이 종종 과도함	업무의 불균형 조절 새로운 비즈니스 모델 창출
2014/8/25	(주)대학내일	100	86769	36960	3.0	4.0	1.0	3.0	2.0	0	1	경영/기획/컨설팅	전직원	서울	 0 	False	"신입들도 많이 배울 수 있는 곳이지만 타깃상 한계점이 보임. 책임감이 강해야 할 것."	기회 제공, 젊은 복지, 합리적인 인사평가제도 등	잦은 야근, 개인으로 움직이는 마치 개인사업 같은 느낌, 팀내 단합x	팀이 구성되어있는만큼 좀 더 하나로 뭉쳐 새로운 일들을 해나가는 것이 필요
2014/8/21	(주)대학내일	100	86769	36404	3.0	4.0	2.0	3.0	3.0	0	None	영업/제휴	전직원	서울	 0 	False	"대학생과 대학생의 최고 전문가 집단. 일을 배울 수 있는 기회가 많은 회사"	대학생프로그램, 공모전, 광고 등 대학생과 관련된 다양한 분야에서 경험을 쌓을 수 있는 회사. 급여도 좋은편.	클라이언트와 업무에 따라 주말 근무 가능성 있음. 대학생프로그램 행사 시 주말 근무. 야근도 빈번함.	경쟁자들이 많아지는 대학생 관련 대행사업. 차별화 할 수 있는 포인트가 필요함 특히. 대학내일 잡지 매체력으로 성장해왔지만, 현재 대학 신입생들에게는 대학내일 잡지 인지도 떨어짐.
2014/8/20	(주)대학내일	100	86769	36177	3.0	3.0	2.0	3.0	2.0	0	1	IT/인터넷	전직원	서울	 0 	False	"정말 일만 할 마음이면 좋은 곳"	여러 사내문화가 존재하고 사소한 것도 꼼꼼하게 챙겨주는 내부 문화가 많다	어린 직원들이 많다보니 일에 대한 낮은 지식층과 처리 방법 등에 대한 문제제기들이 많이 되고있고 수평적이라곤 하지만 암묵적인 수평조직이 존재하여 보이는 것보단 더 까다로운 회사이다	내부 커뮤니케이션이 잘 이루어지지않고 고집된 신념을 가지고 계신다. 자유로움 속에 강한 압박이 내포되어 있어 직원들에게 부담감이 크다.
2014/8/14	(주)대학내일	100	86769	35283	4.0	4.0	3.0	5.0	5.0	1	2	기타	현직원	서울	 0 	False	"다양한 업무를 경험해 볼 수 있음. 의욕적으로 한다면 성장하기 좋은 회사"	다양한 기회들이 많이 옴. 일을 빨리 배울 수 있음 젊은 회사	일이 많고 야근이 잦음. 일과 삶의 균형을 맞추기 어려움.	경영진분들 멋있으심
2014/8/13	(주)그린웹서비스	100	86851	35031	3.0	4.0	5.0	5.0	4.0	1	2	IT/인터넷	현직원	서울	 11 	True	"네이버>네이버I&S>그린웹서비스 의 구조를 가지고 있으며 네이버의 컨텐츠, 커뮤니티운영, 광고운영, 영상제작 등 의 업무를 맡고 있습니다.NHN Services 에서 사명이 바꼈습니다.직급은 사원>주임>대리>과장>차장>부장 순 이며직책은 사원>파트장>팀장>실장 순 입니다."	안정적인 구조를 가지고있는 회사입니다. 연봉은 낮은 편 이지만 직무 와 직급에 따라 연봉차이가 큰 편 입니다. 대부분의 복지는 네이버를 따르고 있으며 큰 스트레스 없이 자유롭게 일할 수 있습니다.신입채용은 기존 2년 계약직 채용에서 정규직 채용으로 변경되었습니다.	시작 연봉이 낮은 편 입니다. (그래도 타 포털 운영법인에 비해 가장 높은 수준이긴 합니다)파트장 이상 관리자로의 진급이 쉽지 않습니다.대졸, 전문대졸 과 관계없이 시작연봉이 같아 대졸자들은 불만이 있는 편 입니다.	국내에서 등한시되는 분야인 서비스운영에 대해 더욱 관심을 가지고 전문가를 양성해내는 회사가 되길 바랍니다.
2014/8/31	한국피자헛(유)	100	2927	37954	2.0	2.0	2.0	4.0	3.0	0	1	영업/제휴	현직원	경기	 1 	False	"업무강도에 비해 연봉은 적지만 기업이미지의 깨끗함"	대중들이 모두 아는 기업이미지가족적인 분위기	조직화 되지않은 업무체계과도한 업무에 비해 적은 보수승진기회 적음	업무분배 체계화
2014/8/23	한국피자헛(유)	100	2927	36717	3.0	2.0	2.0	2.0	2.0	0	1	서비스/고객지원	전직원	서울	 0 	False	"세계적인 피자 회사에서 몸 담고 싶은 사람에게 추천"	전 세계 어딜 가더라도 내가 다니는 회사의 로고를 볼 수 있어 자부심을 느낄 수 있음. 홈서비스나 레스토랑 등으로 특화된 매장이 존재하여 다양한 경험을 쌓을 수 있음. 피자를 실컷 먹을 수 있음.	서비스업이기 때문에 고객 응대에 대한 스트레스가 많이 쌓일 수 있음. 식사 시간에 가장 바쁘기 때문에 자신의 끼니를 거를 때가 많음.	사람을 구하는데 매우 어려움을 겪고 있는 매장 운영자가 많습니다.서비스업이라 아르바이트를 많이 사용하는데 그 보다 좀 더 체계적인 직원 교육과 인력 수급을 본사 차원에서 지원할 수 있다면 더욱 발전할 수 있지 않을까 합니다.
2014/8/3	한국피자헛(유)	100	2927	33402	3.0	3.0	3.0	3.0	2.0	1	1	서비스/고객지원	전직원	서울	 0 	False	"입사후 알바생들만큼 힘들게 일함 몇년 각오하면 승진가능"	노조가 있음 , 복리후생은 타 외식업계에 비해 뛰어남	빡빡한 업무스케줄, 시간외 근무가 당연시됨 어쩔수 없음	다른 외식업계에 맞서 매출상승을 위해선 빠른변화에 즉각적인 대응이 필요함 메뉴계발 등 .
2014/8/1	한국피자헛(유)	100	2927	33233	3.0	3.0	3.0	4.0	4.0	1	1	서비스/고객지원	현직원	서울	 2 	True	"서비스업종중 서비스에 관한 부분을 확실히 배울수 있는 곳"	서비스에 대한 자부심을 가지고 있는 회사.동종업계중 평균적으로 높은 연봉	서비스업종이다보니 주말에 쉬는 경우가 거의 없음.	좀더 나은 복지를 위해 힘써주세요.
2014/8/30	삼성웰스토리(주)	100	88148	37854	3.0	4.0	3.0	3.0	2.0	1	1	디자인	현직원	서울	 0 	False	"식음관련 업종 지원자 추천 (식음컨설팅. 조리사. 영양사)급식사업 위주로 식품유통 및 외식업종은 아직 갈길이 멀다"	삼성관련 관계사로 안정성삼성 복지 혜택	삼성은 전자 위주로 식품업은 공격적으로 하지 않음에버랜드로 분리 되면서 중.소기업 규모로 회사 재정비가 한참임	-보다 공격적인 식품유통업 및 외식업 진출-대기업에 맞는 사업모델 구축 예를 들어 바이오식품. 의약품. 호텔업. 식자재 및 곡물 관련 무역업 등 진출-너무 실적에만 집중되어 r&d 기능과 트렌드 및 혁신적 발상에 제한적- 에버랜드 그늘에서 벗어나 더 큰 성장을 위해서는 현재 사업구조와 경영방향에서 혁신 필요- 현재 삼성계열의 관계서 사업 및 고개사 유지를 위한 노력 필요 (현재 고객들의 불만 및 입지 불안)
2014/8/24	삼성웰스토리(주)	100	88148	36814	1.0	1.0	2.0	2.0	1.0	0	None	경영/기획/컨설팅	전직원	서울	 5 	False	"비유하자면 부모잘둔 자식. 외부 경쟁력 없음부모망하면 같이망하는 구조. 근데 부모가 언제 자식 버릴지 모름. 대충 다니다 결혼하고 그만둘 사람들에겐 추천. 남자나 비전을 갖고싶은 사람은 비추.회사가 전체적으로 체계가 없음. 현장을 쥐어짬"	삼성그룹?대기업 연봉 복지, 신입이 중요한 업무할수도. 업(식자재 유통)의 전망은 밝음. 능력있는 사람이 상대적으로 적어 본인이 능력있으면 인정받기 쉬움. 젠틀한 조직문화	삼성그룹이지만 밥집.낮은 인지도삼성공무원시절을 잊지못하는 간부들.후진적 시스템,하드웨어.전혀다른 업에서 온 경영진의 수직적 지시체계계열사에 의지하는 구조식자재 서비스업을 관리, 시스템화 하려는 삼성 특유 관리 마인드(창의적으로 일할 수 없음)	경영진들은 정말 능력있고 전직장에서 인정받던 분들이나,이 업을 너무 모름
2014/8/14	삼성웰스토리(주)	100	88148	35242	3.0	3.0	3.0	3.0	1.0	0	1	경영/기획/컨설팅	현직원	서울	 1 	False	"식음전문기업에 관심이 있다면 추천"	동종업계에선 선두라는 점, 일부 직무의 경우 삼성본관 근무	에버랜드에서 분사되었다는 점, 삼성그룹에서 버리는 카드가 될 수 있다는 점, 애사심이 생기지 않는다는 점, 미래가 불안하다는 점 등	의사결정 체계
2014/8/19	에스피씨그룹	100	87570	36052	3.0	3.0	1.0	1.0	1.0	0	2	영업/제휴	현직원	서울	 4 	False	"보수적인 사내 문화지만 진보적인 문화로 개선하려는 움직임은 있음. 일반 기업과 다르게 Monopoly와 family-owned 기업의 장단점을 다채롭게 볼 수 있음. 다시 입사할 기회가 있다면...글쎄?"	해외사업과 신사업에 전략적인 투자중. 기업에 성패는 차후 5년안에 나지 않을까.여성 근무자들에 대한 처우는 좋은 편.	보수. 극보수. 그리고 decision making이 불명확하여 팀장급 이하 직원들이 모두 힘든 상황에 자주 직면 함.	효율적인 의사결정 필요.직원 인재개발에 대한 투자 확대.인적자원을 human RESOURCE로 보지 않는 시각.받는 만큼 일 해라 문화에서 탈피할 필요.
2014/8/17	에스피씨그룹	100	87570	35618	3.0	3.0	2.0	3.0	3.0	1	1	경영/기획/컨설팅	현직원	서울	 0 	False	"동종 업계 상위권 연봉, 식품업계 경력 쌓기"	식품 업계 상위권 연봉식품 업계 경력 쌓기 가능	부서 운이 좋아야함.어느 부서는 맨날 야근하지만 어느 부서는 칼퇴근	관리자급 인원을 줄이고, 실제로 일을 해야하는직원들이 필요함
2014/8/1	에스피씨그룹	100	87570	33175	2.0	3.0	2.0	2.0	1.0	0	1	생산/제조	전직원	서울	 0 	False	"동종 업계에서는 연봉이 높은 편이지만 일하는 분위기는 최악"	외식업계에서는 큰 손. 매장관리 운영 프로세스가 명확힌 편	비합리적인 인사제도, 근무시간이 불규칙함, 인원관리가 비효율적이다.	합리적인 운영을 바람
2014/8/25	(주)한국코퍼레이션	100	63215	37012	3.0	2.0	2.0	3.0	3.0	0	1	영업/제휴	현직원	서울	 0 	False	"학력이 낮고 상담업무에 자신있고 탄력적 근무도 괜찮은 분들에게 추천"	고객상담인 만큼 업무 난이도가 쉽다. 자유로운 분위기. 칼퇴근.	업무 난이도가 쉬운만큼 단조롭고 개인의 향후 직무능력 개발 가능성이 낮을 수 있다.	야근수당좀 더 많이 주세요.
