date	cname	industry_id	cid	cmid	possibility	pay	balance	culture	management	recommend	expect	job_kind	current	area	helpful_count	is_best	subject	good	bad	hope
2015/3/30	스타벅스커피코리아(주)	100	70749	99994	3.0	4.0	4.0	4.0	3.0	1	1	서비스/고객지원	전직원	서울	 0 	False	"커피를 좋아하고 서비스직이 맞는 사람이라면 괜찮은 직장이다. 메뉴얼대만 따라하면 쉽고 빠르게 적응할 수 있다."	가장 큰 장점은 회사 메뉴얼대로만 따라하면 쉽고 빠르게 배우고 적응 가능하다는 것이다. 특히 커피나 요식업에 관심이 있다면 한번쯤 경험해보면 좋은 곳이다. 하지만 빠른 업무진행이나 서비스업이 어려운 사람들은 다시 생각해 볼 것을 추천.	경기불황으로 저가 커피가 유행함에 따라 커피기업에 대한 선호가 달라지고 있다. 그에 관한 대처가 필요할 것.	치열한 커피시장에서 살아 남기위한 공격적인 시장전략이 필요하다고 봄
2015/3/27	스타벅스커피코리아(주)	100	70749	99423	3.0	2.0	3.0	3.0	3.0	0	2	서비스/고객지원	현직원	서울	 0 	False	"커피를 정말 빡쌔게 배울수 있고 , 커피에 관심이 많다면 한번쯤 일해보면 좋은 기업"	서비스 교육 및 체계적인 매뉴얼을 배울수가 있음	주는거에 비해 하라는것이 너무 많음, 생각보다 커피 제조 외에 할일이 많으며 아르바이트 조차 많은일이 부여됨	연봉이 좀 더 높았으면 좋겠고, 고객과 직원 모두에게 좋을 진동벨 도입이 시급합니다.
2015/3/24	스타벅스커피코리아(주)	100	70749	98327	2.0	4.0	1.0	3.0	1.0	0	None	서비스/고객지원	현직원	서울	 0 	False	"업계최고회사인곤사실이지만 타이틀뒤에 가려져 겉으로 드러난 헛점을 일해보면 몸소체험할수있음"	장점이라면 파트타임에도 불구하고 어마어마한 복지혜택 이거딱한가지	서비스업의 대표적인 저스트세이예스만을바라는 회사 마인드 매장에 방문하는 사람은 무조건 갑이라는 식의 경영	좀더 파트너의 입장과 매장경험을바탕으로 경영하시길 바람
2015/3/24	스타벅스커피코리아(주)	100	70749	97904	4.0	1.0	5.0	4.0	4.0	1	1	서비스/고객지원	현직원	서울	 0 	False	"외식프랜차이즈 기업의 정석. 브랜드파워가 왜 중요한지 현장서 일하다보면 제대로 느낄수 있다. 다만 인서울 중경외시 이상급이라면 업무강드에 비해 낮은 급여에 불만을 느낄수도 있다"	자유로운 분위기이며,기본적 예의만 지키면 똥군기잡는 상사나 기업문화없다. 가격이 높아 손님 진입장벽이 높으므로 진상고객도 동종업계에 비해 낮은편	여초회사! 그리고 점장의 의지나 실력에 따라 내가 성장할지 아님 주저 앉을지 복불복이 심하다. 그리고 신세계 그룹 타계열사에 비해 낮은 급여..	외형적 성장에만 올인하지말고, 기존 직원들 업무평가와 솎아내기가 필요하다
2015/3/18	스타벅스커피코리아(주)	100	70749	95825	3.0	3.0	3.0	3.0	3.0	1	1	서비스/고객지원	현직원		 0 	False	"커피에 대한 관심이 있다면 한 번쯤은 다녀볼만한 곳"	바리스타의 경우 5시간 근무로 여유 시간이 많음하루 2잔의 무료 음료 제공, 매달 원두 제공 등의 자잘한 복지 혜택이 많음직급별 일정 기간이 지난 후에 승진 기회	바리스타의 경우 5시간 근무로 급여가 매우 적음일정 기간이 지난 후 승진의 기회가 생기지만 승진을 보장 할 수는 없음	본사의 요구와 매장의 현실이 다른 경우가 종종 있음그로 인한 매장 파트너들의 고충이 있음
2015/3/12	스타벅스커피코리아(주)	100	70749	93759	5.0	5.0	3.0	3.0	3.0	1	2	서비스/고객지원	전직원	서울	 1 	False	"커피전문점나 서비스업에서 일하고 싶다면 경험해볼만한 아르바이트"	아르바이트 치고 좋은 페이, 알바임에도 복지혜택(전매장 할인, 명절 보너스 등), 업계 1위에서 일한다는 자부심과 외국계 회사가장 큰 것은 여성들 육아휴직이 잘 되어있음 업계 최고라고 해도 과언이 아니다	손님과 다른 파트너로 인한 스트레스가 어마어마함동료를 잘 만나야한다 업무강도가 셈직원의 경우 손님응대와 문서작업을 겸해야해서 더 힘들고 위생 및 부재료 관리가 철저한 것이 때때로 직원들에게 스트레스가 되기도. 매출과 인사비에 대한 압박이 심함	인력분배 할 때 직원들을 더 배려했으면.허용된 인력에 비해 업무가 너무 많아 직원들이 힘들어한다
2015/3/12	스타벅스커피코리아(주)	100	70749	93622	4.0	5.0	3.0	5.0	5.0	1	2	서비스/고객지원	전직원	부산	 0 	False	"높은 복지 수준과 만족스럽고 청결한 근무 환경"	복지 수준이 높고 근무환경도 매우 좋습니다.매장마다 조금씩 다르긴 하지만 공통적으로 좋은 업무 환경	월급이 조금 낮습니다.승진의 기회는 제법있다고 생각은 되나, 기본 연봉이 낮은편	별로 경영진에게 바라는 점은 없습니다.
2015/3/11	스타벅스커피코리아(주)	100	70749	93472	3.0	3.0	4.0	5.0	3.0	0	2	서비스/고객지원	현직원	서울	 0 	False	"사람이 좋고 오래버틸 생각이 있다면 추천. 복리후생은 좋음. 바리스타부터 시작하면 돈벌이로는 별로임."	다양한 사람들을 만나고 그 속에서 활력을 느낄 수 있음.	균형적이지 못한 출퇴근시간, 연장근무의 당연시화, 많지 않은 돈벌이.	지원센터 내부채용 확대 및 기회제공을 꾸준히 증대시키고 파트너들의 커피지식을 함양시키는데 애써주셨으면 합니다. 바리스타 최저시급제는 짠듯..승진 기회를 많이주셔야할듯
2015/3/9	스타벅스커피코리아(주)	100	70749	91256	3.0	4.0	2.0	3.0	3.0	0	1	경영/기획/컨설팅	현직원	서울	 1 	False	"외국계라 생각하면 큰오산"	유통이나 식음업계중 괜찮은 급여 및 복지	외국계 분위기가 아님,  보수적 로컬기업	없음
2015/3/7	스타벅스커피코리아(주)	100	70749	90130	4.0	3.0	4.0	4.0	3.0	1	2	서비스/고객지원	현직원	경남	 0 	False	"업종 내 1위 기업으로서 미래 역시 기대해볼만할듯"	동 업종내 최고 복지와 임금. 신세계와 스타벅스에 반반 걸치고 있어 둘 모두의 복지를 받는다.나름 유쾌한 사내분위기.	현장 서비스직이다. 박봉이다. 업종 특성상 주말에 쉬기힘듦.	꾸준히 발전하길
2015/3/3	스타벅스커피코리아(주)	100	70749	88388	3.0	4.0	2.0	4.0	2.0	1	2	서비스/고객지원	전직원	경기	 1 	False	"아르바이트로서는 최고! 직업으로서는 보통?"	학벌이 필요없이 바리스타부터 열심히 하면 정직원인 부점/점장이 될수 있는 좋은 기회. 업무강도는 높지만 복지로 따지면 괜찮은편(여성기준/고졸기준) 출산휴가&육아휴직 사용이 자유로워 여성으로서는 좋은 직업	아무래도 서비스직이다 보니 서비스직의 안좋은 점은 다 가지고 있음. 경영진이 무리하게 운영하고 매출은 매장직에게 메꾸라는식의 마인드가 정직원들의 피를 말림. 업무강도에 비해 월급은 적음. 고객이 왕임.	스타벅스 미국 본사의 경영철학이 한국에 들어와서 퇴색된건 아닌지. 파트너를 최우선으로 하는 하워드슐츠의 마인드는 어디로?
2015/3/31	한국맥도날드(유)	100	3616	100452	4.0	3.0	2.0	3.0	2.0	1	1	마케팅/시장조사	현직원	서울	 2 	False	"글로벌 브랜드의 힘으로 모든 사원들이 자부심을 가지고 일한다는 점"	외국계 특성상, 성과를 보여주는 만큼 보상이 가능한 점, 남녀 차별 전혀 없으며, 여성들이 일하기 좋은 회사	체계적인 프로세스가 없는점, 업무배분이 효율적으로 이루어 지지 못하는 점.	복지 및 급여가 타 업계에 비해 낮음
2015/3/30	한국맥도날드(유)	100	3616	100178	5.0	5.0	3.0	4.0	4.0	1	2	서비스/고객지원	현직원	경남	 0 	False	"학력, 나이, 성별 등의 차별이 없고 모두에게 동등한 기회를 제공한다."	근무 시간을 최대한 맞출 수 있으며, 직장 내의 분위기가 좋다.	교대 근무로 인해 생활 패턴이 깨진다. 규칙적인 생활이 불가능하다.	그닥 바라는 점은 없다. 그냥 지금 이대로 좋은 성과를 냈으면 좋겠다.
2015/3/16	한국맥도날드(유)	100	3616	95158	3.0	3.0	2.0	3.0	3.0	0	1	서비스/고객지원	전직원		 0 	False	"여자들이 다니기에는 좋지만 자신의 시간이 부족."	비교적 젊은 연령층과 일하기 때문에 일하는 분위기는 좋은편이다. 여자들이 다니기에는 좋다.	먼저 들어왔어도 승진이 더 늦게 될수도 있고 일하는 거에 비해 월급이 적다.	승진체계가 좀 더 명확해질 필요가 있으며 무분별한 점포 늘리기보다 관리를 더 잘해야 할 것 같고 복지를 좀 더 늘린다면 직원들이 더 좋아할 것 같다.
2015/3/9	한국맥도날드(유)	100	3616	90900	4.0	3.0	2.0	3.0	3.0	1	2	서비스/고객지원	현직원	경기	 0 	False	"사람과 어울리기를 좋아하고 체력이 좋다면 추천.."	근무시간에 상사에게 눈치 볼 필요없이 나의 역량을 자유롭게 발휘할수 있음	근무시간에 할 수 없는 사이드잡이 사람잡음	매장직원들에 대한 지속적인 관심
2015/3/8	한국맥도날드(유)	100	3616	90411	5.0	3.0	2.0	5.0	3.0	1	1	서비스/고객지원	현직원	대전	 0 	False	"여성들이 일하기 좋음 진급의 기회도 많은편이고 매장마다 다르겟지만 젊고 파이팅넘치는 분위기"	사람 만나는 재미가 있음 , 결속력이 생기고 효율성을 추구하는 회사의 특성때문에 계속해서 효율적인 일 하는 법을 배움 성취감있음	생활 리듬이 깨지기 쉬움 배울것이 많아 일머리가 없는 사람은 매우 고생 할 수 있음	파트타임 인력들을 많이 고용하여 로테이션을 돌리기때문에 업무에선 효율성을 찾을 수 있지만 많은 임금을 바라기가 어려움 개선되었으면 좋겟음
2015/3/7	한국맥도날드(유)	100	3616	89794	4.0	2.0	2.0	3.0	3.0	1	2	서비스/고객지원	현직원	경기	 0 	False	"각 매장별로 따로근무하기때문에 상사나 동료직원 운이 잘 따라줘야함"	외국계기업이라 학벌 스펙등은 따지지않고 실제로 알바출신 이사나 팀장급이 많음	학벌 스펙을 안따지다보니 동료직원 수준이 너무낮은경우가 있어 힘든경우도 있고 3교대스케줄이다보니 개인생활과 업무를 나누기 힘들때가있음(내가쉴때 상사는 일함)	제대로된 인재를 채용하려면 급여및 복지가 인상되어야 하고 단기간의 이익만 추구할게아니라 제대로된 사람들을 가려서 채용해야할듯
2015/3/3	한국맥도날드(유)	100	3616	88556	4.0	2.0	2.0	3.0	3.0	1	1	서비스/고객지원	전직원	부산	 0 	False	"아르바이트를 거쳐서 매장 매니저직으로 진급가능. 매장직에 흥미를 느낀다면 추천"	글로벌 기업인만큼 체계적 교육서비스와 다양한 생산관리, 마케팅, 재고관리 영업전략등을 현장에서 배울수있음	글로벌 기업이라지만 매장직은 매장의 특성에 따라 매우다르기에 생각이 필요 체력과 정신력이 필요함.	월급좀 올렸으면.
2015/3/30	(주)하나투어	100	49174	100206	4.0	3.0	4.0	5.0	3.0	1	2	IT/인터넷	현직원	서울	 0 	False	"대한민국 1등 여행기업. 경쟁사는 모두투어가 아닌 인터파크"	잡쉐어링제도 사내 어린이집 개설 고려 등으로 직원 배려하는 점이 의외로 많다.	여행업계라는 이유로 연봉이 적은 편이다.	다양한 제도를 시행하는 것도 좋지만 확립하는 것 또한 중요하다고 생각합니다
2015/3/30	(주)하나투어	100	49174	99996	3.0	2.0	4.0	3.0	2.0	0	2	기타	현직원	서울	 0 	False	"회사만 크는 회사, 직원은 언제나 그자리"	해외에 나가볼 경험이 많다. 매출에 비해 조직규모가 큰 편으로 다양한 직무경험 가능	지나치게 낮은 급여, 최소한의 복지, 부서간 이기심 등 조직 문화가 좋은 편은 아님	주식관리, 지나치게 높은 목표부터 현실화하는 것이 좋을 듯...
2015/3/27	(주)하나투어	100	49174	99465	2.0	3.0	2.0	3.0	3.0	1	1	서비스/고객지원	전직원	서울	 0 	False	"여행업계 일위라는 자부심과 좋은 복지"	시스템은 업계중 최고 전용 mns로 쉬운 소통가능, 다양한 혜택	비효율적으로 업무가 돌아가 답답한면이 있음	업무가 효율적으로 돌아갈 수 있도록 노력 부탁드립니다
2015/3/24	(주)하나투어	100	49174	98025	3.0	2.0	4.0	2.0	2.0	0	1	서비스/고객지원	전직원	기타	 0 	False	"해외 근무의 장점 타기업에 비해 유연하지 못한 조직"	국내 여행업계 1위 기업  런던 증시 상장등 외형은 크다	경직된 조직 의외로 군대스러운 면이 없잖아 있다급여부분도 만족스럽지 못한편	좀더 유연한 조직체계가 잘 어울린다 적어도 여행서비스업에는
2015/3/22	(주)하나투어	100	49174	97290	3.0	2.0	4.0	3.0	3.0	0	2	법률/법무	전직원	서울	 4 	False	"맘 편히 널럴하게 다니기엔 괜찮은 회사.   야망이 있는 사람들에겐 글쎄."	회사 분위기가 빡세지 않고 워크 앤 라이프 밸런스를 중시한다.  직원을 잘 내보내지 않아서 고용 안정성이 있다.	업계의 압도적인 1위인데도, 그런 것치곤 연봉이 적다. 워크 앤 라이프 밸런스는 그 보상이라고 생각됨.	연봉 좀 올려 주세요.. 그러면 이직율 확 줄어들 듯.
2015/3/18	(주)하나투어	100	49174	96196	5.0	3.0	5.0	4.0	3.0	1	2	경영/기획/컨설팅	현직원	서울	 0 	False	"업무에대한 체계도가 잘 잡혀있다. 다만 야근 식대 등 급여에대한 부분은 회사규모에비해서 적은편. 일을 선택하는 기준의 우선순위가 연봉이라면 오지않는 편이 좋다."	경영진들의 스마트워킹에 대한 관심으로 출근시간이 유연하며 해외출장의 기회가 많다. 젊은 조직이라 상하관계가 딱딱하지 않다.	업종자체 연봉수준이 낮기때문에 급여에대한 만족도 또한 낮다.	다양한 업무가 있지만 직무급이 나뉘어있지 않아 영업이든관리지원이든 같은 급여 같은 기준의평가를 받게 되는데서 오는 역차별 문제를 해결해주었으면 좋겠다
2015/3/18	(주)하나투어	100	49174	96125	4.0	3.0	5.0	5.0	4.0	1	2	영업/제휴	현직원	서울	 0 	False	"회사와 개인생활의 균형을 이룰 수 있다 연봉을 크게 신경쓰지 않다면 매우 좋은 직장"	많은 해외여행의 기회가 있다 수평적인 회사분위기로 내부적 활동에 대한 스트레스가 적다	브랜드 파워에비해 연봉이 아쉽다 계속적인는 변화로 업무에 다소 혼란이 있는경우가 있음	새로운 수익구조와 성장동럭 모색으로 계속 발전하는 회사가 되기를
2015/3/17	(주)하나투어	100	49174	95579	3.0	1.0	1.0	2.0	1.0	0	1	전문직	현직원	서울	 1 	False	"업계 1위이긴 하나 연봉은 하위수준."	1. 업계 1위라는 자부심2. 여행박람회 같은 굵진한 행사3. 어지간해서 잘리지 않는 분위기	1. 심각하게 낮은 연봉. 평균연봉 인상률이 2%2. 보고용으로 작성하는 문서많음.보고용 문서들이 있고 이 문서들을 취합하는 2차보고용 문서 등등3. 무능력한 팀장들이 넘침. 업무 이해도 없고 설명 해줘도 모름4. 잘된건 내꺼 잘못된건 남탓 분위기 심함	물가상승률은 따라가야 하지 않겠나 양심적으로
2015/3/12	(주)하나투어	100	49174	93993	3.0	2.0	4.0	4.0	3.0	1	2	경영/기획/컨설팅	현직원	서울	 0 	False	"급여는 많지 않지만 비급여적이 부분에서 장점도 많은회사"	자율복장, 시차출퇴근 등 스마트워킹, 육아휴직 쓸 수 있어 일반기업보다 자유로움출장 및 직원할인으로 여행을 자주 다닐수 있음	급성장한 회사라 제도를 갖춰나가는 중이며 윗분들이 다 젊기때문에 현재 신입은 과장이상 진급이 어려울수 있음같은 팀에서도 역량에 따라 업무 편차가 많이 남연봉이 높지않다보니 받는만큼만 일하자는 분위기1등 기업이라 업계에서 갈데가 없고 타업종으로 이직하기가 쉽지않음	상대평가가 아닌 합리적인 인사평가로 성과를 인정받는다면 동기부여가 더욱 잘되지 않을까 함
2015/3/10	(주)하나투어	100	49174	92716	2.0	1.0	3.0	3.0	3.0	0	1	서비스/고객지원	전직원	서울	 0 	False	"국내 1위 기업이라는 자부심"	국내 여행업계 1위라는 자부심! 비교적 젊은 사내문화와 분위기. 나름 사내분위기가 좋음.	연봉, 연봉, 연봉, 연봉! 연봉이 정말 적고 인상폭도 정말 적음. 여행업계 연봉이 원래 적다지만 정말 맥빠지는 정도의 연봉....	연봉과 스톡옵션좀...
2015/3/10	(주)하나투어	100	49174	92582	3.0	1.0	3.0	4.0	3.0	0	2	경영/기획/컨설팅	전직원	서울	 0 	False	"여행업에 뜻이 있다면 추천합니다."	타 대기업에 비해 유연하고 젊은 기업!	다른 산업에 비해 연봉이 너무 적습니다.. 여행업에 뜻이 없으시다면 다른 산업을 추천합니다.	대기업치고는 뭔가 좀 학교같은 분위기..그래도 여성들이 일하기 좋고, 여행업에 뜻이 있으시다면 좋은 기업입니다!
2015/3/7	(주)하나투어	100	49174	89917	3.0	1.0	4.0	4.0	3.0	0	1	IT/인터넷	현직원	서울	 1 	False	"여행업계에서 일하고 싶다면 추천...해외 인솔자 출장의 기회가 있지만 적은 연봉은 문제가 많음.."	업무 강도가 강한 부서를 제외하고는 대부분 칼퇴..1년에 2~3번의 해외 출장 기회	낮은 연봉...부서간 이기주의로 새로운 일을 벌리기 힘들다..	낮은 연봉으로 인해 인재들이 하나둘 떠나고...경력을 뽑더라도 페이가 안맞아서 안들어오고...인재를 적재적소에 배치하는 게 필요하고 업무의 전문성이 있는 분들을 리더의 위치에 올려야 합니다
2015/3/3	(주)하나투어	100	49174	88463	5.0	5.0	5.0	5.0	5.0	1	2	영업/제휴	전직원	서울	 1 	False	"기업 분위기 매우 좋습니다. 열린 기업입니다."	사람을 존중하는 올바른 기업이라고 생각합니다.	수많은 능력자들 사이에서 경쟁하기 어렵습니다.	글로벌 문화기업으로 나아가는데 응원하겠습니다
2015/3/22	롯데지알에스(주) 롯데리아	100	78632	97421	3.0	3.0	3.0	3.0	4.0	0	2	인사/총무	현직원	서울	 1 	False	"대한민국 No.1 프렌차이즈의 자부심과 대기업의 복지를 느낄수가있다."	대기업의 복지를 누릴수 있다. 프렌차이즈의 전반적인 움직임을 알수가있다.	롯데그룹내에서의 높지않은 연봉, 보수적인 문화	바뀌어가는 보수적인문화를 탈피하는 중
2015/3/17	롯데지알에스(주) 롯데리아	100	78632	95535	3.0	3.0	3.0	2.0	3.0	0	1	영업/제휴	전직원	서울	 0 	False	"일반적인 패스트푸드점. 당사 타사와 비교하였을때 크게 다른점 없음"	교대근무 가능, 개인사정에 따라 매장 매니저와의 협의로 시간 조정 가능	법적근로기준 최저수당으로 근무시작, 시급 조절이 쉽게 이루어지지않음	매장 매니저들에 대한 자체적인 감사 및 서비스 교육 필요
2015/3/8	롯데지알에스(주) 롯데리아	100	78632	90588	2.0	3.0	2.0	2.0	1.0	0	1	서비스/고객지원	현직원	서울	 0 	False	"현재 정체기입은 확실하나 시장규모 만큼 사업진출 분야가 다양함에있어 안정성은 보장된다."	수직적인 회사 분위기를  전환하려는 분위기가 많이 조성되고있으며,그에 따른 교육도 수시로 진행되고있고 눈 앞에 1, 2년 보단 앞으로 몇년후가 기대되는 상황이다.	개선으 노력은 있지만, 아직은 변화를 시도하는 단계이며,근로시간 외 근무가 많은편 정확한 수당지급(염장수당) 받지 못함	현장 상황에 맞는 업무 진행 필요
2015/3/8	롯데지알에스(주) 롯데리아	100	78632	90384	3.0	2.0	1.0	2.0	2.0	0	None	서비스/고객지원	전직원	대구	 0 	False	"현장일에 대해서 잘 숙지하고 가야됨."	롯데 계열사라서 혜택을 받을수 있음.	낮은급여, 가혹한업무와 자기계발시간을 가질 수 없음.	초과근무수당을 지급해야하고 업무환경이 개선되어야 됨.
2015/3/17	(주)세스코	100	71990	95490	3.0	1.0	2.0	2.0	2.0	0	2	경영/기획/컨설팅	전직원	서울	 3 	False	"이직율이 높은 이유가 있다. 직원이 자주 나가고 정착을 왜 못하는지 고민을 해야합니다."	국내1위 방제 기업이라는 자부심은 있고 엄청난 성장을 하고있는회사	인사제도 직급수당 포괄적임금제  복리후생 등은 기업이미지와 전혀맞지않음	체계적인 업부 r&r  적립, kpi제도 도입 직원이 만족하고 열정적으로 일할수있는 환경. 인재가 곧 회사의 비젼이라는 마인드를 가졌으면 함
2015/3/16	(주)세스코	100	71990	94934	4.0	4.0	4.0	4.0	4.0	1	2	인사/총무	전직원	서울	 2 	False	"동종엽계중 많은 연봉을 받을 수있고 체계저인 시스템을 배울수 있는 회사"	대기업과 같은 체계적인 시스템이 구축되어있습니다.	야근이 잦다는 것과 업무량이 많다고 생각합니다.	상장하여서 기업이 더더욱 커갔으면 좋겠습니다.
2015/3/7	(주)세스코	100	71990	90043	3.0	2.0	2.0	1.0	2.0	0	2	서비스/고객지원	현직원	서울	 5 	False	"직원에 대한 대우가 좋아질꺼라는건 비관적이긴 하나 욕심없이 안정적으로 취업하기엔 좋음"	익월 급여결제가 없으며 밀리는 경우 또한 없음정년까지 강제퇴직의 위험이 적음평균 한시간반의 점심시간서비스카 지급으로 출퇴근비 절약	업무량에 비해 부족한 연봉 (연봉:급여+식대+야근수당+분기별 성과급)지사 단위의 회사운영(본사와 거리가 멈)보수적인 회사운영(주먹구구식)없다시피한 직원복지(복지란게 없다고 할 정도, 서비스직군은 거의 소모품 취급)	시대 추세에 맞춰 직원들에게 무조건적 희생을 요구하지말고 적어도 직원들이 일을 함에 있어 열의를 가질 수 있는 무언가를 내려줘야 하지않을까 싶습니다. 직원이 못하는것만 찾아 까내리고 회사가 욕심차리려 하지말고 직원을 소중히 여기로 베풀어 주시길 바랍니다.
2015/3/6	(주)세스코	100	71990	89464	2.0	2.0	2.0	4.0	4.0	1	1	영업/제휴	전직원	경북	 0 	False	"업무 강도가 높지 않아 일하기 좋으며 가족같은 분위기.급여가 낮은 듯하여 퇴사했으나 다시 생각나는 회사."	시스템이 잘 되어있으며. 직원 중심.	승진 및 이직에 있어 다소 어려움. 복리후생 약함.	분야 특성상 전문적이면서 제한적인 분야로 보다 나은 복리후생 및 보상에 대한 기회를 늘려. 기존의 가족 같은 분위기와 더불어 활용하면 직원들의 근속연수가 더 높아지지 않을까 생각합니다.
2015/3/4	(주)세스코	100	71990	88815	4.0	4.0	4.0	5.0	5.0	0	1	서비스/고객지원	전직원	서울	 1 	False	"미래는 없지만 경영 임직원 분들 정말 가족같이 일하고 있음 안정적임"	가족같은 회사 분위기 업무가 어렵지 않아 신입사원도 금방 배울 수 있음	야간 근무, 근무 환경 열악함, 업무시간 대비 급여가 적음	좀더 전문적인 인력이 필요함
2015/3/1	(주)세스코	100	71990	87761	3.0	1.0	1.0	2.0	3.0	0	1	경영/기획/컨설팅	전직원	서울	 0 	False	"신입으론 비추 경력직이 더 나을듯 만약에 간다면요..."	신사옥이라 깨끗한 근무 환경정도...........라고 말씀드릴 수 있겠네요	너무 외진곳에 있어 출퇴근 정말 빡셉니다 통근버스도 상일동역만 잇고요	신사업분야에서 승산이 난다면 성장 가능성이 높을 것 같음
2015/3/25	씨제이푸드빌(주)	100	23183	98859	4.0	3.0	1.0	2.0	1.0	0	None	경영/기획/컨설팅	전직원	서울	 4 	False	"다니는 사람보다는 친구들이, 부모님이 좋아라하는 회사"	올리브영 그리고 외식 브랜드에서 큰 할인을 받을 수 있다는 장점이 있다. 부모님이 말하고다니기 좋다. 기업이 주는 느낌이 여성스러운 부분이 있다. 최근 일이년사이 여러 사건들로 이미지가 실추된 부분은 있지만. 건물좋고 회사내 시설 매우좋다. 아이티회사스럽다.	그 할인도 다니다보면 친구들과 부모님이 더 득을 본다. 일하지 않고도 받는 할인이니까. 여자가 많기 때문에 여자라서 봐주는 것이 더 없다. 야근 많고 눈치 많다. 탑다운의사결정체제가 만연. 결국 오너경영 오너가족 오너친구가 지배하는 곳에서 일하는 일개미가될뿐. 라인 심함.	꿈나무들을 기업 이미지로 현혹하지 말고 현혹하였다면 그들을 실망시키지 말기를.
2015/3/23	씨제이푸드빌(주)	100	23183	97628	4.0	4.0	2.0	3.0	2.0	1	1	디자인	전직원	서울	 5 	False	"지금은 또 변했을지 모르나 외식업에서 제대로 일해보고 싶은 자들에게 추천"	기회가 많고 그룹 계열사와의 다양한 콜라보로 다양한 업무 접근성이 있으며, 본인이 원하는 경우 한 분야에대한 교육의 기회 많음	일이 무엇을 상상하든 그 보다 너무 많고 변동이 심함(물론 본인의 잡에 따라 다름)	업무의 양이나 퀄리티에 따라 다른 평가가 있었으면, 특히 디자인 분야에는 더 많이..
2015/3/21	씨제이푸드빌(주)	100	23183	97154	3.0	3.0	2.0	2.0	2.0	1	2	기타	전직원	서울	 0 	False	"연봉과 기업문화는 평균이고 일은 빡시다"	대기업이며 사무직의 경우 시스템을 배울 수 있다	수평적인 조직관계인듯 보이나 다른 기업과 마찬가지로 수직적인 부분이 많음	사무직의 경우 페이퍼 웍이 많은데 사실 불필요한것도 많다
2015/3/10	씨제이푸드빌(주)	100	23183	92665	3.0	3.0	1.0	3.0	2.0	1	2	경영/기획/컨설팅	현직원	서울	 2 	False	"업 특성상 성장 주기의 변폭이 큼. 실적의 압박은 없지만 그에 따른 보상은 상대적"	CJ타이틀. 임직원카드 35%할인.  다양하고 전문적인 업무 경험	과다한 업무량. 바쁠땐 인간관계가 소원해짐.	푸드빌 출신 임원이 없다. 내부 인원의 성장시키지 않고 전부 제당출신이다. 제당에서오 밀려난 한물간...
2015/3/9	씨제이푸드빌(주)	100	23183	90749	3.0	3.0	1.0	3.0	3.0	0	1	경영/기획/컨설팅	전직원	서울	 17 	False	"CJ그룹 공채로 들어간다면 많은 배려와 기회를 갖을 수 있으나 경력직으로 입사한다면 회사의 부속품이 된다는 것을 경험할 수 있음. 제조와 외식업이 섞여있으나 외식업에 비중을 더 두고있기에 제조업처럼 기초부터 차근차근 체계적으로 업무를 배울 수는 없고 외식, 유통에 맞게 넓은 그림으로 배울 수 있음. 센 업무 강도와 야근을 버틴다면 씨제이라는 타이틀을 업고 경력으로 타 기업 이직하기에는 좋음."	개인이 업무에 대한 결정권이 높은 편이라 사원/대리급도 비교적 중요도가 낮은 업무의 경우 의사결정 권한이 있음.외식업, 회사경영 전반에 대한 경험 및 지식을 쌓을 수 있으나 스스로 찾아서 배워야 하며 누가 가르쳐주지 않음님문화로 사수제 개념이 아니라 개인의 독창성을 유지할 수 있으며 1차상사가 아닌 이상 윗직급에게도 눈치를 보는 문화는 아님씨제이 그룹의 네임밸류가 있어 경력을 쌓으면 타 업체 이직이 비교적 수월함동대문본사 제당사옥의 경우 근무환경 최적이며, 1층에 뚜레쥬르 및 투썸, 지하에 빕스, 푸드월드, 올리브영이 있어 퇴근 후 쇼핑하기에도 좋음. 직원 휴게실이 구비되어 있으며, 시설은 최고급수준이라 콘도급 침대와 샤워시설이 있음임직원의 경우 계열사 쇼핑 시 35% 할인이 가능한 신용카드 발급이 가능함.	업무량이 상당히 많으며 일반적으로 1.5~2명의 업무를 한명이 전담하는 경우가 많음대체적으로 잔업이 많으며, 야근을 당연시 하는 분위기가 조성됨.님문화로 개인을 존중해주는 장점이 있는 반면 팀이나 파트에 대한 유대의식이 적은 편이라, 사원/대리급에 업무상 문제가 생겨도 스스로 해결하라는 분위기가 강하며, 윗 직급에게 업무를 체계적으로 배울 수 있는 시스템이 아니라 신입사원의 경우 업무 기본기를 배울 수 있는 회사는 아닌 것 같음업무를 체계적으로 기초부터 배울 수 있다기 보다는 일을 하다가 스스로 깨우치는 경우가 많음외부에서 보기엔 자유롭고 수평적 회사인 것 같으나 은근히 보수적 측면이 강함서류작업을 중요시하여 미사여구 위주의 서류작업이 많으며, 회의가 상당히 많고 메일로 주고받는 업무가 많음회사에서 인정받으려면 개인생활을 희생하고 업무에 올인해야 하며, 일반적으로도 타 기업에 비해 야근이 많음부서간 R&R 정립이 아직 확고하지 않고 알력이 작용하여 서로 업무를 미루는 경우가 많아 원치않는 기싸움을 하게되나 윗선에서 정리를 안해줌카톡을 이용한 24시간 업무진행	이미 일어나지 않은 일에 대비하는 차원에서 여러 업무를 지시하는 것은 옳으나, 너무 과도하게 자주 지시하여 직원들이 진이 빠지는 경우가 많음. (퇴직율이 타사대비 높은 것이 그것을 증명)행복한 직원이 성과를 내고, 좋은 기업문화를 만드는 것을 잊지 않았으면 함
2015/3/6	씨제이푸드빌(주)	100	23183	89685	2.0	2.0	4.0	3.0	3.0	0	1	전문직	현직원	서울	 3 	False	"외식업에 커리어를 집중코자한다면 성장하기 좋은기업하지만 동종대비 낮은연봉과 과한업무량 요구함"	퇴계로 신사옥에 있는 좋은 환경의 사무실 위치. 외식업관련 브랜드를 대부분 가지고있음으로 해당 커리어에 집중하여 성장하고 싶다면 이력을 쌓을수 있음	비합리적 인사제도 및 이년마다 있는 대규모 구조조정.특히 동종업계보다 낮은 연봉에 업무량은 과다한 수준. cj의 유연한 사내분위기를 모토로 하지만 사실 실무자와 관리자의 양극적 문화를 눈가리는 홍보용도임정치판이 매우 극심하며 라인을 타고온 해당분야 무경력 관리직들이 많은것이 특징. 그라인따라 매우잦은 부서이동및 재배치 실험. 특정부서는 이직율이 굉장히 높음주말낮밤을 가리지않는 카톡근무지시는 치명적임	좋은 성과를 위해 집중과 선택이 필요함. 쓸데없는 의사결정권을 몇단계씩 만들지 말고 전문부서별 정확한 업무분배와 커뮤니케이션이 필요함. 그리고 인사상 사내규정으로 카톡근무지시는 금지해야함
2015/3/6	씨제이푸드빌(주)	100	23183	89511	3.0	3.0	2.0	1.0	3.0	0	1	기타	전직원	서울	 1 	False	"사업군이 본인에게 맞는다 했을 때 지원하세요."	CJ다른 계열사와 협업할 기회도 많고 문화적인 부분을 다루는 기업이라 일이 지루하진 않음. 이 사업군을 꼭 하고싶다는 사람들에게는 일이 고되도 배울게 많을듯	사내문화가 좋지 않고 조기퇴사자가 많은 편. 요즘은 어떤지 모르겠으나 업무강도가 굉장히 쎈 편임. 다른 대기업에 비해 직급체계가 느슨한 편이긴 하나 그만큼 업무체계가 잘 잡혀 있다고 보기엔 어려움.	사내문화의 개선이 필요합니다.
2015/3/4	씨제이푸드빌(주)	100	23183	88599	3.0	2.0	3.0	4.0	3.0	0	1	서비스/고객지원	전직원	서울	 0 	False	"대형 외식업체의 돌아가는 구조와 점포관리를 해보고 싶다면 괜찮음"	동종업계에선 알아주는 대기업으로 일에대한 직무를 배울 수 있음, CJ의 각종 복지혜택을 받을 수 있음	외식업체 특성상 현장관리자로 투입되는 경우가 많기 때문에 아르바이트같은 느낌이 듬, 이름에 비해 연봉이 짬	회사 이름처럼 연봉도 높았으면 좋겠음
2015/3/22	유베이스(주)	100	87279	97292	3.0	2.0	2.0	2.0	3.0	0	1	서비스/고객지원	현직원	경기	 0 	False	"업무 강도 높은데 그에 비해 급여가 아쉽습니다"	사내시설이 좋은 편이고 동종업계에서 발전가능성이 많음	급여가 적음 조금이라도 덜 주려고 머리쓰는 회사	현실적인 급여체계로 좋은회사로 평가받기를 바랍니다
2015/3/17	유베이스(주)	100	87279	95489	2.0	2.0	4.0	3.0	3.0	0	2	서비스/고객지원	전직원	서울	 1 	False	"유베이스는 아웃소싱 전문기업입니다. 즉, 회사를 대신하여 고객의 서비스나 문의를 대신해 주는 기업입니다. 금융, 유통, 공공기관등 큰 기업들을 고객사로 많이 두고 있습니다."	상담이라는 전문직업군을 양성하면서 일자리도 제공해 줍니다. 정확한 근무시간(9출근~18시 퇴근)을 지키며 추가 근무시간이 거의 없습니다. 실질적인 업무와 처리를 중요시 하기에 학력에 대해서는 많이 무관하다고 보시면 됩니다.	월급이 그렇게 많지는 않습니다. 물론 능력제라 열심히 한다면 그만큼 가져갈 수 있죠. 쉽지는 않습니다. 또한 고객 상담을 주로 하다보니 다양한 사람과 상대해야 합니다. 궁금한걸 물어보는 사람도 있지만 서비스에 대한 불만을 털어 놓는 사람도 많습니다. 사람을 대하는데 있어서 어려움이 많은분은 스트레스 받는 일이 많을 수 있습니다.	실적도 중요하지만 상담이라는 고객서비스가 쉽지는 않습니다. 너무 실적만 따지기 보다는 고객을 상대로 직원들이 받는 스트레스 해소를 위하여 다양한 심리상담이나 복지 혜택도 많이 주시기 바랍니다.
2015/3/8	유베이스(주)	100	87279	90259	1.0	3.0	3.0	3.0	3.0	0	1	서비스/고객지원	전직원	경기	 0 	False	"출퇴근시간이 고정적이며 급여는 타 업종에 비해 적은편"	출퇴근이 고정적이라 야근할 일이 없다	단순한 업무의 연속, 고객을 관리하다보니 거기서 오는 스트레스가 크다	급여인상
2015/3/4	유베이스(주)	100	87279	88854	3.0	1.0	4.0	3.0	2.0	0	1	영업/제휴	전직원	서울	 1 	False	"아르바이트 삼아 잠깐 다니는 것은 괜찮지만 오래 다니는 건 비추천합니다."	동종업계 1위, 성차별 거의 없음, 여성에게도 동등하게 열린 승진 기회, 비교적 자유로운 분위기	스케쥴 변동이 잦음. 교육 잦음. 고객 상담에서 받는 스트레스. 상담원의 실수를 감싸주지 않음. 전산 오류 잦아서 일하기 힘들 때 있었음.	문제가 터졌을 때 주먹구구 식으로 해결하지 말고 전산을 항상 제대로 정비했으면 좋겠습니다.
2015/3/27	아워홈(주)	100	68269	99527	2.0	3.0	3.0	3.0	2.0	1	1	기타	현직원	경기	 2 	False	"다양한사업부 이것저것배울수있음 그냥저냥다니기괜찮음"	교육을잘시킴 여자들육아휴직출산휴가가능 엘지임직원할인가능	오너마음대로움직임  비효율많음 의사결정이느림 의사소통이잘되지않음	필요한일에인력집중 야근수당현실화 아홉시출근여섯시퇴근 개인시간존중
2015/3/27	아워홈(주)	100	68269	99503	2.0	2.0	3.0	3.0	2.0	0	None	금융/재무	전직원	서울	 1 	False	"겉보기에만 괜찮아 보이는 회사나 내실은 없음"	부서마다 조직 분위기는 다르나 대체적으로 자유로운 분위기외식사업을 확장중이므로 가끔 상품권이 나옴. FS 주력 회사이다보니 식당은 좋음	연봉이 적고,복지가 형편없으며 부서간의 커뮤니케이션이 잘 안됌. 부서이동이 빈번히 일어나 업무 효율성이 떨어짐. 외식브랜드 직원 우대가 없음	부서가 너무 많이 나눠져 있으므로 타부서에 대한 이해도와부서간의 커뮤니케이션이 떨어지므로 업무 효율성 저하
2015/3/25	아워홈(주)	100	68269	98535	1.0	2.0	3.0	2.0	1.0	0	None	경영/기획/컨설팅	현직원	서울	 1 	False	"업계 최저 연봉, 오너의 직책에 맞지않는 업무 간섭과 방향성 부재"	경력사원에 대한 배타심 적고 서로 배려하는 팀 분위기	사업부간 업무 협조 원활하지 않고 오너의 객관성 부재	기업의 미래에 대해 심각한 고민과 오너에게 필요한 충언
2015/3/21	아워홈(주)	100	68269	97007	1.0	3.0	3.0	3.0	1.0	0	1	기타	현직원	서울	 2 	False	"연봉과 업무의 강도는 5점만점에 3점으로 무난하지만 기업규모에 비해 불안정한 인사관리와 오너경영 특수의 변덕을 경험할수있다."	중견기업이라는 네임밸류와 제때나오는 월급적당한 야근과 주말출근의 정도기업이라 상또라이는 거의없다식재나. 인테리어쪽은 우대하니 괜찮을듯	제멋대로인 인사발령과 인사평가제도일을 하는사람만하고 안하는사람은 안하는데도 그에따른 평가가 제대로 되지않는다. 분리법인인 캘리스코라는곳에 마음대로 발령을 내고 전혀다른 직무를 주기도함. 시시각각 업무지시가 달라져 벼락치기로 해내야하는 경우가 많다. 오너경영진이 직원을 믿고 맡겨주지않는다. 그것이 팀장이라도...암튼 최대 단점은 삼성도 아닌데 사람을 소모품으로 생각한다는것	사람보는 눈을 키우고. 큰그림을 그렸으면... 전문 경영인과 각 팀의 장에게 세부그림을 그릴수있게 기회를 마련하고 믿어준다면 지금보다 훨씬 성장할듯
2015/3/20	아워홈(주)	100	68269	96852	4.0	2.0	4.0	4.0	4.0	0	2	영업/제휴	전직원	서울	 0 	False	"신식회사 사회초년생들이 경험 하면 좋은회사"	신식이며 복장이 대체적으로 자유로우며 연령대가낮아 원활한소통	교육시스템 인재교육시스템이좋지않다 봉급이약하다	봉급올려주시고 인재교육시스템 이 부분은 신식회사에 맞게변형하시면좋은회사가될거입니다
2015/3/18	아워홈(주)	100	68269	96215	2.0	2.0	3.0	2.0	2.0	0	1	경영/기획/컨설팅	현직원	서울	 8 	False	"로얄티를 가진 직원은 단 한명도 보이지 않음. 전부 공무원마인드."	높지 않은 연봉만큼 적당한 업무강도가 최대 장점이라면 장점이었으나 최근 분위기는 그렇지도 않음	비합리적인 인사평가제도, 꽉막히고 보수적인 조직문화.. 아워홈은 LG가 아님을 명심할것. 비교도 인되게 낮은 급여수준과 복리후생, 원칙과 기준이 없는 곳임.	여기 백날 써봤자 안봄. 이런게 있단것도 절대 모를것..
2015/3/12	아워홈(주)	100	68269	93657	2.0	1.0	3.0	3.0	2.0	0	1	마케팅/시장조사	전직원	서울	 5 	False	"조금씩 상장하는 식품회사. 그러나 낮은 연봉에 만족을 못하는 사람이 대다수."	비교적 안정적인 식품회사. 먹는 산업이기 때문에 경기를 타지 않는다고 함.	낮은 연봉수준. 대다수의 사원들이 만족을 하지 못하고 있음. 대리, 과장으로 진급해도 연봉 인상률, 상승률은 매우 낮은 수준	비록 식품회사의 연봉이 전체적으로 낮은 수준이긴 하지만 연봉은 곧 직장인의 자존심. 소속 직원들의 자존심을 세워주기 위해서 노력했으면 함. 대부분의 구성원이 만족을 하지 못하고 있음.
2015/3/8	아워홈(주)	100	68269	90199	2.0	2.0	2.0	4.0	3.0	0	1	경영/기획/컨설팅	전직원	서울	 0 	False	"열정을 다해 일만할 자신있으면 가라"	조용하고 사람들간의 크나큰 일은 없어 보이는 분위기	보수적이고 적은 급여 일에 미칠 자신있으면 가라	좀 더 발전 할 수있는 회사가 되길바란다.
2015/3/2	아워홈(주)	100	68269	88233	1.0	3.0	2.0	2.0	1.0	0	None	전문직	현직원	강원	 10 	False	"여자가 많은집단으로 급여와 복지가 좋은듯 보이지만 과도한 업무량과 업무과장에 비하면 그닥.예전보다 승진기회는 공평하게 갖지못하는 편이며, 잦은 경영진 변경으로 근무환경 및 사기저하는 바닥을침"	업계 1위라고 한다지만. 이것도 바뀐지 옛날.전국으로 사업장이 있어서 발령의 용이함	비합리적 인사배치사업장 운이 복불복이라 고과도 승진도 운이 엄청나게 따라야함.	변덕스런 경영마인드에 사원들은 이직을 꿈꾸고있음.인건비 줄이려말고 사람 귀한줄 알았으면...이러다가 꿋꿋이 일하는 일꾼들은 다 떨어져나갈듯
2015/3/12	아웃백스테이크하우스코리아(유)	100	86465	93493	3.0	1.0	1.0	3.0	1.0	0	1	서비스/고객지원	전직원	서울	 0 	False	"시급제 정규직이라는 채용형태가 젊을 때 어렵지 않게 정규직 직장경험을 쌓을 수 있다."	시급제 사원 근무시 다른 기업보다는 빨리 입사시 바로 복리후생 등 정규직 대우를 받고 서비스업을 좋아한다면 즐겁게 일할 수 있으며 특히 외식업에선 미국에서부터 전달되는 체계적인 시스템 (매장운영, 비용관리, 영업교육 등)을 배울 수 있다.	20대에는 해볼 만한 일이지만 30대 이후에는 매장에서 서비스업을 계속 하기엔 체력적으로 힘들고 더 나아지지 않는 보상에 이직을 선택하게 한다. 또한 미국 회사라는 점에서는 자유로운 분위기지만 실제로 리더들은 한국식으로 일해서 복합적으로 압박이 있다. 수 많은 레포트와 빡빡한 관리.	적은 수의 본사가 있는 반면 90%이상의 매장 직원들이 회사를 움직이고 있는데 배려가 없는 것 같다. 매장 근무 환경의 개선이 필요하고 전체적인 보상 수준 특히 복리후생 부분에 투자가 필요하다.
2015/3/3	아웃백스테이크하우스코리아(유)	100	86465	88278	2.0	3.0	2.0	2.0	2.0	0	1	서비스/고객지원	현직원		 0 	False	"반골 기질이 있는 사람은 비추천. 퇴근 시간이 불규칙적이다."	스케줄 조정이 용이하다. 학업과 병행하기 좋은 알바.	육체 및 정신적으로 쉽지 않으며 이쪽으로 진로를 계획하는 것이 아닌 알바로 하는 거라면 머리 비우고 일해야 마음 편할 것이다.	물론 손님도 중요하지만 손님만큼 직원도 중요하다는 점을 알아주었으면 좋겠음.
2015/3/1	(주)커피빈코리아	100	53841	87818	4.0	3.0	4.0	3.0	3.0	0	1	서비스/고객지원	전직원	경남	 3 	False	"교육 후 1년간 서을 근무 후 지방근무 가능, 직급은 스타(바리스타) - 수퍼(수퍼바이저) - 점장 - PM 순.일은 힘든거 없음. 커피만들고 빵굽고 청소, 마감. 잡일은 주로 알바가 다함. 스타 수퍼 사이엔 나이가 어린사람이 많아서 나이많은바리스타와 어린 수퍼바이저가 꽤 흔함. 점장은 보통 20대 후반부터 보였음."	커피빈 하면 이름은 좀 알아줌. 복지는 글쎄 내 생각엔 별로. 직원끼리 간단하게 술자리가면 알바도 오라고 할정도로 편함. 지역마다 다르겠지만 식후 tea타임 때 빼고는 바쁘진 않고, 직원들이랑 이야기 하다보면 시간 잘감.	연봉이 매우 짬. 진짜 알바보다 조금 높... 일하면서 못 않게함. 종일 서서 일함. 점심이나 저녁 식사시간에 앉아서 쉬지만, 제대로 쉴 수 있는 공간이 존재하지 않음. 간단한 쇼파나 컴퓨터 책상 정도...서비스직이라 그런가 정말 사소한 실수 같은데도 상당히 물어뜯으려함. 뭐 사람마다 다르겠지만...	커피 자체로서는 괜찮으나 다른 동종 기업과 달라지려는 혁신이 없다. 오히려 뒤처짐. 연봉좀 올려주세요.
2015/3/18	(주)호텔신라	100	47377	95850	2.0	1.0	3.0	2.0	2.0	0	1	마케팅/시장조사	현직원	서울	 1 	False	"면세는 급성장, 호텔은 글쎄요.. 특히 면세는 몇년사이 경력직 많아 기업문화 없음대기업 메리트 외....잘 모르겠음"	외부에서 보는 이미지가 좋고, 작긴 하지만 삼성 패밀리	의외로 낮은 연봉 + 낮은 인상률, 임원이 많고 의사결정 속도가 느림	일 시키시면서 책임도 함께 나누었으면 좋겠습니다. 문제 생길때 내가 언제 그랬냐고 하시면 ㅠㅠ
2015/3/17	(주)호텔신라	100	47377	95728	2.0	4.0	2.0	1.0	3.0	0	1	경영/기획/컨설팅	현직원	서울	 0 	False	"호텔업계 중에선 연봉 및 처우가 좋은편."	성장하는 기업. 한번쯤은 도전해볼만한 곳	전형적인 대기업의 보수적인 기업문화.	수준을 알고 목표를 적당히 잡았으면 하는 바램
2015/3/15	(주)호텔신라	100	47377	94738	3.0	1.0	1.0	2.0	3.0	0	None	인사/총무	현직원		 2 	False	"업무에 헌신하고자 하고 새로운 것을 시작하는 사람에게는 추천, 하지만 관리의 삼성을 기대하고 온다면 실망할 것"	여성이 일하기 좋은 여건(육아휴직을 자유롭게 쓸 수 있고 이후 복직도 원활)음주를 강요하는 분위기는 아닌편	야근이 많음(회사가 성장하고 있어 인력이 부족한 편)	우수한 인력을 적절히 활용하는 법을 연구할 필요가 있음
2015/3/11	(주)호텔신라	100	47377	93382	5.0	4.0	4.0	5.0	4.0	1	2	마케팅/시장조사	현직원	서울	 0 	False	"국내 최고의 호텔이라는 프라이드, 삼성계열사, 가족적인 분위기 그리고 발전하고 배울수 있는 기회"	삼성 계열사, 공채의 경우 회사에서 많이 밀어줌, 기회와 가능성이 주어지고, 많이 배울수 있다.여자들이 다니기 좋은 회사(육아 휴직, 복지가 잘되있음)부서마다 조금씩 다르지만 회식이나 지나친 음주를 강요하지 않는 분위기국내 최고호텔이라는 자부심	낮은 연봉 상승률과 다른 삼성계열사와 비교 했을때 낮은 ps,pi삼성공채출신이 아닐경우 어느정도의 차별이 존재하는것 같음호텔에서의 특별한 직원 혜택은 거의 없음	야근하는일은 좀 줄었으면 좋겠습니다..
2015/3/11	(주)호텔신라	100	47377	93071	2.0	2.0	1.0	2.0	3.0	1	2	영업/제휴	전직원	서울	 0 	False	"판매직이 쉽지 않습니다. 그러나 영업관리직으로 지원하기전에 경험해 보면 좋습니다."	교육관리가 확실히 잘 되어있어서 서비스분야에 관해 배우기 좋습니다.	본사직이 아니라 판매직의 경우는 아웃소싱형태여서 신라의 모든 혜택을 받기는 어렵습니다.	판매직원들의 환경개선, 교육관리 등 다양한 방향으로 도와준다면 그들은 매출로 보답할 것입니다.
2015/3/10	(주)호텔신라	100	47377	92446	3.0	5.0	2.0	2.0	2.0	1	2	서비스/고객지원	전직원	서울	 0 	False	"호텔신라하면 동종 업계에서는 최고라고 생각합니다. 호텔리어를 꿈꾸신다면 호텔신라에 입사하는게 큰 경험과 경력이 될 수 있을 것입니다."	삼성 계열사이다보니 복지는 좋습니다. 페이도 호텔쪽에선 가장 높은 걸로 알고 있습니다. 의지만 있다면 교육의 기회도 주어지고요. 사내 직원들의 서비스교육이나 음식, 주류 등에 대한 지식을 높이는 것을 중요시 했던 것 같습니다	선후배간의 시니어리티는 감안해야 할 것입니다. 물론 어느 업장에서 누구와 함께 일하냐에 따라 다르겠지만 기본적으로 서비스 업계에 있는 그 위계질서에 버티지 못하는 동기들을 많이 봤습니다.	직원들이 언어나 식음료에 대해 더 공부하는 것을 회사에서도 조금씩 더 배려해준다면 양쪽다 성장할 수 있을 것 같네요
2015/3/4	(주)호텔신라	100	47377	88592	4.0	2.0	4.0	1.0	1.0	0	1	경영/기획/컨설팅	현직원	서울	 4 	True	"삼성이라는 네임밸류, 신라호텔이라는 대외적 이미지를 중시여긴다면."	해외진출에 따른 다양한 기회부여, 면세점 성장에 따른 매출 증대, 오너 대표이사의 관심 및 지원 등	비합리적 평가, 낮은 연봉, 수직적 조직문화, 열악한 근무환경 및 분위기, 부서 간 교류 부족 및 역할 모호	직원들의 근무환경에 관심을 갖고, 실무자들의 의견 좀 귀기울였으면.
2015/3/2	(주)호텔신라	100	47377	87930	2.0	2.0	1.0	1.0	1.0	0	None	경영/기획/컨설팅	전직원	서울	 0 	False	"사무직의 경우 삼성 계열사가 갖는 합리적 조직문화, 높은 보수를 생각하고 입사하면 실망하기 쉬움"	현업 직원들에게는 경력, 커리어상 국내 최고의 호텔 준 하나인 것은 분명함.	단, 지원부서의 경우 삼성계열사임에도 잦은 야근에 비해 처우수준은 낮은 편이며 수직적 조직문화가 강한 편	... 잘 보이려 하는 직원들의 말에만 가려져 있으시면 안됩니다
2015/3/11	트랜스코스모스코리아(주)	100	51105	93037	4.0	4.0	3.0	4.0	4.0	1	1	영업/제휴	전직원	서울	 6 	True	"트랜스코스모스코리아 소속  대기업 고객 상담 일을 했다. 역세권에 있어서 출퇴근하기 편리했고 무엇보다 일한만큼 벌어갔기에 불만불평없었다. 아무래도 상담업무이기에 업무스트레스로 인해 퇴사하는 사람들이 많았지만 페이가 쎘기에 또 그만큼 인력이 충당되는게 무한반복되는듯 하다. 이 곳 소속 상담업무 경험이 현재 내 사회생활함에 있어 큰 도움이 되고 있다."	상담업무에 있어 전공은 크게 중요하지 않아 누구나 도전할 수 있습니다. 열심히하면 많은 월급을 수령할 수 있습니다. 고정된 기본급에서 열심히하면 더 벌어가기에 그 어느누구도 불만불평하지 않습니다. 또 끊임없이 교육을 진행하며 다방면에 능통하게 답변할 수 있는 전문가를 만들어 냅니다. 젊은 연령층은 많이 없지만 연령 상관없이 다들 유순하게 잘 어울립니다. 또한, 상담업무의 업무스트레스로 인해 이곳 업계의 근속년수가 짧다보니 꾸준히 다니다보면 다른업계에 비해 진급가능성도 크고, 상담업무 이외에 교육 등과 같은 다른 업무로 전환할 수 있는 기회도 자주 생깁니다.	아무래도 아웃소싱 업체이기때문에 대기업 본사가 갑이므로 갑의 말에 휘둘릴때도 있고, 상담업무이다보니 다들 업무스트레스가 장난아닙니다. 베테랑들도 스트레스를 달고 사는경우가 많습니다. 목소리가 곧 돈과 직결되므로 목관리도 중요하고.. 시간관리도 굉장히 중요합니다. 시간과의 싸움이라고 할 수 있습니다.. 친절하지 않으면 도태되고 불친절하면 고객과 기업에게 낙인찍힙니다..	딱히 하고싶은 말은 없습니다만.. 고객의 소리를 최전방에서 듣고 있는 상담사들에게, 대기업 이미지 구축에 기여하고 있는 상담사들을 위해, 갑업체에 근무하는 정직원들과 동등한 복리후생을 누린다면 근무의욕은 그 어느누구보다 불타오를것이며 직원이탈방지에도 도움이 될 것 같네요. 복리후생만 잘되면 이보다 더할나위 없겠지요.
2015/3/4	트랜스코스모스코리아(주)	100	51105	88675	2.0	2.0	2.0	2.0	2.0	0	1	서비스/고객지원	현직원	서울	 0 	False	"긴 안목을가지고 장기적으로 콜센터쪽으로 계획을 갖고 확신이 있으며 고객과의 상담스킬 및 인력관리에대한 자신이 있다면 고려해볼만 함 하지만 팀 매니져 에서 실장급 운영진으로의 승진이 어마무시하게 오래걸림"	실적만 맞추고 처음 고객 응대함에 있어서 스트레스를 받지 않는다면 특별히 회사 내부적인 대인관계에서의 문제가 발생할 일이 적음 / 많은 중견기업과 대기업이 자체 콜센터를 운영하지않고 이와같은 회사에 외주를   주는 추세이기 때문에 일정기간이상 업무를 쌓고 경력을 쌓는다면 관리자급 TO는 프로젝트별로 많이 생겨 수요가 늘어날 것으로 보임	감정 노동의 성격이 심하기 때문에 자신이 기질이 맞지 않는다면 절대할 수 없는 업무이고 팀매니져 급에서 실질적인 운영진인 실장급으로의 승진하기까지 기간이 지나치게 오래걸림 또한 그 전까지의 급여는 박봉 관리자들은 오티를 밥먹듯이 하며 본인은 팀매니져로 일하며 한달 최고 70시간가량 오티를 했던 경험이 있음 그에비해 급여가 적음	실질적으로 팀매니져들의 대다수는 오랜 경력이 쌓인 매니저들 몇을 제외하면 조금 잘했던 상담사들을 자연스레 끌어다 올려 쓰는 형태가 대다수입니다. 업무의 특성상 상담사들이 자주 바뀌는것은 어쩔 수 없지만 상담사에서 벗어나는 선임급부터로의 승진 기준과 그에대한 보상에대한 확실한 규정이 있어야한다고 봅니다. 팀 매니져가 상담사보다 급여가 적은것 자체가 문제가 있고 어떠한 조직이던 조직의 장이 권위에 따르는 대우를 받지못하면 그 조직은 유지하기가 어렵다고 생각됩니다.
2015/3/21	씨제이푸드빌(주) 빕스	100	91680	97188	4.0	3.0	2.0	2.0	3.0	0	1	기타	전직원		 0 	False	"대기업 외식브랜드인 만큼 체계적이게 일을 배울 수 있지만 이직률이 높다"	일이 힘든만틈 직원들끼리 마음이 잘 맞으면 끈끈함이 생깁니다. 임직원 할인!	일이 너무 많아요. 퇴근시간이되도 제때 퇴근하지 못하는.. 여자들이 결혼하고나서 하기엔 정말 힘든 직장일듯 싶습니다	매장에서 일하는 직원들을 생각해서 프로모션들을 만들었으면 좋겟습니다 가끔은 말도안되는 프로모션으로 인해 직원들이 난감할때가 있다
2015/3/9	씨제이푸드빌(주) 빕스	100	91680	90853	3.0	4.0	3.0	3.0	2.0	0	1	서비스/고객지원	전직원	경기	 0 	False	"급여높음대신 일빡셈"	계열사 할인받는게 쏠쏠네임밸류가 있으니 자부심	휴일수당없고 유동적인근무시간 기업문화가 좋은지는 딱히 잘모르게씀	기본적인 근로기준법 지켰으면...
2015/3/12	(주)유니에스	100	87274	93833	1.0	2.0	3.0	1.0	1.0	0	1	서비스/고객지원	전직원	서울	 0 	False	"서비스 아웃소싱 1위 등의 수식어가 있지만, 현업에서는 파견직의 한계가 뚜렷하다."	젊을 때 회사생활에 대한 경험을 쌓기에는 좋은 터전을 마련해준다.	파견근무이기 때문에 소속감이 들지 않고 겉도는 기분이 들 수 있다. 젊은나이에 잠깐 비정규로 일하기는 괜찮으나 비전이 없다.	회사차원에서 마련한 교육을 통해 업에 자부심을 갖게 해주어야 할 필요가 있다.
2015/3/10	(주)유니에스	100	87274	91921	2.0	2.0	2.0	3.0	2.0	0	1	서비스/고객지원	현직원	서울	 1 	False	"아웃소싱으로 항공업 예약발권의 기초를 배울수있지만 감정노동에 피해 급여가 낮다"	교육받을때부터 급여를 주고 처음부터 단계적으로 배울수있어서 좋았다	예약발권업무를 위해 자취까지하면서 일하는 사람에게는 급여가 빠듯하고 스케줄근무이기에 근무시간이 들쑥날쑥	계속 새로운 직원을 뽑을게 아니라 기존직원들의 복지나 급여에 더 신경써주시길
2015/3/9	(주)에스텍시스템	100	89310	91319	3.0	3.0	3.0	2.0	3.0	0	1	서비스/고객지원	전직원	경기	 0 	False	"충분히 좋은 회사 삼성 에스원에서 나온 회사라 복지도 비슷함. 지원자격이 낮다는게 장점, 대졸이 아니여도 입사가능."	지원자격이 매우 낮고 오래일하는 사람들이 많지 않아서 꾸준히만 한다면 좋은 대우를 받을 수 있을 것 같다.	주야간으로 일해야 하므로 야간에 일하는게 힘들다면 조금 고민해야 할 것 같다.	왠지 군대처럼 그런 선후임 관계가 있는 것 같아서 신입이나 후임자로선 안좋은 대우를 받을 수도 있다. 군대가 아닌 직장으로서 철저히 자신들의 일을 책임지고 하게 하는 교육을 하는게 좋을듯 싶다.
2015/3/8	(주)에스텍시스템	100	89310	90226	4.0	2.0	4.0	3.0	4.0	1	2	경영/기획/컨설팅	현직원	서울	 2 	False	"동종업계 최고라는 자부심을 가지고 근무할 수 있음"	안정적인 성장이 예상되고, 직원이 주인이기 때문에 오너의 횡포가 없다	낮은 급여와 사회적으로 낮은 인식으로 직원들의 자부심이 낮다	기존 틀에서 벗어나 새로운 성장동력을 만들어주길 바랍니다.
2015/3/2	(주)에스텍시스템	100	89310	87860	2.0	3.0	2.0	3.0	2.0	0	1	전문직	전직원	경기	 0 	False	"보안,경비 쪽으로 경력을 쌓기엔 좋은 회사입니다."	신입초봉이 높은편이고 그래도 보안 분야에서는 큰 기업이기에 급여도 미뤄짐 없이 지급됩니다.	주야 근무로 인해 생활패턴이 불규칙해지고 날씨 영향 많이 받습니다.다나까 말투와 칼같은 선후임관계로 군대에 다시온 느낌 받으실수 있습니다.	-
2015/3/23	에스원(주)	100	65658	97773	3.0	3.0	4.0	4.0	3.0	0	None	엔지니어링	현직원	서울	 0 	False	"삼성에버랜드 e&a 사업부와 합처지면서 비전이 생긴 기업"	기존 보안사업 1위빌딩관리사업 1위	각 사업부별 업무 협업이 잘되지 않아 사업부 합병으로 인한 큰 시너지 발생 못함	애사심 고취 위해 노력을 좀더 해주시길..
2015/3/19	에스원(주)	100	65658	96493	2.0	3.0	3.0	4.0	2.0	1	1	경영/기획/컨설팅	전직원	서울	 0 	False	"군대문화. 점점 개선되고 있음. 급여는 일반서비업계 상위권."	의료복지 좋음. 이직할때 타사대비 좀더 인정받음.문화가 부드러워지고있는 과정. 삼성후광.	아직 군대같은 문화가 남아있음. 업무로드 강함. 현장 자율성 떨어짐. 입사에따라급여차심함.	관리적업무과중. 현장 자율성 제고필요.
2015/3/13	에스원(주)	100	65658	94299	2.0	4.0	2.0	2.0	2.0	0	2	서비스/고객지원	현직원	경기	 0 	False	"최대의 노력으로 보통이상의 급여를 받는회사"	국내 1위 보안업체 급여 근무여건보단 복리후생이 좋은기업	엄청난 근무시간ㅠ 노동강도와 기업 이미지에 비해 작은 임금 ㅠ	급여동결하지말아주세요 고졸사원들도 진급하고 자기계발할수 있는 기회가 많았으면 좋겠습니다
2015/3/12	에스원(주)	100	65658	93655	3.0	2.0	1.0	2.0	1.0	0	1	기타	전직원		 1 	False	"삼성인듯, 삼성아닌, 삼성같은 회사(남들에게 자랑할 수는 있으나 마음에 우러나서 자랑할 수 있는 사람이 몇이나 될지..)"	복지혜택은 좋음, 샌드위치 휴가 권장 사용으로 다같이 쉴때 조금더 쉴 수있다.	본사와 현장은 각각 별개의 회사인 것 같다. 일도 많고 눈치보는 환경이 있어 퇴근 시간도 늦고, 연차휴가는 정말 큰맘 먹고 내야함. 일 하는 사람은 하고 안 하는 사람은 안한다. 말이 정말 많은 회사.	직원들의 업무환경에 대한 복지를 생각해줬으면 좋겠다.
2015/3/9	에스원(주)	100	65658	91527	3.0	2.0	3.0	3.0	3.0	0	1	엔지니어링	현직원	경기	 1 	False	"업계 내에서는 연봉 낮다고 소문 났습니다."	시설운영팀 업계에서는 순위급의 회사입니다.당직서는 사업장의 경우에는 당직비 별도로 지급해 줍니다.	연봉 상승률이 낮아서 고과 보통만 받으면 신입사원보다도 연봉이 작습니다.	저임금으로 자꾸 경력되는 사람들이 나가는게 살길이라는 문화가 바뀔수 있었으면 합니다.
2015/3/7	에스원(주)	100	65658	89872	2.0	4.0	1.0	2.0	2.0	0	2	서비스/고객지원	전직원	서울	 3 	False	"미래가 불투명하고 출동차를 15년 타야함그렇게 타도 고졸사원은 대리임 .. 대신 먹고살만큼의 돈은 줌 복리후생도 괜찮음"	삼성이라는 꼬리표 그에 걸맞는 보수와 복리후생사람들을 많이 만날수 있다	군대보다 심한 선후배관계, 살인적인 근무패턴 어느새 내몸은 망가져가고 있다 살인적은 근무강도고객에게 옳은것도 말도 못하는 영원한 을	CS의 근무 강도를 낮추어 줘야한다 회사에서는 cs를 총알받이로 생각하는것 같다자부심따원 전혀없다
2015/3/7	에스원(주)	100	65658	89847	3.0	2.0	2.0	3.0	3.0	0	1	IT/인터넷	전직원	서울	 1 	False	"보통정도 되는 회사"	매출이 보장되는 안정적인 회사로서 큰 구조조정은 없었다	수직적인 조직문다가 있고급여가 그다지 높지않다	능력별 공정한 인사고광와승진이 되는 합리적인 인사시스텀이 필요합니다
2015/3/2	에스원(주)	100	65658	88042	5.0	2.0	4.0	4.0	4.0	1	2	서비스/고객지원	현직원	서울	 0 	False	"대졸사원 비율이 높지않은 만큼, 대졸사원에게만큼은 많은 기회가 주어지는 회사."	대졸사원들이 비교적.낮은 직급에서부터 책임과 권한을 바탕으로 일할 수 있음	삼성 계열사중 낮은편인 연봉, 보안사업시장의 치열해지는경쟁	인간미있는 조직문화는 좋지만 반대로 말하면 시스템이 부족한 것임. 엄격하게 맺고 끊음이 분명한 시스템위주 경영이 정착하길 바람.
2015/3/20	씨제이푸드빌(주) 투썸플레이스	100	94601	96764	2.0	2.0	3.0	3.0	2.0	0	1	서비스/고객지원	전직원	서울	 0 	False	"본사 관리가 더 필요한 회사, 가맹점과 직영점이 너무 다름"	누구가 쉽게 배울 수 있고 노력하면 업무에 대한 즐거움도 느낄 수 있음	가맹점은 분위기가 자유로우나 경력이나 복지는 직영점이 더 나을 듯	본사에서 가맹점도 관리해줬음 하는 바람
2015/3/13	한국마사회	100	86726	94256	2.0	5.0	5.0	5.0	4.0	1	2	서비스/고객지원	전직원	서울	 1 	False	"여유로운 직장 분위기입니다. 복지가 최고입니다."	연봉이면 연봉, 사내분위기, 복지 모둔 삼박자가 갖춘 곳입니다.	입사하는게 쉽지 않습니다. 공채 외로 무기계약직으로 입사하는 방법이 있습니다.	앞으로도 좋은 환경 만들어주시고 주변 지역에 도움이되는 기업이 되길
2015/3/26	세일즈웍스 코리아(유)	100	90449	99092	4.0	3.0	2.0	5.0	5.0	1	2	영업/제휴	전직원	서울	 10 	False	"글로벌 펀드레이징 회사로 Face to Face 마케팅을 제대로 하고 있습니다."	direct 마케팅과 fundraising 관련 업계 1위로 인정됨. 단순히 물건을 파는 것이 아니라 자신들의 영업이 결국 자선단체를 통해 어려운 사람을 도울 수 있다는 자부심을 갖을 수 있음	만약 영업을 위해 어떤 일도 하겠다는 용기없이는 버티기 힘듬. 길거리에서 처음보는 사람에게나 회사에 들어가서 fundraising 할 수 있는 용기와 끈기가 필요.	포화되고 있는 fundraising 분야에서 다른 분야로의 확대가 필요. 신입을 위한 보다 체계적인 교육필요.
2015/3/27	이트너스(주)	100	13535	99531	1.0	2.0	2.0	2.0	1.0	0	1	금융/재무	전직원	서울	 2 	False	"대외적으로는 복리후생과 복지가 좋고 대기업과 같은 수준의 근무환경으로 보이지만 일반 중소기업수준"	대기업 시스템과 업무 간접경험과 인프라 형성 기회	고객사와의 철저한 수직관계와 복잡하게 얽혀있는 이해관계로 인한 실무자들에게 이어지는 고충	외부에 보여지는것보단 내실을 다졌으면..
2015/3/9	이트너스(주)	100	13535	91564	3.0	2.0	3.0	3.0	2.0	0	1	경영/기획/컨설팅	현직원	기타	 4 	False	"아웃소싱업체로의 한계가 느껴짐 초년생이 잠깐 회사생활이 이렇다고 배울수는 있으나 그 경력이 미래의 경력으로 이어질지는 다소 의문"	지사배정및 업무따라서 경직된 조직구조부터 다소 개방적 조직구조를 맛볼수 있음	지사에따른 업무강도의 격차가 심함, 운발이 따라야함. 이것저것 다양한 시도를 하는거 같으나 시도에서끝남, 발전가능성 다소 없어보임.	특정그룹사에서 벗어나길
2015/3/7	효성아이티엑스(주)	100	285	90098	1.0	1.0	3.0	4.0	1.0	0	None	서비스/고객지원	전직원	서울	 0 	False	"학력제한 스펙제한등 입사시 요구하는 기본사항이 낮음 그에따라 복지나 연봉이 들쑥날쑥"	쉽게취업가능함 또한 7시이후로 야근이 거의없음 일부로 안시킴	부서간 경쟁이 매우심하고 관리직급 선배들 텃세심함 승진기회 거의없음기본급 외에 성과급이 월급의 대부분인데 여러가지로 삭감하는경우가 많음	직원복지처우개선
2015/3/25	한국전기안전공사	100	89009	98510	2.0	2.0	4.0	2.0	2.0	0	None	인사/총무	현직원		 5 	False	"일모도원(日暮途遠) - 갈 길은 먼데 해는 저무는구나"	1. 일단 공기업이므로 정년까지 안정적인 고용 보장2. 발전계열 혹은 해외투자관련 공기업에 비해 낮은 노동 강도	1. 기술직 신입직원들의 일반용설비점검과 대민지원업무 일변도 그리고 10년 이상의 지나친 부서간 이동적체로 능력자일수록 빨리 이직2. 정권마다 내려오는 낙하산 사장들의 일관성 없는 정책추진으로 조직의 역량을 스스로 깎아먹으나 제대로 실현된건 하나도 없음	1. 공기업이기 때문에 사회적 책무 수행도 중요하겠지만2. 이미 민간과 경쟁하고 있는 분야도 있고 기본적으로 용역업무를 수행하는 회사인만큼 독보적인 위치를 잠식당할 위험이 상존하고 있으니3. 제발 조직 내부적으로 통제할 수 없는 변수를 가지고 관리하니 어쩌니 하기보다는 먹거리창출에 대해 진지하게 고민하지 않으면 위험하옵니다.
2015/3/11	한국전기안전공사	100	89009	93263	2.0	1.0	2.0	2.0	1.0	0	None	특수계층/공공	전직원	전북	 1 	False	"기술직군은 오셔도 괜찮겠지만 사무직군은 비추입니다"	안정적이라는 것이 제일 큰 장점이겠네요 그냥 계속 다니고 싶으신 분들한테는 좋습니다	사무직군은 연봉이 너무 적고 연봉인상률도 물가상승률보다 낮아서 그냥 오래 다니실 생각있으신 분들한테는 좋을듯합니다	최소한의 시중의 중견기업의 연봉이라도 맞춰주세요...연차가 올라가도 연봉이 너무 눈물납니다
2015/3/9	한국전기안전공사	100	89009	91340	4.0	1.0	2.0	2.0	3.0	0	1	경영/기획/컨설팅	현직원	전북	 1 	False	"정년 60세 보장. 사오정시대에 60세까지 직업이 있다는 큰 장점. 그러나 길게 가야 연봉이 오른다는 단점. 특히 신입부터 10년차까지는 연봉이 적음."	보수적이지만, 상대적으로 남녀가 평등한 기업문화의 직장. 정년 보장.	간부직원의 장점이 적어서 하위직 직원들이 진급을 하지 않아, 간부보다 나이 많은 직원이 많음. 공기업 연봉 중에서도 하위권. 지역 사업소는 야근이 별로 없지만, 본사는 업무강도가 높아서 야근이 많은편인데, 그에 따른 보상은 없다.	젊은 직원들이 남아서 꿈을 펼치고 싶은 기업이 되어야 하는데, 그렇지 못함. 공공기관 지방이전시 미혼 신입 위주로 퇴사하는 직원 많았음.
2015/3/16	대명레저산업(주)	100	82315	95258	4.0	4.0	2.0	4.0	4.0	1	1	서비스/고객지원	현직원		 0 	False	"행사관련업무를 배울수있고 성실히만 한다면 정직원은 보장되어있다"	한곳에서만 일을 하는것이 아니라 여러 지역을 다닐수있어 경험이 풍부해진다. 외국인행사가 많아 공부를 안할수없고 사람상대하는것에 있어서 어려움이 없어진다	서비스직이다 보니 스케줄의 자유가 없다	서비스를 좀더 전문적으로 할수있는 교육을 늘렸으면 좋겠다
2015/3/10	대명레저산업(주)	100	82315	92315	3.0	1.0	1.0	3.0	3.0	0	None	서비스/고객지원	전직원	기타	 1 	False	"첫 직장 so so. 이직 no no."	여행 좋아하는 사람이면 리조트 이용 복지좋음	적은 급여. 인턴기간 1년. 비합리적인 상하관계. 업계 1위답지 않은 뒤처진 문화.	조직문화를 좀 개선했으면..
2015/3/20	피알원(주)	100	87461	96789	4.0	4.0	1.0	4.0	3.0	1	2	미디어/홍보	전직원	서울	 0 	False	"PR업계 최고 연봉, 최고 복지로 PR 커리어를 쌓기 좋은 회사"	팀마다 독립적이라 다르겠지만 대체적으로 좋은 사람들과 함께 일할 수 있으며 사내 분위기가 상당히 좋음. 적어도 사내에서 사람과의 관계로 인해 스트레스 받을 일은 거의 없음. 또한 홍보업계에서 손 꼽히는 메이저 대행사이기에 연봉 및 복지도 업계 최고 수준으로 받을 수 있음.	사실 오직 이 기업의 단점이 아니라 홍보업계 전체가 공통적으로 가지는 문제로 업무량이 과다하여 개인 시간이 거의 없음. 과도한 업무량을 고려해보았을때 다른 대기업들과 비교하면 연봉이나 복지 수준이 턱없이 부족함.	자신이 원하는 레퍼런스를 쌓을 수 있도록 팀 간 이동이 보다 자유로웠으면 좋겠음
2015/3/18	피알원(주)	100	87461	95994	4.0	3.0	2.0	3.0	3.0	1	2	미디어/홍보	전직원	서울	 0 	False	"업계 빅3 홍보에이전시로 일명 홍보사관학교라 불림."	신입의 경우 동종업계 최고 대우를 해줌. 커리어패스 관리에 좋음.	어떤 팀장을 만나느냐에 따라 당신의 인생이 바뀔 수 있다.	고인물은 썩기 마련입니다. 무슨 의미인지는 더 잘 아실듯.
2015/3/17	피알원(주)	100	87461	95787	3.0	3.0	2.0	3.0	3.0	1	1	미디어/홍보	현직원	서울	 0 	False	"다양한 홍보 경험을 쌓을수있는 홍보대행사. 중견기업중엔 좋은편"	국내 홍보대행사중 1위라는 자부심을 갖고 일할 수있음	팀바이팀이기때문에 어느팀은 일이 많고 어느팀은 일이 적음 깊이도 다르고 약간의 경쟁, 관료적인 팀도 있음	업무배분의 효율을 위해 힘써주셔야 할 것 같다
2015/3/6	피알원(주)	100	87461	89507	3.0	3.0	1.0	4.0	3.0	1	None	미디어/홍보	전직원	서울	 1 	False	"언론 PR을 처음부터 배우기에 나쁘지 않은 회사. 그러나 PR업계에서의 향후 성장 가능성은 정체 혹은 하락이 예상되는 회사."	국내 PR 회사 중 규모가 큰 편에 속해 다양한 클라이언트 경험해 볼 수 있음. 언론 PR에 대해 정석에 가깝게 배울 수 있는 편. 중소기업치고 복지는 제법 잘 구축돼 있는 편.	최근 뜨고있는 온라인 PR 부문이 약함. 온라인 PR을 배우고 싶다면 무조건 비추. 어느 팀에 소속되느냐에 따라 회사 생활이 천지차이. 팀장 잘못 만나면 지옥같은 회사 생활에 자칫 경력만 망칠 수 있음. 입사생각이 있을 경우 가능하면 내부에 해당 팀장평을 꼭 물어본 후 결정할 것. 규모에 비해 인사 시스템이 허술함. 대리 이하 직급은 절대 연차, 휴가 자유롭게 쓸 수 없는 분위기.	PR산업의 변화에 보다 빠르게 대처했으면 좋겠음
2015/3/11	(주)대학내일	100	86769	92812	2.0	3.0	4.0	3.0	3.0	0	None	IT/인터넷	현직원	서울	 2 	False	"마케팅업무를 지원한다면 해볼만함IT업무를 생각하고 들어간다면 다시생각해보는게좋을듯"	최고경영자 마인드는 좋음연봉도 다른회사에 비해 높은편임안정적임	보이지않는 윗선에 정치가 있음 자유로운 분위기가 자칫 업무태도를 해침 인턴부터 계속 일해온 사람들중에는  잘못된방향으로 일하고 있음에도 그게 맞는지알고 그 후임을 양성함 보여지기엔 수평적이지만 속을 들여다보면 매우 수직적인 회사	-
2015/3/3	(주)대학내일	100	86769	88399	4.0	4.0	5.0	4.0	3.0	1	1	경영/기획/컨설팅	현직원	서울	 0 	False	"대학내일 직원으로 소속된 순간 그 사람을 절대 포기하지 않으려고 하는 분이기가 있습니다. 많은 책임이 주어지며, 책임에 따라 급여도 받게 됩니다."	자율적인(딱딱하지않은) 사내 분위기, 역량/책임에 따른 급여를 받을 수 있음	과한 업무량과 책임이 주어짐. 아직은 조직적으로 체계화를 수립하는 과정임.	......................
2015/3/1	(주)대학내일	100	86769	87817	5.0	5.0	4.0	5.0	5.0	1	2	기타	전직원	서울	 6 	True	"최고의 회사, 전설이 될 수 있는 회사.사내 정치가 없고, 소통하는 문화가 있음. 우선 젊고, 젊은이를 대상으로 일을 함.하지만 들어가기가 쉽지 않음. 경력직 또는 인턴을 통한 입사를 노려볼 것."	사람, 성장, 전문성, 그리고 성찰까지!많은 것을 얻고 배울 수 있는 곳.	여기 일이 은근히 많음. 그러니 대충 일하려고 하면 안됨.팀에 따라서 분위기는 차이가 있음.	지금처럼만!
2015/3/24	(주)그린웹서비스	100	86851	97860	3.0	2.0	3.0	2.0	1.0	0	1	인사/총무	전직원	서울	 0 	False	"글쎄요 남자라면 비추하고 싶으나 잠시 네이버의 서비스를 간접경험 하고싶다면 한번쯤은.."	업무가 빨리끝나요. 머리아프진 않아요. 여자가 많아요.	진취적이거나 창의적인 생각이 필요없다보니까 정체되는 분위기..	아무리 업무가 단순 작업이라도 업무효율 제고를 위해서 노력했으면 좋겠습니다
2015/3/17	(주)그린웹서비스	100	86851	95408	3.0	3.0	5.0	4.0	5.0	1	2	IT/인터넷	현직원	서울	 0 	False	"네이버 서비스 대부분을 운영하는 자회사로 국내 최대 포털업체를 운영 해 볼 수 있음"	국내 최대 포털인 네이버를 자신의 손으로 만들고 운영하는 재미를 느낄 수 있음. 기존 계약직으로 채용에서 정규직 채용으로 변경되었으며 운영자를 전문가로 키우려고 노력하고 있으며 연봉인상도 꾸준히 좋아지고 있음. 현재 대표님이 직원을 위해 여러 복지에 신경써 주고 있음.최근 10년 이상 장기근속자가 늘어나고 있으며 그러한 이유로 포털서비스운영 업체중에 가장 많은 노하우와 경력직들이 있음.	부서별로 차이가 상당히 있고 포털 서비스운영 업체중에서 연봉수준은 가장 높긴 하나 타 기업 평균으로 보면 연봉이 적음.여성이나 대체적으로 형편이 넉넉한 사원들이 장기근속중으로 보임	관리자급만 챙기지 않고 관리자테크를 타지 못하는 장기근속자들도 챙겨주길 바랍니다. 아무리 쉬운 업무라도 운영은 기획 개발 디자인을 마무리 해 주는 중요한 업무입니다.
2015/3/13	(주)그린웹서비스	100	86851	94280	2.0	2.0	2.0	2.0	3.0	0	1	IT/인터넷	전직원		 1 	False	"nhn서비스에서 바뀐회사 야근 많았고 급여는 낮은편"	교통편 편리 근무환경 좋음 직원들도 좋았음	계약직으로 채용,낮은급여 및 복지부족	정규직으로 직원을 채용했으면 좋겠음 연봉 및 복지에도 신경을 썼으면
2015/3/12	(주)그린웹서비스	100	86851	93642	3.0	3.0	5.0	5.0	4.0	1	1	IT/인터넷	전직원	서울	 3 	False	"기업문화 좋고, 여자들이 다니기에 좋은 회사.연봉이 적지만 매달 인센 있고, 상반기 하반기 인센있어서 자기 하기 나름."	자유로운 업무분위기. 수평적 문화다양한 문화활동칼퇴근 가능	단 젊은 여자들이 많고 초대졸이 많다보니 뒷말이 많음.연봉이 적음 일이 지루해서 스스로 가치나 보람을 못느낌	업무를 좀 더 전문화하고 연봉을 올려주는 것도 검토해보시길.
2015/3/12	(주)그린웹서비스	100	86851	93601	2.0	2.0	4.0	3.0	3.0	0	1	미디어/홍보	현직원		 1 	False	"네이버 광고운영, 컨텐츠 제작, 검색 운영, 커뮤니티"	출퇴근 시간이 확실하고, 기본적인 복리후생이 좋은 편이다.	연봉이 낮다. 회사에서 배우기도 하지만, 스스로 노력해야 발전할 수 있다.	팀이 단합하는 기회가 많아졌으면..잦은 커뮤니케이션을 통해 오해와 갈등이 줄어들었으면!
2015/3/12	(주)그린웹서비스	100	86851	93589	2.0	3.0	5.0	3.0	2.0	1	None	미디어/홍보	전직원	경기	 0 	False	"낮은연봉이지만 야근수당이 있음. 자유로움."	여유시간이 많아 자기개발시간이 많고, 신입사원이 경험하기 좋은 회사	네이버 계열사로 회사의 발전을 기대하기 어렵다.	회사의 발전을 위해 다양한 일을 하는게 좋을것같다
2015/3/5	(주)그린웹서비스	100	86851	89318	3.0	3.0	2.0	5.0	2.0	0	1	디자인	현직원	경기	 0 	False	"진지하게 입사할 마음이 있다면 자신이 지원하는 분야나 팀에대해 잘 알아야 할 것 같음. 멋모르고 입사했다가는 박탈감이 생길수있을듯"	복리후생은 좋음. 업무환경도 좋은편이고 거의 칼퇴	발전이 없을 수 있음. 파트마다 다르겠지만. 상사들이 선입견이 심해서 초반에 잘 보이지 않으면 좀 힘들어질 듯	사원들의 말에 귀기울이는 자세가 필요
2015/3/17	한국피자헛(유)	100	2927	95660	3.0	4.0	3.0	3.0	3.0	1	2	서비스/고객지원	전직원	서울	 0 	False	"만족스러운 복지! 외식업에 대한 긍정적 인식!"	서비스업의 A부터 Z까지 알 수 있었던 기업. 아르바이트생에게도 명절 선물을 제공하고, 업무 메뉴얼에 대한 명확한 숙지를 시키는 등 직원 관리 체계가 좋다고 생각.	매장 업무 메뉴얼 숙지시 맨투맨으로 알려주기 때문에, 이를 보완하면 좋겠다는 생각을 하긴 했음	근무 당시로서는 만족스러웠기에 별도로 생각해본 적은 없음
2015/3/22	삼성웰스토리(주)	100	88148	97324	3.0	3.0	2.0	4.0	2.0	1	1	전문직	현직원	경기	 1 	False	"같이일하는 사람이 누군지에 따라 천지차이남. 압장이나 고객사가 누군지에따라 엄청달라짐"	삼성브랜드값. 복지는 좋음 연봉이 적정선까진 괜찮은편	연봉상승률이 낮음. 그룹에서 별로 인정을 안해줌 최근엔 하도급으로 웰프로들이 생기면서 어떻게 될지 모르겠음	기업경영상 특이사항이 공유되지않음 막힌 소통
2015/3/24	에스피씨그룹	100	87570	98348	4.0	5.0	1.0	2.0	2.0	1	1	교육	현직원	서울	 1 	False	"프랜차이즈 업계 최고 회사로 상응하는 연봉제공하고 있습니다"	자부심을 느끼고 다닐수 있으며, 월급과 상여보상체계가 좋습니다.	보수적인 의사결정 프로세스와 회사 분위기로 캐쥬얼데이, 조기퇴근제도가 있으나 형식적입니다.	효율적인 업무시스템 도입이 필요합니다. 과도한 업무부과에따른 가정에 소홀할수밖에없음
2015/3/23	에스피씨그룹	100	87570	97471	3.0	4.0	1.0	2.0	2.0	0	2	서비스/고객지원	전직원	서울	 0 	False	"동종업계 상위권 연봉을 받을 수 있고 체계적인 업무를 배울 수 있음."	발전하는 회사임. 기업 성장률이 높다동종업계 최고수준 연봉	업무량 과다슈퍼바이저인 경우 군대식보수적인 경영진	유연한 조직문화는 경영진이 먼저..소통을 통한 수평 조직문화로의 개선 요망
2015/3/15	에스피씨그룹	100	87570	94812	4.0	4.0	4.0	4.0	4.0	1	2	경영/기획/컨설팅	전직원	서울	 0 	False	"우리자라 식음료는 최고라는 생각이 든다"	1위인 이유가 있고 체계적이고 마케팅 사관학교 같은느	크게 느끼지 못하였고 가족경영이라는것이 아쉽다	재 입사자는 받지 않는대 재 입사자도 좋게 봐주었으면 한다
2015/3/22	(주)한국코퍼레이션	100	63215	97256	3.0	2.0	2.0	2.0	2.0	0	None	서비스/고객지원	전직원	서울	 0 	False	"오래 갈 기업. 단, 오래 다니는 건 추천하지 않습니다."	월급 밀리지는 않습니다.쉽게 문 닫지는 않습니다.	직원의 희생을 강요. 거래처 상품 가입 강요.일반 직군과 상담 직군의 급여 차이가 큼.	각 부서 관리자가 무엇을 하는지 확인해 보시길 권합니다.
