date	cname	industry_id	cid	cmid	possibility	pay	balance	culture	management	recommend	expect	job_kind	current	area	helpful_count	is_best	subject	good	bad	hope
2018/2/27	스타벅스커피코리아(주)	100	70749	625662	4.0	3.0	5.0	5.0	2.0	0	None	서비스/고객지원	현직원	서울	 0 	False	"아래부터 위로 차근차근 악착같이 올라갈 자신이 있다면!"	스케줄 근무, 법적인 부분 철저함, 1분 단위 근태 기타 등등등...	고강도 업무, 7~8시간을 일하는데 그 시간을 온전하게 바쁘게 보내는 경우가 허다함. 강도 높은 업무에 비하여 턱없이 부족한 임금.  번아웃 주의.	본사가 매장에 대한 이해도가 부족해보임. 1200개에 달하는 매장이 원활하게 운영될 수 있도록 노력이 필요해보임
2018/2/27	스타벅스커피코리아(주)	100	70749	625417	3.0	3.0	3.0	3.0	3.0	0	2	서비스/고객지원	현직원	서울	 0 	False	"커피가 좋다면 한번쯤 근무해봐도 좋을기업 직장으로는 생각이 많아진다"	카페운영의 전반적인것을 배울수있음 커피에대한 정보지식습득가능	바리스타의 월급은 적다 업무강도도 높고 외울것도 많은편	매장에 따라 상황은 케바케이기에 유도리있게 운영해야한다
2018/2/23	스타벅스커피코리아(주)	100	70749	624327	4.0	4.0	3.0	3.0	3.0	0	1	서비스/고객지원	전직원	경북	 0 	False	"체계적으로 배울수 있으며, 틀이 잘잡혀있음. 한국커피업계의 1위라는 자부심"	수평적인 사무분위기, 체계적인 운영, 신세계계열사 복지혜택등이 있습니다.	서비스 기준안이 너무많음 카페인지 호텔인지 구분이 안감. 어디나 그렇듯이 텃세가 있음. 부점장부터가 연봉제. 한매장의 점장에따라 일의 강도가 달라짐 EX) 불규칙한 출근시간, 업무 떠넘기기	공격적인 점포늘리기가 오히려 독이 되는느낌이듬. 경영진이 바라는점에 비해 인원이 부족함.
2018/2/21	스타벅스커피코리아(주)	100	70749	623228	3.0	1.0	2.0	1.0	1.0	0	1	서비스/고객지원	전직원	서울	 2 	False	"지극히 고객 중심의 회사, 사원으로써의 대우는 물음표"	매장 근무 시 무료 음료 but 제한된 종류, 할인 혜택	업무 강도에 비해 급여가 너무 짜다. 진상 고객으로부터 직원을 보호해 주는 제도가 전혀 없다시피 함. 처음 입사할 땐 여러 복지 혜택을 가지고 있는 것처럼 보이지만 실제로 사용할 수 있는 건 글쎄.. 매장 바이 매장일 수도 있음. 로테이션 근무라 짧게 근무하는 것에 비해 피로도가 굉장히 높은 편.	어차피 직원은 계속 들어오기 때문에 임금이 최저에 수렴하는건지.. 지금보다 시급 오천 원은 올려야 사람들이 덜 나갈 듯.
2018/2/17	스타벅스커피코리아(주)	100	70749	621540	5.0	5.0	4.0	1.0	4.0	1	1	서비스/고객지원	전직원	서울	 0 	False	"시스템이 체계적이고 위생 관리에 철저함. 유일한 단점은 군대스러운 문화."	위생 관리가 엄청나게 철저함. 손 위생 관리, 재료들 유통기한 관리, 트레이 위생 관리, 얼음통 위생 관리 등 스타벅스에서 일한 후로는 커피 전문점 스타벅스밖에 안 감.	살짝 군대스러운 문화가 존재함. 알바 신분으로 슈퍼바이저 이상한 사람 걸리면 좀 스트레스 받을 수 있음. 그리고 약간 사적으로 비비지 못하고 일만 꿋꿋하게 열심히 하는 사람들은 1년씩 일해도 바, 포스 이런 포지션 원하는거 못 맡고 내내 청소만 하거나 잡일 하다 끝날 수도 있음..	어느 정도 숙련되면 일 시작한 날짜 순서에 맞춰 일하는 사람들이 일을 순차적으로 배워나갈 수 있게 했으면 좋겠음. 실제로 같이 일하던 사람 중에 나보다 늦게 일 시작하고 나보다 일 못하는 것 같은데 슈퍼바이저나 부점장, 점장들이랑 친해서 자기가 원하는 포스나 바 선택해서 하고 나는 내내 남는 일 하고 이런게 불만이었음.
2018/2/15	스타벅스커피코리아(주)	100	70749	621157	2.0	2.0	1.0	1.0	3.0	0	1	서비스/고객지원	전직원	서울	 0 	False	"직원들간의 텃세가 심한편이고 출근해서 근무하는 시간 외에 개인 시간을 할애하여 공부해야하는것이 많은편임. 공부하면서 아르바이트로 일할 생각은 금물"	그나마 복리후생이지만 그것도 다른 프랜차이즈 카페에 비해 조금 더 나을 뿐이지 크게 메리트없음	이상한 성격의 파트너 너무 많고.. 본인이 신입때 당했던것을 돌려주려는건지 비꼬기 식의 피드백 많음. 매니저들 쉬는날에도 폰붙잡고 매장관련일들 보고있던데 쉬는게 쉬는게 아닌듯	교육 이틀때 쓸데없이 미소짓고 응대하는것 가르치는 거 보다는 실전에 투입됐을때 부재료 만들기등 좀더 효율적인걸 가르쳐주세요
2018/2/11	스타벅스커피코리아(주)	100	70749	619784	3.0	3.0	5.0	4.0	3.0	1	1	서비스/고객지원	전직원	서울	 0 	False	"바리스타부터 직원으로서 대우를 해주고 커피에대해 배울 것이 많다.일은 재미있지만 매장에따라 시간가는 줄 모르게 바쁠 수있고모두가 직원이긴하지만 부점장 이상부터만 신세계 사원임."	연봉은 적지만 복지가 좋은 편이다. 설, 추석등의 상여금 및 수당, 퇴직금은 당연하고 출퇴근 정확한 편.휴가도 많고, 미리말하면 쉬고싶을때쉴수있음.	내가 있던 매장은 좋았지만 점장이 결국 매장을 이끌어 나가므로점장 잘못 만나면 개고생한다는 평.	너무 바쁜 매장과 덜 바쁜 매장의 복지 혜택차이가 필요하다고 생각합니다.
2018/2/9	스타벅스커피코리아(주)	100	70749	619032	2.0	1.0	3.0	5.0	3.0	0	None	서비스/고객지원	현직원	경기	 0 	False	"돈을 생각하지않고, 본인이 서비스업을 즐긴다면 , 직장동료들과 즐겁게 일하면서 즐기기에는 좋은 기업이다"	주말만 쉬는게 아니라 , 주 2회를 쉬는 제도이기 때문에 길게는 4일까지 휴일을 통해 몸과 마음에 휴식을 취할수 있다 .	장점을 반대로 말하자면 , 본인이 쉬고싶은날 , 쉴수 없을수도 있다	경영방침에 파트너들이 일이 아닌 열정으로 모였다는 거를 , 급여에 대해서도 열정으로 다 무마시키려는 태도를 고쳤으면 좋겠다 ..
2018/2/5	스타벅스커피코리아(주)	100	70749	617141	2.0	2.0	2.0	2.0	2.0	0	1	서비스/고객지원	전직원	서울	 0 	False	"복지가 좋고 대우가 좋지만 업무 강도가 세도 너무 세다."	음료를 하루 두 잔씩 실컷 먹을 수 있고 스타벅스 30프로 할인을 어디서든 받을 수 있다.	마치 기계처럼 위에서 내려오는 지시 사항을 숙지하고 그대로 시행해야 한다. 융통성도 자율성도 하나도 없다.	합리적인 보상이 이루어졌으면 좋겠다. 업무에 비해 돈이 너무 적다.
2018/2/3	스타벅스커피코리아(주)	100	70749	616185	4.0	4.0	4.0	4.0	3.0	1	1	서비스/고객지원	전직원	서울	 0 	False	"커피가 좋고 사람이 좋은 사람들에게 추천하는 직장! 서비스 업이 잘 맞는 사람들이면 최고"	복지가 최고 강점! 아르바이트로 들어온 사람들도 직원으로 대우해주기 때문에 복리 원두등 복지는 정말 최고	무조건 고객 위주인게 단점이라면 단점. 고객이 너무 왕이다 내부적으로 안되는것도 고객이 해달라면 해주는게 가장 큰 단점	직원들의 불만을 듣지만 말고 해결책을 좀 줬으면..고충이 있을 때 피자 돌리는 이런 것 말고 근본적인 해결책이 필요하다
2018/2/1	스타벅스커피코리아(주)	100	70749	615689	3.0	4.0	4.0	3.0	3.0	1	1	서비스/고객지원	전직원	서울	 0 	False	"여자가 일하기에는 괜찮습니다 점장 바라보고 하실거면 괜찮은데 요즘은 부점잠 대기자 점장 대기자가 많아 현실은 힘듭니다. ㅎㅎ커피가 좋으면 하세요"	복지는 서비스업중에서는 상타는 칩니다. 의료 혜택 한달마다 나오고 기타 그이외에 남자여자 육아휴직도 있고 복지는 신세계 계열이어서 괜찮습니다	일하는 사람들하고는 트러블은 없지만 손님들이 왕이어서 고객님 스트레스가 쌓이실겁니다 이게 버텨보면 괜찮지만 성격상 아니면 그만둡니다 커피가 아무리좋아도	일단 경영진한테 바라는 점은 없습니다 잘 되어 있고 단지 돈보고 가실거면 비추천 합니다
2018/2/1	스타벅스커피코리아(주)	100	70749	615570	3.0	2.0	3.0	2.0	1.0	0	1	서비스/고객지원	전직원	서울	 2 	False	"큰 학력 필요없이 그냥저냥 용돈 벌이 할 수 있는 회사"	기본급이 적지만 일한 만큼은 챙겨주는 편, 매장 분위기마다 다름, 수퍼바이저 이상부터 주어지는 소소한 복지가 꽤 도움됨 단 월급이 적어서 할인을 하건말건 쓸 수 있는 돈이 없음	이외 모든 게 단점임 매장 잘못 걸리면 있는 내내 분위기 개판인 걸 실감할 수 있음 바리 때부터 점장 줄을 잘 타야 함 신입을 자주 뽑는 매장이면 그만한 이유가 있음	이제 그만 물러날 때가 된 것 같은데 여든 될 때까지 해먹으실 것 같음 센터만 사람 아니고 매장직도 사람임
2018/2/25	한국맥도날드(유)	100	3616	624743	4.0	3.0	3.0	4.0	4.0	1	1	영업/제휴	전직원	서울	 0 	False	"매장마다 분위기가 다르지만 기본적으로 청결과 시간관리 등을 잘한다. 알바는 힘들다."	맥도날드 알바 경력이 본사에 정규직으로 지원할때 도움이 된다.	매장에서 일하는 알바나 정직원들도 사람과 계속 소통해야하는 업무로 사람으로 인한 스트레스가 심할 가능성이 있음.	이슈가 되었던 식재료 문제로 인한 고객들에 대한 보상이 제대로 이루어졌으면 더 좋았을것 같다.
2018/2/24	한국맥도날드(유)	100	3616	624512	2.0	2.0	1.0	4.0	3.0	0	None	서비스/고객지원	전직원	경기	 0 	False	"외식산업 종사를 희망하는 사람에게는 동종업계 최고! 하지만 교대근무형태와 기타등등 해야 할 일들이 너무 많다"	1.젊은 사람들과 함께 일하면서 젊은 에너지를 얻을 수 있다2.적지만 동종업계에서는 최고 연봉3.리더를 경험할 수 있다	한 달씩 짜여져 나오는 스케쥴 근무 교대 근무 중요한 약속은 한 달전에 잡지 않으면 힘듬동종업계 최고 연봉이지만 하는 일에 비해서는 최저시급 또는 그 이하임교대근무형태라고 자신의 일정 시간만 일하고 퇴근하는 것은 거으 불가능 추가적으로 해야 할 일들이 너무 많다자유로운 분위기를 가장해 매니저들간에 파벌 싸움이 꽤나 존재 새로운 매장에서 텃새를 부리는 사람들도 있음매니저로써 어떤 점장을 만나느냐에 따라서 업무및 커리어 성장에 차이가 극심자신의 취미 생활을 병행하며 하기 힘들며 일반 직장다니는 친구들과 시간이 맞지 않아 자주 보기힘들어지면서 멀어진다아르바이트(크루)들의 눈치도 적당히 봐가야 하기 때문에 위아래 다 신경쓰면서 다녀야함육체적인 노동과 정신적인 노동이 전체적으로 필요하기 때문에 에너지 소모가 극심해 쉬는날에는 주로 잠을 자야함휴가를 절대로 내맘대로 쓸 수 없음복지라고 할만한게 거의 없음	직원복지및 연장급여를 좀 더 챙겨주고 신경써줬으면 좋겠다
2018/2/12	한국맥도날드(유)	100	3616	620227	3.0	2.0	2.0	4.0	3.0	1	1	전문직	전직원	전북	 0 	False	"우선 세계적으로 인정받는 레스토랑이라서 커리어는 확실히 인정되는 기업 같습니다 열심히 하시면 좋은 경험 될것 같습니다"	기업의 분위기는 항상 밝은 분위기를 가지려고 노력을 합니다 팀워크가 좋아야 일이 신속히 진행되기 때문에 협력하기 위해 노력합니다	근무시간이 처음 생각한것보다 초과로 일하셔야 하는 일이 자주 생기실 수 있습니다 상황에 따라 다르지만 어느 정도 생각을 하셔야 합니다	지금도 좋고 앞으로도 발전가능성이 무궁무진해서 좋지만 노력하는 직원들을 위한 성과금 제도도 확실히 생각해 주시면 좋겠습니다
2018/2/8	한국맥도날드(유)	100	3616	618572	3.0	3.0	5.0	5.0	5.0	1	2	서비스/고객지원	전직원	서울	 0 	False	"아르바이트하기에좋은회사. 제가있는곳은 너무좋았었음. 사람굿"	무언가를배울수있고 나중에 써먹늘수있는 경험. 그리고 알바하면서 정직되는사람많음	살찝니다. 한달간 맥도날드 빅맥만먹고 6키로쪘돈경험이있네요	위 경영자는모르겠지만 지점별로 차이가 많이날것이라고 생각함
2018/2/26	(주)하나투어	100	49174	625352	4.0	3.0	4.0	3.0	4.0	1	2	금융/재무	전직원	서울	 0 	False	"개발자가 다우받으면서일할슈있는곳 새무사도 대우받으면서 일할수 있는곳"	연차를 윗사람눈치안보고 쓸슈 있음 무슨 말인지 아시겠죠?	연봉이 작아요 업계 최고의 기업이라고 들어오시면 조금 힘드실수도	이정도면 괜찮은데 돈 좀 더쓰자 왜이렇게 아끼는거야 라고 말
2018/2/14	(주)하나투어	100	49174	621062	3.0	1.0	5.0	2.0	1.0	0	None	서비스/고객지원	현직원	서울	 7 	False	"중소기업 될까말까한 창피한 연봉과 본인 주식,이익챙길줄만 아는 썩은윗물"	연차는 비교적 자유로우나 엄청 자유롭지도 않음. 마일리지사용하는거랑 면세점,항공권혜택있다는것근데 다 안팔리니 떨이하는 거에 불과스마트워킹	이 돈 받고 어떻게 살라는건지90년대 월급주고 고객사랑하란 소리나 하고있음	당신들이나 직원들 사랑할줄아세요.제일 먼저 당신들이 챙겨야 할 1순위 고객입니다.
2018/2/4	(주)하나투어	100	49174	616658	3.0	3.0	3.0	3.0	3.0	1	1	서비스/고객지원	전직원	서울	 0 	False	"나중에 한 직장에 자리잡고 싶을 때 입사하면 좋은곳신입으로써 일 배우기엔 너무 업무가 세분화되어있음"	팀마다 분위기 상이하지만. 연차사용 자유로움본사에서 일을 한다면 손님 컨택할 일 없음	팀마다 상이하지만 야근빈도 높음야근수당없음, 알바하는게 돈 더 많이 벌 수 있음	전체적으로 급여가 인상되야 신입들이 오래 머물 수 있을 거 같아요
2018/2/2	(주)하나투어	100	49174	615995	3.0	2.0	3.0	3.0	3.0	0	1	마케팅/시장조사	전직원	서울	 3 	False	"젊은듯 안 젊은듯 젊어지기 위해 다양한 시도를 하는 기업"	직원 혜택으로 여행다니기 좋고 임신한 여직원들은 당연하게 육아휴직 쓰고 복직함. 꼭 육아휴직이 아니더라도 휴직이 가능하고 복직이 비교적 자유로움.	부서에 따라 업무 강도가 너무 차이남. 비교적 널널한 부서는 야근도 적고 여행다니면서 즐겁게 일할 수 있지만 바쁜 부서로가면 헬지옥이 펼쳐짐. 야근은 기본이고 신입이라도 금전적인 실수가 발생하면 개인돈으로 메우라는 팀장도 있음. 여직원 비율이 높아도 남자직원에 비해 승진 잘 안 됨. 스펙 높은 여직원보다 스펙 낮은 남직원 초봉이 더 높음.	초봉으로 남녀차별은 안 했으면.. 갑질하는 팀장들 단속좀 해주세요
2018/2/25	롯데지알에스(주) 롯데리아	100	78632	624703	3.0	2.0	3.0	3.0	3.0	1	1	서비스/고객지원	전직원	인천	 0 	False	"고등학교 졸업 - 대학교 재학 중 아르바이트하기엔 좋은 경험이 되는 곳."	유연한 근무시간 조정, 중식 및 석식보장, 근무휴식 보장, 외식업에 대한 초반경험 쌓기엔 적합	외식업종이 다 그렇지만 고객이 많은 시간대에는 휴식할 여지가 없음	딱히 바라는 점은 없으나, 청소년 근무자들을 위한 복지여건이 지속적으로 확대됐음 하는 바람이다.
2018/2/20	롯데지알에스(주) 롯데리아	100	78632	622390	1.0	1.0	1.0	1.0	1.0	0	None	생산/제조	전직원	서울	 0 	False	"최저시급에 군대식으로 엄청 힘든곳군대가기전에 해병대캠프 느낌으로 가보는거 추천"	식사로 다양한 햄버거를 먹을수있음. 오래 일하다보면 나만의 햄버거가 생김	쉬지않고 일을 시킴. 노동의 끝판왕! 생각없이 일만하면 어느덧 퇴근시간	너무 부려먹으려고만 함. 급여에 대한 복지가 필요해보임
2018/2/16	롯데지알에스(주) 롯데리아	100	78632	621496	4.0	2.0	2.0	4.0	3.0	0	1	서비스/고객지원	전직원	강원	 1 	False	"직영점이라면 괜찮지만 가맹점이라면 비추천"	사람들과 친해질 수 있다는 점, 서비스 업무를 익힐 수 있다는 것,나중에 본인 가게 차려서 장사할 생각이 있다면 배울 점이 많다	직영점은 각종 수당 제대로 지급되지만 가맹점은 아니다. 주 6일 근무제였고 업무강도에 비해 급여가 적다. 죽지 않을 만큼 주고 죽기 직전까지 일을 시킨다고 해야하나?	합리적인 복지 체계를 마련해주길 바란다.
2018/2/12	롯데지알에스(주) 롯데리아	100	78632	620204	3.0	4.0	3.0	4.0	3.0	1	1	서비스/고객지원	전직원	전남	 0 	False	"아르바이트 하기에 적당한 업무. 밥시간 때만 아니면 그리 바쁘지 않고 여름에는 주방이 약간 더워서 고생했었음."	밥시간이나 시급에 관한 건 잘 지켜져서 만족 스러웠던 기억	주방에서 햄버거를 만드는데 여름에는 진짜 더웠던 기억 주방은 에어컨 안틀어주기 때문	햄버거 메뉴 중 맛있는 것들을 자꾸 단종시키던데.. 그럼 더 맛있는 메뉴를 개발해주세요
2018/2/12	롯데지알에스(주) 롯데리아	100	78632	619920	3.0	3.0	4.0	3.0	3.0	1	2	서비스/고객지원	전직원	경기	 0 	False	"패스트푸드 회사에 대해 경험할 수 있는 좋은 기회"	점심 식대 1만원까지 제공. 눈치보지 않고 연차 사용 가능. 다양한 고객을 응대하면서 서비스 마인드를 함양할 수 있는 좋은 기회	시급이 형편없이 적어서 만족할 만한 수준이 아님. 지점에 따라 만족도가 크게 갈리는 복불복	신규 사업 추진에 적극전인 투자 의지를 보여줬으면. 직원들의 불만을 듣지만 말고 해결책을 마련해줬으면
2018/2/8	롯데지알에스(주) 롯데리아	100	78632	618727	5.0	4.0	4.0	4.0	4.0	1	1	유통/무역	전직원	서울	 0 	False	"롯데리아는 다른 업계에 비해 업무강도가 비교적 적은 편이라고 생각함."	아르바이트의 경우 햄버거 하나를 먹을 수 있음. 굉장히 복지적으로 많이 해주려는 움직임이 보였음. 음식도 깨끗하고 롯데리아 감자튀김 기름도 상당히 괜찮음.	하지만 배달사원의 경우 너무 배달량이 많다는 문제가 있음. 배달원들의 복지를 좀 더 알아줬으면 좋겠습니다. 또한 많은 프로모션이 쉽게 홍보되지 않는다는 점이 문제.	신규 프로모션을 좀 더 힘쓰기바라며, 아르바이트생의 복지 또한 더욱 챙겨주었으면 좋겠습니다. 특히 배달원들의 복지를 우선시 해줬으면 좋겠음.
2018/2/3	롯데지알에스(주) 롯데리아	100	78632	616236	3.0	5.0	4.0	4.0	4.0	1	1	서비스/고객지원	전직원	부산	 0 	False	"아르바이트로써 시간조절도 용이하고 추가수당, 휴게시간을 잘지켜줌"	대기업이라 수당 꼼꼼히 챙겨주고 알바에서도 직급별로 조금이지만 시급이 올라감 체계적인 메뉴얼이 있음포스키도 간편하게 되어있어 한달정도면 능숙하게 업무가능명절에 명절선물 나옴	직영점에서는 위사항이 꼼꼼히 지켜지고 위생관리도 철저한 편이지만 가맹점은 그렇지 못함 그리고 진상들이 많음	관리자들 일을 알바에게 떠넘기지 않았으면 함
2018/2/23	(주)세스코	100	71990	624228	1.0	1.0	3.0	1.0	1.0	0	None	서비스/고객지원	현직원	경기	 3 	False	"노조를 벌레로 생각하고 성과로 사람을 보는 회사"	안잘림 권고사직도 없으며 본인만 괜찮으면 평생직장이고 월급 밀릴일 없음	안잘리고 권고사직도 없으며 본인만 괜찮으면 평생직장이고 월급 밀릴일 없으나 그것빼고 좋은거 하나 없음	인간이 아니고 벌레박멸회사에서 직원을 벌레로 생각하나봐 ㅎㅎ
2018/2/16	(주)세스코	100	71990	621410	1.0	1.0	3.0	1.0	1.0	0	1	마케팅/시장조사	전직원	서울	 5 	False	"최근에 지은 사옥과 브랜드이미지말고는 직원에 대한 제대로된 R&R, 연봉, 지원도 복지도 조직문화도 없는 회사."	사옥? 1층 카페의 저렴한 커피가 전부. 신입은 처음에 혹할 수 있으나 그게 전부임을 잊지마시길.	중간관리자급의 퇴사가 굉장히 많음.... 그만큼 미래가 없음.. 오래동안 일안하고 남은 사람들은 아래급 직원을 괴롭히기 바쁨. 현장의 경우 또한 정말 퇴사가 많은편..	전반적인 조직문화 뿐만 아니라 회사의 체계를 새롭게 정비 해야할듯.. 익숙함과 나태함에 빠진 오래된 직원들도 정리좀 해주세요..
2018/2/8	(주)세스코	100	71990	618628	2.0	3.0	1.0	2.0	2.0	0	1	영업/제휴	전직원	서울	 0 	False	"기업이 규모에 비하여 업무의 체계가 거의 잡혀있지 않은 편임. 부서별로 업무환경 등이 매우 차이남."	힘들지 않은 부서에 들어갈 경우, 칼퇴가 가능하다고는 하나 부서마다 차이가 큼.	단순 보고를 위한 회의가 지나치게 많은 편. 바쁜 부서에서는 오늘 출근해서 내일 퇴근하는 경우가 허다함. 개인의 역량을 발휘할 기회나 승진의 기회가 거의 없음.	합리적인 복지와 보상체계 필요. 직원의 의견 수렴을 자주 하는 듯 하나 반영되는 것이 별로 없음. 지나치게 교과서 적인 해결법만 제시하나, 현실에서 실현되지 않음
2018/2/2	(주)세스코	100	71990	615884	2.0	1.0	2.0	3.0	2.0	0	1	영업/제휴	전직원	울산	 0 	False	"알려진 것과 달리 복지후생 별로입니다. 해충방역사들은 돈도 별로 못받는 듯 조금 노력하실 필요가 있음"	일은 편합니다. 그냥 가서 차 타고 약 뿌리고 안내하면 끝 일은 빨리 끝남	돈을 너무 짜게 줌 얼마전에는 데모도 했다고 들음 조금 복지를 제대로 해줄 필요가 있음	돈좀 많이 주세요 그리고 경쟁업체한테 따라잡히겠어요 영원한 왕좌는 없어요
2018/2/15	씨제이푸드빌(주)	100	23183	621132	2.0	2.0	1.0	1.0	1.0	0	None	영업/제휴	현직원	서울	 14 	False	"과거의 타성에 젖어 절대 1등이 될 수 없는 기업글로벌 기업을 꿈꾸지만, 국내외 사업 모두 만성적자 상태매출 선순환 구조가 이미 파괴되었으며제품/서비스 품질저하로 그룹 임직원도 일부 이용을 기피함"	*CJ 그룹 계열사모기업의 인지도*복지혜택연간 카페테리아 포인트, 생활밀착형 복지 등	“똑똑한 사람들을 모아놓고, 바보짓을 시키는 회사”*적은연봉경력직 : 연봉테이블이 있어 협상불가비공채 : 최저시급 미만의 상상이하 연봉그룹공채 : 타대기업 대비 현저히 적은 연봉*인사적체G5부터 G7까지 팀장을 맡고 있음위로 올라갈 곳이 없어 본인들도 불안해함*영업활동비 삭감 및 인센티브 부재만성적자에 시달리고 있어 매년 인센티브 없음그마저 지원하던 영업지원비도 축소시킴*말뿐인 유연근무제정시퇴근 할 때도 물론 있지만만성적자로 인해 정시퇴근 문화가 정착돼 있지 않음*보여주기식 보고비효율적이더라도 기존업무 방식을 버리지 않아 비효율적*현장직 처우 개선필요계속되는 실적압박, 인신공격성 모독...결국 원가절감, 인력감축으로 이어져 서비스 품질 저하악순환의 고리를 끊고, 경쟁사를 압도할 능력 부재*경쟁사 대비 낮은 경쟁력FR이 흥하던 타성에 젖어 경쟁사를 우습게봄그러나 사실상 경쟁사를 압도할 업무 프로세스 부재*말뿐인 복지혜택현장직은 복지혜택을 자유롭게 이용하는데 애로사항 있음사용자가 받은 복지혜택이 부서비용으로 돌아올뿐아니라40% 할인은 회사에서 번돈 회사에 상납하게 됨*그룹 중 꼴지 영향력자본잠식, 순이익 창출 불가능한 계열사그러나 쌓아온 브랜드 밸류로 인해 그룹에서 내치지는 못함지주사의 100% 자회사이기에 CJ 딱지 붙이고는 있을뿐회계지표는 엉망이고, IPO(기업공개)는 꿈도 못꿈	제발 경쟁사를 보고 배우세요.장점은 가져오고, 단점은 버려야죠.그래야 브랜드가 성장하고등 돌렸던 소비자가 다시 찾아옵니다.
2018/2/12	씨제이푸드빌(주)	100	23183	619853	3.0	4.0	4.0	5.0	3.0	1	2	생산관리/품질관리	전직원	서울	 2 	False	"자유스러운 기업 분위기 + 자유스러운 업무 강도"	자기 개발 많이 할 수 있는 기업, 대기업의 지원, 회사의 많은 복지, 자유스러운 복장, 성장 가능성, 기업에 대한 다양한 사업 분야로 인한 많은 복지,	자유스러운 분위기 강조하나, 출신(현장직, 기업 공채 등)에 따른 포지션, 승진 기회 등 남아 있는 자유스럽지 못한 제도(?)	현장 중심의 기업 운영 방침이라면, 현장 중심의 인재 발탁 채용이 우선이 되어야 함
2018/2/7	씨제이푸드빌(주)	100	23183	617815	1.0	2.0	1.0	1.0	1.0	0	None	서비스/고객지원	전직원	서울	 6 	False	"10년넘게 적자며, 매년 정당하지 못한 방법으로구조조정 시행함현업을 모르는 경영진들로 인해 방향이 수시로 변경됨님 문화이긴 하지만 존중 문화는 아님대기업의 탈을 쓴 적자 중소 기업"	예전엔 시스템이라도 체계적이었으나, 보고 프로세스로 인해 이젠 그것마저도 없어짐.	회사를 위하는 사람은 다 떠났고,정치를 하는 윗선들로 인해 현업만 힘듦	뒤에서 구조조정 하지 말고, 떳떳하게 하시길..회사 성장이라는 명목하에 사원들 희생을 강요 하지 마시길..
2018/2/5	씨제이푸드빌(주)	100	23183	616786	1.0	2.0	2.0	2.0	2.0	0	None	서비스/고객지원	현직원	서울	 1 	False	"외식업계중 체계적인 시스템을 가지고 있으나, 현장직의 의견과 환경과 무관한 업무와 보고체계 사업방향 등에 있어서 상당히 고달픔,사무직이 아닌데 사무직인것 같은 느낌이 강하게 듬.현재는 글쎄.."	당당히 자랑할수 있는 체계적인 업무,직급,사업방향과 같은 시스템 구조상 배울게 많음, 외식업에 관련하여 원한다면 다양한 지식을 쌓을수 있음.복지혜택이 정직원보단 못하지만 타 외식계열 회사들중 탑임.	비효율적인 업무와 사업부간의 커뮤니와 현장직군의 힘든 업무환경과 더불어 쓸때없는 사무업무까지 너~무 많음.합법적인 임금지급에 의문점이 가끔듬.	현장직의 의견을 수용하여 높은분들 의사결정에 반영을 하였으면, 불필요한 보고에 여러 중간단계를 거치니 커뮤니가 힘듬
2018/2/20	유베이스(주)	100	87279	622638	2.0	3.0	1.0	3.0	3.0	0	1	서비스/고객지원	전직원	경기	 3 	False	"지속된 콜압박으로 견디히 힘든 부담감, 신입 교육의 부실"	저렴한 커피음료, 깨긋한 회사 내부, 춥고 더운거 걱정 없음	신입한테도 뒤에와서 콜받으라 계속 압박 업무 스트레스도 스트레스 지만 콜압박으로 인한 부담까지	근무 환경을 개선할 필요가 있습니다.신입의 교육을 더 강화할 필요성이 있음
2018/2/19	유베이스(주)	100	87279	622336	3.0	2.0	3.0	2.0	2.0	0	1	서비스/고객지원	전직원	경기	 0 	False	"어차피 다들 왔다갔다하는 콜센터. 콜센터중에는 규모가 큼"	눈치안보고 월차 쓸수있고 여름에 시원하고 겨울에 따듯함	여자들이 많다보니 말이 엄청 확대되고 질투나 이기심이 쫌있음	티엠쪽은 점점 줄어들 일만 남았고 업계도 예전같이 않은데 대책이 있으신지요....?
2018/2/19	유베이스(주)	100	87279	622065	3.0	3.0	3.0	3.0	3.0	0	1	마케팅/시장조사	전직원	경기	 0 	False	"계약직으로 근무하였기 때문에 정확한 정보는 모르지만 무난한 회사처럼 보인다."	IT 사업부서의 경우, 업무에 집중할 수 있다. 그리고 사람으로인한 스트레스가 없다	성과제도로 인해 경쟁이 치열한듯 싶다. 계약직 직원이어서 정규직 직원이 받는 혜택을 받지 못한다.	처우 개선이 필요하다. 모두가 공평하고 불만이 나오지 않도록
2018/2/19	유베이스(주)	100	87279	621948	3.0	3.0	3.0	2.0	3.0	0	1	서비스/고객지원	전직원	기타	 0 	False	"국내 서비스 아웃소싱 업체 중 복지는 단연 1위. 그러나 훌륭한 인프라에 따라오지 못하는 다수의 자격미달 관리직군에 의해 주먹구구, 임기응변식의 일처리가 안타까운 곳. 관리자급 직원들의 업무능력 향상 및 리더쉽 마인드가 갖추어 지지 않는 이상 발전은 기대하기 힘든 곳."	연차 사용이 다른 기업에 비해 자유로운 편, 여성 근무자 비율이 높아 주부들이 일하기 좋은 환경(예:출산 후 복직 비율이 높은 편) 사내 카페테리아에서 저렴하게 커피를 마실 수 있음. 엑셀 및 영어 등 직원들을 위한 무료교육 프로그램 운영.	응답률 높이는데 혈안이 되어 상담사를 향해 고성 및 욕설을 퍼붓는 관리자 상당수. 매니저 및 팀장 급이 되면 부하직원에게 일 미루는 분위기 팽배. 사회 초년생들, 잠깐하는 알바로 생각하고 오는 어린 직원들이 많아 퇴사율이 높음. (옥션지마켓) 결국 가족경업기업이라 평직원으로 입사해 임원될 가능성 희박.	기본적인 유베이스 경영 철학에 매우 동의 하고 비교적 높은 복지 수준을 자랑하나 더 큰 기업이 되기위해서 매니저 이상급 포지션 인사들에 대한 인성교육 및 꾸준한 직업교육이 필요해보인다. 리더쉽 교육의 부재가 여실히 들어남. 상담사들 교육에 앞서 관리직군의 업무능력에 대한 철저한 검증이 시급해보임.
2018/2/13	유베이스(주)	100	87279	620633	3.0	3.0	5.0	3.0	3.0	0	2	서비스/고객지원	현직원	경기	 1 	False	"입사전 교육중인데 도망가야할지 말아야할지 고민중"	월~금 주5일제 평일근무, 회사 인테리어가 세련되고 예쁨, 대기업이니만큼 교육이 체계적임.	교육기간이 너무 김(15일). 아직 교육중인데 현역들 일하는걸 보면 감정노동 정말 심해보임. 근무시간에 휴대폰을 사물함(이하 납골당)에 넣어야만 하는 것. 시간통제 너무 엄격함. 9시 출근인데 8시 40분까지 출근해서 아침조회 한다고 함.	중도포기 해도 교육비 주세요. 교육기간은 이론보다 실무중심 교육, 즉 전산 다루는 법을 가르쳐주는 교육을 많이 시켜줬으면 좋겠음.
2018/2/9	유베이스(주)	100	87279	618953	4.0	4.0	4.0	4.0	4.0	1	2	서비스/고객지원	현직원	경기	 0 	False	"고객센터 업무 전반적인 전문성을 키울 수 있는 기업,"	체계적인 인력관리 및 복리후생, 다양한 업무 습득 경험 가능, 좋은 사람 냄새 나는 기업	업무 강도 높음, 고객사의 운영 방식에 따라 좌지우지 됨	직원들이 공정한 대우를 받을 수 있는 제도 마련
2018/2/6	유베이스(주)	100	87279	617611	2.0	1.0	4.0	1.0	1.0	0	1	서비스/고객지원	전직원	경기	 1 	False	"동종업계 대비 연봉이 너무 짜고 직원들을 언제든 대체 가능한 인력으로 생각하는 경향이 있음"	연차 눈치 안보고 쓸 수 있고 명절선물 작지만 챙겨주기는 함, 복지가 잘 되어있긴 한 편. 사내 카페 있음.	단순 보고작업이 지나치게 많음, 업무 방식이 비효율적인 경우가 대다수, 쉬는시간에 화장실 가려고 해도 5분 10분은 기다려야 함. 실적 압박이 있는 편인데도 급여는 아웃소서 업체라는 이유로 어떻게든 깎아서 적게 주려고 함. 딱히 급여가 오르는 것도 아님.	급여 문제가 개선이 안되면 악순환은 계속 될 것이다. 솔직히 다들 말 안해서 그렇지 이 회사에 불만이 없는 사람은 없을듯. 그냥 참고 다니는거지.
2018/2/1	유베이스(주)	100	87279	615288	3.0	2.0	3.0	4.0	3.0	0	1	서비스/고객지원	전직원	경기	 1 	False	"좋은 사내 문화. 좋은 직장동료들. 그러나 어마어마한 컴플레인 욕받이.그리고 현실적으로 낮은 급여"	연차를 눈치 안보고 쓸 수 있으며, 칼퇴근가능. SV급 관리자들은 좀 남아서 일을 처리해야 한다.오래 일해도 급여 상승률이 낮다.	온갖 욕은 다 받아줘야 하는 콜센터 업무지만 급여가 글쎄.. 내가 이거 받고 다녀야하나 하게끔 만드는 급여.참고 올라가도 관리자 일만 늘어나지 급여는 낮아서 갸우뚱 하게 만든다.	직원 사기를 위해서라도 급여좀 올려주세요.
2018/2/22	아워홈(주)	100	68269	623718	3.0	3.0	2.0	3.0	2.0	1	2	전문직	현직원	서울	 0 	False	"직원의 커리어를 만들어주는 회사. 하지만 요즘 많은 사람들이 추구하는 워라벨은?"	자유로운 연차사용이 가능하고, 복리후생 중 경조금이 LG의 경조금 형태를 그대로 따와 굉장히 탄탄함.	경영진이 행하는 임직원을 위한 보상체계 결여. 수직적 분위기.	합리적인 보상 및 복지체계의 증진을 위해 더욱 노력해야 한다. 직원이 존재하기 때문에 회사 또한 존재한다는 사실을 꼭 인지하여주길 바란다.
2018/2/22	아워홈(주)	100	68269	623519	2.0	1.0	4.0	2.0	1.0	0	None	경영/기획/컨설팅	현직원	서울	 5 	False	"연봉은 업계 최저수준이며 후진적 인사제도. 총체적 리더십 부재로 기업의 방향성을 잃어버림"	눈치껏 정치만하면 됨. 늘 하는일만 해도 진급차수 되면 밀어줌.  오히려 새로운 일을 벌리면 욕먹을 수있는 편안함.	업계 최저 수준연봉. 수년째 신입 연봉 인상없음. 투명하지 못한 인사와 복지제도(입사부터 시킨후 연봉과 승진으로 뒷통수 잘침). 필요없는 페이퍼 웍이 많고. 오너 및 리더들 역량이 부족함.	낮은 성과엔 낮은 보상이 당연한 것처럼 낮은 보상도 낮은 성과를 불러옵니다. 정치는 그만 하시고 회사와 직원이 상생할 미래를 생각해주시기 바랍니다.
2018/2/19	아워홈(주)	100	68269	622237	3.0	3.0	3.0	3.0	3.0	1	1	인사/총무	전직원	서울	 0 	False	"기업분위기가 편안하고 좋습니다. 서로 협력하는 분위기."	직원들 간의 관계나 팀내 분위기가 좋다복지제도가 좋은 편이다.	의사소통 문제로 팀내 업무가 원활히 진행되지 않는 경우가 있음.	합리적인 복지 체계 마련해주엇으면 좋겠다.
2018/2/15	아워홈(주)	100	68269	621172	4.0	4.0	5.0	5.0	3.0	1	1	마케팅/시장조사	현직원	서울	 0 	False	"무엇보다 안정적으로 일할수 있는 회사합리적인 부분들이 이용하여 본인이 하고싶은업무들을 도전해볼수 있음"	자기계발비 일부 지원퇴근시간이 빠름강제적 권위적 문화 없음	기업 이미지나 브랜드가 아직 미흡함오너의 말을 합리적으로 비판할수 있는 구조가 아님시키면 해야하니, 불합리한 일에 업무시간을 낭비하기도 함	신규 사업 혹은 엠엔에이 통한브랜드 강화 및 강력한 회사 이미지 구축 필요
2018/2/8	아워홈(주)	100	68269	618371	1.0	1.0	4.0	3.0	1.0	0	None	경영/기획/컨설팅	현직원	서울	 4 	False	"근무강도는 낮으나 비합리적인 인사제도(예. 경력직은 입사시 연봉을 높게 받아도 입사후 진급이 되면 고과상관없이 승진 인상률 적게 적용.  연봉높은 경력은 2프로 공채는 10프로임. 사실상 사후 삭감인것)"	인화주의를 모방하고 워낙 기본 보상이 적어서 S든 B든 의미없음. 적당히 일하며 다닐 사람 추천.	경력직이 알아야 할 것(인사팀은 입사때 안알려줌) ! 이전직장 기준 연봉협상으로 높게 받고 들어와도. 입사후 진급할 때 사실상 삭감함. ! 진급한 경력직 연봉을 동결시키거나 인상률에 차등을 둔다는 의미!.(예. 대리>과장 진급했는데 / 공채가 10프로 인상 될 때 경력은 동결하거나 조금만 인상하는 방식)! 연말 인센티브는 평균 30만원에서 100만원정도 ! 경력직은 전 체류년수를 B로 계산해서 진급어려움(사원4년차로 입사. 4년차에 열심히 해서 S를 받아도 내가 이 회사에 있지도 않았던 사원 1년에서 3년을 B로 일괄 적용하기 때문에 승진가점에서 매우 손해. 근데 아무리 잘해도 경력직은 s안줍니다) 2년은 누락 각오하셔야함	업계최저 수준의 연봉. 게다가 투명하지 못한 인사제도와 공정하지 못햐 성과평가. 인재가 떠나니 회사는 시장 경쟁에서 지고 있습니다.
2018/2/16	아웃백스테이크하우스코리아(유)	100	86465	621518	2.0	2.0	1.0	2.0	1.0	0	None	서비스/고객지원	전직원	서울	 0 	False	"서비스직 아르바이트의 기본을 배우기에 적합함. 다만 매니저급 이상의 거친 말투와 고된 업무강도를 견뎌야 한다."	자유로운 스케쥴 관리, 직원할인가로 식사 가능일이 고된만큼 끈끈해지는 직원들간의 정	고되고 고되다. 과한 서비스 정신을 강요한다. 고객에게 무조건적인 충성을 요하므로 직원들은 그저 지치고 기가 빨릴 뿐이다. 업무특성상 근무시간 외에 내 일상생활을 챙기기 어렵다.	고객을 존중하는 마인드는 존중하나, 밖을 챙기기에 앞서 안을 돌보았으면 한다. 워크 앤 라이프 밸런스 조정이 필요하다.
2018/2/27	(주)커피빈코리아	100	53841	625511	2.0	2.0	2.0	2.0	2.0	0	1	영업/제휴	전직원	대구	 1 	False	"손목 튼튼한 사람이랑 집에서 빈둥빈둥 놀기보단 뭐라도 하고 싶은사람에게 추천"	같일 일하는 사람을 잘 만나면 재밌게 일할 수 있음. 사실 어떤 곳이든 똑같이 적용되는 이야기라 장점이 딱히 없는듯.. 그냥 일반 카페랑 동일함.	반복노가다의 정점 바쁜 시간대이면 커피 뽑느라 손목이 성하지 않음. 제한적인 승진, 최저시급 수준의 월급	기본적으로 월급은 어느정도 맞춰주길..
2018/2/27	(주)커피빈코리아	100	53841	625380	1.0	1.0	3.0	1.0	1.0	0	None	경영/기획/컨설팅	전직원	서울	 8 	False	"편하게 다니실 분은 편하게 다닐 수 있는 곳 하지만, 개인의 발전은 전혀 없는걸 감안하시길. 또한 언제 어느 상황에 찍힐지 전혀 예측할 수 없다. 하지만 찍히는 순간 나가리."	부서별로 자유로운 부서가 있음겉보기에 외국계 기업(내부는 오너기업 그자체)한사람에게만 잘보이면 승승장구	일단 중간관리가 전무.능력 있으면 임원말에 태클거니 능력있는 사람들은 다 퇴사해 배울 사람이 거의 없음비용 절감에만 관심이 많은 임원이 모든 것들 축소시킴. 앞으로 직원복지가 더 나빠지면 나빠졌지 좋아지지 않을 것.본인 맘대로 하는 임원에게 찍히면 지속적인 괴롭힘으로 퇴사하게 만들어버림.다들 입사 후 이직의발돋움 판으로 사용함.	회사의 발전은 옳은 기업 윤리에 있습니다.비용절감에만 초점을 맞추면 결국 그런 직원들만 남는 것이죠.
2018/2/10	(주)커피빈코리아	100	53841	619487	2.0	1.0	5.0	3.0	2.0	0	1	금융/재무	전직원	서울	 6 	False	"커피업계 워라벨이 좋은 기업 하지만 낮은 급여, 비체계적 승진 제도로(단순 연차 채우기 승진) 초기 경력만 채우고 타회사로 이직하는 기업"	1. 자유롭고 화목하고 단란한 분위기 : 대기업이라 속해있지만 본사 직원은 매우 적음. 그래서 층마다 사람도 없고. 2. 여자 직원에 대한 대우가 좋음. 3. 커피를 항시 내려마실수있다.(기계가 배치되어 있고)	가장 큰 단점 “낮은 급여”스타벅스의 경우 급여가 비슷하지 않냐는데, 걔네는 신세계 그룹 소속이라 복지 수준이 매우 높기에 직원들의 불만이 없음. 그러나 커피빈의 경우는 급여도 낮고, 복지 수준이 미미함...	직원 개발에 돈을 아끼지 말아주시고, 성과측정을 잘 해서 보상체계를 자리잡아갔으면 좋겠습니다.
2018/2/2	(주)커피빈코리아	100	53841	615805	4.0	2.0	2.0	3.0	2.0	0	None	서비스/고객지원	현직원	서울	 0 	False	"커피를 처음 배우기는 좋지만 최소인원으로 직원을 운영해서 직원들이 힘듬. 그만둘때 다들 미련없이 그만둠"	커피를 처음배우기는 좋음 잘만하면 점장도 빨리 할수있음	사람 귀한지모르고 최소 인원으로 직원들을 돌려서 직원들이 너무힘듬	아무리그래도 적정인원으로 운영해줬으면 하는 바람이있음 .
2018/2/1	(주)커피빈코리아	100	53841	615266	3.0	1.0	4.0	1.0	1.0	0	None	영업/제휴	전직원	충북	 0 	False	"젊고 좋은 인력을 아무렇게나 사용하는 회사. 사람 소중한줄 모름. 인원 충원을 잘 안해줌. 스스로 2인자라고 생각하는지 몰라도 절대 2등도 못될 회사."	여성이 일하기 좋은 여초직장. 매장직의 경우 매장마다 일의 강도가 달라서 한산한 매장에 발령받으면 편함. 칼퇴근 가능하고 돈 받는만큼만 일할수있음. 원하는 날에 평일휴무 가능.	사람소중한줄 모르고 일회용품처럼 쓰다버림. 아르바이트생들 퇴직금 및 복지혜택 제공안하려고 짧은단위로 계약하는 나쁜회사.	마케팅팀 재정비. 이상한 물건 팔아서 잡화점 이미지 남기지말길. 가격인상한다는데 가격이 문제가 아니라 고객이 떨어져나간다는것. 고급화이미지 안통합니다.
2018/2/7	(주)호텔신라	100	47377	618197	2.0	5.0	3.0	2.0	3.0	0	1	서비스/고객지원	현직원	서울	 2 	False	"팀마다 분위기가 다르지만 대체로 만족함"	복지가 좋고 신라라는 자부심을 가질수있음 월급 꼬박꼬박 나오고 몇년차들은 성격도 좋고 부드럽고 너그러움	몇몇팀에 오래있는 분들은 아무래도 대하기가 어려움 어느 포인트에서 화가 났는지 모르겠지먼 늘상 혼남.. 맨날 혼남 그냥 계속 혼나고 인신공격 당함	아래직원들에게 존댓말하는것까진 바라지 않지만 인신공격 및 폭언은 하지 말았으면 합니다
2018/2/2	(주)호텔신라	100	47377	615767	3.0	3.0	3.0	3.0	3.0	1	1	서비스/고객지원	전직원	서울	 0 	False	"확실한 서비스업 직종 경험을 쌓고 싶다면 좋음"	직원들끼리 또래라면 잘 적응하기 쉬움, 서비스 직종 경험 쌓기에 좋음. 근무 환경은 좋은 편.	하루 종일 서서 일하는 이들이 많음에도 복지가 잘 되어 있는 편은 아님. (휴식공간 등) 복지가 있음에도 잘 announce 되어있는 편은 아님.	서있는 시간이 오래인 직원들이 많은 만큼 그에 대한 휴식 공간이 잘 관리되었으면 좋겠음.
2018/2/26	트랜스코스모스코리아(주)	100	51105	624946	2.0	3.0	3.0	2.0	2.0	0	1	서비스/고객지원	전직원	서울	 2 	False	"시키는 일만 하면 되는곳매일 하는일이 비슷해서 몇달 일하면 마스터합니다"	부담없이 출근할수 있다야근에 강요가 없다 소극적인 사람도 일할만하다	10년뒤에도 변함이 없을듯 하다봉급이 적다 일하면서 스트레스 받을일이 생기면 만땅까지 10초도 안걸린다	크게 바라는 점은 없다 현상유지만해도 망하지는 않을 기업인듯 하다
2018/2/21	트랜스코스모스코리아(주)	100	51105	622895	3.0	3.0	1.0	1.0	1.0	0	1	서비스/고객지원	전직원	서울	 1 	False	"정착하는 팀에 따라 복불복이지만 자신에게 맞는다면 나름 일할만한곳"	팀에 따라 다르지만 자유로운 사회생활이가능 팀장등 잘못 만나면 피곤	회식등이 많을 수 있기때문에 친분을 쌓기는 좋으나 개인 시간이 중요하면 싫을 수도	승진기회 등이 좀 아쉬웠습니다 팀장이나 센터장들이 자기 챙기기 급급해서 직원소홀이하는 경우도 자주있어서
2018/2/19	트랜스코스모스코리아(주)	100	51105	622192	3.0	3.0	3.0	3.0	3.0	0	1	서비스/고객지원	전직원	서울	 0 	False	"무난하면서도 단기간 다니기에 적합한 곳"	야근 없음, 수평적인 사무실 분위기, 본인 업무 외에 터치가 거의 없음, 가끔 가다 야근이 있을 시 석식 지원	업종이 아무래도 CS쪽이다 보니 감정소모가 심해지는 게 있음. 그럴 때 마다케어해주는 부분이 덜함	직원들의 불만을 들었으면 흘려 듣지 말고 하나하나 고쳐나가는 식으로 꾸렸으면 좋겠음.
2018/2/15	트랜스코스모스코리아(주)	100	51105	621298	3.0	3.0	3.0	3.0	3.0	0	1	서비스/고객지원	전직원	서울	 0 	False	"최저시급이 인상되도 월급은 인상되지 않는 기업"	돈은 제때 준다.다른 콜센터에 비해 먹고 살만한 월급.괜찮은 직장동료들.	최저시급이 인상되도 다른 항목의 금액을 깎아서 강제로 월급 동결을 만든다.핸드폰이나 스마트워치 착용이 불가하다.(일반 회사를 다니면 꽤 크게 느껴지는 역복지같은 느낌).	최저시급이 오르면 그에 맞게 월급도 올려주는게 맞지 않나요?
2018/2/8	트랜스코스모스코리아(주)	100	51105	618370	3.0	2.0	1.0	1.0	1.0	0	1	서비스/고객지원	전직원	서울	 0 	False	"아르바이트로는 추천, 정규직 비추천 급여와 업무강도 대비"	아르바이트들은 시급이높다  정규직으론 비추입니다 사실 관리자로 2년을넘게일했으나 장점이생각나지않네요	대기업수주로 진행되는 프로젝트가 많기때문에 대기업의 무리한 요구에 맞춰 강제로 실적을 맞춰야함. 야근이 잦으나 야근수당 관련 야근시간을 줄여서 등록해야함, 알바의경우 퇴직금안주려고 1년마다재계약진행. 알바는 퇴직금 안줌	근무강도에대한 합리적인 보상이 필요할것같음
2018/2/5	트랜스코스모스코리아(주)	100	51105	617207	5.0	3.0	3.0	3.0	3.0	0	1	서비스/고객지원	전직원	서울	 0 	False	"말단이 최고의 자리까지 갈 수 있는 기회 제공, 유연한 사내분위기"	말단으로 시작하여 센터장까지 도달할 수 있음(내가 있던 곳은 그랬음) 교육 시스템이 잘 되어있음	복지가 다양한 것 같지만 다양하지 않음... 전화업무에 대한 스트레스가 심함 자주 바뀌는 사람들속에 마음잡기가 힘듦. 화장실 갈 시간도 정해져있음. '재입사'를 추진함(그만두고 2년 뒤에 갑자기 그쪽 팀장이 전화왔음)	전화업무 자체가 스트레스가 심한 직업이라는 것은 알지만 조금더 직원을 신경써주셨으면.... 개진상인 고객들은 고객이아닙니다..
2018/2/2	트랜스코스모스코리아(주)	100	51105	616099	3.0	3.0	3.0	2.0	2.0	0	1	서비스/고객지원	전직원	서울	 1 	False	"업무만 익숙해지면 장기적으로 다닐수있는곳이고 본인업무만 잘한다면 진짜편한직장"	상사나 선배텃세없이 본인일만 잘하면 충분히 장기근무할수있음	고객들의 불만이 심할때가 너무많음 서비스직이기도 하지만 특히나 비대면 서비스여서 그런지 막말하는 고객들 상대하는 일이 너무많음	좀 더 체계적으로 했으면 직원들의 대우가 좀더 좋아졌으면 합니다
2018/2/23	씨제이푸드빌(주) 빕스	100	91680	624318	4.0	4.0	4.0	4.0	4.0	1	1	서비스/고객지원	전직원	대구	 0 	False	"급여를 제때 주고, 추가 수당이 붙어서 좋음."	대기업에서 관리하는 거라 아르바이트도 정사원대접을 받아서 좋음.	아르바이트도 퇴사할 때 퇴사서를 써야하고 점장이랑 퇴사 면접을 보았음.	맛있는 음식을 많이 개발했으면 좋겠음.
2018/2/20	씨제이푸드빌(주) 빕스	100	91680	622485	3.0	3.0	2.0	3.0	2.0	0	1	서비스/고객지원	전직원	서울	 0 	False	"타 직종보다 높은 시급. 하지만 몹시 높은 업무 강도."	서비스 마인드에 대해서 확실히 배울 수 있다. 또한 레스토랑의 식품들에 대한 지식을 배울 수 있다.	업무 강도가 몹시 뫂다. 스케줄이 일주일 단위로 나와서 선뜻 개인 스케줄을 잡기가 힘들어지며 어쩌다 생기는 쉬는날에도 불러내기 때문에 개인 시간이 없어진다. 정신적 스트레스도 심하다.	스케줄은 미리미리 정해줬으면 좋겠다. 차라리 시간협의가 아닌 지정 요일로 근무했으면 좋겠다.
2018/2/19	씨제이푸드빌(주) 빕스	100	91680	621942	1.0	4.0	3.0	2.0	1.0	0	None	서비스/고객지원	전직원	서울	 0 	False	"개인이 기본으로 업무량 1.5인분 이상 해내야 하는 곳."	CJ 계열 프랜차이즈 식당 할인 되는 거 35%인가? 할인율 무시 못함. 좋음.	2018년 시급 올라가면서 다들 업무 시간 짤리는데 인건비 줄인다고 바쁜 주중 주말 가릴거 없이 짤리거나 적은 인원으로 일을 하다보니 일손이 부족해서 짜증나고 힘듬.	인건비 줄인다고 스케쥴 근무 스텝들 줄였으면 공평하게 홀, 키친 인원 맞추세요. 위에서 인건비 줄이라고 해서 근무자 수 줄이고 근무 시간 줄였으면 공평하게 가야지 어느 파트는 근무자 많아서 바빠도 근무 널널하게 하고 어느 차트는 근무 다 짤려서 쪼달리게 일 하는게 말이 됩니까?
2018/2/2	씨제이푸드빌(주) 빕스	100	91680	615764	3.0	3.0	1.0	1.0	3.0	0	None	서비스/고객지원	전직원	서울	 0 	False	"인력이 너무 부족하고 같이 일하는 사람이 자주 바뀐다"	패밀리 dc로 할인받아서 빕스를 비롯해 계열사에서 식사 가능하다.	인력이 너무 부족해서 홀서버가 주방가서 음식 만들기도 한다	인력충원이 시급하고, 업무분담을 지키면서 할 수 있었으면 좋겠음
2018/2/23	(주)유니에스	100	87274	624002	1.0	2.0	3.0	3.0	2.0	0	1	미디어/홍보	전직원	서울	 1 	False	"우선운 파견직으로 일한다는 거 자체가 안좋고 복지도안좋다"	그나마 다른 파견회사들에 비해서 명절선물 조금 더 좋고 월급 매달 10일마다 나온다는거	위에서도 말했듯이 우선은 파견직이라는 말도안대는 근무이고 관리자들이 전혀 일하는 사람을 신경을 1도 안씀	좀 복지좀 좋게해주고 일하는 사람들 좀 챙기시고 못해도 분기마다 한번 씩 문자라도해주세요
2018/2/16	(주)유니에스	100	87274	621492	2.0	3.0	2.0	2.0	2.0	0	1	서비스/고객지원	전직원	서울	 0 	False	"오래있는 건 추천하지 않고 잠깐 있다가 가는 걸 추천합니다."	월급 꼬박꼬박 잘나오고 경력증명서라던가 연말정산할 때 편하기는 합니다.	장기근무를 하려고 하는 사람에게는 별로 도움이 안되며 직원들에게 별로 신경을 쓰지 않는 듯함	바뀌지 않는 걸 알기 때문에 그냥 개악만 안됬으면 좋겠습니다
2018/2/8	(주)유니에스	100	87274	618436	1.0	1.0	5.0	1.0	1.0	0	None	서비스/고객지원	전직원	서울	 9 	False	"빛좋은개살구. 항공사 예약발권센터라지만 실질적으로 직원은 전화받는 기계취급. 장점 1도 못느낀 회사."	굳이굳이 꼽아보자면 스케줄근무와 1년이상 재직 시 항공권 지원 해준다는 점.	항공사업무 라고하지만 결국은 콜센터이므로 무조건 실적위주, 협력하는분위기 절대아님. 각자 살아남아야하는 곳.대부분 항공사 업무라는 꿈을 갖고 오지만 실질적으로 느끼는 업무 강도에 비해 연봉은 현저히 낮다고 생각됨.직원은 단지 소모품, 기계취급. 중식도 제공안됨.	3개월 간의 긴 교육 때 쓸데없이 수많은 시험과 시험에 떨어지면 탈락이라고 주는 압박들로 인해 교육 중 포기하는 사람이 절반이상. 신입사원이 들어와도 인사한번 시켜주지않는 회사는 처음. 신입이 적응하기 힘든 분위기.
2018/2/19	(주)에스텍시스템	100	89310	622303	1.0	3.0	2.0	2.0	3.0	1	1	서비스/고객지원	전직원	서울	 0 	False	"힘쓰는 일 없이 장시간 서있으면서 보안 및 내방객 안내를 하는 근무였으며 주간과 야간을 번갈아가면서 근무를 하는 2교대 형태이다"	신입이여도 나쁘지 않은 급여를 받을 수 있어서 좋다. 딱히 힘쓰는 일 없이 서있는 근무를 하므로 근무방법 자체로는 힘든 근무가 아니다. 원하면 더 일해서 월급을 더 많이 받을 수 있다 최대 270~280(세전)	정규직 전환으로 가지 않고 알바의 형태로 계속 일하게 될 경우에는 처음에는 높은 급여라 생각되지만 연차가 올라가도 똑같은 급여이므로 경력이 쌓이는 의미를 느끼지 못한다. 주야교대 근무 형태이므로 정신적으로 힘든 부분이 있다. 때에 따라서는 장시간 서있는 경우도 있어서 이럴 때 힘들다. 대근의 보이지 않는 강요가 있다	몇몇 윗사람들이 직원들의 힘든 상황을 생각도 못하고 잘하라고 더 열심히 해야한다고 말만 하는데 일할 환경을 적절히 갖춰주고 할 말을 해야한다고 생각한다
2018/2/15	(주)에스텍시스템	100	89310	621226	4.0	1.0	2.0	3.0	1.0	0	None	서비스/고객지원	현직원	경남	 1 	False	"욕심없고 현실에 안주하며 살기에는 나름 괜찮음."	1. 야간에 대기시간동안 자기공부를 할 시간이 많음2. 육체적 노동을 하지 않아 몸이 편함3. 월급이 밀린적 없음4. 노력하면 진급하기 쉬움5. 해고가 없으며 정년보장을 해줌6. 해외파견의 기회가 있으며 파견수당을 지급함	1. 상의한마디 없는 대치근무 편성2. 1의 사례로 인해 친구와 약속을 잡기 어려움3. 사업장 눈치를 보느라 안해도 되는 업무까지 도맡아서 해줌4. 사업장 마다 다르겠지만 팀장이 아무 일도 하지 않음 - 아침에 출근해서 퇴근할때까지 유튜브 보거나 커피마시러 돌아다님5. 점심시간이 20분임6. 대기시간을 휴게시간으로 착각하고 있음7. 매연을 먹으며 근무를 하는데 최소한의 마스크 지급도 없어서 근무자들 건강상태가 우려됨	1. 사업장 눈치 보지 말고 기본적인 처우 개선이 필요하다고 생각함.2. 기본적인 복지는 챙겨줬으면 좋겠습니다.
2018/2/11	(주)에스텍시스템	100	89310	619549	4.0	3.0	4.0	5.0	4.0	1	2	서비스/고객지원	전직원	경북	 0 	False	"사회초년생이 경험하기엔 적합한회사. 들어갈때도 나올때도 이미지가 좋은 회사"	최대한 신입사원이 적응을 쉽게 할 수 있도록 여건을 만들어줌. 사회생활을 처음경험해보는 당시엔 매우 편안한 분위기	아무래도 인원이 부족하다보니 대치라는 추가 근무가 생김 그렇지만 거기에 대한 수당은 다 나옴. 손해보는건 아님	많은 인력 충원이 필요하다고 생각함. 그러면 출퇴근의 조화가 잘 이루어지면서 생활이 안정적이게 될듯함
2018/2/28	에스원(주)	100	65658	626022	2.0	3.0	4.0	3.0	2.0	0	1	연구개발	현직원	서울	 1 	False	"삼성의 공기업적은연봉. 높지않은 업무강도. 개인성장에 큰도움은 못되는 회사."	-바쁜일이 없는 경우 퇴근,휴가에 눈치를 안줌-(바쁜일 있어도 대체인력 있으면 상관없음)-삼성의 복지를 누릴수 있음-ps(보너스)는 보통 연봉의 13%수준으로 매년 받음.	-고과 형평성이 없는것 같음.-연봉 인상률이 적음-역피라미드 구조로 차부장급 인력이 많음(물론 잉여도 많음)-수직적체계가 존재함(가끔 쓸데없는일 함)	연봉인상률이 물가인상률만큼 따라갔으면 좋겠음.쓸데없는 보고작업을 줄이고, 합리적판단을 했으면 좋겠음
2018/2/27	에스원(주)	100	65658	625762	1.0	2.0	1.0	1.0	1.0	0	None	엔지니어링	현직원	서울	 0 	False	"정말 직원들  노동력 착취 어마어마하고 말도 안되는 일 많이 시킨다."	대기업. 네임밸유. 그뿐 없다..............	군대다. 노동력 착취 선두주자. 혹사 시키는 1등 기업	효율적으로 일 시켜라. 합리적으로 일 시켜라........
2018/2/26	에스원(주)	100	65658	625112	3.0	2.0	4.0	3.0	1.0	1	1	서비스/고객지원	현직원	경기	 4 	False	"BE사업부 기준으로 워라밸은 나쁘지 않음돈 적당히 or 조금 받아가면서 일도 적당히 하는 회사"	삼성 계열사, 나쁘지 않은 복지, 사내 문화 많이 개선하고 있어 나쁘지 않음	연봉 최악임... 이게 제일 큰 단점. 건물관리 대기업 회사중에서 제일 적다고 생각하면 됨. 삼성이지만 거의 삼성 취급 안함. 세콤은 알아도 에스원은 잘 모름.	임원 급여만 챙기지 말고 직원들 급여도 좀 신경써주시길..지들은 몇억씩 땡겨 가면서 직원들 급여는 박봉
2018/2/24	에스원(주)	100	65658	624626	2.0	4.0	2.0	3.0	3.0	0	1	영업/제휴	전직원	서울	 0 	False	"대기업의 프로세스를 배우고, 어떤 장점이 있는지 알게되었다"	오랫동안 고객 관리가 되어있고 이미지가 고객들에게 좋다	계속되는 프로세스 추가로 외부일보다 내부일의 비중이 큼	업무 체계에 대한 전반적인 개편이 있었으면 좋겠음실무에 대한 이해도를 좀 더 중요하게 여겨줬으면함
2018/2/9	에스원(주)	100	65658	618887	3.0	5.0	2.0	4.0	3.0	1	2	서비스/고객지원	현직원	서울	 0 	False	"한만큼 받아가고 복지여건좋고 나쁘지않다"	복지가 좋다낮은스팩에 돈을 많이 벌수있다적응하면 충분히 즐겁게낸다	휴무일이 잘 안지켜진다노동의 강도가 좀 심하다휴무일지 잘 지켜지지 않는다	제 사업장은 주주당휴 이런패턴인데 정말 힘들수도 있다고 생각합니다 조금은 조정이 필요한 사업소도 잇습니다
2018/2/5	에스원(주)	100	65658	616854	1.0	3.0	3.0	1.0	1.0	0	None	금융/재무	현직원	서울	 0 	False	"대기업계열사이긴하지만 급여수준이나 복지수준은정체되어있고. 기업문화가 아직 군대같은부분이남아있음"	급여나 명절상여금 밀리지않고나옴 비록내가사인한금액을 주는거지만...	인사평가밑 고과등은공정하지 못하고 급여수준이 삼성계열사중 제일낮음	사원급들이 느낄수있는복지가별로없고 우리를 소모품으로생각하는부분들이느껴진다
2018/2/5	에스원(주)	100	65658	616836	1.0	4.0	3.0	1.0	1.0	0	None	금융/재무	현직원	서울	 1 	False	"삼성계열사이긴하지만. 제일연봉쩌리 성과급그저그렇고 그냥월급안밀리는회사"	그냥서울에있지만 월급안밀리는 대기업회사일뿐. 육아휴직잘쓰는사람은몇번씩감	공정하지못한인사제도 사원주임급들 급여 최하위여서 한번조정하였으나 크게 만족하지않음 그러면서 사원주임급에게 업무쏠림현상 심각	사원급들에게돌아오는 혜택좀늘려서 만족도좀높여줬으면한다
2018/2/27	씨제이푸드빌(주) 투썸플레이스	100	94601	625578	2.0	2.0	3.0	3.0	3.0	0	1	서비스/고객지원	전직원	전북	 0 	False	"철저한 고객중심의 서비스를 제공하는 기업"	분위기가 좋음, 나이에 상관없는 입사 순서의 교육, 유니폼 지급	박한 직원복지, 오픈, 마감의 일의 강도가 확연하게 다름	고객 중심은 정말 바람직하지만 직원 복지에도 힘을 써주었으면 하는 바람
2018/2/28	한국마사회	100	86726	626224	1.0	4.0	4.0	4.0	4.0	1	1	서비스/고객지원	현직원	광주	 0 	False	"학생으로서 공부하며 일을 할수 있는 최고의 아르바이트."	큰 노동력 필요없이 편하게 일할수 있는곳. 공기업답게 명확한 임금체계 보장. 휴식여건 보장. 학생에게는 최고의 아르바이트	직군의 특성상 고객과 접촉이 많으며, 정신노동을 요구함.	근무과정에서 발생할수 있는 예기치 못한상황에 대한 교육이 필요하다고 생각함.
2018/2/28	세일즈웍스 코리아(유)	100	90449	626219	3.0	3.0	3.0	3.0	1.0	0	None	경영/기획/컨설팅	전직원	부산	 7 	False	"그냥 그렇다 이건 뭐라고 말하기도 민망한 수준이다. 기대하지말ㄹ"	기업의 장점이라면 그들이 자랑하는 외국계 기업 이라는점.	외국계기업이라는 간판을 달고 한국식 문화가 뿌리 깊이 박혀있다.	외국계 기업 이라면 외국계 기업에 맞는 직원들의 대한 대우 존중 필요
2018/2/18	세일즈웍스 코리아(유)	100	90449	621849	4.0	3.0	3.0	4.0	4.0	1	2	미디어/홍보	현직원	서울	 2 	False	"가족같은 분위기라기 보단 친구같은 분위기로 일할수 있는 기업"	교육기회가 많고 분기별로 해외 및 국내트립 기회를 전 직원에게 줌다양한 프로모션과 이벤트	노력에 비해 눈에 보이는 성과가 없으면 많이 힘들수 있음	전 직원이 시스템이 대해서 정확하게 바라볼 수 있도록 미팅을 진행햊 세요
2018/2/9	세일즈웍스 코리아(유)	100	90449	618897	2.0	1.0	2.0	2.0	1.0	0	None	마케팅/시장조사	전직원	서울	 7 	False	"겉은 수박이나 속은 호박이었다고 표현하고 싶네요"	기회의 폭이 넓다는건 맞는거 같습니다 근무조건이나 환경도 괜찮아 보이고요	기회나 경험이 잘하는 사람에게 국한돼있고(이건 열심히 한다고 잘해지는거 같지는 않습니다) 근무조건 환경도 겉보기에만 좋아보입니다 정규직인 어드민들도 쉽게 짤리거나 환경에 의해서 그만두는 경우도 많다고 하네요 소위 잘나간다는 지점장들 성격도 쎄서 잘하는 사람에겐 잘해주고 못하는 사람에겐 무관심, 퇴출도 잦은 기업입니다 기업분위기 좋다고는 하나 정말 좋았다면 퇴사하고나서도 서로 연락하며 지내겠죠? 심지어 앞에선 착한사람 뒤에선 이 사람 저 사람 욕하는 분들도 많다고 하네요	어차피 써봤자 문제 있는 분들은 자각하지 못할테고 문제점을 해결하려기 보다는 덮으실거 같으니 그 자리에서 자신의 일 잘하시길 바라겠습니다
2018/2/6	세일즈웍스 코리아(유)	100	90449	617622	5.0	5.0	4.0	5.0	4.0	1	2	영업/제휴	전직원	광주	 4 	False	"돈을 벌기 위해 하는 게 일인데, 일을 하면서 자기자신에 대해 공부하고 발전시키길 수 있다는 게 놀라운 기업"	일적으로나, 사람적으로나 나라는 사람을 바라봐주는 사람 우선의 분위기.마인드컨트롤을 잘 하고 끈기 있게 임하면 돌아오는 보상이 상당하다. 금전적인 보너스가 많고 국내외에서 교육받을 기회, 해외여행같은.	연봉개념이 아니다. 정말 하는만큼 가져가는 성과급이므로 정규직같은 고정 월급이 아니다. 대신 자신의 능력만큼 수입 인상에도 한계가 없다는 장점도 있다.	본사와 지점이 커뮤니케이션하고 어우러질 수 있는 이벤트나 행사가 더 많았으면 좋겠습니다. 서로 많은 시너지가 날 것 같아요.
2018/2/6	세일즈웍스 코리아(유)	100	90449	617387	4.0	2.0	5.0	5.0	4.0	1	2	마케팅/시장조사	현직원	서울	 6 	False	"좋은 사람들이 많은, 밝은 분위기의 기업:)"	1. 구성원 대부분이 밝고 인상 좋고 인성 또한 좋은 사람들. 그래서인지 보통의 다른 회사에 비해 분위기도 월등히 좋은 편. 2. 현재 탄력 근무제 테스트 중! 8시-10시 사이 30분 간격으로 출근시간 자유롭게 선택함. (아침에 더해진 30분의 여유, 꿀!! 진짜 좋음!!!) 3. 야근 수당 30분 단위로 지급! 9시 넘을 경우 식비 8,000원 지급, 10시 이후 택시비 지원됨. 4. 영어 교육비 월 11만 원 지원 5. 생일 휴가! 생일인 달에 휴가 1일 주어짐. 6. 커피머신/차/과일청이 구비되어 있음. 7. 팀 별 회식비 지급(분기별) 8. 사내 이벤트. 매월 팀별로 돌아가면서 문화의 날에 영화 관람(인당 만원 지원) 9. 칼퇴 가능! (부서에 따라 다를 수도..)	1. 야근 수당이 지급되려면 사전에 미리 서류 작성하여 컨펌을 받고, 추후 보고할 때에도 또 서류 작성하여 싸인을 받아야 하는, 약간의 귀찮은 과정이 있음.. 그래도 야근 수당 지급은 굿! 2. 1년에 한두 번 정도 큰 행사가 있는데 주말에 잡히면 관련 부서는 주말 출근.. 행사라서 수당 같은 건 없음.	좋은 제도는 유지/발전 시키고 부족한 점은 개선하면서 더 좋은 회사로 성장해 나갔으면 좋겠습니다.
2018/2/3	세일즈웍스 코리아(유)	100	90449	616289	5.0	3.0	3.0	5.0	5.0	1	2	영업/제휴	전직원	서울	 1 	False	"업무외에도 많은 것을 배워나갈 수 있는 기업 성숙한 마인드를 가질 수 있음"	자유롭게 근무가능하며 눈치 않보고 맘편하게 다닐 수 있음. 직원들간의 유대가 매우 끈끈한편	성과에 대한 스스로의 압박과 스트레스가 있는 편. 필드업무중에는 날씨에 따라서 매우 고될 수 있음	직원들에대한 복지가 조금더 있었으면 함
2018/2/27	케이에이(주)	100	87378	625589	2.0	2.0	2.0	2.0	3.0	0	1	서비스/고객지원	전직원	인천	 1 	False	"승무원을 준비한 사람으로서 많은 사람들을 만나고 경험하는 업무는 좋으나 기업 자체의 복지와 대우가 부족"	많은 국가의 사람들을 만나면서 다양한 문화를 접할 수 있고 영어울렁증이 사라짐, 초과근무수당을 아주 확실하게 지급해줌, 연계된 숙소가 있어서 늦게 끝나거나 다음날 출근이 빠를 때 신청만 하면 사용 가능	대부분의 급여가 초과근무수당으로 채워지기때문에 연차가 높아져도 일 많이하는 신입보다 덜받을 수 있음, 근무자가 많다보니 스케줄이 힘들게 나오기도 함(점심시간 없이 게이트로 뛰어가는 경우가 많았음), 만약 선배랑 숙소 같은곳으로 잡히면 매우 불편, 텃세 심각	초반 교육 체계를 탄탄하게 잡았으면 좋겠다.합리적인 복지, 보상체계를 마련해줬으면 좋겠다.
2018/2/24	케이에이(주)	100	87378	624429	1.0	1.0	1.0	3.0	3.0	0	1	서비스/고객지원	현직원	인천	 0 	False	"여자가 출산휴가 육아휴가 휴가에는 눈치 안보고 휴가낼수있는 기업이나 딱 그뿐 불투명한 급여체계와 오르지않는 연봉과 밤낮바뀐 근무패턴이 힘들다."	공항에서 협력업체인 항공사중 그냥 젤 높은레벨같아보이고, 유니폼입고 일하는것	10년을 일해도 거의 오르지 않는 급여를 받음. 기본급여도 최저임금 법으로 걸릴것 같고 급여체계가 불투명하며 연차갯수가 타기업에 비하여 월등히부족.	한 100번 불만하면 그중에 하나 들어주면서 되게 고마워하라는 분위기라서 너무 싫음. 식비,월급 오르는건 당연히 최저시급이 올라갔으니까 당연한거아닌가?
2018/2/19	케이에이(주)	100	87378	621950	1.0	1.0	1.0	1.0	1.0	0	None	서비스/고객지원	전직원	인천	 2 	False	"항공사 승무원 꿈꾸는 지원자는 절대 지원하지 않기를 추천. 복지없음 낮은급여 여초특유의 텃세문화 신체적으로 정신적으로 매우 힘듬. 출퇴근 매우불규칙하여 몇일간 집에못들어가고 회사숙소에서 쪽잠. 한달에한번씩 12시간 초과근무."	가늘고 길게 돈 욕심없이 다니고 싶은, 항공사 지상조업에 정말정말 뜻이 있는 사람은 지원해도 된다고 생각. 아시아나항공 지상직원과 같은 유니폼 입고 일함.	퇴사인원이 넘쳐나니까 그만큼 채용이 자주뜸. 인력을 빨리 충원해야돼서 짧은 기간동안 소화할 수 없는 양의 교육과 시험이 이루어짐. 교육기간에도 퇴사자 다수 발생.	직원을 위한 복지를 마련해주셨으면. 특유의 텃세문화, 터무니없이 짧은 기간에 급하게 이루어지는 신입 교육체계 보수 부탁
2018/2/6	케이에이(주)	100	87378	617654	3.0	2.0	3.0	1.0	3.0	0	None	서비스/고객지원	전직원	인천	 3 	False	"첫 회사생활을 정말 호되게 하고 많은 것을 배웠습니다."	동기들과 너무 할 말이 많고 끈끈해져서 그나마 회사 다닐 수 있었어요.	기존에 있는 사람들의 텃세가 적응을 하도록 도와주기 보단 너네가 적응하면 우리가 잘 해줄께 라는 분위기라서 처음에 열심히 하려고해도 잘 봐주기 보단 나대지마라는 경향이 있어요. 삼개월만 참으면 수월해 진다는데... 일은 정말 괜찮았는데... 좋은사람들만큼 별로인 사람들도 많았어요. 예를 들자면 신입때 새볔에 출근해서 사무실에 사람도 없는데 뭐를 물어봤더니 내가 그걸 가르켜줄 짬이야?라는 식이여서 정말 당황스러웠어요. 그리고 제대로 체계적으로 가르쳐주고 일을 시켜야지 일단 투입!!하고 동기들끼리 이거 아는사람~ 해서 그나마 아는사람이 모르는사람 가르쳐주는 식이여서 정말 답이없어요.	좀 더 체계적인 업무의 교육이 필요할 것 같아요. 또한 말만 멘토링이라 해서 멘토만 정해 놓지말고 정말 멘토링이란 걸 했으면 좋겠어요.
2018/2/18	이트너스(주)	100	13535	621790	1.0	1.0	1.0	1.0	1.0	0	None	마케팅/시장조사	전직원	경기	 2 	False	"성장동력 부족(상품성,인력소싱 등)아둥바둥 매출낼수밖에 없는 상황은 실무진들만의 고민지원부족,비전 부족으로 퇴사율 높아지는 추세"	의료비지원,독서비(연5만원)지원,스마트오피스로 판교근무환경 좋음, 지사는 사업장 복지(통근버스,식당)공유 가능	상품성분석 보다는 표면적인 매출올리기 급급한 상황, 이로인한 회의감, 배울점 없는 조직, 인력수준 및 관리, 인사평가 기준 모호, 욕심 있는 인재들은 거의 퇴사하는 분위기	직원들의 불만에 귀기울여주시고, 똑똑한 인재들은 적극 육성하려는 노력을 보여주시기 바랍니다, 상품성 분석 등 원초적인 문제해결이 필요합니다
2018/2/7	이트너스(주)	100	13535	617883	1.0	2.0	2.0	3.0	2.0	0	1	서비스/고객지원	현직원	서울	 1 	False	"연봉인상률 낮고 퇴근 눈치보임. 그냥 딱 중소기업 그 리싱도 이하도 아님."	중소기업치고 나쁘지 않은 초봉 그러나 그게 끝. 장점찾기 어려움	연봉인상률 낮음, 야근 및 주말수당 최악, 인사이동 잦음, 성과급 낮음	불필요한 투자 안하고 직원들 생각해서 연봉 및 성과급 올려줬으면...
2018/2/3	이트너스(주)	100	13535	616406	4.0	4.0	1.0	1.0	2.0	0	None	서비스/고객지원	전직원	경기	 3 	False	"입사할 예정이면 신중하게 생각해보세요."	중소기업 초봉치곤 괜찮음. 연차차면 자연스럽게 진급함. 부서에 따라선 편하고 괜찮음(아래의 단점들이 없는 부서도 존재함)	비효율적인 단순 보고 많음. 홈페이지에 댓글달기, 독서감상쓰기 등 보여주기식의 불필요한 부수업무 많음. 사내 행사 잦은편. 잦은 야근. 야근을 당연시여기는 분위기. 수직적인 문화	직원들의 잦은 퇴사에 대해 고찰이 필요합니다.
2018/2/9	대명레저산업(주)	100	82315	618933	2.0	4.0	3.0	1.0	1.0	0	1	엔지니어링	현직원	충남	 2 	False	"겁나 군대식 문화 퇴근 6시인데 팀장이 퇴근을 안하니 파트장도 퇴근을 안하고 다른분들도 퇴근을안함 9시출근인데 8시30분에 도착했는데 자기들보다 늦게 왓다고 점점 늦는다고 하는 회사"	복지가 좋음 근무 강도 또한 낮음 여기서 일하면 다른 시설 갈수가 있음 또한 반도체 나 공장 유틸리티 에서 쓰는장비거 잇어 폭이 넓어짐	군대식 문화임 자기들보다 늦게 오면 늦게 왓다고함 주 6일 근무 교대 근무라 주말에 일을해도 특근수당없으 그냥 추석 이런날만 특근임 주 4일 쉼 이제 주 6일로 바뀐다는데 근무가 별로 안좋음 꼰대가 만들어 가는화사 연봉도 적음 수습기간이 길음	수습기간도 좀 줄이고 나이 많은 사람보다 젊은 사람을 좀 뽑으세요 그리고 군대식 문화 이런것즘 사라졌음 좋겟네요 출근시간또한 9시 출근이면 20분전 이렇게 도착하면 되지 자기들보다 늦게 오면 늦게 오는건가여? 군대문화는 군대에서 끝냈으면 좋겟네요
2018/2/9	대명레저산업(주)	100	82315	618862	1.0	1.0	1.0	1.0	1.0	0	None	전문직	전직원	강원	 0 	False	"열. 심. 히. 한다면 경험할거 배울거 많. 음  돈쓸날이 없음"	직원복지 괜찮음 기숙사 셔틀 오션월드 스키장 휴가객실	무 료 봉 사해야함 급 여 적 음 쉬는날 적음 개인생활하기힘듬	ㅇㅇㅇㅇㅇㅇㅇㅇㅇㅇㅇㅇㅇㅇㅇㅇㅇㅇㅇㅇㅇㅇㅇㅇㅇㅇㅇㅇㅇㅇㅇ
2018/2/1	대명레저산업(주)	100	82315	615657	3.0	3.0	3.0	3.0	2.0	1	1	경영/기획/컨설팅	전직원	서울	 0 	False	"국내 1위 레저기업으로서 주5일제 도입과 여가를 중시하는 사회변화에 큰 혜택을 본 기업"	국내 최고 리조트회사라는 자부심은 직원들에게 매우 좋은 동기부여가 된다	대명은 최근 급속도로 성장한 회사이다 보니 현재 부장급 이상 올드보이들은 수준이 상당히 떨어짐	대명은 최근 급속도로 성장한 회사이다 보니 현재 부장급 이상 올드보이들은 수준이 상당히 떨어짐
2018/2/26	피알원(주)	100	87461	625309	5.0	5.0	5.0	4.0	2.0	1	2	미디어/홍보	전직원	서울	 3 	False	"메이저 PR 에이전시. 국내에선 최고 대우."	메이저 PR 에이전시로, 국내에선 업계 최고다. 연봉이든, 맡는 클라이언트든. 체계가 고루 갖춰져 있는 편.	팀바팀이지만, 간혹 교양없는 팀장&시니어에게 걸릴 수 있다.반말&욕설까지 들을 수 있음ㅎ.	능력없는 고인물에 대한 재평가가 필요.특히 저연차에 승진이 빠른 사람들.관리자로서의 역량도, 실무자로서의 역량도 모두 부족.이전에 교양 좀 갖췄으면.....그리고 주니어급 케어 꼭 필요합니다.
2018/2/10	피알원(주)	100	87461	619326	2.0	3.0	1.0	2.0	3.0	0	1	미디어/홍보	전직원	서울	 3 	False	"겉으로 보기에는 트랜디하고 젊은 분위기 같지만 실제로는 매우 보수적이고 권위적임."	규모가 있는 홍보대행사라 다양한 클라이언트를 경험할 수 있다.	퇴근 시간을 알 수 없음. 권위적인 상사 눈치 보느라 아랫사람만쪼아댐. 책임 떠넘기고 배려 없음. 함께 성찰하고 성장하려기보다 서로 탓하기 바쁨.	사람이 자꾸 바뀌는 곳은 문제가 있다는 것을 알아줬으면.
2018/2/8	(주)대학내일	100	86769	618752	3.0	5.0	4.0	4.0	3.0	1	1	미디어/홍보	전직원	서울	 0 	False	"20대 이야기를 다루는 곳이다 보니 젊은 느낌이 강하고, 실무 배우기 좋은 회사라고 생각함. 동일 업계에 비해서 연봉이나 분위기가 좋았다."	월차 낼 때 눈치보지 않고 쓸 수 있음. 수평적인 기업문화고 자유로운 분위기라서 적응하기 좋음	특별한 단점은 없음굳이 꼽자면 위치가 조금 애매한 곳에 있어서 출퇴근하기가 어려울 때가 간혹 있었다	지금처럼만 계속 좋은 문화 유지했으면 좋겠다고 생각합니다
2018/2/17	현대그린푸드(주)	100	47646	621570	1.0	4.0	1.0	1.0	2.0	0	1	금융/재무	전직원	경기	 2 	False	"워라벨 승진 경력개발 포기하면 무난한 회사"	연봉높은편이나야근이많아시간당따지면낮은편세끼무료 주차무료복지괜찮은편망할걱정은없음	영양사조리사아닌일반사무직군으로느낀점현대백화점계열사라임원은100%백화점출신차부장도대부분백화점출신따라서그린푸드입사로높은곳올라갈꿈도꾸지말것워라벨없음 야근주구장창 PC오프제도는유명무실각종회의자료,잡일산더미라경력개발안됨조직문화구림 군대식 꼰대많음카톡으로공유방업무지시빈번회의자료작성이최고중요한업무일정도로비효율적임	회의자료문화개선필요너무많은회의 그에따른자료작성 홍수기본업무 중요한일은 뒷전오로지 회의자료에 들어갈 특이한일들만 중요시함그러니 맨날 기본이 빵꾸나지
2018/2/26	던킨도너츠(주)	100	92793	625204	3.0	3.0	3.0	3.0	3.0	1	1	서비스/고객지원	전직원	강원	 0 	False	"음료, 도넛, 핫밀 등 다양한 분야를 경험해 볼 수 있었다"	가깝고 남는빵을 가져올 수 있었다, 다양한 업무능력을 배양할 수 있다	도넛정리, 음료 만들기, 핫밀 등 은근 할게 많음, 월급지급이 늦음	알바생의 요구가 반영되면 좋겠고, 월급은 제때 줬으면 한다
2018/2/16	던킨도너츠(주)	100	92793	621466	3.0	2.0	3.0	4.0	3.0	1	1	서비스/고객지원	전직원	경기	 0 	False	"20살 첫알바였는데 힘들긴 했지만 나름 괜찮았음."	마감때(원래는 안되지만 사장이 허락해서) 남은 도넛을 싸갈 수 있다. 음료를 맘껏 만들어 마실 수 있다.	홈플러스 내부에 있는 지점이었는데 3층에서 1층까지 도넛 가지러 왔다갔다 하는게 좀 힘들었다... 만년 최저임금	고객관리 룰을 세웠으면.. 컴플레인 손님들 상대하는게 일상의 90%...
2018/2/2	던킨도너츠(주)	100	92793	615760	2.0	3.0	2.0	3.0	2.0	1	1	서비스/고객지원	전직원	서울	 0 	False	"잠깐 일하기에는 좋으나 오래 다니기에는 대우가 좋지 않음"	수습기간이 따로 없어서 급여가 일정하고 연장근무 수당이 잘 갖춰져있음	본사에서 매장에 근무하는 직원을 하대하는 경향이 있다. 존중받지 못하는 느낌을 받을 때가 종종 있었음	던킨도너츠 브랜드 이미지가 올드하다보니 매장이 줄어드는 추세. 이미지를 바꿔 다시 도약해야 함
2018/2/28	(주)그린웹서비스	100	86851	626211	2.0	1.0	3.0	3.0	3.0	0	1	마케팅/시장조사	전직원	서울	 2 	False	"일은 편하지만 돈이 너무 적어서 이직을 고려하지 않을 수 없는 회사..."	퇴근 후에도 업무 생각이나 늘어지는 업무 때문에 고통받는 경우가 거의 없어서 개인 시간을 충분히 가질 수 있다.	개인 시간은 보장되지만 그 시간을 즐겁게 보낼 수 있는 연봉이 적다..	연봉을 조금 더 올려서 직원들의 사기를 충족시켜주면 정말 좋을 거 같다
2018/2/5	(주)그린웹서비스	100	86851	617198	1.0	2.0	3.0	3.0	3.0	0	1	서비스/고객지원	전직원	서울	 0 	False	"급여에 큰 욕심이 없고 한곳에서 오래 있을곳을 찾는다면 괜찮은곳. 하지만 개인발전과 경력에는 전혀 도움이 되지 않는 곳"	연차사용이 자유롭고 문화가 수평적이다. 일의 강도 또한 연봉이 낮은대신 매우 낮다.	높지 않은 연봉. 윗 직급의 포화상태. 단순업무의 반복으로 아무런 경력에 도움이 되지 않는다. 어정쩡하게 몇년일하다 경력으로 인정받지못해 이직도 힘들어하는 경우를 많이 봄	일반 사원들의 업무 강도가 매우 낮고 업무 적응에 얼마 시간이 걸리지도 않습니다. 차라리 사원수를 줄이고 연봉을 올리는게 오히려 낫지 않을까 싶습니다.
2018/2/28	한국피자헛(유)	100	2927	626278	4.0	4.0	4.0	4.0	4.0	1	None	서비스/고객지원	전직원	경남	 0 	False	"대부분 생각하는 사람들의 인식보다 체계적으로 관리됩니다."	피자 제조의 기본적인 이해가 가능하며 경험을 바탕으로 창업시에도 큰 실무경험이 될 듯합니다.	무분별한 신메뉴 출시와 한발늦은 마케팅, 지속적인 할인정책으로 인한 프리미엄 가치가 떨어집니다.	비싸다는 의견이 지배적으로 브랜드 경쟁력 확보 필요
2018/2/13	한국피자헛(유)	100	2927	620410	4.0	4.0	4.0	4.0	4.0	1	1	서비스/고객지원	전직원	서울	 0 	False	"모든 일들이 장단점이 있지만 피자헛과 함께한 2년 많은 것을 배웠고 즐거웠음"	1.스케줄이 유동적임2.월급이 제때나옴3.업무가 세분화되어있음4.부서별 매니저가 있음5.직원할인쿠폰 및 명절선물나옴(3개월이상)	1.학생 아르바이트가 많아쉽게 들어왔다가 쉽게 나가버림(일 드디어 다 가르쳐간다하면 없을때 빈번)2.직원휴게실 협소하여 서로간의물건관리가 힘듦	인건비가 가장 큰건 알지만 바쁜 매장엔인원좀 충분히 배치해주세요..
2018/2/7	한국피자헛(유)	100	2927	617886	4.0	4.0	5.0	5.0	5.0	0	None	서비스/고객지원	전직원	서울	 0 	False	"할인쿠폰 좋음!!! 미스테리쇼퍼 무서움ㅜㅜ"	1. 근무하면 직원만 쓸수있는 중복할인가능한 피자헛 쿠폰을 줌.2. 스케줄 조정이 용이함대타를 구할수만 있다면 가능.	1. 점장님에따라 분위기가 좌우됨나같은 경우에는 여자점장님이셨는데 좋았음.여자 매니저가 괴팍했던것만 빼고는ㅎㅎ	미스테리쇼퍼 관련해서 점장들한테 너무 스트레스를 주는것 같음.사실 미스테리 쇼퍼들에 대한 교육이 잘되어있는지 모르겠음.
2018/2/2	한국피자헛(유)	100	2927	616103	3.0	5.0	3.0	1.0	1.0	1	1	서비스/고객지원	현직원	경기	 0 	False	"그냥 그럭저럭 오래서있는거 괜찮으신분 추천드리고요 매장마다캐바캐이니 바쁘고 번화가인 매장은 비추드려요 엄청바쁠겁니다"	대기업이라 그런지 주휴수당 연장수당 야간수당 잘줌그리고 스케줄이 일주일마다 나와 쉬고싶은날 쉴수있음물론 전주에 말해야함명절 당일 날에는쉼	매장마다 바쁜게 달라서 번화가나 역세권 아파트많은곳은 바쁨안바쁘면 꿀인 알바지만 눈치보임그리고 한달마다 본사에서 점검나오는데 별것도 아닌거 가지고 트집잡고아주 사람말림	시급 좀 올려주시고 본사 규정좀 완화해 주세요점검나오는거 짜증나서 못봐주겠어요
2018/2/23	삼성웰스토리(주)	100	88148	624261	2.0	3.0	1.0	2.0	1.0	0	None	서비스/고객지원	전직원	서울	 4 	False	"신입사원을 다방면으로 굴릴 줄 알고 있음계약직, 아르바이트가 정규직보다 다니기 편한 곳"	연차사용은 강제적으로 사용하게되어서 눈치 안보고 사용 가능	삼성이라는 타이틀때문에 조금 먹을 욕을 더 먹음복지가 좋은데 미혼에게는 해당되지 않는 것들이 많음직원들을 소모품이라고 생각하는듯한 행동을 많이 보여줌	직원들 교육 좀 시켜주고 잘하라고 했으면 좋겠음업무를 야매로 배움.. 담당자조차 왜 이렇게 업무처리 하는지 모르는 경우가 많았음
2018/2/19	삼성웰스토리(주)	100	88148	622364	4.0	4.0	3.0	2.0	2.0	1	None	경영/기획/컨설팅	현직원	경기	 3 	False	"동좁업계에선 나름 괜찮은 연봉을 받지만 그룹내 타 업종에 비하면..."	단체급식 1위라는 나름의 자부심을 가질수도 있음. 삼성그룹 의 그늘아래 있음. 그룹 성과금 포함 동종업계내 상위 연봉찾아보면 좋은 사람들이 많음	이젠 성과금이...하지말아야할 것만 골라서 하는 사람들 또 하지말라는 말밖에 안하는 사람들 그 와중에 월급루팡들...그룹 내 아오지인력이 부족해서 간접 부서 직접부서 모두 힘들지만 그중에 노는 사람은 많고 인력을 충원하자니 비용이 걸리고 나갈 사람은 안나가고 해결방법이 없는 상황의 지속	간접부서간 직접부서간 직급간 불통이 지속되는데 말로만 채찍질하지 않았으면...
2018/2/28	에스피씨그룹	100	87570	626115	1.0	1.0	1.0	1.0	1.0	0	1	서비스/고객지원	전직원	경북	 0 	False	"위생관리 꼼꼼함 주기적으로 검사 나옴"	위생관리 꼼꼼함 주기적으로 검사 나옴 다만 점주한테 일괄적으로 맡기는 부분도 많음 점주는 돈 아끼려고 갖은 수를 다씀	기업은 아니고 점주는 예고없이 잘못한 거도 없는 알바생 그냥 짜름 장사가 안되서 점주가 직접 일해야겠다 싶어서 짜르는거라면서 그 타임에 다른 알바 새로 구함 거짓말까지 해가면서	노동청에 고발할라다가 삼자대면 해야된다길래 짜증나고 시간 아까워서 참음
2018/2/3	(주)한국코퍼레이션	100	63215	616415	1.0	1.0	1.0	1.0	1.0	0	1	서비스/고객지원	전직원	서울	 1 	False	"파견이라 업무 대비 평가를 못받는곳본사직원이라면 ㅇㅋ"	본사 직원이면 호위호식 할수 있음파견직리면. 그냥 봉.	상담원 복지 없음 본사직원은 잘먹음그냥 소모품으로만 취급함	제발. 파견이라도 인정해주고 돈 받은거 그대로 돌려주시길
