date	cname	industry_id	cid	cmid	possibility	pay	balance	culture	management	recommend	expect	job_kind	current	area	helpful_count	is_best	subject	good	bad	hope
2014/6/29	스타벅스커피코리아(주)	100	70749	26104	3.0	3.0	2.0	3.0	2.0	1	1	서비스/고객지원	전직원	경기	 0 	False	"본인에게 이 악물고 이겨낼 깡다구가 있다면 승진은 시간에 맡기시길"	전 매장에 거의 동일하게 적용되는 체계적인 시스템 구조로 잦은 매장 이동에도 불구, 적응하는데 크게 어려움을 느끼지 않을 수 있음. 바리스타들을 위한 다양한 교육, 이벤트, 복지혜택 마련.	피라미드 식 인사구조라 DM(지역매니저)의 역량에 따라 그 지역 매장 점장들 및 바리스타들의 근무가 수월해질 수도, 혹은 개고생할 수도 있음. 큰 자기발전은 기대하기 어려움.	매장에 문제가 생겼을 때 눈 가리고 아웅식의 대처가 아닌 근본적인 원인을 해결할 수 있도록 노력해주시길
2014/6/29	스타벅스커피코리아(주)	100	70749	26065	4.0	4.0	3.0	4.0	4.0	1	2	서비스/고객지원	전직원	경기	 1 	False	"업계1위인 만큼, 많은 경험을 할 수 있다. 단기간 아르바이트였지만 배우고 성장할 수 있었음. 추천합니다."	복지 및 급여 시스템이 잘 되어있어서 아르바이트지만 만족스러웠다. 그리고 교육과정이 잘 마련되어 있어 재미있게 배울 수 있었다. 일도 바쁘긴 하지만 즐겁게 할 수 있다. 그리고 이쪽 분야로 성장하고 싶은 사람에겐 많은 기회가 있으니 추천하고 싶다. Reward가 굉장히 잘 마련되어 있음. 파트너간에 수평적인 조직문화도 좋았다.	직급이 올라갈 수록 업무와 삶의 균형에 있어서 조금식 밸런스가 깨지는 것을 목격하였다. 힘들어하시는 분들도 몇몇 보았다.	해피아워등 이벤트 진행할 때, 파트너들에게 충분한 보상이 주어졌으면 좋겠다.
2014/6/29	스타벅스커피코리아(주)	100	70749	26054	3.0	3.0	2.0	3.0	1.0	0	1	서비스/고객지원	전직원	서울	 0 	False	"동종업계 대비 처우는 좋으나 대한민국에서의 서비스업의 근로조건은 매우 열악함. 그점 염두하고 근무 요망.."	동종업계 대비 처우가 좋고, 스타벅스라는 회사 자체의 체계는 굉장히 좋음.	비용 줄이기를 인사비 절감으로 부터 시작하여 근무 조건이 열악함.	다른 획기적인 방법으로 비용절감을 실행하여서 근시안적인 비용절감 방법 (인사비 절감) 등으로 힘들어하는 직원들이 없도록 해주었으면 함.
2014/6/28	스타벅스커피코리아(주)	100	70749	25730	4.0	4.0	2.0	2.0	3.0	0	2	서비스/고객지원	현직원	충북	 0 	False	"커피에 열정이 있다면 추천, 근무할 매장의 분위기와 파트너들을 잘 살펴보고 지원하기 바람"	커피 브랜드 중에는 가장 성장 가능성도 크고 조건도 좋음복리후생도 좋고 승진도 빠른편	급여에 비해 업무강도가 세고, 근무 외적인 시간을 할애 할것을 강요	외국계 기업이지만 신세계와 똑같음
2014/6/27	스타벅스커피코리아(주)	100	70749	25670	4.0	3.0	3.0	4.0	4.0	1	1	서비스/고객지원	전직원		 0 	False	"커피나 외식업에 관심있는 사람이라면 한번쯤은 일해봐도 좋은 곳!"	대표적인 커피브랜드인 만큼 교육이 많고 시간이 지날수록 커피를 알아갈 수 있음. 급여는 적지만 인센티브와 보너스가 나옴. 좋은 점장을 만난다면 최상의 근무환경에서 근무할 수 있음. 지역 및 티오에 따라 다르지만 최소 2~3년정도면 점장까지 승진 가능. 물론 그에 따른 자격이 필요(교육, 면접, 자격증 등)	적은 급여, 운에 따르는 점장 및 파트너들, 매장환경에 따른 관리(2층매장청소, 유리창청소, 화장실청소, 에어컨청소 등) 회사 시스템은 매우 좋지만, 복불복에 따라서 근무환경이 달라짐.	지역매니저들이 바리스타 및 슈퍼바이저의 고충을 귀담아 들을 필요가 있다고 생각함. 점장의 부적절한 행동이 직원들의 퇴사의욕을 부추기는데 이런 고충을 마땅히 말할 데가 없음. 본사와의 연결고리가 되어 어느지점이든 즐거운 매장이 되면 더할나위없이 좋을거라 생각됨.
2014/6/24	스타벅스커피코리아(주)	100	70749	24507	3.0	3.0	3.0	3.0	3.0	1	1	서비스/고객지원	전직원		 0 	False	"처음엔박봉이다싶음"	복지제도가 잘되있고 동종업계1위라는자부심이잇음	일하는양에비해 처음엔 박봉같이느껴짐 일이힘듬 손님이많으니까	급여제도를조금만더개선했으면함
2014/6/22	스타벅스커피코리아(주)	100	70749	23878	3.0	4.0	3.0	4.0	3.0	1	2	서비스/고객지원	전직원		 2 	False	"급여가 넉넉하진않지만 여러가지 혜택, 복지가 많음즐겁게 일할수 있는 분위기"	체계적인 교육과 서비스시스템이 다른동종업계에 비해 잘되어 있음복지와 인센티브 상여금이 좋음	커피업계 최고만큼 교육적인거나 따로 투자해야 하는 시간이 많음	피크타임에 체계적인 업무가 정해졌으면 좋겠음서비스부분에 난항을 격음
2014/6/22	스타벅스커피코리아(주)	100	70749	23847	4.0	4.0	3.0	2.0	3.0	1	1	서비스/고객지원	전직원	경북	 0 	False	"매장마다 차이가 있겠지만 단순히 커피 한잔을 사는것과 일하는것은 차이가 상당하다.스타벅스에 커피에대한 상당한 관심과 애정을 올인해야 적응할수있고 일하기 수월하다."	복지 혜택이 좋은편이다. 커피 체인점으로서는 스타벅스란 명성과 자부심을 느낄수있다.	매장마다 차이는 있겠지만 명성이 스타벅스인만큼 아무래도 고객들의 수준과 기대가 어느정도 높은만큼 일을 잘 못하면 그만큼 클레임을 받기도하고 잘 못한만큼 선임들이 갈구는게 조금있다. (군대인줄알고 놀랐다) 하지만 일만 잘하면 장땡일정도로 성실도와 서비스정신, 일의 능력이 우선이다.	없음
2014/6/19	스타벅스커피코리아(주)	100	70749	23215	5.0	4.0	5.0	4.0	4.0	1	2	서비스/고객지원	현직원		 0 	False	"복지가 좋아서 재입사자가 많습니다. 급여는 동종업계에비해 높은편은 아니지만 인센티브와 복지가 잘되어있습니다."	다양한 복지와 평등한 직장내 분위기, 자기여가시간을 즐길수있음	급여가 많이 높은편은 아니지만 인센티브와 상여금이 있어 나쁘지않음	부서간의 소통이 좀더원활이 이루어져 운영에 차질이 발생하지 않았으면 합니다.
2014/6/17	스타벅스커피코리아(주)	100	70749	22486	2.0	3.0	3.0	3.0	4.0	0	1	서비스/고객지원	전직원		 0 	False	"단기간 경험으로만 좋음"	탄탄하게 시스템이 잡혀있고, 초반 시스템에만 적응하면 수월.	그만큼 개인의 성장 가능성은? 아무래도 낮지 않을까....	새로운 성장 동력을 찾아야하지 않을까 싶어요
2014/6/17	스타벅스커피코리아(주)	100	70749	22471	4.0	3.0	4.0	3.0	3.0	1	2	서비스/고객지원	현직원		 0 	False	"일이 많은 편이지만 본인에게 잘 맞는다면 즐겁게 해낼 수 있다."	복지가 좋은 편. 정말 체계적이다.스케쥴이 유동적이라는게 흠이지만 정해진 것만 하고 칼퇴한다는 것이 매우 매력적.	SM과 ASM에 의해 매장 분위기가 많이 달라진다. 만약 바리스타부터 한다면 업무량을 일반 카페 생각한면 안된다.서비스직이 본인과 안맞는다 생각되면 헬게이트.	인건비좀 올려주쇼.
2014/6/16	스타벅스커피코리아(주)	100	70749	22196	3.0	4.0	3.0	4.0	3.0	1	2	서비스/고객지원	전직원		 0 	False	"배워야할 것이 많지만 즐거움"	복지가 좋음, 편하게 일할수 있고 배울수 있음본사직원이 직접 매장에서 몇일씩 일을 해보기때문에 컴플레인이 들어왔을경우 중간에서 중재를 하려함체계적임	업무량이 많음. 점장또는 부점장에의해 분위기가 갈림아르바이트로 시작하면 상관없지만 직업으로 삼기에는 돈이 짤수 있음	인건비
2014/6/16	스타벅스커피코리아(주)	100	70749	22176	4.0	3.0	3.0	4.0	4.0	1	2	서비스/고객지원	전직원		 0 	False	"지원 전에 지원하고자 하는 매장에 며칠정도 여러 시간대에 방문하여 관찰하기를 추천. 해당 매장의 분위기나 근무환경을 짐작할 수 있음."	매장이 계속 늘고 있고 인력 부족으로 인해 승진 기회가 많음. 회사 차원에서 복지와 사원교육에 대한 배려의지가 강함. 매장 운영에 있어 불합리가 적고 규칙이 명확하며 이를 잘 지킴.	인력부족으로 인한 과도한 근무시간. 필요인력보다 약간 부족한 정도로 타이트하게 운영됨. 비는 시간대는 매니저나 점장급이 추가근무를 하여 매꾸는 경우가 많아 체력적으로 힘듬. 특히 시즌마다 바뀌는 디스플레이 등을 바꾸기 위해 혹은 마무리되지 않은 일을 처리하기 위해 퇴근시간 후 무급으로 추가근무를 해야만 매장이 돌아가는 경우도 많음.	단시간 근무 가능한 정규직군을 만들어 인력이 부족한 매장 지원.
2014/6/13	스타벅스커피코리아(주)	100	70749	21640	4.0	1.0	2.0	2.0	2.0	0	1	생산/제조	전직원		 0 	False	"전반적인 매니징을 배우기알맞은곳이나 경영방식은 신세계랑 같음"	커피제조및 매장관리 전반적인 매니징을 배울수있음	성과의 압박 및 전형적인 신세계 경영방식, 일정수준 직급이되면 더이상의 진급이 불투명함 업무량도 다소 불공정함	인건비 VS 원활한 매장운영
2014/6/12	스타벅스커피코리아(주)	100	70749	21514	3.0	5.0	2.0	2.0	4.0	1	2	경영/기획/컨설팅	현직원		 6 	False	"일이 많다 그럼에도 회사가 밉지 않다"	글로벌한 이슈 풍부함치열하고 치밀한 업무매우 안정적 입지당장 내일 모든 매장이 문을 닫아도 최소 5년은 견딜 수 있는 튼실함	일이 무자비하게 많음관리 조직 인원이 너무 슬림너무 엄격한 징벌체계	더욱 더 직원이라는 약자들을 헤아려 주시길
2014/6/12	스타벅스커피코리아(주)	100	70749	21497	4.0	3.0	2.0	4.0	3.0	1	2	생산/제조	전직원		 0 	False	"커피 업계에서 가장 가능성 있고 모든 제도가 잘되어있는 편"	업계를 선도한다는 점에서 새로운 제도 새로운 방식을 빠르게 도입함.성장가능성이 큼사내문화 진취적이고 복지및 급여는 동종에서 높은 편.	여성들이 많은 기업에서 오히려 여성 들간 경쟁이 심한 편.매출관리 압박이 있는 편매장에 따라 다르지만 업무강도가 높은 곳이면 업무 삶의 균형이 망가짐	신제품등 각종매뉴얼을 시간을 갖고 천천히 모든 직무 사람들과 함께 의논한 뒤 발표하시길 바람
2014/6/11	스타벅스커피코리아(주)	100	70749	20518	4.0	4.0	3.0	3.0	3.0	1	2	서비스/고객지원	전직원		 0 	False	"커피 업계에서는 나름 최상의 조건"	글로벌 스탠다드에 발 맞춘 직원 교육, 비교적 복지 여건이 좋음.	대기업의 프랜차이즈 횡포가 난무하는 상황에 동조되는 느낌	없음
2014/6/10	스타벅스커피코리아(주)	100	70749	19849	4.0	4.0	2.0	3.0	3.0	1	2	서비스/고객지원	현직원		 0 	False	"커피업계에선 가장 괜찮은 곳이 아닐까"	동종업계에선 이만한 복지, 이만한 교육체계, 시스템이 없을 거라고 생각함. 커피와 서비스업에 관심이 많다면 꼭 한 번쯤은 입사해 볼 만한 곳임	같은 지역에 있는 사람들은 한다리만 건너면 모두 알 수 있음. 이러한 특성과 대부분이 여자이기 때문에 소문이 많은 편임. 월급에 비해서는 업무강도가 높은 편	실무에 나와서 일하는 사람들의 고충을 조금 더 이해해 줬으면 함
2014/6/2	스타벅스커피코리아(주)	100	70749	18351	4.0	3.0	4.0	4.0	5.0	1	2	서비스/고객지원	현직원		 0 	False	"최고의 회사. 나를 반전시켜주는 회사"	확실히 노동의 강도, 책임감 있는 위치에 비해 보수는 적은 편이나 그 만큼 큰 경험을 해볼수 있음. 복지수준은 동종업계 최고수준 이라는 표현으로는 부족하고 다른 동종업계에선 받을 수 없는 복지를 누릴수 있음. 동종업계에서 유일하게 복지라는걸 제공함.	매장은 성비율이 여자가 많은 특성상 많은 가쉽과 소문이 도는 곳임. 특히 서울권이라면 이미 당신과 근무했던 직원은 당신에 대해 좋든, 나쁘든 소문내고 있다고 보면 됨. 굉장히 좁음. 한 다리만 건너면 다 아는 사람	경영진은 항상 회사가 썩은물이 되지 않도록 변화 빠르게 적응하게 도와주고 회사의 발전을 이끌어 가고있음. 과연 이런 회사가 있을까?
2014/6/27	한국맥도날드(유)	100	3616	25648	3.0	2.0	4.0	3.0	3.0	0	1	서비스/고객지원	현직원	경기	 0 	False	"패스트푸드점에서 먼저 일한 후 기업에 입사할 수 있다. 따라서 현장감있는 소비자에 대한 정보를 접할수 있으나 노동 강도는 쎄다."	장점으로는 현장에서 소비자를 직접 접하면서 서비스에 대한 기본적인 정보와 마인드를 배울 수 있다. 이를 바탕으로 본 기업 입사 후 활용할 수 있다.	단점으로는 기본적으로 패스트푸드점의 특성상 노동 강도가 쎄며 다양한 업무에 동시에 투입되기 때문에 일에 적응하는데 일정 시간이 필요하다. 복지부분에서는 식사 및 휴식과 관련하여 낮은 편이다.	보다 사원들의 복지에 힘을 쏟는다면 좋겠다
2014/6/27	한국맥도날드(유)	100	3616	25629	3.0	2.0	2.0	3.0	3.0	0	1	경영/기획/컨설팅	현직원	서울	 0 	False	"글로벌 마인드를 배울 수 있다."	출퇴근시간이 자유롭다. 3교대근무를 해야한다.	주말이나 공휴일도 근무해야함. 불규칙적인 생활	지속적인 관리가 이루어졌으면 좋겠다
2014/6/26	한국맥도날드(유)	100	3616	25172	4.0	3.0	3.0	5.0	5.0	1	2	서비스/고객지원	현직원		 1 	False	"미래는 있지만 강인한체력과 정신력이 요구되는곳"	체계적인시스템과 외국계회사의 복지를 누릴수있는곳	체력적으로, 정신적으로 강인함이 요구되는곳. 긍정적인마인드없이 버티기 힘든곳	없음
2014/6/25	한국맥도날드(유)	100	3616	24729	3.0	2.0	2.0	4.0	4.0	0	1	서비스/고객지원	현직원	서울	 0 	False	"비추...회사에 대한 비전을 따라갈수있는 긍정 마인드의 소유자만 일할수 있음"	상급자와의 커뮤니케이션 원활 젊은 층의 연령대 재미를 느낄수 있음	과도한 업무로 육체적 스트레스 있음 서비스업의 극치를 맛볼수있음	조금더 직원들을 돌아봐줄수 있었으면
2014/6/24	한국맥도날드(유)	100	3616	24490	3.0	3.0	2.0	3.0	3.0	0	1	기타	전직원	서울	 0 	False	"복지가 확실한 회사"	열심히만 하면 복리후생이 좋으며 특별한 기술이 없어도 배우면서 할수 있음가족같은 분위기, 사내정치 없음	아르바이트생들을 관리하기 힘들며 노동도 서슴치 않아야 함어린 아르바이트 생이 많아 일에 변수가 많음	체계적인 시스템이 갖쳐줘서 알바생들 관리 잘 할수 있게
2014/6/21	한국맥도날드(유)	100	3616	23610	2.0	2.0	2.0	4.0	4.0	0	1	서비스/고객지원	전직원		 0 	False	"재미는 넘침"	일단 분위기 자체가 에너지 넘치고 평균연령대가 낮아서 재미있음.	비젼이 없음.나와서 할수있는게 없다는게 단점	월급 좀 많이 주세요.
2014/6/18	한국맥도날드(유)	100	3616	22923	4.0	3.0	3.0	4.0	4.0	1	2	영업/제휴	전직원		 0 	False	"좋은동료들과 매니져들의 책임감이 좋음해외회사다보니 돈에대해 쪼잔하게굴지않음"	지점마다 다르겠지만 매니저들의 책임의식이 좋음알바들과는 다르게 정직원근무시 혜택이 많음	너무 자주바뀌는 알바 사이클업무에 적응할때쯤이면 사라지는 알바	맥도날드맛있어요
2014/6/12	한국맥도날드(유)	100	3616	21458	3.0	1.0	1.0	2.0	2.0	0	1	서비스/고객지원	현직원		 0 	False	"서비스업의 어려움을 제대로 느껴 볼 수 있다."	많은사람들과의 만남으로 인적네트워크 형성	서비스업중에 단연 최고 힘들다고 생각한다 . 주간 , 야간 , 심야 교대근무로 패턴 불균형과 주말에도 로테이션에 들어감 .	기업문화의 변화 요망
2014/6/11	한국맥도날드(유)	100	3616	20369	1.0	3.0	1.0	2.0	2.0	0	1	서비스/고객지원	전직원		 1 	False	"매장관리직은 영업부서로서 매장의 모든 관리와 서비스업무를 한다. 타 회사의 비슷한 직종에 비해 많은 페이를 받지만 그만큼 힘들고 직원의 복지에 대해선 아르바이트생보다 못하다. 서비스직을 하고 싶고 체계적인 업무를 배우고 싶다면 조금이나마 추천!"	연,월차 사용의 자유로움이 있고 평일에 쉴수 있는 장점! 젊은 알바생들과의 근무로 활기차다	비합리적인 승진제도와 직원의 복지는 보장된게 별로 없음.. 어느 매장으로 발령나느냐도 전혀 공평성이 없어 불합리한것이 많음. 연장근무는 늘상 있는 일	이익을 내기위해 수단과 방법을 가리지 않고 시행함. 직원들의 복지와 만족에 더 신경써야하고 영업부서의 직원들은 일개미가 아님
2014/6/11	한국맥도날드(유)	100	3616	20030	3.0	2.0	2.0	4.0	3.0	1	2	서비스/고객지원	전직원		 0 	False	"서비스분야에서성장하고싶은분들에게추천다양한불만고객응대노하우습득가능철저하게개인성과로평가되므로기회균등여성에게안정적인고용보장육체적으로강인함요구됨"	육체노동이므로다양한액티비티를통한친목도모개인성과로합리적인인센티브	개인시간부족함매출에대한부담감알바컨트롤어려움	매장에특성고려한신상필벌
2014/6/9	한국맥도날드(유)	100	3616	19647	3.0	3.0	3.0	4.0	4.0	1	2	서비스/고객지원	현직원		 0 	False	"앞으로 발전될 가능성이 더욱많음. 향후 매장오픈 계획이 엄청나므로 승진이 빨리될 가능성 이 높음"	전반적으로 외국계기업문화가 있음정직원은 복지가 남들이생각하는것보다 좋음	그러나 매장(현장) 에서는 고생을 감수해야함직급이 높으면매출 스트레스 낮으면 낮은대로의 스트레스가있음	신입사원 교육체계를 조금더 정확하게 만들었으면좋겠음
2014/6/3	한국맥도날드(유)	100	3616	18514	3.0	3.0	2.0	3.0	2.0	0	2	서비스/고객지원	현직원		 0 	False	"밝고 긍정적이며 여러 사람들과 어울리는걸 좋아하면 추천"	패스트 푸드 업계 1위답게 체계적인 시스템사람 관리, 손익 관리를 배울수 있음본인 욕심만 있으면 진급도 빠름	회사의 결과 달성을 위한 압박이 심함고위급 상사 방문이 많은 매장은 주구장창 청소만 해야함휴일 보장이 잘 안됨/올라갈수록 힘듬연장이 많으나 연장수당이 따로 없음	100%휴일/휴가/업무시간 보장만 되면 괜찮은 회사..
2014/6/29	(주)하나투어	100	49174	25895	4.0	1.0	4.0	4.0	4.0	1	2	전문직	전직원	서울	 4 	False	"성장산업에 있는 인지도 높은 기업이지만, 급여를 크게 보는 편이라면 다시 생각해 보는 것이 좋다. 허나, 그렇지 않다면 정말 재미있게 다닐 수 있는 기업.또한, 스스로 여행업에 있어, 전문적인 지식을 체득하고 싶다면, 황금같은 기회."	가능한 사원의 편의를 봐주려고 노력하는 모습이 보이는 스마트워킹제도.(시차출근, 육아휴직 등...)회사 인지도가 매우 높다는 측면에서, 자부심을 가질 수 있음.여성의 입장에서 정말 다니기 좋은 환경.투명하고 공정한 기업이 될 수 있도록 매우 노력하는 자세가 느껴지며,정년을 보장받을 수 있다. (잡쉐어링 도입)여행에 관심이 있다면, 정말 여행에 대해 많은것을 배울 수 있음.(부서에 따라, 전혀 다른 업무를 하기때문에, 불가능 한 경우도 있음.)출장기회가 많아서, 해외로 자주 갈 수 있음. (인스펙션, 인솔자 등..)사내 분위기가 상당히 좋음. 성장산업 업종으로써, 회사의 성장률이 무궁무진함.(호텔오픈을 시작으로, 기타 문화관련 컨텐츠에 많은 투자중.)상당히 발전된 IT 기술 사용으로, 타 여행사에 비해 업무가 매우 수월함.친인척들에게 비교적 저렴한 비용으로 여행을 보내드릴 수 있음.	단점을 하나만 뽑으라고 하면, 역시 업무에 비해 상당히 낮은 급여. (성과급 역시 운에 맡겨야 함) 초봉을 보고, 혹은 처음 업무를 해보고 자신이 생각했던 업무내용과 크게 달라, 퇴사를 하거나 이직을 하는 등, 퇴사/이직률이 상당히 높음.여행상품을 직접 만들어보고 싶은 꿈에 부풀어 입사하지만,그런 상황은 거의 존재하지 않으며, 기존의 상품관리만 꾸준히 하게 될 것.매스컴에 나오는 모든 세계정서에 영향을 너무나 크게 받는 업종.(심지어 대부분 악재인 경우가 많음.)부서에 따라, 극심한 스트레스를 받는 경우도 많음.사람이 정말 많기 때문에, 대인관계 관리에 있어서도, 역시 신경써야함.(지속적으로 협업을 해야하는 사람과 트러블 발생시, 매우 곤란함.)	사람이 재산인 여행업에서, 사원들이 만족할 만한 연봉이 인상이 이루어진다면업무에 있어, 더욱 큰 동기 부여가 될 것이라고 생각.
2014/6/28	(주)하나투어	100	49174	25818	3.0	2.0	3.0	3.0	3.0	0	2	기타	현직원		 0 	False	"여행업이지만 부서의 숫자가 정말많고 서로 하는게 완전히 다름, 회사에 들어와서 내가 왜 이런일을 하나 자괴감이 들 가능성이 크지만 몇몇 부서는 경력과 자기개발에 아주 유리한 곳도 있음"	여행가기가 용이하고 지인에게 소개하기도 좋음. 사원수가 많기 때문에 다양한 동아리활동이 가능하고 사내 문화가 강압적이지 않음. 특히 여성은 일하기가 아주 편함	연봉이 낮음. 업계특성상 시장과 경제의 영향을 많이 받기 때문에 갑작스러운 업무의 발생과 야근도 많이함.	직원들의 교육에 조금 더 신경을 썼으면 좋겠음. 더불어 연봉 인상까지
2014/6/25	(주)하나투어	100	49174	24964	2.0	2.0	5.0	3.0	4.0	0	2	서비스/고객지원	현직원		 1 	False	"여행하기 좋아하는 것과 여행사에 다니는 것은 다름"	여행업에 뜻이 있다면 역시 하나투어칼퇴. 업무강도 세지않음 자유로운 사내문화출장 기회가 많음....여행싸게 다닐수있음......	용돈벌이의외로 보수적인 조직문화복지가 좋지않음	용돈인상
2014/6/24	(주)하나투어	100	49174	24452	4.0	2.0	3.0	3.0	2.0	0	1	서비스/고객지원	전직원	서울	 0 	False	"젊을때 다니기 좋음."	업무강도 높지 않은편, 여직원들에겐 천국, 정년보장, 해외출장..........	생각보다 보수적인 내부구조, 높지않은 연봉과 좋지않은 복지...........	심시티는 그만
2014/6/22	(주)하나투어	100	49174	23997	3.0	2.0	4.0	4.0	3.0	1	2	기타	현직원		 0 	False	"급격하게 변화하는 여행시장에서 확고한 자리매김이 필요함."	회사 자체가 젊고 좋은방향으로 나아가려는 변화가 있음.	각 부서마다의 전문성 결여. 직원들의 개인적인 발전을 도와줘야 된다고 생각함.	판매체계가 btob라는 틀을 벗어나 다양한관점으로 변화가 필요하다고 생각됨.
2014/6/20	(주)하나투어	100	49174	23554	2.0	1.0	4.0	3.0	2.0	0	2	경영/기획/컨설팅	현직원		 0 	False	"그냥 회사업종이 여행업일뿐 그 이상을 기대하지말것연봉인상율은 기대하지 말것마이너스 연봉도 존재함"	개인생활은 즐길수 있음. 여직원복지는 잘되어있음. 육아휴직은 거의 안정화됨.	자기계발 기대하지말것쳇바퀴돌듯 같은업무그냥 단순회사생활에 좋음	바라는점없음
2014/6/19	(주)하나투어	100	49174	23286	2.0	2.0	3.0	3.0	2.0	0	1	서비스/고객지원	전직원		 0 	False	"기업의이미지만보고.여행이좋아서지원한다면 적극말리고싶음. 앞으로의비전은없어보이는회사"	여성이다니기좋은회사. 출산휴가및유연근무제.재택근무활성화시키려고노력중	고졸.초대졸과 대졸사원간의 보이지않는벽망할것같지는않지만더이상크게성장할가능성이낮아보임.주류사업인패키지여행상품의한계.하는일에비해낮은연봉.	연봉 상승.
2014/6/16	(주)하나투어	100	49174	22373	4.0	2.0	4.0	4.0	3.0	1	2	경영/기획/컨설팅	전직원		 0 	False	"여성들이 조직문화로 인해 스트레스 받지 않고 일할 수 있는 곳"	여자들이 다니기 좋은회사일단 회사가 여초, 상사분들도 여성을 존중해주는 분위기자유로운 회사 분위기다들 여행을 좋아하는 사람들이라 휴가나 여행에대해서너그러운 마음	낮은 연봉 ㅠㅠ 다니시는 분들도 우리회사 정말좋아 단지 돈만조금 더주면 좋겠어 라고 말씀하십니다	업계최고 여행사인데 월급 좀 어떻게 안될까요
2014/6/11	(주)하나투어	100	49174	20947	3.0	2.0	4.0	3.0	3.0	0	1	경영/기획/컨설팅	현직원		 1 	False	"큰 욕심 없이 편하게 회사 다니고 싶은 사람들에게 추천"	결혼한 여성들이 다니기 좋은 회사. 야근에서 자유로우며 유연 근무가 가능함.	급여가 낮으므로 원래 여행업에 관심이 없던 사람이라면 비추천	인력관리를 통해 급여를 높인다면 충분히 매력적인 회사가 될 듯
2014/6/11	(주)하나투어	100	49174	20428	3.0	2.0	3.0	3.0	2.0	1	1	영업/제휴	전직원		 0 	False	"여행업의  선두기업으로 대한민국에서 여행사에 취업하고 싶다면 가장 최고인곳"	여행업의 선두그룹으로 인지도나 규모의 차원에서 독보적인 회사임	짧은 기간동안 급 성장하여 시스템적으로 미비한 부분이 많았고 운영진의  경직성이  문제였음	퇴사한 회사이지만 지속적인 성장을 기원합니다
2014/6/10	(주)하나투어	100	49174	19811	3.0	2.0	3.0	3.0	2.0	0	1	영업/제휴	전직원		 0 	False	"여행이 좋은것과 여행사에 다니는 것은 다름"	업계 1위 , 나쁘지 않은 사내 분위기 , 야근이 적은 편	다소 올드하고 정체된 분위기. 자유여행이 활성화 되는 현재 여행업 동향을 효율적으로 좇지 못하고 있음.	여행업은 사람에 대한 이해와 배려가 기본이 되어야하나 직원들에 대한 이해부터 부족한 것 같음
2014/6/1	(주)하나투어	100	49174	18189	4.0	1.0	4.0	4.0	3.0	0	2	경영/기획/컨설팅	현직원		 1 	False	"여행업계의 선두주자로서 여행업의 꿈이 있는 지원자라면 도전해볼만하다. 단 하나투어만의 문제가 아닌 여행업 전반적인 특성상 복지 및 급여 측면에서는 큰 기대하지 않는것이 좋다. 여행이 좋아서 지원하는 사람은 고민해보셔야 할 듯. 단 업무 분위기나 사람끼리의 관계는 만족!"	자유로운 분위기여성이 일하기 좋은 기업 해외 출장기회 빈번자기개발 시간 많음업무강도 적음	낮은 연봉과 복지로 우수인력의 이탈이 잦은편임.	내부직원에 대한 복지와 급여 만족도 높여야 우수인력 이탈을 막을 수 있다.
2014/6/1	(주)하나투어	100	49174	18168	3.0	3.0	4.0	2.0	2.0	0	1	IT/인터넷	현직원		 1 	False	"여행이 좋다면 하나투어에 오지마라"	복지가 좋음. 해외출장도 있고 할인여행의 기회도 옴.	진취적인 도전의식 결여. 패키지의 한계	자회사에 신경 좀 써줬으면 좋겠음
2014/6/17	롯데지알에스(주) 롯데리아	100	78632	22584	3.0	3.0	2.0	3.0	2.0	0	1	기타	현직원		 3 	False	"프렌차이즈 업계에 관심이 있다면 추천"	주5일 근무로 평일에 쉴수 있다는 장점이 있지만 그것이 단점이기도 함.	업무특성상 현장직이라 근무가 시프트로 운영되어 한달치의 근무가 나옴. 그래서 갑작스러운 월차 연차 등을 쓸 수 없다. 근무의 흐름 변화가 심하여 바이오리듬이 깨짐.	매출과 손익에만 신경쓸 것이 아니라 내부의 문제점을 파악해야 한다.
2014/6/11	롯데지알에스(주) 롯데리아	100	78632	20217	3.0	2.0	2.0	2.0	2.0	0	1	경영/기획/컨설팅	현직원		 1 	False	"일단, 안정적인직장입니다. 프렌차이즈업계를 공부하기엔 적합할것입니다."	국내 순위권의프렌차이즈기업.  외식업을 배울수잇고 안정적인직장임	사내문화가 경직적이며 급여 및 복지가 만족스럽진않습니다  야근및주말근무가 많을수있으며 삶의 여가를 추구하기엔 안좋은환경입니다	복지나 급여를 개선해주시거나 불필요한 보고체계 회의 등을 자제하였으면합니다
2014/6/3	롯데지알에스(주) 롯데리아	100	78632	18641	3.0	2.0	3.0	2.0	3.0	1	2	서비스/고객지원	전직원		 0 	False	"서비스직에서 일하고 싶다면 한번쯤은 생각해 볼만한 곳 그러나 오래 있겠다면 신중하게 선택해야 함다른 서비스직종과의 비교를 통해 자신의 확고한 의지가 있을 때 오래 갈 수 있을 것"	대기업이라는 만족감과 체계화된 프랜차이즈 시스템에 대해 확실히 느낄 수 있음 명성이 괜히 나온 것이 아님현장에서 많은 것을 느낄 수 있고 경험적으로 도움	보수적인 기업문화 가끔 군대식이라는 느낌을 지울 수 없음 이런 문화에 거부감을 느낀다면 추천하지 않음업무강도는 개인 편차가 존재하나 복리후생이 좋은 편은 아니라는 점을 알아둘 것	직원복지를 통한 인사관리에 좀 더 신경을 써주었으면 하는 바람 새로운 인력을 끌어들이는것 보다 기존의 인력이 왜 이탈하는지 다시 한 번 생각해 볼 시점
2014/6/23	(주)세스코	100	71990	24109	2.0	1.0	2.0	2.0	1.0	0	None	서비스/고객지원	전직원	서울	 5 	False	"미래를 잘 설계하고 싶다면 조심히 다른 회사를 추천한다. 급한 마음에 들어오면 백이면 백 다 후회해서 나간다."	약간의 자유로움과 강압의 문화 밸런스가 좋음. 개인시간활용이 용이.	열악한 인사, 급여, 복지제도. 외국계 선두 기업들의 국내진출로 미래가 불투명함.특히 캐시 플로우 접점의 현장직원들과 스탭직원들의 GAP이 큰편이라 직원들의 이직이 많은. 비상장 세습경영으로 경영건전성을 내부적으로 우려하는 시선이 많음	빠르게 상장기업이 되어 경영을 투명하게 했으면 하고, 직원들을 먼저 생각하는 기업이 되길 바랍니다.
2014/6/21	(주)세스코	100	71990	23747	2.0	1.0	2.0	3.0	1.0	0	2	서비스/고객지원	현직원		 1 	False	"미래가 밝지는 않지만 서비스컨설턴트의 경우 외근응 많이 하여 시간 활용의 탄력적."	탄력적 시간사용. 여러 사람 만남 가능.	낮은 연봉. 올라가지 않는 연봉. 추가수당 없는 오직 연봉.  사원을 소모품 처럼 사용.	아무나 팀장, 본부 팀장이 되어 업무를 방해 하는 요소가 생김
2014/6/23	씨제이푸드빌(주)	100	23183	24265	4.0	4.0	1.0	3.0	3.0	1	2	서비스/고객지원	현직원		 0 	False	"일단 회사이미지가  좋고 복지도좋지만그  모든걸누리지는 못하는것..한마디로보여주기식의  홍보라는  느낌을받음특히 푸드빌근무하면  점포생활할때가  있는데정신적,체력적으로  힘듬"	자부심,다양한  할인혜택, 많은성장기회	일에비해  낮은연봉복지혜택은  좋으나  잘못씀푸드빌은 인사이동이  잦음	연봉좀인상시켜주시오..
2014/6/9	씨제이푸드빌(주)	100	23183	19516	3.0	3.0	2.0	3.0	3.0	0	1	경영/기획/컨설팅	현직원		 1 	False	"외식업에 대한 꿈을 가지고 있는 사람이라면 지원해보세요"	그룹사에 속해 있어서 다른 유사 업종의 업체 대비 좋은 복지 상황을 보여줌	기업 규모가 크다보니 의사결정의 속도가 빠르지 못한 면이 있음보수적인 조직문화 존재	효율적인 기업 포트폴리오작성으로 사업의 청사진을 확고하게 그려나갔으면
2014/6/22	유베이스(주)	100	87279	23870	3.0	4.0	4.0	5.0	5.0	0	2	영업/제휴	현직원		 0 	False	"오래 다닐 마음으로 지원하는게 좋습니다"	오래 버티면 급여면에서 많이 좋아짐사내 시설이 환상적임사내 복지도 나쁘지 않은편출근복이 대체적으로 자유로운 편연공서열과 관계없는 승진제도	처음에는 급여가 낮은편업무적 스트레스도 상당근무시간 내 휴식시간이 비자유적금연회사라서 흡연자는 여러모로 사내생활 불리	분연권이 보장되는 회사였으면 좋겠습니다
2014/6/18	유베이스(주)	100	87279	22793	4.0	2.0	3.0	4.0	3.0	1	2	교육	현직원		 0 	False	"상담사라면 오래 버티는게 답 관리자라면 경력쌓아서 이직이 답 아니면 버티시든가"	국내1위 컨택기업 90퍼센트가 넘는 정규직. 합리적인 인사제도	업무강도 대비 급여수준 낮음. 기업문화 강요.	관리직에대한 대우향상 필요
2014/6/10	유베이스(주)	100	87279	19907	3.0	2.0	2.0	3.0	2.0	0	1	IT/인터넷	전직원		 0 	False	"콜센터 아웃소싱 업계 상위 권으로 대기업으로 분류됨"	대기업 답게 복지 등에서는 깔끔함(여성분의 경우 육아휴직이나 복직)4년제 졸업자의 경우 특별한 일이 없으면 4년마다 진급이 이루어짐	이직율이 매우 높음, 평균근속 2년정도 업무 스트레스 매우 높음,조금 친해진말하면 담당자 바뀜, 익숙해지면 오래 다닐수 있음(이직률이 높은 회사니 알아서 생각 해보시는게)	직원을 회사의 부속이 아닌 함께 나아가는 사람이라 생각하며 조금더 챙겨 줬으면 하는 바람이 있음
2014/6/21	아워홈(주)	100	68269	23682	2.0	2.0	4.0	4.0	2.0	1	2	유통/무역	전직원		 0 	False	"동종업계중 식품제조와 식재유통, 급식, 외식사업 다 같이하는 종합식품 회사로.. 식품 및 유통업계를 경험하고 싶다면 추천. (다만 업계특성상 낮은 연봉감안)"	탄탄한 재무구조로 안정적임. 잘 갖춰져있는 내부시스템. 비교적 칼퇴문화(단 법적근로시간보다 1시간 더근무하고 수당포함되있음) 유하고 좋은 사내 구성원. 출산,육아휴직 후 복귀가능. 여자가 다니기 좋은 회사.	짧은 근속년수. 보수적인 사내문화. 보고문화. 타사대비 낮은 직원복지수준. 진급에 따른 보상보다 책임부여가 많음. 차장급이상을 손에 꼽을수있음.	회사에 대한 로열티는 직원우대에서 나온다
2014/6/17	아워홈(주)	100	68269	22515	4.0	2.0	4.0	2.0	2.0	1	2	경영/기획/컨설팅	현직원		 0 	False	"다양하고 새로운 업무경험을 쌓고 싶은 분에게 강추합니다!"	따뜻하고 배려있는 회사입니다.경기가 부진하다고 해서 불안하지 않아도 되는 튼튼한 회사입니다.교육시스템이 워낙 좋아서 역량개발하는데는 최고입니다.	재직인원이 너무 많아 이익을 공유하는데 금액이 그리 크지 않습니다.식품기업 특징 중 하나인 급여 및 복리후생 수준이 평범합니다.	이기적이지 않은 모습앞과 뒤가 같은 모습솔선수범하는 모습(어느 회사나 그렇겠지만요 ^^)
2014/6/17	아워홈(주)	100	68269	22500	4.0	3.0	4.0	4.0	3.0	1	2	경영/기획/컨설팅	현직원		 1 	False	"식품업계에 관심이 있다면 지원후 후회하지 않을 회사 입니다."	건전한 조직문화와 재무상태가 튼튼한 회사입니다.	식품이라는 업태와 LG 그룹사 영향으로 보수적인 성향이 있습니다.	신사업에 보다 적극적인 투자를!
2014/6/5	아워홈(주)	100	68269	19065	2.0	2.0	4.0	3.0	3.0	0	1	경영/기획/컨설팅	전직원		 0 	False	"직장 생활에 큰 기대를 하지 않는다면 무난한 곳직원보다 회사가 우선하는 가치"	LG 방계회사 치고는 시스템 및 업무의 프로세스가 구조화가 그런대로 갖춰짐식품 관련 전공자가 다른 회사보다 필요한 직장으로 나름 기회가 있음	신사업(식품)의 방향성 및 손익 악화,조직문화 - 보수적, 경직된 분위기, 상명하복 스타일, 변화에 대한 낮은 수용도,                  외부문화 수용도 낮음	융화되는 조직문화로 개선, 커뮤니케이션 강화, 지속적 경영 추진
2014/6/26	아웃백스테이크하우스코리아(유)	100	86465	25363	4.0	1.0	1.0	2.0	1.0	0	1	서비스/고객지원	전직원		 0 	False	"버틸 수 있다면 박수를 보내겠지만 버티지 못한다 해도 당신이 끈기가 없는 사람은 아닐겁니다. 매장마다 분위기가 다르고 사람마다 다르게 대우해주기 때문이지요."	체력을 키울수 있고 나의 한계를 확인할 수 있고 나를 컨트롤 하는 방법과 동시에 사람에 대한 예의가 무엇인가 깊이 생각해볼 수 있게 한다.	불규칙적인 스케줄에 사람마다 다른 대우, 밖에서는 한번도 당하지 않았던 대우까지 경험할 수 있는.	스케줄이 정해졌으면 지켜주셨으면 합니다.
2014/6/18	아웃백스테이크하우스코리아(유)	100	86465	22892	2.0	2.0	2.0	2.0	1.0	0	1	서비스/고객지원	전직원		 0 	True	"젊은 나이에 한번쯤 해볼만한 알바"	아웃백음식을 저렴하게 먹을수있음체력이늘어남	체력적으로 힘듬스케쥴 제멋대로남들쉴때 일함	점주마다 다르지만 점주가 욕심이많으면 아래 알바들 죽어남
2014/6/18	아웃백스테이크하우스코리아(유)	100	86465	22703	4.0	2.0	1.0	3.0	1.0	0	1	서비스/고객지원	전직원		 0 	False	"과거의 영광은 꽤 퇴색했음외식업에 대해 배우기에는 좋음다만 근무여건이 외식업 중에서도 힘듦매장의 점주나 매니저의 실력에 따라 배울 수 있는기회나 수준이 달라짐"	모기업이 미국이다보니 비교적 수평적인 분위기체계적인 교육시스템	과거 대비 퀄리티가 떨어짐경영하기에 최상의 시스템근로자에게는 그닥	아웃백의 프라이드에 걸맞는 푸드&서비스 퀄리티 유지좋은 신념과 원칙을 지켜나가길
2014/6/8	아웃백스테이크하우스코리아(유)	100	86465	19441	2.0	1.0	2.0	4.0	2.0	1	1	서비스/고객지원	전직원		 0 	False	"음식점에서 직원 밥을 너무 쓰레기같이줌"	서비스마인드를 배울 매우 좋은 직장개인적으로 일반적인 패밀리레스토랑 중 서비스 만족도 상급	밥이너무부실함인건비줄이려고 손님없으면 일찍퇴근시키기도.시급제인경우 적은 급여	직원 식사를 더 신경써야할 듯.직원복지가 너무 부족.
2014/6/21	(주)커피빈코리아	100	53841	23736	2.0	1.0	4.0	1.0	1.0	0	None	서비스/고객지원	전직원	대전	 0 	False	"시스템의 부실에 대한 경험을 얻었다"	근무 여건은 견딜만 하다. 나름 즐거운 생활.	급여가 적은 편, 중간 매니저가 능력이 없다. 매장 관리 및 기업 성장에 도움이 되지 않는 시스템. 효과적으로 굴러가야하는데, 낙하산으로 들어온 중간 매니저로 인한 스트레스가 지나치다	중간 매니저 인성 및 역할 관련 교육 강화. 이대로면 다른 기업에 교육한 바리스타를  제공하는 착한 기업이 될 듯 하다.
2014/6/21	(주)커피빈코리아	100	53841	23679	2.0	1.0	2.0	3.0	3.0	0	1	전문직	전직원	서울	 0 	False	"유명한 기업이지만 실상은 잘모르겠음"	일 자체는 흥미와 재미를 느낄 수 있음	업무 강도에 비해서 너무 적은 급여와 복지	승진 기회를 구체적이고 체계적으로 늘려줄 것
2014/6/27	(주)호텔신라	100	47377	25514	1.0	1.0	1.0	1.0	1.0	0	None	유통/무역	전직원	서울	 1 	False	"국내 1위 업체이지만 1위의 대접을 기대하면 안됨"	삼성그룹사이므로 일부 혜택을 받을 수 있다. 1위 호텔인 만큼 프라이드가 강하며 체계화된 관리 능력을 키울 수 있다.	야근과 회식의 다반사, 오너으 말 한마디에 모든게 다 틀어지기 쉽상. 직원들에 대한 배려가 부족하고 일부 능력없는 조직장들이 문화를 망치고있다.	직원들의 삶을 존중해 주시고 가지치기가 아닌 썩은 뿌리를 솎아내야합니다.
2014/6/25	(주)호텔신라	100	47377	25069	3.0	4.0	2.0	3.0	3.0	1	2	서비스/고객지원	현직원	제주	 0 	False	"동종 업계 중 상위권 연봉을 받을 수 있다. 하지만 승진하기는 쉽지 않다."	한국 1위 기업의 자부심을 느낄 수 있음그리고 동종 업계중 가장 체계가 잘 갖추어져 있다	모든 한국의 기업이 그렇겠지만 특히 서비스업은 여자일수록 나이가 많을수록 신입으로 들어갔을 때 적응하기 힘들다승진해서 정직원이 되기까지 치열한 경쟁을 거쳐야함.처음 들어가서 인턴하기는 쉬운데 정직원되기는 힘듬.	일과 휴식이 균형이 맞을 수 있었으면 좋겠습니다.
2014/6/22	(주)호텔신라	100	47377	23793	4.0	2.0	4.0	4.0	2.0	0	2	경영/기획/컨설팅	현직원		 0 	False	"안정적이며 새내기로서는 빠른시간 내 많은 것을 배울 수있는 직장. 사업부별로 문화와 분위기가 매우 상이함."	삶의 밸런스적인 측면에선 삼성 계열사 기준으로 우수한 편. 대체적으로 사람들은 좋은 편임.	대기업치고 복리후생이 매우 열악함. 월급만 받아간다고 보면 됌.	다방면적인 프로젝트 추진보단 선택과 집중을 통한 사업활동 필요
2014/6/18	(주)호텔신라	100	47377	22730	2.0	3.0	2.0	4.0	4.0	0	1	경영/기획/컨설팅	현직원		 0 	False	"안정적으로 보이나 내부사정도 그러한지는 잘..."	사람들은 좋다. 네임벨류도 나름 괜찮은편인듯. 초봉기준 연봉도 적당함	연봉상승률은 영.. 기업문화가 소극적이고 정체되어있으면 면세 호텔 사업부간 분위기가 너무 다름	보수적이소 소극적인 기업문화
2014/6/17	(주)호텔신라	100	47377	22658	2.0	1.0	3.0	1.0	2.0	0	1	서비스/고객지원	전직원		 1 	False	"빛 좋은 개살구. 딱 그 정도의 회사"	품격있는 서비스와 그에 대한 자부심을 가지고 일할 수 있음기본적으로 인력을 많이 뽑아 쓰는 회사이므로감정적 노동자인 서비스직이면서 체력적인 소모도 큰몇몇 업장 같은 경우 체력적으로 크게 힘든 일은 없음	수직적인 사내 문화부하직원에게 인격모독적인 욕을 하는 직원 및 매니저	지배인부터 매니저들은 인성교육을 다시 받아야 할듯
2014/6/12	(주)호텔신라	100	47377	21492	4.0	3.0	4.0	4.0	3.0	1	1	IT/인터넷	전직원		 0 	False	"조직은 어디에 속해있건 Attitude가 가장 중요한 것 같습니다.결국 그 조직과 이별하더라도 좋은 기억을 남기는 것은 필수입니다."	어찌됐건 삼성그룹사라 나름 눈이 높아서 맨파워 훌륭. 옆에서 선임이 전화받는 멘트만 들어나도 쑥쑥 자라는 느낌이 들었다.담당 업무가 약간 특수했고, 사람이 부족해서 연차 대비 다양하고, 큰 경험들을 쌓을 기회를 많이 받았었음.예상보다 훨씬 자유롭고 열린 분위기, 남녀차별도 없었고,능력있고, 엘리트 의식도 높지 않은 겸손한 선배, 동기, 후배들이 많아서개인적으로 가장 발전을 많이한 시기였음.	바뀐 인사제도가 연봉, 승진 등에서 사원들에게 하나 좋을 것 없다고 함.복리후생이라고 받은게 없음. 아.. 호텔 빵집 25% 할인?-_-;PS는 기대하지 말 것.오너 계열사라 요즘 시기적으로 매우 예민한 것 같음.	회사 분리, 원가절감만 생각하지 말고,제발 내부 직원들 좀 보듬기를..
2014/6/10	(주)호텔신라	100	47377	19856	3.0	3.0	3.0	3.0	3.0	0	1	경영/기획/컨설팅	현직원		 1 	False	"삼성 스타일의 관료적인 유통업계"	관광객 증가로 면세업계 호황 지속남녀 비율 나쁘지않음적당히 자유롭고 개인주의적인 회사문화	상하관계 명확하고 위계적이고 관리적임야근은 적으나 업무량 및 업무부담이 큼보수가 적고 복지혜택이 없음	지나치게 과도한 관리적 시스템 개발보다는 현 시스템의 효율성 증대에 초점을 맞춰야. 위계적이고 관리적인 기업문화 개선 필요.
2014/6/9	(주)호텔신라	100	47377	19556	3.0	1.0	3.0	3.0	4.0	0	1	경영/기획/컨설팅	전직원		 2 	False	"역시나 삼성그룹에 호텔 No.1, 정년 보장, 그러나 다른 삼성계열사와 비교하면 마음만 상함"	호텔업계 No.1 다운 자존심과 그만한 업계 내 입지가 있는 회사, 그리고 그만한 대우(급여, 복리후생)을 받는 회사, 공격적인 면세 확장으로 성과도 좋은 면세사업부.	삼성이지만 삼성이 아닌 회사. 호텔다운 정장과 타이를 고집하여 그룹 내 유일하게 비즈니스 캐주얼이 아닌 회사. 창의적이지 못한 업무와 그에 익숙한 관리자, 그러나 이를 요구하는 관리자. 업계 내 대우가 좋은 편이라지만 그래도 삼성 내에선 하위권.	CEO의 더 강한 Drive가 필요.
2014/6/22	트랜스코스모스코리아(주)	100	51105	23791	2.0	4.0	4.0	4.0	2.0	1	1	영업/제휴	전직원	서울	 0 	False	"단기 지원이라면 놓치지 마세요."	비교적 업무량이 많지 않은 편, 사내 분위기도 괜찮음. 단기지원의 경우 업무보다 훨씬 많은 급여를 가져가는 프로젝트가 있으니 노려볼만함. 승진 기회가 많은 편.	프로모션은 자주 있으나 큰 기대는 하지 말 것. 비품 지원이 되지 않음. 교육이 많음.	관리직 직원들의 복지에 조금 더 신경써주셨으면..
2014/6/19	트랜스코스모스코리아(주)	100	51105	23214	3.0	3.0	4.0	3.0	2.0	0	1	영업/제휴	전직원		 0 	False	"출퇴가정확함으로 자기발전을할수있는기회가 많음  영업적인  스크립트 를외우며 영업마인드를 가질수잇음"	하는만큼 벌어감 퇴근이좀늦더라도 업무에 애착을가지면 충분히 고액 월급을 가져감	영업부는 어딜가나그렇지만 위에서 영업실적에대해 불평을하는게심하고 상관에대해 스트레스가 심함	사원입장에서 다시한번 생각을 햇으면좋겟고  사원중에서 차별대우하는것을 고쳐야함
2014/6/17	트랜스코스모스코리아(주)	100	51105	22632	3.0	2.0	3.0	2.0	2.0	0	1	영업/제휴	전직원		 0 	False	"아웃소싱 일을 하는회사 이직율이 상당홈 콜센터같은경우 주 오일 칼퇴지만 고객응대 하는데에 있어서 영업이나 고객대응을 연습하는데 좋은기회일수도 있음"	칼퇴근에 능력에따라 받는 보수 콜센터영업특성상 하루종일 전화를 받음과 함으로써 다양한상황의 고객응대 및 대처 그리고 영업을 하게됨 거의 개인이 하는일이라다 보니까 경영진이나 수직적관계에 있어 트러블이거의없음	이직율이 굉장히높다 그만큼 스트레스가 크고 일에 대해 권태감이 자주옴	경영진은 실제로 콜마케터에게 항의하는 블랙컨슈머나 비정상적인 소비자에게 약간의 책임을 떠맡기는 경우가 있음 진상고객을 상대함에 있어 상급자 호출에 대해서는 자기일이 아닐때는 무사안일주의가 굉장히심함
2014/6/8	트랜스코스모스코리아(주)	100	51105	19507	2.0	2.0	3.0	2.0	1.0	0	2	영업/제휴	전직원		 1 	False	"단기로 다니거나 욕심없이 다닐거면 좋으나 별 수 없는 TM 회사."	단기 근무 ( 계약직 근무)에 대해 관대하여 잠깐 일하기에 괜찮다.나이대가 높은 여성의 경우도 일자리의 가능성이 있다.TM근무의 특성상 육체적 피로도가 적다.	우선 달성하기 힘든 보너스 제도로 인해 보너스 받기가 힘든데다가그 보너스를 받지 못하는 사람에게 연속적으로 실적을 강요.직원들을 딱히 인재라고 생각하지 않으며 수직적 구조가 불편.	주부 직장인이 많은 대부분의 기업이 그렇지만보너스가 포함된 급여를 지급할 것 처럼 취업 사이트에 공고하는 등혼돈을 가중시키는 것은 그만했으면.실적을 올리는 비법을 전수해주지 못하면서 아줌마들 그만 괴롭혔으면.
2014/6/12	(주)유니에스	100	87274	21597	2.0	1.0	3.0	3.0	1.0	0	None	경영/기획/컨설팅	전직원		 3 	False	"신입은 거의 채용하지 않을 뿐더러 추천하지 않음. 신입이 배워가며 일하는 곳이 아니라 어느정도 중급 경력자, 퇴직예정자들이 명맥유지를 위해 그럭저럭 다니는 곳."	명성으로는 업계 상위수준. 영업성이 강하진 않음. 퇴근이 비교적 자유로움.	연봉수준이 적음. 승진 가능성 거의 제로에 연봉 인상도 거의 희박. 그냥 편하게 하루하루 연명하며 다니기엔 나름 괜찮음. 복지혜택이랄게 거의 없음. 직원 한명에게 요구하는 것이 많음.	제대로 된 인사고과 평가가 필요하며 관리사원의 복지, 긍정적 근무환경 조성이 필요. 스마트한 직원 채용이 시급.
2014/6/5	(주)에스텍시스템	100	89310	18984	1.0	1.0	1.0	2.0	3.0	0	1	기타	전직원		 0 	False	"보안업무로 알바식으로 하기에는 나쁘지않으나  한번 입사하면 최소 1년다니는것을 추천.각 사업장의 분위기에 따라 대우가 달라짐."	보안업무는 크게 경력이나 학력이 필요없고 대부분이 구인난에 시달리기에 입사는 쉬움.	보안근무특성상 야간근무와 주말근무가 항상있어 규칙적인 삶을 살기는 어려움.	급여를 올려주세요.
2014/6/18	에스원(주)	100	65658	22975	1.0	3.0	1.0	1.0	1.0	0	None	서비스/고객지원	전직원		 3 	False	"기업이윤을 위해 직원에게 과다한 업무 지시, CS직군은 말도안되는 근무일정, 돈을 바라보고 일한다면 추천은 하나 자기 계발시간이나 여가생활포기 및 불규칙한 근무패턴으로 몸상하기 쉬움, 젊은날 인생을 투자하여 열심히 근무해도 진급이어렵고 퇴직후에도 경력을 살리기가 힘듬"	CS직군 기본급+수당이라 일한만큼 돈은들어옴 동종업계 1위자부심	살인적인 근무패턴 주주주야야야 하루쉬고 다시반복주간 새벽 6시반 출근   오후9시경퇴근야간 오후 5시반 출근   오전9시경퇴근잔업 시간외수당 따위 없음, 업무량 살인적임, 점심먹을시간도 없음, 야간에 졸면 시말서제출야간끝나고 아침 9시퇴근 다음날 새벽 6시반까지 출근을 휴무라고 부름 쉬는날이 24시간이안됨 회사에선 cs직군을 그냥 버리는 카드로 생각	이윤만 추구하지말고 진정한 글로벌 기업으로 발전하기 위하여 회사인력의 대부분인 cs직군좀 생각해주길
2014/6/18	에스원(주)	100	65658	22964	3.0	3.0	1.0	2.0	3.0	0	1	경영/기획/컨설팅	현직원		 1 	False	"삼성그룹내 최하위권 연봉수준에 엄청난 근무강도..."	지사가 전국에 퍼져있어, 원하면 자기 주거지역에서 근무 가능	근무강도가 엄청 납니다...시키면 해 라는 문화도 아직 팽배함...	매출 1조밖에 되지 않는 회사에 임원들은 왜이렇게 많은지...성장도 좋지만 직원들 근무 환경 개선이 시급합니다..
2014/6/12	에스원(주)	100	65658	21541	3.0	3.0	1.0	2.0	3.0	0	1	경영/기획/컨설팅	전직원		 1 	False	"기업명에 '삼성'이 들어가지 않는 이유가 있다."	- 대졸로 입사하면 경쟁자가 많이 없음. - 삼성의 복지 '끝'	- 군대조직- 무리한 신사업 쑤시기- 계열사중 낮은 연봉- 일과 삶의 불균형- 개인의 경쟁력을 찾기가...	힘내세요
2014/6/12	에스원(주)	100	65658	21456	3.0	2.0	3.0	3.0	2.0	1	1	영업/제휴	현직원		 0 	False	"눈높이를 낮춘다면 대기업의 장점은 지니고 있는 회사임에는 분명합니다하지만 낮은연봉과 회사발전가능성은 의문이있습니다"	대졸사원비율이 낮아 대졸사윈의 장기적인 가능성높음.  삼성의복지	낮은보수 불안정한시스템 현장상황의 열악함	미래뿐아니라 현실도바라보는 경영을해주세요
2014/6/8	에스원(주)	100	65658	19401	1.0	2.0	2.0	1.0	2.0	0	1	서비스/고객지원	현직원		 0 	False	"밤, 주말 개인시간 다 반납해서라도 일하고 싶으면 오세요.."	다행히 삼성계열사라고 복지혜택이 왠만한건 다 있다	업무강도에 비해 낮은연봉,강압적인 군대문화	합리적인 보상
2014/6/26	한국마사회	100	86726	25116	4.0	5.0	4.0	3.0	2.0	0	1	기타	전직원	서울	 0 	False	"최소의 업무와 초고의 연봉을 기대할 수 있는 곳"	쉬운 업무를 주로 하고 적은 실적 압박이 장점 /무엇보다도 뜬금없는 높은 급여가 최대 장점	주말근무가 필수적으로 주말여가생활 적음/거친 고객들을 주로 상대하는 마사회 업무 특성상 생각지 못한 사건 사고가 생김	자주 바뀌는 경영 방침을 줄이기
2014/6/24	한국마사회	100	86726	24504	3.0	4.0	4.0	3.0	3.0	1	1	서비스/고객지원	전직원	경기	 1 	False	"학교를 다니며 주말만 일하기 좋은 최고의 알바. 1년 단위 계약직으로 근무하며 매년 출결과 연말 평가시험으로 재계약 여부를 결정한다."	8시 출근 18시 퇴근이지만 2교대로 근무하므로 실질적인 근무시간은 6~7시간 정도. 일단 6~7만원으로 동종 아르바이트 대비 임금이 높음. 사회생활을 경험해보기 좋은 곳.	주말을 모두 업무에 쏟아야 하기에 동아리 활동에 제약이 있음.(기간 내 정해진 결근횟수를 넘기면 자동 계약해지) 특정 고객들로 인한 인격모독을 받을 수 있음	양질의 서비스를 고객들에게 제공할 수 있도록 혹서기/혹한기 근무여건 상승이 필요
2014/6/11	한국마사회	100	86726	20680	2.0	4.0	3.0	1.0	1.0	0	None	경영/기획/컨설팅	현직원		 0 	False	"극과 극의 호불호가 갈리는 직장"	일이 편하고 제 시간에 퇴근이 가능하다.	보수적이고 발전이 없고 답답한 일처리. 화병이 난다.	말로만 하는 것이 아닌 행동으로 실천하는 발전적이고 혁신이 필요함
2014/6/19	케이에이(주)	100	87378	23067	2.0	2.0	2.0	2.0	2.0	0	1	서비스/고객지원	현직원		 4 	False	"공항업무분야가 발전하는 시점이라고는 하나 정말로 희망하는사람만 지원하였으면..."	스케쥴 근무로 인하여 남들 일하는 평일에 쉰다는 점	여자가 굉장히 많은집단. 말이많고. 나이어린상사의 구박에 가끔 울컥할수있음. 한달 스케쥴을 왜짯는지 모르게 올데이 스케쥴로 자주바뀌어 체력에 한계가올수있음.	일을 많이하는만큼 회사 복지나 연봉면에서 상향되었으면 좋겠습니다. 노동법에 초과는 연장근로수당을 다음달로 이월하여 제공하는것이 아닌 노동법에 맞는 연장을 했으면좋겟습니다..
2014/6/17	케이에이(주)	100	87378	22537	1.0	1.0	1.0	1.0	1.0	0	2	기타	현직원		 1 	False	"급여는 적지만, 성장하는 회사임. 경력쌓고 이직률이높음"	외관적으로는 좋아보임. 하지만 힘들긴 엄청힘듬.	여자 많은 회사라 입조심해야하고 분위기가 좋지않음.	엄청 굴리는 스케줄을 주어주심. 그래서 이직자들이 많음. 사람을 더뽑았으면
2014/6/1	케이에이(주)	100	87378	18187	1.0	1.0	1.0	1.0	1.0	0	1	서비스/고객지원	전직원		 3 	False	"매우 불만족."	겉으로 보면 멋짐, 회사 자체는 가능성 있음, 앞으로 더욱 커질 전망.	들어오면 아.. 하게 되는 회사, 상상할 수 없는 연봉, 직원 내 분위기 최악	회사가 커져가는 만큼, 더 많은 인력을 충당해야 할 듯.
2014/6/25	이트너스(주)	100	13535	24983	3.0	4.0	5.0	2.0	3.0	1	2	경영/기획/컨설팅	현직원		 2 	False	"야근 별로 없고, 얼마전 전체적으로 연봉기준이 크게 올라서 중견기업 수준이 됐어요원하면 직무전환도 자유로운 편이고 성실한 모습 어필하면 커리어 쌓을 수있는 곳으로 직무변경 시켜주기도 하구요동료들상사들 잘만나면 다니기 괜찮은곳이예요"	안정성 괜찮은 급여수준날이갈수록 나아지는 복지제도	아직 발전하는 단계인지 모르겠지만 윗분들 보직변경이 좀 자주있는편이고 본사는 업무량이 많아 야근많습니다.	앞으로 더 자랑스러운 회사로 만들어주세요
2014/6/20	이트너스(주)	100	13535	23434	4.0	4.0	5.0	4.0	4.0	1	2	서비스/고객지원	현직원	서울	 2 	False	"업무와 삶의 균형 적절"	동종업계 최고 수준. 업무와 삶의 균형이 잘 잡혀있음. 열심히 하는 만큼 대우해주는 문화. 자기계발 적극 장려.	여러 사업장에서 나뉘어 근무. 근무. 근무.	-
2014/6/12	효성아이티엑스(주)	100	285	21435	3.0	3.0	2.0	1.0	1.0	0	None	영업/제휴	전직원		 0 	False	"기계처럼 일하면서 노동한만큼 벌어갈 수 있음하지만 정말 기계처럼 일해야함"	하는만큼 돈 벌어가는 시스템이다 보니까 열심히 하면 많은 돈을 벌 수 있음	센터마다 천차만별. 도급사의 특징상 손바닥이 닳을 때까지 비비는 성향들의 경영진. 인원수가 워낙 많아 나몰라라 하면서 월급루팡들도 많은 편인 듯	한사람의 말만 평향적으로 듣지말고 모든 사람들의 입장과 상황을 고려해서 판단하고 운영해주길
2014/6/8	효성아이티엑스(주)	100	285	19422	3.0	3.0	4.0	4.0	4.0	1	1	영업/제휴	전직원		 0 	False	"단기 아르바이트로는 적절."	담당 센터마다 약간씩 다르겠지만 인바운드 기준으로는 실적 스트레스가 그다지 심한 편은 아님.인센티브 폭이 크지 않아서 수입이 안정적.	실적에 대한 압박이 있는 편.식사시간이 불규칙함.자기발전에는 그다지 도움이 되지 않음.	신입사원 교육 때 좀 더 신경썼으면 좋겠음.
2014/6/25	대명레저산업(주)	100	82315	24806	2.0	2.0	2.0	2.0	2.0	0	1	서비스/고객지원	현직원		 1 	False	"큰회사처럼보이지만 속은 중소기업정도임체계적이지않은 직급체계와 경력의반영이 경력직의 입사에는 상당히 입사에 마이너스요인복지는 레저산업인만큼  그 수준의 복지로 무난한수준서비스업계이지만 아직 서비스업계에 전문적.프로적으로발을들이기엔 멀었고 괜찮은경력직들이 많이 실력발휘를못하는편임인턴에서 정직은 왠만하면 되는편이며 인턴에서정직달면 확오르늘 월급통장을볼수있음 대신2년정도의 시간이걸림"	레저를 좋아하는사람에게는 복지는괜찮은수준	비합리적인 인사제도에 서비스쪽은 많은경력직이나가고 인턴 쪽으로 채워 머릿수만채우는현실	체계적인 인사제도.진급등을 통해 기존직원의 사기저하를 막아야할것.
2014/6/11	대명레저산업(주)	100	82315	20305	1.0	3.0	4.0	1.0	1.0	0	1	경영/기획/컨설팅	현직원		 1 	False	"첫직장으로 시작하면 비교대상이 없어서 괜찮지만 경력직으로 들어올 경우 답답하고 체계적이지 않은 조직문화로 힘들 수 있음. 상하위 직급체계 간의 커뮤니케이션이 유연하지 않음"	본사의 경우 야근이 별로 없기 때문에 자기시간 활용이 좋음복지로 레져를 즐길 수 있음	트렌드에 민감하지 않은 조직문화.뚜렷한 상하관계연봉이 적지만 복지 및 야근이 없으므로 월급에 민감하지 않으면 만족가능창의적 아이디어를 바라지 않음 근무의욕저하	수평적 원활한 커뮤니케이션 체계마련창의적 아이디어보다는 경영쪽에 과도한 집중으로 업무시간의 과도한 시간을 잡무에 사용해야함.
2014/6/5	대명레저산업(주)	100	82315	19047	4.0	3.0	3.0	2.0	2.0	1	2	경영/기획/컨설팅	전직원		 0 	False	"스키,골프,스쿠버다이빙등등 레저에 관심이 많거나 여러사람들을 만날수있는 복합적인 회사"	대명리조트 체인을 전부 이용할수있음/비발디파크 같은 경우에는 스키월드 오션월드 부분도 이용가능/레저업계 1위라는 자부심으로 일함/승진의 기회가 많고 직원들이 많기 때문에 여러사람들을 만날수있음	수직적인회사구조,서비스부분은진급을할수록수당없는야근이많을수있음	수평적인 회사구조를 만들어 주며 기업문화 변화시도를 했으면 좋겠음.
2014/6/4	대명레저산업(주)	100	82315	18939	1.0	2.0	1.0	1.0	1.0	0	None	서비스/고객지원	전직원		 19 	True	"처음 경력을 쌓는 곳이라고만 생각하며 입사하길"	어찌되었던 업계 1위 기업이기에 이직시 플러스 알파작용을 함.레저생활 좋아하는 이들에게는 무료숙박 및 레저할인이 좋은 복지요소가 될 것.	전형적인 80년대 대기업의 행태를 유지하는 기업문화탁상공론과 비합리가 주류를 이룸비전이부족 오션월드 이후 새로운 아이템을 개발못하고 분양돌려막기 중	기업문화는 혁신이 필요해 보임.
2014/6/2	대명레저산업(주)	100	82315	18456	3.0	3.0	4.0	3.0	3.0	1	1	기타	현직원		 0 	False	"신입만큼이나 경력직으로 들어오는 사람들이 많음. 본사기준 그렇게 빡세지않은 업무. 자기시간을 중요하게 여기는 사람들에겐 강력추천. 복리후생은 상급, 연봉은 글쎄..."	복리후생, 퇴근시간보장, 무난한 업무강도. 퇴근후개인시간 적극 이용가능.	사업장중심으로 편중된 그룹경영, 네임벨류에 비해 당황스러운 연봉, 의외로 보수적인 기업분위기.	글쎄....
2014/6/30	피알원(주)	100	87461	26360	3.0	3.0	2.0	3.0	2.0	0	1	미디어/홍보	전직원	서울	 3 	False	"업무를 통해 다방면으로 경험을 할 수 있으나 개인의 업무에 대한 만족도는 상이"	대규모의 홍보대행사인 만큼 업무를 통해 다양한 경험을 할 수 있어 개인적으로도 성장할 수 있다.	여러팀이 하나의 본부로 구성이 되어있고 인센티브제로 돌아가기 때문에 본부별 업무 강도에 따른 스트레스가 있고 업무 외에 개인적인 역량을 키우기가 어렵다.	회사의 비전에 직원들이 공감하며 일에대한 애착을 좀 더 갖을 수 있도록 시스템이 좀 바뀌어야 하지 않을까함.
2014/6/27	피알원(주)	100	87461	25607	2.0	5.0	1.0	4.0	2.0	0	1	경영/기획/컨설팅	전직원		 1 	False	"겉에서 보기엔 대형 홍보회사. 하지만 실상은 소규모의 피알회사"	나름 국내 Big 홍보회사에서 일한다는 자부심 정도..?	팀마다 인센티브와 분위기. 업무강도가 매우 다름개인주의성향이 강한 회사직원에 대한 회사의 정이 없음	직원들에 대한 애정이 필요함사내에서 정보 및 자료의 공유가 매우 팔요함
2014/6/14	피알원(주)	100	87461	21960	3.0	4.0	2.0	4.0	4.0	1	2	전문직	현직원	서울	 2 	False	"복지/급여는 업계 상위권 수준"	복지/급여/환경 만족스러움. 업무만족도도 높은 편임	본부에 따라 환경은 케바케임. 여자직원이 많아서 남자 직원이 신경써야 할 부분이 있음	만족 스러운 편
2014/6/11	피알원(주)	100	87461	20869	3.0	2.0	3.0	4.0	2.0	1	1	기타	현직원		 0 	False	"홍보대행사 입사를 원한다면 이곳 추천. 사내 분위기는 좋습니다."	젊은 사람들이 많아, 젊은 사람들의 이야기를 잘 들어줍니다. 수평적인 관계도 장점입니다. 종합 홍보대행사라는 규모때문에 기자나 고객사들도 피알원에 대해서 대부분 잘 알고 있습니다	시스템이 잘 갖춰지지 않았습니다. 팀장 이상 급은 거의 퇴사가 없습니다. 그래서 정체되는 느낌이 있습니다.	지난 3년간 초고속 성장을 했으나, 앞으로가 회사의 미래를 결정할 것 같습니다.
2014/6/7	피알원(주)	100	87461	19258	2.0	3.0	1.0	3.0	3.0	0	None	미디어/홍보	전직원		 1 	False	"본부별로 본부장이 있어 소사장제로 운영되기 때문에 팀마다 분위기가 상이합니다."	체계잡힌 대형 홍보대행사 중 하나입니다. 업계 인지도가 높은 편입니다. 좋은 클라이언트를 맡게 된다면 커리어를 쌓을 수 있는 기회가 있습니다.	팀마다 다르지만 야근 장려하는 분위기입니다. 휴게실 냉장고는 야근대비용 음식과 간식으로 가득 차 있습니다. 블로그를 통해 보는 것처럼 전체적으로 화목한 분위기는 아닙니다. 근속년수가 높은 임직원들이 있는 반면 1년도 되지 않아 퇴사하는 인원도 상당수 있습니다. (신입,경력 공통)	임직원들의 불만사항을 정기적으로 접수하고 개선시키는 노력이 필요할 것 같습니다. 각 본부의 문제점을 파악하고 해결하지 못한다면 발전이 어려울 것으로 예상됩니다.
2014/6/1	피알원(주)	100	87461	18201	2.0	2.0	1.0	2.0	2.0	0	None	기타	전직원		 1 	False	"홍보에 대한 전반적인 흐름을 익힐 수 있다. 그런데 복불복이다. 어느 팀에 있느냐에 따라 다닐만하거나 죽겠거나. 업무강도는 여느 대행사가 그렇듯 세다."	대형 홍보대행사로 다양한 클라이언트 접할 수 있음. 사원들의 교육에도 꽤 신경쓰는 편.	연봉 체계나 성과급 체계가 본부별, 팀별로 다름. 업무 강도는 물론 사람으로 인한 스트레스가 보통의 다른 회사보다 높은 편.	보여주기 식의 복지, 문화제도보다는 기본적인 인력관리에 더 신경쓰는 게 기업이 오래 갈 수 있는 방법이겠습니다.
2014/6/29	(주)대학내일	100	86769	26086	4.0	4.0	3.0	5.0	4.0	1	1	기타	전직원	서울	 0 	False	"자유로움을 원하고, 그에 맞는 책임감을 보여줄 수 있는 이라면 Good!"	자유로운 업무 분위기, 직원들과의 친밀함, 사내 문화가 너무 좋다. 직급에 상관없이 모든 이들이 변화를 일으킬 수 있고, 목소리를 낼 수 있다.자신의 업무만 책임감있게 해준다면 터치하지 않는다.	하나하나 모든 걸 알려 주지않는다. 자유로움이 있는 대신 그만큼 자신의 일에 대한 책임을 져야한다. 체계적으로 모든것이 시스템화 되어 있지 않다. 한마디로 조금씩 이루어가고 있는 단계다.	지금까지도 잘 해왔지만 앞으로도 더 중요하다는 생각이 든다.현재 조직도 크고, 회사도 성장할만큼 성장한 과도기적 단계인듯 하다.조금씩 체계화, 시스템화를 이루어 나가야 할것 같다.
2014/6/27	(주)대학내일	100	86769	25466	5.0	4.0	4.0	4.0	3.0	1	2	전문직	현직원	서울	 0 	False	"종합 마케팅 에이전시로, 다양한 형태의 마케팅 프로젝트를 기획/담당해 볼 수 있고, 특히 영타겟 마케팅 분야에 대한 전문성을 키울 수 있다. 함께 일하는 구성원들에 대한 애정이 특별한 회사라 할 수 있다."	일하는 분위기가 자유롭고 서로에 대한 배려가 잘 이루어지고 있습니다.수평적이고 책임감있는 소통을 지향합니다.	아직 성장할 여력이 더 많은, 작은 규모이다 보니, 명확한 체계나 기준 일부가 없거나애매해서 혼란스러운 부분이 조금 있는데요, 이는 점차 해결될 수 밖에 없는 특이한 경우라고 봅니다.	조직의 전략적 의사결정과 일관된 경영정책 운영을 원합니다.
2014/6/25	(주)대학내일	100	86769	24888	4.0	3.0	2.0	4.0	1.0	0	1	경영/기획/컨설팅	전직원		 0 	False	"일과 사생활의 균형을 중시한다면 비추. 대행업이므로 주말근무도 은근 필요"	업무 영역이 넓은 편. 다양한 경험 가능함. 효율적인 업무체계.	경영진에 대한 신뢰가 다소 부족했음. 야근이 거의 일상	임직원 교육확대
2014/6/24	(주)대학내일	100	86769	24523	3.0	4.0	1.0	3.0	4.0	0	1	영업/제휴	현직원	서울	 0 	False	"겉으로 보이는 이미지가 대학내일의 전부가 아닙니다."	회사의 대표가 열린 소통을 지향하고, 말로 끝나는 것이 아니라 실천하고 있기 때문에 흔들리지 않는 가치가 있다.	때때로 자신이 인간이 아닌 인력으로 평가되고 있다는 느낌을 받는다. 을은 갑의 눈치를 봐야 하는 구조이기 때문에.	유달리 성과가 좋은 것에는 이유가 있는 것이다. 누군가 얻으면 누군가 잃게 되는 것이 자본주의 시장이니까. 그게 개인의 건강이든 시간이든 뭐든.
2014/6/24	(주)대학내일	100	86769	24373	4.0	4.0	4.0	3.0	5.0	1	2	서비스/고객지원	전직원	서울	 0 	False	"책상에 앉아있는것을 싫어한다면. 일 열심히 하고 그만큼 돈도 많이받고싶다면,"	외국계를 능가하는 기업의 오픈마인드, 많은 클라이언트 들과 일을하며 경험을 쌓을 수 있음.	한사람이 여러 클라이언트의 업무를 담당하게됨, 신입부터 다양한 사업들을 담당하게 되는데 일을 못할경우 남들과 한눈에 비교됨.	단기간 손실이 발생하더라도 사업영역확장을 위한 다양한 시도가 필요.
2014/6/18	(주)대학내일	100	86769	22938	4.0	4.0	2.0	5.0	4.0	1	2	경영/기획/컨설팅	현직원		 1 	False	"연봉, 복지, 사내 문화 모두 좋습니다만 일이 많아 다소 힘든 부분이 있습니다.이 부분이 괜찮으시다면 정말 좋은 기업입니다."	동종업계 대비 최상위 연봉, 젊고 트렌디한 회사이며 다양한 기업, 다양한 사람들을 만날 수 있고 이에 따라 일도 다양하게 경험할 수 있습니다.	일이 많아 야근이 잦으며 대행사이기 때문에 간혹 힘든 일이 있을 수 있습니다.  일을 많이 배우고 싶은 분들에게는 강추!	보다 효율적인 업무 배분이 필요할 듯 합니다.
2014/6/16	(주)대학내일	100	86769	22220	4.0	4.0	4.0	3.0	3.0	0	2	영업/제휴	현직원		 0 	False	"경험을 통해 스스로 성장하고 싶은 사람에게는 좋은 기회가 될 회사"	열린 문화와 지속가능한 발전. 동종비교 높은 급여	자기 중심적인 문화가 있으며, 결과 중심적이다보니 과정의 중요성에 귀를 닫는 경향이 있음.	투자와 영업의 구분을 명확히 하는 센스
2014/6/15	(주)대학내일	100	86769	22059	3.0	4.0	3.0	4.0	4.0	1	2	경영/기획/컨설팅	전직원		 1 	False	"젊고 젊은 회사"	대학내일이라는 핫한 매체를 가지고 있다는 점, 내로라하는 대기업부터 공기업들과 함께 할 수 있는 점, 에너지 넘치는 젊은 회사라는 점.	많고 많고 또 많은 일. 가끔은 벅차다고 느끼만, 일이 많아야 먹고 사니까...	답답한 사무환경을 개선하면 더 트인 생각을 할 수 있을 것 같다.
2014/6/12	(주)대학내일	100	86769	21584	4.0	3.0	2.0	4.0	3.0	1	2	경영/기획/컨설팅	전직원		 0 	False	"젊을 때 고생을 사서 해보고 싶다면? 남들이 하지 않는 것만 골라서 해보고 싶다면? 주저하지 말고 대학내일로!"	상사의 컨펌 없이도 다양한 일을 진행할 수 있다. (단, 정확한 예측과 미친듯한 실행력을 가지고 있어야 함)	미친듯 실행하다가 자신의 삶이 어디로 갔는지 잠시 찾아야 하는 순간이 올 수도	20대 타겟 마케팅 회사로서 더욱 입지를 굳히기 위해, 20대 직원들의 교육과 복지를 시스템화 해주세요
2014/6/12	(주)대학내일	100	86769	21494	3.0	3.0	2.0	4.0	3.0	0	2	경영/기획/컨설팅	전직원		 0 	False	"잘 모르겠습니다."	대행사로서 다양한 기업들과 협업하여 영업마케팅을 진행하다보면 시야가 넓어짐.	위 이유로 단기적으로 보면 역량강화를 느낄 수 있지만 장기적으로는 여느 기업과 다름없이 쳇바퀴 속에서 반복적으로 뛰는 기분을 느낌.	보다 크고 명확한 비전 제시.
2014/6/12	(주)대학내일	100	86769	21370	3.0	4.0	3.0	3.0	3.0	1	2	기타	현직원		 0 	False	"마케팅팀 ) 다양한 마케팅을 경험하고 싶다면 좋음 / 생각보다 다양한 업무를 담당하고 있으니 홈페이지에서 확인할 것"	다양한 마케팅 업무를 경험할 수 있어 본인의 커리어를 쌓기 좋음	일이 너무 많고, 복지 체계가 잡혀있지 않아 요구조건이 있을 경우 절차가 복잡	.
2014/6/12	(주)대학내일	100	86769	21244	4.0	4.0	4.0	4.0	4.0	1	2	기타	현직원		 0 	False	"다양한 직군의 클라이언트를 만날 기회가 많아 다양한 경험을 쌓을 수 있다.잡지가 아닌 20대 전문 마케팅 에이전시"	대학생들과 만날 기회가 많아 20대 트렌드에 뒤쳐지지 않고, 보람을 느끼는 프로젝트가 많이 있다. 개인, 팀이 노력한만큼 보상은 따른다. 젊은 조직이라 사내문화도 밝고 유쾌한 사내 이벤트들 진행한다.	매체사로 시작하여 마케팅 회사로 성장하고 있어 과도기이지만, 2년 안으로 다시 안정화가 될 것 같다. 실무업무가 많아 야근도 자주 있지만, 구성원들이 책임감을 가지고 즐겁게 일을 한다.	과도기, 정체를 빨리 극복하고 성장할 수 있도록 경영 시스템 도입이 시급하다.
2014/6/11	(주)대학내일	100	86769	20334	4.0	3.0	2.0	4.0	4.0	1	1	IT/인터넷	전직원		 1 	False	"수평적인 조직 문화와 능력에 따른 대우가 가능. 열정적이지 않은 사람에게는 힘든 회사."	직원 중심의 경영.경영진과 직원간의 경계가 거의 없음.수평적인 조직 체계직급보다는 능력으로 인정 받는 구조	돈을 버는 부서와 그렇지 않은 부서간에 갑과 을이 존재.구성원이 갑자기 많이 늘어났지만 시스템이 받쳐주지 못함.개인 또는 조직간에 소속감이 떨어짐(여러 회사가 모여서 일하는 느낌)일반 사원들에게까지 매출에 대한 압박이 심함.	비 매출 부서 조직원은 회사에 대한 소속감이나 충성도가 많이 떨어진 상태입니다. 공/사석에서 영업 부서 중심 운영을 강조하는 분위기 등여러 환경적인 요인으로 같은 회사라기 보단 자회사나 파견직 같은 느낌이 강합니다. 조직이 커지면서 관리자의 역량이 더욱 중요하게 됐다고 생각합니다.내부에서 인물이 없으면 외부 인력 투입도 냉정히 고려해 봤으면 합니다.
2014/6/10	(주)대학내일	100	86769	19889	4.0	4.0	3.0	3.0	4.0	1	2	서비스/고객지원	현직원		 0 	False	"하는 일이 다양해서 심심하진 않지만, 그만큼 일이 많은 회사"	자유로운 회사 분위기로 유연한 업무환경 제공. 다양한 프로젝트를 진행하고 있어 여러가지 분야의 일을 해볼 수 있음. 심심하지는 않은 회사.	팀별로 분위기가 많이 다름. 일이 많은 편임. 직원 별 업무 량 편차가 큼. 대행 업무에 맞지 않은 사람은 피곤할 수도 있음. 갑자기 성장해서 조직 규모에 비해 체계가 없는편	기본 체계를 잡는 것에 더 많이 투자했으면
2014/6/4	(주)대학내일	100	86769	18895	5.0	3.0	3.0	4.0	4.0	1	1	경영/기획/컨설팅	전직원		 0 	False	"젊은 사람들이 많아 회사 분위기도 밝고 발전 가능성이 보인다"	대표님이 열려있어 항상 발전하기를 원한다.	회사가 오래되지 않아서 그런지 체계가 덜 잡혀있다.	좀 더 일을 줄이고 회사 시스템 구축에 힘을 들였으면 좋겠다.
2014/6/3	(주)대학내일	100	86769	18599	4.0	3.0	2.0	5.0	5.0	1	2	서비스/고객지원	현직원		 2 	False	"익사이팅한 일들을 경험하고 싶다면 추천"	다양한 일을 하는 대행사이며, 유스마케팅 특화 대행을 주로 진행하므로 다양한 경험을 할 수 있다.	역시 업무량이 많다는점. 분업화된 R&R을 기대하고 내일만 하고 퇴근하겠다는 마인드는 입사 2일차에 없어졌다.	삶의 질을 높일 수 있는 방법이 마련되어야 하지않을까.
2014/6/1	(주)대학내일	100	86769	18061	5.0	5.0	2.0	2.0	4.0	1	2	영업/제휴	현직원		 4 	True	"한 가지만 잘해서 버틸 수도, 한 가지만 잘해서는 버티지 못할 수도 있는 곳.자신만 생각하면 편할 수도, 자신만 생각해서는 발전이 없을 수도 있는곳."	다른 대행사와 다르게 유스마케팅에 특화되어 있어 같은 마케팅 직무이지만 그 안에서의 자신만의 전문성을 기를 수 있다. 한 분야만 하는 것이 아닌 기획/영업/실행의 모든 일을 직접해볼 수 있는 기회를 주는 곳. 노력한만큼 보상해주는 곳.	기회가 많이 주어져 적성에만 맞는다면 그 어느 곳에서도 하지 못하는 경험들을 할 수 있지만, 그 말은 업무량도 많다는 말. 직무가 맡아 정신적 스트레스는 없다고 하더라도 자칫 체력관리를 하지 못한다면 신체적 스트레스로 인해 지쳐 나가떨어질 수 있다.	회사가 발전하는 만큼 복지가 늘고, 규제가 생기고 있지만.. 대기업을 따라가는 복지와 규제가 아닌, 중소기업이라서 할 수 있는 복지와 규제가 늘었으면.. 자유스러우면서도 직원을 생각하는 !!
2014/6/24	현대그린푸드(주)	100	47646	24575	1.0	3.0	1.0	1.0	1.0	0	1	기타	전직원		 0 	False	"현대백화점 그룹의 갑은 현대백화점 입니다.꼭 백화점에 입사하시길 바랍니다."	신입사원 통장에 찍히는 월급 280만.현차기차 따라서 해외공장에 많이 따라 나감.	인사배치가 불만이라 그만둠야근 많음현대백화점 그룹의 갑질이 싫음	현대계열사를 벗어나서 더 넓은 시장을 확보장기적인 안목으로 기업CSR확대
2014/6/24	현대그린푸드(주)	100	47646	24377	1.0	4.0	2.0	3.0	3.0	0	1	경영/기획/컨설팅	전직원	서울	 0 	False	"그냥 무난한 회사, 하지만 배울게 없다"	업계내에서는 괜찮은 연봉과 현대가라는 나름의 메리트가 있음. 뭐 젤 좋은건 연봉임 내생각에	걍 별로 체계적이지 못함, 회사 위치 건물 구림, 약간 답답한 사람들이 꽤 있음. 그리고 업계 특성상 이직할수있는 곳들이 제한되어있음	신사업전략 및 경쟁업체보다 무엇이 나은지 생각하시길
2014/6/21	현대그린푸드(주)	100	47646	23624	3.0	4.0	2.0	3.0	4.0	1	1	서비스/고객지원	현직원	경기	 0 	False	"배우기 좋은 회사"	괜찮은 복지, 동종업계 비교 급여 높은편, 체계적으로 일을 배우기 좋음.	연차보다 나이를 좀 더 따지는 분위기, 전체적으로 군대를 많이 닮음, 업무시간 과다, 회사와 현장과의 커뮤니케이션 부족.	전체적으로 부서별 연계를 강화시켜줬으면.
2014/6/20	현대그린푸드(주)	100	47646	23563	2.0	1.0	2.0	4.0	2.0	1	2	경영/기획/컨설팅	현직원		 0 	False	"안정적임."	본사 급식이 최고임 푸드회사 답게 끊이지 않는 간식 등.. 사내 분위기 좋음. 자유로운 연차 사용 등	동종업계와 비교시 연봉 및 복지 수준이 낮음	연봉 및 복지 인상
2014/6/12	현대그린푸드(주)	100	47646	21484	2.0	3.0	4.0	4.0	2.0	0	1	경영/기획/컨설팅	현직원		 1 	False	"회사의 미래를 물어본다면... 딱 지금 이자리에 있을꺼 같은 회사??"	퇴근시간이 상대적으로 보장되며 자기 연차내에서 쉬는것에 대해 자유롭다	회사의 비젼을 생각해볼때...오래다닐 회사는 아니다라는 생각을 많이 하게된다	올바르고 빠른 의사결정과 근거없는 자부심들은 가지지 않았으면 한다
2014/6/10	(주)그린웹서비스	100	86851	19919	3.0	2.0	3.0	4.0	3.0	0	1	IT/인터넷	전직원		 1 	False	"적당히 편안한 회사를 원한다면 지원할만함.그러나 남자의 경우 이직율이 높음.네이버 일을 한다고 nhn과의 뭔가를 바란다면 애초에 nhn을 지원하세요."	대부분 젊은층으로 사내 분위기 자유로움.주5일근무 정확.업무환경 좋음.	기본연봉 및 인상률이 적다.평가에 따른 인센이 존재하지만 많지 않다.단순업무 반복으로 쉽게 지침.	연차와 직책 그리고 업무 난이도별 연봉대우가 확실하면 좋을듯.
2014/6/25	삼성웰스토리(주)	100	88148	24946	5.0	3.0	1.0	1.0	3.0	0	None	경영/기획/컨설팅	현직원		 0 	False	"삼성은 삼성이다 높은복지, 급식분야 1위"	급식시장1위, 삼성은삼성이며 업계에서 급여는 높은편이다. 타회사로 이직시 경력을 더쳐주며 직급및급여도 up	업청난 업무강도 알바수준의 잔업비급식시장의포화상태, 엄청 올드한 조직손익을 내려고 쥐어짬	신사업 구상좀
2014/6/24	삼성웰스토리(주)	100	88148	24560	4.0	2.0	4.0	4.0	2.0	1	2	전문직	현직원		 0 	False	"업계1위 식품회사"	업계1위답게 배울점이 많고 삼성계열사이기에 삼성의 복지를 받을수 있다	인사평가제도가 굉장히 고과자의 주관적이다	지원부서가 현장을 지원해야함에 불구하고 그 역활을 제대로 수행하지 못하고 현장과의 단절되어있습니다. 조직문화를 개선해야 합니다.
2014/6/22	삼성웰스토리(주)	100	88148	23961	3.0	2.0	2.0	3.0	2.0	1	1	경영/기획/컨설팅	현직원	경기	 0 	False	"식품업계에서 일해보고 싶다면 지원해볼만한 회사"	대기업치고 그리 높지 않은 업무 강도, 안정적인 생활, 삼성 계열사에 의존한 수익구조	관리자들의 지나친 실적 우선 주의, 낮은 연봉, 보수적인 기업 문화	좀 더 자유로운 분위기에서의 성과 추구, 지나친 실적주의 지양
2014/6/17	삼성웰스토리(주)	100	88148	22575	3.0	3.0	3.0	3.0	2.0	0	None	경영/기획/컨설팅	현직원		 0 	False	"식음업계에 관심이 있다면 도전해볼만한 회사"	동종업계 1위로서 그에맞는 직원들의 역량 합리적인 조직문화	업무량에비해상대적으로낮은연봉에버랜드자회사로서불안정함	일시적손익에집착하지말고장기적비전이필요
2014/6/12	삼성웰스토리(주)	100	88148	21272	3.0	3.0	1.0	2.0	2.0	0	None	전문직	전직원		 2 	False	"삼성 이라는 메리트가 있지만 월급도 생각보다 많지 않고 업무 강도가 다른 회사에 비해 높은편임"	삼성이라는 메리트가 있었으며 다양한 급식업체업무를 경험해 볼 수 있음	업무강도가 다른 회사에 비해 높고 바쁘다 보니 일을 제대로 가르치지 않고 현장 책임자가 됨월급도 네임벨류와 맞지 않게 낮음 수직적 문화	제대로 가르치고 업무에 배치하고현장에 대한 지원을 늘려야함
2014/6/11	삼성웰스토리(주)	100	88148	20896	2.0	3.0	3.0	5.0	2.0	0	1	경영/기획/컨설팅	현직원		 0 	False	"급식·식자재 유통 분야 1위 기업이며 삼성 계열사로서 인력 대우는 동종 업계 최고 수준이다."	동종 업계 내에서 대우는 (특히 대졸 인력) 가장 좋음, 사내문화는 부서별 차이는 있으나 일반적으로 만족스러운 수준, 삼성계열사라서 자연스레 따라오는 네임밸류	그룹 내 타 계열사에 비하면 만족스럽지 못한 대우, 회사의 향후 성장 가능성이나 미래는 조금 불투명	그룹내 타 계열사에서 온 임원들이 많아서 실무진들의 고충이나 회사의 업에 대해서 깊이 이해하지 못하는 경향이 다소 존재, 일방적인 하달식 전략 설정·지시보다는 좀더 현실적인 지원 필요
2014/6/8	삼성웰스토리(주)	100	88148	19408	3.0	4.0	4.0	3.0	3.0	1	2	서비스/고객지원	현직원		 0 	False	"요식업계에서 최고 연봉을 받을 수 있다하지만 다른 단체급식 회사에 비해외식업으로 갈 기회가 많은 곳"	삼성이라는 그룹에 맞게 복지가 직원에게 맞추어져잇음	아직 얼마 되지 않았고 삼성 경영승계권 때문에 어떻게 될지 모르는 회사이다하지만 삼성에 계속있는다면 요식업계에서는 최고	사업장이 떨어져 있어 직원들간의 유대감이 많이 떨어지는것 같다
2014/6/23	에스피씨그룹	100	87570	24327	2.0	4.0	3.0	3.0	3.0	1	2	경영/기획/컨설팅	전직원		 1 	False	"회사원으로서 다닐만한 곳. 하지만 전문성을 기르는데는 부족"	복리후생이 잘 되어있고 근무여건은 좋은 편. 동종업계 최고연봉	오너회사인 만큼 오너의 입김이 세고 진취적인 일을 진행하기 어려움. 업무에 체계가 부족하나 서서히 잡혀가고 있는 중	체계적인 업무 역할 명시와 비효율적인 워크플로어 개선
2014/6/21	에스피씨그룹	100	87570	23605	2.0	4.0	1.0	2.0	1.0	0	1	영업/제휴	전직원		 3 	False	"백수탈출목적으로 영업직을말하는거임"	영업은 사천가까이 받음. 단 스트레스로 탈모가 생길수있음.	자기삶을버리고 밀어넣기. 깡다구 얼굴에 철판깔자신이있기를.. 영업직말하는거임	파리크라상에 목메서 직원들 괴롭히지좀 말길
2014/6/16	에스피씨그룹	100	87570	22306	4.0	3.0	4.0	2.0	3.0	1	2	경영/기획/컨설팅	전직원		 0 	False	"주는만큼 시킨다."	국내 1위 기업의 인지도를 자랑한다. 전국어디나 회사 매장이 있다.	타이트한 관리로 힘들어하는 사람이 종종발생한다.	없음.
2014/6/11	에스피씨그룹	100	87570	20888	2.0	2.0	2.0	2.0	2.0	1	2	IT/인터넷	현직원		 1 	False	"미래가 없는곳이지만 안정적인 편이다"	제빵업계1위답게 브랜드가치가 있다. 해외진출을 계속 진행하고 있어 세계로 뻗어 나가 성장할 가능성이 있다	비합리적인 인사고과 및 보상이 미흡하다. 일하는 강도가 업무별로 천차만별이다	인사평사
2014/6/6	에스피씨그룹	100	87570	19241	3.0	3.0	2.0	2.0	2.0	0	2	기타	현직원		 0 	False	"보고체계 복잡 소통하려고 노력하는 기업..하지만 수직적 문화로 표면적 소통"	견고한 사업. 글로벌 진출 노력제빵업계 1 위	지나친 완벽주의 실적강요수직적 문화	.
2014/6/2	(주)한국코퍼레이션	100	63215	18251	1.0	2.0	1.0	3.0	1.0	0	1	영업/제휴	현직원		 0 	False	"매우 긍정적이고 강한 멘탈 소유자 지원.승진 기회 매우 적음."	몸은 매우 편함.야근  없음.동종업계보다는 아주 약간 연봉은 높은편.	상사보다 고객에게 치이는 경우 많음.회사와 계약된 업체에 많이 좌우.	복지혜택이 다양했으면
