date	cname	industry_id	cid	cmid	possibility	pay	balance	culture	management	recommend	expect	job_kind	current	area	helpful_count	is_best	subject	good	bad	hope
2014/11/29	스타벅스커피코리아(주)	100	70749	60666	4.0	3.0	4.0	3.0	4.0	1	1	서비스/고객지원	전직원	서울	 1 	False	"복지는 좋지만 연봉은 포기"	수평적조직문화. 3개월 일배우는데힘들지만 적응하면 편함	전문적인 일을 배우는것이아니라 나의 커리어를 쌓는데 한계가있음급여부분 어느정도 포기해야함일이 힘들기 보다 다양한 사람들과 협력해서 일해야되는점, 가끔 상식적으로 이해하기힘든 직원들이 있음	급여 인상
2014/11/26	스타벅스커피코리아(주)	100	70749	59211	5.0	5.0	3.0	4.0	3.0	1	2	서비스/고객지원	전직원	서울	 0 	False	"국내 최고 커피전문점에서 커리어를 쌓을 수 있다."	글로벌 기업. 확실한 급여 및 복지. 수평적 조직문화	근무시간이 결코 짧지않음. 기본 주5일이므로 아르바이트 개념으로 일을 하려한다면 기본적인 삶과의 유지가 힘들 수 있다.	내부 근무자 대상으로만 오픈되는 사무직이 폐쇄적으로 느껴진다. 조직 발전을 위해서라도 외부 채용을 오픈하는 게 좋을 것 같다.
2014/11/25	스타벅스커피코리아(주)	100	70749	58882	4.0	5.0	1.0	3.0	3.0	1	2	서비스/고객지원	전직원	경남	 0 	False	"신세계 계열이라 그런지 복지도 잘 되어있고 보너스에 휴일에 선물도 잘 나옴. 다만 자기 생활이 회사생활이 되어가고, 좋은 동료와 상사를 만나지 않으면 지옥같은 생활이 될 가능성도 있음."	동종 업계에서 알아주기도 하고, 복지도 잘 되어있고 일배우는 재미가 쏠쏠함. 일하는만큼 통장에 돈이 들어옴. 휴일과 매달 나오는 만근과 보너스금과 선물이 쏠쏠함.	상사에 따라 일에 즐거울 수도 괴로울 수도 있다. 자기 삶보다는 같이 일하는 상사와 동료와 즐겁게 지낼 생각하지 않으면  여가생활은 없을수도. 일의 특성상 시간이 일정하지않고, 안 나오는 사람스케쥴 맞춰주다보면(스페어) 막상 나를 위해 쓸수 있는시간이 별로 없다.	스케쥴관리를 조금 더 효율적으로 해서 일하는 사람의 발전을 도모했으면 좋겠다.
2014/11/21	스타벅스커피코리아(주)	100	70749	57604	3.0	4.0	4.0	3.0	3.0	1	1	기타	전직원	서울	 0 	False	"커피를 좋아한다면 추천"	수평적이고 개방적이고 유한 분위기. 기회가 많음	여자가 많은 곳에서 일어나는 견제 등이 단점이라면 단점	같은 지역에 매장이 이미 있는데도 또 늘리는등 무한경쟁 시키는 점은 좋지 않다고 생각
2014/11/20	스타벅스커피코리아(주)	100	70749	57494	3.0	3.0	3.0	3.0	3.0	1	1	서비스/고객지원	전직원	서울	 0 	False	"커피산업에서 가장 유명한 스타벅스를 경험하고 싶으신 분 지원하세요"	탄탄한 인지도를 바탕으로 많은 고객들의 사랑을 받고 있다.	서비스 직종이다 보니 손님들의 무리한 요구에도 잘 반응해줘야 하는 스트레스가 있다.	서비스 직군에서 일하는 사람들에 대한 처우 개선과 조금 더 애사심을 가질 수 있는 행사가 있었으면 좋겠다는 생각
2014/11/12	스타벅스커피코리아(주)	100	70749	54870	1.0	1.0	4.0	4.0	1.0	0	1	서비스/고객지원	현직원	서울	 0 	False	"동종업계에서 타의 추종을 불허하는 브랜드 이미지와 선호도를 가진 기업. 내부에서 보면 파트너들의 열정페이로 운영되는 기업."	신세계 그룹에 속하여 신세계 이마트 임직원 할인을 받을 수 있음. 전 매장 직영으로 운영되고 있어 프랜차이즈 커피전문점 중에서는 가장 시스템을 갖추고 있다고 할 수 있는 기업. 자사의 브랜드와 제품을 좋아하는 직원들이 많이 있는 기업.	업무 강도에 비해 너무나도 보잘것 없는 임금 수준. 외국계 기업의 탈을 쓰고 있지만 회사 내부 돌아가는 사정을 보고 있으면 너무나도 권위주의적이고 경직화된 한국 기업의 전형. 스타벅스 하워드 슐츠 회장은 파트너들이 1순위라고 했지만, 스타벅스코리아만은 고객이 0순위.	지금까지 매장 수를 늘리고 규모를 늘리는 몸집을 불리는 시기였다면, 이제부터는 내실을 다질 차례. 고객 지향적인 것은 좋으나 그것으로 인하여 스타벅스의 핵심인 파트너들이 상처받는 일이 없기를. 지원센터의 인력을 자꾸 외부에서 데려오지 말고, 스타벅스의 문화를 잘 알고있는(바리스타부터 시작해서 꾸준히 단계를 밟아 올라온) 파트너들을 적극적으로 활용해야.
2014/11/11	스타벅스커피코리아(주)	100	70749	54345	3.0	2.0	3.0	4.0	2.0	0	1	기타	전직원		 1 	False	"머리로 일하는 곳이 아니라 기계같이 아무 생각없이 일을 운동 삼아 할 수 있음."	직원할인이 있어 힘든 일에 대한 조그마한 보상을 받을 수 있음. 파트너들과의 관계도 개인이 잘 해나간다면 좋을 수 있다.	노동의 정도에 비해 급여가 너무 적음. 오랫동안 서있는 직업때문에 하지정맥류가 올 가능성이 있다. 바리스타 모습만 기대하지 말고, 멀티플레이어로 뛰어다녀야 함.	노동과 급여가 알맞은 기업으로 변화했으면 좋겠다. 파트너라는 명칭이 명칭으로만 남는 것이 아니라 서로를 생각하는 관계로 이루어 나가길.
2014/11/11	스타벅스커피코리아(주)	100	70749	54336	5.0	1.0	2.0	1.0	3.0	0	2	서비스/고객지원	전직원	서울	 0 	False	"복지는 비교적 충실한 편이지만 시급이 낮고 수당없는 시간외근무가 당연시되어있는 사내분위기."	승진기회가 공평하게 주어지고 지속적으로 성장하고있는 기업이므로 아르바이트가 아닌 직원을 목표로한다면 합리적임.	업무 외 개인시간을 투자해야하는 교육(동영상강의 등)이 많고 매장 분위기에따라 무수당 연장근무/휴일 자유롭게 신청불가등의 문제가 만연해있을 가능성 있음.	아르바이트생의 노동을 착취해 커피브랜드의 정상에 올라있는 스타벅스커피코리아. 이런 기업이 한국에서 승승장구한다는게 너무 씁쓸합니다.
2014/11/4	스타벅스커피코리아(주)	100	70749	51993	5.0	5.0	5.0	5.0	5.0	1	2	서비스/고객지원	현직원	서울	 0 	False	"알바중에선 원탑."	알바치고는 시간대비 높은 임금, 복리후생 정말 좋음, 수평적인 매장 문화.	매장에 따라 다르지만 대체적으로 일이 힘든 편입니다	대졸신입사원 공채 비중을 더 늘렸으면 좋겠습니다
2014/11/28	한국맥도날드(유)	100	3616	60340	3.0	3.0	3.0	3.0	3.0	0	1	서비스/고객지원	전직원	울산	 0 	False	"생각보다 유기적으로 관리가 된다"	열심히 한다면 승진의 기회가 자주 온다	일이 힘들고 밤 새는 근무가 있어 생활리듬이 깨진다	아르바이트생에게 조금만 더 신경을 써준다면 알바 관리가 쉬울듯
2014/11/25	한국맥도날드(유)	100	3616	58755	3.0	3.0	3.0	3.0	3.0	0	1	서비스/고객지원	현직원	서울	 0 	False	"서비스업이 얼마나 어려운지 확실하게 깨닫게 되는 계기가될수있다 그만큼 서비스업은 확실히 알수있을것이다"	글로벌 기업에서 일하는만큼 마인드나 복지가 잘된편이고 말단때부터 사람관리와 업무를 총괄할수있는 기회가주어짐	일의양만큼 보수가 세지않다 남자가여자보다 적어서 남자는 굳은일을 많이하는편 여자라고 굳은일안하려는 직원들이 대다수 온갖루머가 난무하는편	매장의 수치적인 상황에만 치우치지말고 맡은 매장내부의 크루부터 매니저전체적인 커뮤니케이션과 일의효율을 높이고 퇴사율이 적게할수있는 방법이 필요하다고생각함
2014/11/18	한국맥도날드(유)	100	3616	56378	4.0	4.0	3.0	3.0	2.0	1	2	영업/제휴	현직원	경남	 0 	False	"뉴에게나 하는만큼 인정받고 대우해줌. 긍정적인 서비스마인드가 필요함. 사람관리능력"	서비스직 최고 연봉. 자신의 업무만 밀리지않는다면 한달 10일휴무를 편하게보냄 그리고 원하는날 휴무신청 미리가능사람대하는법을 배움. 알바가 많을수록 일하기 편함.연차는 따로있음.	여자직원이 많아 사고방식에 있어 갈등이 자주생김.알바 없으면 매우 힘이듬. 매니져끼리 단함이 안된다면 최악의 분위기임 서로의 친목이 중요.진상고객 하루에 한명은 꼭 있음.	지역특성에 맞는 매장지원! (옆가게 타업체는 시급이 7500원이면 우린 최저인금에 수당포함? 아무도 지원안한다 직원구인방법은 너희가 알아서하라는식? 직원이 극히 구하기힘든 공업단지는 어느정도의 특혜 가 있어야할것같다.)직업에 대한 자부심을 느낄수있는 사원증은 어디에...? 타지역 매장에서도의 직원할인
2014/11/13	한국맥도날드(유)	100	3616	55247	4.0	4.0	5.0	5.0	4.0	1	2	경영/기획/컨설팅	현직원	서울	 1 	False	"글로벌 프랜차이즈 외식업계에서의 경험"	자유로운 분위기. 칼퇴근. 자유롭게 휴가 사용 가능.	부서별로 분위기의 차이가 큼. 팀장의 성격에 따라 나뉘는듯	국내본사의 의사결정권한이 약한듯
2014/11/11	한국맥도날드(유)	100	3616	54357	3.0	3.0	3.0	4.0	1.0	1	2	경영/기획/컨설팅	현직원	서울	 1 	False	"매장 운영(인력, 서비스 등) 등 업계 시스템 전반을 완벽하게 배울 수 있는, 적어도 외식 업계 최고의 회사"	- 글로벌 외식업체 1위로서의 위상 및 시스템 - 국내 기업보다 월등하게 합리적임 - 매장에서 시작했더라도 학력이나 성별 차별 없이 성장 기회가 동등하게 제공됨	- 글로벌 회사답게 시스템은 굉장히 훌륭하나, 한국 마켓에서는 잘 적용되고 있는지 의문- 크루(아르바이트)부터 시작한 직원들도 많은만큼 평등하고 차별도 없지만 맥도날드 출신/비출신으로 나누는 문화는 회사의 성장을 가로막는 하나의 한계가 될 듯 - 오래 일한 직원들의 경우 본인들의 경력을 개발해 이직하는 사람이 많이 없고 맥도날드 출신이 아닌 실무 직원들의 경우 내부 성장에 대한 욕구가 있더라도 실현되는 경우가 거의 없음	- 오퍼레이션팀 외에는 크게 교육기회가 많지 않고, 본사 조직도 운영팀이 아닌 지원부서 정도 역할로만 한정하는 듯. - 직원 개인 개발에 좀 더 힘 써 줬으면 좋겠다.
2014/11/1	한국맥도날드(유)	100	3616	51202	4.0	3.0	2.0	3.0	2.0	1	2	서비스/고객지원	현직원	부산	 0 	False	"체력이 있으면 이길수 있고 여자가 일하기 좋은 직장"	육아휴직 출산휴가 눈치 없이 쓸수 있다능력있고 욕심있으면 빠른승진가능	체력이 매우 소모됨감정적인 직업이다 알바부터 고객까지	지방 발령시에 지원 더 해야함
2014/11/28	(주)하나투어	100	49174	60251	3.0	1.0	3.0	3.0	3.0	1	2	영업/제휴	현직원	서울	 1 	False	"여자들이 일하기 좋은 회사"	기업의 평균 연령이 30대로 아주 젊은 분위기를 느낄 수있다.	비교적 짠 연봉과 복지수준을 가지고 있어서 돈을 보고 들어올 회사는 아닙니다.	연봉과 복지 수준 좀 높여주시길
2014/11/28	(주)하나투어	100	49174	60176	4.0	2.0	2.0	4.0	1.0	1	2	IT/인터넷	현직원	서울	 6 	False	"'여행'에 대한 꿈보다 '여행산업'의 비전에 대해 고민하고 지원할것. 아니면 흐리멍텅한 꿈이나 꾸다가 깨고나면 여기에 글남긴 다른이들 같이 투덜대며 연봉 얘기나 하는 신세가 될것."	대한민국 1위의 자부심. 시장을 선도하는 다양한 시도를 하는 기업으로 타기업보다 훨씬 다양한 업무 체험가능. 스마트워킹으로 자유로운 출퇴근시간 조정가능. 직원간 친밀도가 남다른 사내문화. 본인만 잘하면 연중 해외출장 기회는 많음.	부서간 이기주의가 발생하는 단계. 경영진의 경험부족으로인한 무작정 대기업 따라하기 스타일 조직관리도 한몫함. 연봉 불균형으로인한 사내 사기저하 분위기가 가라앉질않음. 대책없는 사업 확장 후 회복이 더딤. 이는 곧 성과급 하락으로 이어지는중.	임원들이 사사건건 직접적인 세부 업무에 간섭하고 평가하려는 기질을 버리질 못함. 특히 일부 영업부 임원은 뚜렷한 실무 경력이나 능력이 부족함에도 조직을 마음대로 지휘해 복구불가능한 사고를 침. 전략적 사고를 할 자신이 없으면 유능한 직원을 볼줄아는 안목을 키우고 그들을 믿을것.
2014/11/23	(주)하나투어	100	49174	58148	5.0	1.0	4.0	4.0	3.0	1	2	경영/기획/컨설팅	현직원	서울	 10 	True	"여자들에게는 정말 좋은 회사. 여행을 좋아하고, 여행을 자주 나가고 싶은 사람에게는 기회가 많은 기업"	젊은 조직문화, 비교적 덜 보수적이고 수평적인 문화.업종자체가 성장산업인데다가 여행뿐만 아니라, 미디어그룹, 문화공연 등 사업다각화로 지속적인 사업모델을 구축하고 있고변화를 많이 주고 있는 회사.업계의 독보적인 선두기업	대졸 연봉치고는 심히 적은 연봉. 초과근무해도 추가수당 없음. 물론 초과근무가 많지는 않음.연봉이 적은 이유는 그만큼 업무강도도 덜하고 덜 힘들어서임.	월급좀...
2014/11/18	(주)하나투어	100	49174	56765	3.0	1.0	3.0	4.0	3.0	1	1	특수계층/공공	현직원	서울	 0 	False	"합리적인듯 보이면서도 뭔가 얍삽한 연봉제도"	정직한 상품을 판다는 자부심을 가질 수 있다.	연봉이 치명적인 단점이며 개선의 여지가 없어보인다.	괜찮다 싶으면 그만두는 직원이 많습니다. 마음이 아픕니다.
2014/11/5	(주)하나투어	100	49174	52744	3.0	2.0	4.0	4.0	2.0	0	1	경영/기획/컨설팅	전직원	서울	 1 	False	"여행업계가 대체로 박봉이다. 업계 1위라는 하나투어도 초봉 2400에서 왔다갔다한다."	업계 1위. 이 부분 정말 무시 못한다. 자유로운 사내분위기. 다른 회사에 비해서 출근과 퇴근이 자유로운듯	여행산업이 성장한다지만 갈수록 패키지로 먹고 살기 힘들 것이다. 하나투어만의 문제는 아니지만.	여행업 특성상 노동집약적인 것은 알겠으나, 신입사원 '숫자'를 많이 뽑기보다 있는 사람들 한 푼이라도 더 챙겨주시라.
2014/11/27	롯데지알에스(주) 롯데리아	100	78632	59538	3.0	3.0	1.0	3.0	2.0	0	1	서비스/고객지원	전직원	부산	 2 	False	"제대로 된 교육없이 스스로 하기를 바람.여자가 일하기엔 좋은복지제도.그럼에도 불구하고 이직률이 높은이유는 일정치 않는 퇴근시간. 휴일 날 호출 및 업무지적. 심야 업무 등3년정도만 견디면 괜찮을것같긴 함..그전에 때려치우지만 않는다면.."	복지제도가 좋음생각보다 연봉이 꽤 셈.많은 사람을 만날 수 있음.	휴일날 호출 밎  업무지적.퇴근시간이 매우 불규칙. (퇴근을 찍고 업무를 함)잦은 회식자리.	불필요한 교육이 아닌 업무에 관해 효율적인 교육이 필요한 것 같습니다.
2014/11/25	롯데지알에스(주) 롯데리아	100	78632	58876	1.0	1.0	2.0	1.0	1.0	0	None	서비스/고객지원	전직원	서울	 0 	False	"20대 극초반에 아르바이트로는 할만함. 그이외는 비추 딴 일을 찾아볼것"	최저임금준수 햄버거를 맘대로 먹을 수 있음	텃세가 심함 스케줄이 없으면 알바를 하기가 힘듬	이상한 사내문화를 바꿔야함
2014/11/11	롯데지알에스(주) 롯데리아	100	78632	54240	2.0	1.0	4.0	3.0	3.0	1	None	서비스/고객지원	전직원	대전	 0 	False	"일한만큼 보상받을 수 있습니다."	1. 다른 사람들과 친하게 일할 수 있다.2. 업무 매뉴얼이 정확하다.	급여가 적고 일하는 날이 많고, 고객을 대하는게 어려움	마케팅을 잘 했으면 합니다.
2014/11/10	롯데지알에스(주) 롯데리아	100	78632	53917	2.0	2.0	3.0	2.0	2.0	0	1	기타	전직원	서울	 0 	False	"미래가없음 단기알바로는적정하나 오랜시간 일을하기에는부적합"	다양한복지와 급여가 다른알바와같은것에비해 좋음	군대식문화 일하는시간이너무 뒤죽박죽임	조금 더직원을위해 경영해주시면감사합니다
2014/11/28	(주)세스코	100	71990	60278	3.0	2.0	3.0	4.0	3.0	1	2	기타	현직원	경기	 5 	False	"세스코란 회사를 보면 인테넷으로만 보면 힘들고 박봉에 비전이 없다고 합니다. 어디든 직장인들의 스트레스는 같죠. 하지만 자기 자리에서 열심히 하다 보면 언젠가 기회가 옵니다. 자부심을 같는 회사죠 저도 처음엔 별거 아닐고 생각 했는데 6주 라는 교육을 받고 이 회사에서 열심히 해야 겠다고 결심했습니다."	힘들지만 자부심과 책임감이 생기며 기회가 된다면 해외 취업도 가능한 곳	인력도 없고 인프라 구축이 아직 쳬계적으로 되어 있지 않아 입사 희망자들이 없어요 급여가 적음. 한달 한달 숨만 쉬게 하는 월급	회사가 발전하고 싶다면 어느 정도 급여와 인력 구축 시스템 개발에 노력 하였으면 좋겠습니다. 회사가 있을려면 직원이 있어야 하는데 박봉에 힘든것 때문에 금방 그만 두는 직원이 많습니다.
2014/11/18	(주)세스코	100	71990	56683	3.0	2.0	3.0	3.0	3.0	0	1	영업/제휴	전직원	대전	 3 	False	"지점마다 분위기가 틀림 . 영업직인데 돈이 적은 편임"	약간 수평적인 기업 문화임 . 지점마다 틀리지만 실적압박이 그리 심하진 않음	돈이 적고 영업외 잡일을 해야할때도 잇음. 이것저것 신경 쓸게 많음	연봉인상
2014/11/17	(주)세스코	100	71990	56295	2.0	1.0	2.0	1.0	2.0	0	None	영업/제휴	전직원	부산	 0 	False	"박봉, 실적압박, 미래불확실한데 오지마세요.."	영업직이지만 회사에서 차량 지원, 유루비 지원	식대 포함 월급이에요. 생각 보다 돈 많이 나갑니다 박봉이에요실적 압박 지점마다 다르겠지만 압박 좀 쎕니다..	70-80년대 경엉 마인드 보는 거 같습니다.좀 개선하세요 재직자를 키울 생각을 하세요
2014/11/4	(주)세스코	100	71990	52293	2.0	1.0	1.0	1.0	1.0	0	1	경영/기획/컨설팅	전직원	서울	 3 	False	"겉보기에는 대기업, 속에는 중소기업"	세스코 브랜드의 높은 인지도와 매출의 안정성	중소기업 수준의 경영진 마인드와 낮은복지	직원의소중함을 모름
2014/11/14	씨제이푸드빌(주)	100	23183	55584	3.0	4.0	2.0	4.0	3.0	0	1	경영/기획/컨설팅	전직원	서울	 2 	False	"CJ자체가 아무래도 여자들에게 좋은직장(?) 으로 알려져 있기때문에, 회사건물안에 유치원도있고 슈퍼도있고(동대문본사) 그런건 괜찮은것 같다. (생활기업의 특징?) 하지만 여기도 부서 나름인듯.. 내 동기 부서는 퇴근시간 지키는 부서라 점심도 각자 먹고 할일 다하면 퇴근. 어떤부서는 눈치보고 일없어도 무조건 몇시간 더 남아야했음.."	CJ라고 하면 생활기업/음식문화 기업이라는점?	직원복지라고 하지만 결국은 돌고도는... CJ직원들은 알아들을이말. 대기업이라 조금 힘들겠지만, 유연한 문화가 조금 더 필요하다고 생각함.	...
2014/11/13	씨제이푸드빌(주)	100	23183	54944	4.0	2.0	1.0	3.0	3.0	0	None	경영/기획/컨설팅	현직원	서울	 0 	False	"개인의 삶을 포기하고 야근과 업무에 매진 할 생각이면 매우 좋은 선택"	야근업무를 배울 수 있음 쓸 시간이 없는 복지 포인트(가족이 좋아할듯)승진기회	잦은야근군대식 상명하복상사눈치가족을 버리고 일에 올인 해야함맥도날드 시급보다 못한 급여	근무강도에 맞는 적절한보상
2014/11/10	씨제이푸드빌(주)	100	23183	54103	3.0	2.0	1.0	3.0	3.0	0	None	미디어/홍보	전직원	서울	 0 	False	"일에 치여살 자신 있다면 추천..."	분위기 좋음. 일층 지하 씨제이브랜드 편하게 쇼핑 할인 혜택	일과 삶의 밸런스 제로..........	비효율적 컨펌 줄이기
2014/11/9	씨제이푸드빌(주)	100	23183	53720	4.0	3.0	3.0	5.0	4.0	1	2	서비스/고객지원	전직원	서울	 0 	False	"서비스업계 쪽에서는 대기업이기 때문에 경력쌓기 좋다."	CJ임직원 혜택이 좋아서 주변사람들이 좋아함.	타 기업에 비해서 연봉이 작은편임. 상여금은 별도.	연봉을 좀 올려주는게 좋을것 같음.
2014/11/6	유베이스(주)	100	87279	53015	3.0	3.0	4.0	4.0	3.0	0	1	서비스/고객지원	전직원	경기	 1 	False	"박봉이지만 안정되고 오래일할분은 추천"	인원수로 대기업으로 분류되어 있음 비교적 안정적이며 인내심있게 버티면 관리자로 될 가능성이 높음 다양한 연령대 상담원들이 많아 사내분위기가 가족 같은 장점이 있음	박봉에 상담 스트레스는 좀 심함 상담받는 콜수로 등수를 메기므로 편법을 쓰는 사람들만 인센 챙기는 불합리함이 있음 계약 업체에서 받는 상담원 1인당 지급 급여액이 상담원에게 주는 급여와 상당한 차이가 있음예) 계약업체 지불:200만 실상담원급여:130만	인센지급의 기준을 상담질로 따져 준다면 상담 품질 향상에 도움이 되며 협력 업체 좋은 인상으로 재계약 가능성이 높아질 것임
2014/11/30	아워홈(주)	100	68269	60876	2.0	1.0	2.0	3.0	1.0	0	None	연구개발	전직원	경기	 3 	False	"허울은 좋으나 실상은 그렇지 않은 회사로 갖춰 놓은 것에 비해 주먹구구식 일처리"	회사에 만족하는 사람이 없어 직원들 간의 머리싸움은 없고 근근히 버티다 보면 망할 위험은 없는 회사. 출산과 육아 휴직이 자유로운 회사	철저한 오너 중심의 경영으로 체계를 갖춘 업무처리가 아닌 말 한마디가 더욱 중요하게 여겨지는 회사.	다른 기업에 대한 열등감을 갖으면서 앞서나가기 위한 제도와 문화 개선을 왜 하지 않는지 궁금함
2014/11/29	아워홈(주)	100	68269	60529	3.0	3.0	2.0	3.0	2.0	0	2	경영/기획/컨설팅	전직원	서울	 0 	False	"안정적임"	다양한 복지제공 수평적인 분위기 함께 성장가능	어디나 그러겠지만 눈치껏 잘살아남으셔야합니다	격변의 시기를 잘 대처하길
2014/11/21	아워홈(주)	100	68269	57876	2.0	3.0	3.0	3.0	2.0	0	1	서비스/고객지원	현직원	경기	 1 	False	"어느회사든 부서배치를 잘받아야 하는듯..."	영양사들이 일하기엔 시스템적인 환경이 좋다고들 합니다.	영양사 위주로 돌아가는 회사. 일방적인 고과평가.	과거 위치해있던 호텔들의 동선을 따라가지 말고 부디 코엑스에 대한 투자가 성공적이길 바라네요.
2014/11/19	아워홈(주)	100	68269	56998	3.0	2.0	3.0	4.0	3.0	0	2	영업/제휴	전직원	서울	 0 	False	"식품기업중에서도 압박이 적지만 그만큼 연봉도 적은편"	급식사업 2위로 안적정직 수익구조 /  대부분 칼퇴 / 식품 쪽 신사업 진출로 높은 성장 가능성 /	낮은 연봉 /  영업의 경우 압박은 있음/	딱딱한 조직구조 체질개선
2014/11/10	아워홈(주)	100	68269	54088	3.0	2.0	3.0	3.0	1.0	0	None	경영/기획/컨설팅	현직원	서울	 2 	False	"비교적 편하게 다닐 수 있습니다. 일을 배우겠다거나 큰 포부를 가졌다면 지원하지 않는게 좋습니다."	많은 기대를 안하면 속 편하게는 다닐 수 있습니다.	굉장히 보수적이고 수동적인 분위기입니다. 대세에 뒤쳐지는 감이 좀 있어요. 윗분들 때문에 상당히 힘들고요.	훌륭한 인재들을 모아놓고 왜 믿지 못하고 감놔라 배놔라 사사껀껀 간섭을 하시는지,, 직원들을 믿고 맡겨주세요.
2014/11/2	아워홈(주)	100	68269	51530	3.0	3.0	3.0	2.0	2.0	0	2	경영/기획/컨설팅	전직원	경남	 2 	False	"식품업계에 뛰어든지 오래 되지 않은 기업이라 함께 커나갈 사람이라면 추천합니다"	새롭고 신선한 기업입니다. 마음만 먹고 열심히 한다면 회사와 동반성장이 가능함	야근이 잦고 반복적인 일상에 매너리즘에 빠지기 쉽습니다	돈보다 사람을 먼저 생각할 수 있기를 바랍니다
2014/11/21	아웃백스테이크하우스코리아(유)	100	86465	57584	3.0	1.0	2.0	4.0	2.0	0	1	서비스/고객지원	현직원	경기	 0 	False	"초기에는 일하는것이 체력적으로 힘들지만 사람들과의 정때문에 못그만둠"	인적네트워크가 끈끈하고 일 배우기 좋다	복지 문제 심각하다 체력적으로 힘들다	제발 일반 사원들 복지 좀 개선해주었으면
2014/11/11	아웃백스테이크하우스코리아(유)	100	86465	54138	3.0	3.0	2.0	4.0	3.0	0	None	서비스/고객지원	전직원	서울	 0 	False	"사회초년생으로 잊지못할 경험이었음 서비스직을 원하는 분에게 시작으로 좋은 일"	동료와의 즐거운 분위기 서로 힘들때 도와주는 서비스직의 좋은 예	노력이나 일하는거에 비해 약한 연봉과 삶과 일이 겹쳐져 정상적인 생활이 안되는점	화이팅하시고 열심히해서 저도 많이배웠습니다 감사했습니다
2014/11/5	아웃백스테이크하우스코리아(유)	100	86465	52757	5.0	4.0	4.0	1.0	2.0	1	None	서비스/고객지원	전직원	경기	 0 	False	"서비스업에 종사할 계획이라면 아주괜찮음"	서비스에 대한 교육이 철저함여러가지 상황에 대한 매뉴얼이 존재함	잦은 직원변동알바생이 거의 대부분이고 루머가엄청남	없음
2014/11/4	아웃백스테이크하우스코리아(유)	100	86465	51967	4.0	2.0	2.0	4.0	1.0	0	None	영업/제휴	전직원	대전	 0 	False	"패밀리레스토랑에선 최고. 서비스하면 아웃백. 외식업의 서비스늘 배우고 싶다면 강력추천"	상사와의 수평적 구조 상사가 누구냐에 따라 다르지만 대부분 내리갈굼은 없음. 열심히하고 약간의 운만 따라준다면 진급은 쉽습니다	요즘은 많이 없어졌지만 최고의 진상손님이 다 아웃백으로 대접받으러 오려는거 같음. 사장이 바뀌면서 경영체제가 그저 할인으로 수입구조를 의존하는 경향이 큼	아웃백만의 신념과 원칙을 버리지 않았으면 함. 경영적 기술과 신념과 원칙먀 잘지켜나간다면 어떤 회사보다 일하기 좋은 회사 다니고 싶은 회사 남부럽지않은 회사가 될 수있다고 봅니다.
2014/11/1	(주)커피빈코리아	100	53841	51245	3.0	3.0	3.0	3.0	2.0	0	1	서비스/고객지원	전직원	경기	 2 	False	"이름값에 비해 과대평가된 느낌이 있음."	1. 최고급 에스프레소 머신 LA CIMBALI를 사용할 수 있다는 것은 큰 매력.2. 근무시간을 탄력적으로 운용할 수 있음, 은행업무를 보기 수월.3. 커피 품질은 여타 프랜차이즈보다 우수함, 커피를 좋아하면 추천.	1. 바리스타로서 성장하기는 어려움.2. 대기업 프랜차이즈 커피전문점에 훨씬 못 미치는 복지.3. 진급이 빠르나, 허울뿐인 직책이라는 생각이듬.	직원 복지 개선이 시급함.
2014/11/17	(주)호텔신라	100	47377	56209	2.0	2.0	3.0	3.0	3.0	0	2	경영/기획/컨설팅	현직원	서울	 0 	False	"면세 사업쪽은 해외로도 계속해서 입찰을 하기때문에 앞으로도 회사는 성장할 것으로 보임.조직은 굉장히 수직적이고 보수적임."	부서 및 파트마다 다르긴 하지만 야근 강요는 없는 편.남녀 임금 및 승진 차별도 없다.	회사의 규모에 비해 지니차게 비루한 시스템으로 쓸데없는 시간을 너무 많이 잡아 먹는다.	실무자들의 효율적인 업무를 위해선 시스템 개편이 절대적으로 필요함.
2014/11/2	(주)호텔신라	100	47377	51400	4.0	4.0	3.0	3.0	3.0	1	2	경영/기획/컨설팅	전직원	서울	 0 	False	"서비스업의 특성상 많은 스트레스를 업무중 받는다하지만 자긍심과 회사에서의 배려는 좋은 회사특별한 경험.... 추천"	국내 최고수준의 호텔임에 큰 자긍심을 갖음보람이 큰 조직임에는 틀림없음	아무레도 끊임 없는 서비스 마인드 함양은 필수	...
2014/11/18	트랜스코스모스코리아(주)	100	51105	56710	4.0	2.0	4.0	3.0	2.0	0	1	서비스/고객지원	전직원	서울	 1 	False	"애플 전화기술지원팀으로 간다면 급여는 매우 실망스러운 수준. 대신 내부적으로 애플과 관련된 팀을 몇개를 운용하기 때문에 팀을 옮기기는 전반적으로 쉬운편임. 온라인 스토어나, iTunes e-mail지원팀으로도 갈 수 있음. 단 교육을 받고 시험을 본다는 전제하에서. 혹시나 애플에서 일하게 될 수 있을꺼라는 생각은 버리는 편이 좋음."	교육은 정말 철저하게 시켜줌. 애플에서 나오는 자료들만 공부해도 전문가수준으로 발돋움이 가능함. 기회가 되면 급여의 빠른 상승도 가능함.	급여는 부족함. 팀장에 따라 팀원의 분위기가 극단적으로 갈림. 애플 아시아-퍼시픽에서 파견나오는 사람에 따라 분위기는 매우 달라짐. 설문 평가가 절대적이기 때문에 자신이 잘하더라도 설문평가가 낮은 평가가 나오면 1:1교육이 이뤄지고, 만족도가 일정퍼센트 이하라면 팀 강등도 가능함. 퇴사율은 매우 높은 편임.	직원들을 오래다니게 하고 싶다면 직원들 멘탈관리를 할 수 있도록 조치해주길 바람.
2014/11/14	트랜스코스모스코리아(주)	100	51105	55590	3.0	3.0	2.0	3.0	3.0	1	1	경영/기획/컨설팅	전직원	서울	 1 	False	"안정적이긴 하나 답답하기도 한....."	업계 우위의 안정감. 일정 수준의 복지. 체계적인 업무 구조	일본계 회사 특유의 답답함. 버티면 살아남기도 하고 눈에 벗어나면 가차없기도 하고....	좀 더 공적인 시각이 필요하지 않을까요?
2014/11/13	트랜스코스모스코리아(주)	100	51105	55000	2.0	2.0	4.0	2.0	3.0	0	1	IT/인터넷	현직원	서울	 0 	False	"일본계 업체는 이런것이다 라는걸 느끼고 싶은 분"	아웃소싱 업계에서는 Top 순위에 드는 곳이며, 재정건전성이 높아 월 급여는 따박따박 들어옴.	아웃소싱 업체로써 모든 역량이 콜센터에 집중되어 있어 다른 사업부에 대한 투자는 미미함.	콜센터 업무로는 회사의 성장에 한계가 있습니다. 다른 사업분야에도 투자해 주세요.
2014/11/12	트랜스코스모스코리아(주)	100	51105	54708	2.0	3.0	2.0	3.0	1.0	0	None	영업/제휴	전직원	서울	 4 	True	"카드사 부가서비스 아웃바운드 텔레마케터로서 일했습니다."	텔레마케팅쪽 에서는 높은 보수를 받을 수 있습니다. 업무 중간중간 인센티브도 받을 수 있구요.cs쪽 관심있고 서비스정신 높고 강한 멘탈을 가지신 분들이라면 잘 버티실 수 있을거에요.	1. 감정노동의 끝판. 여기서 버텨내면 어떤 곳에서든 잘 버틸 수 있을거에요,2. 팀장들이 실적 압박 장난아니게 줍니다. 화장실 가거나 쉬려고 조금만 이석걸어놔도 바로 풀고 콜하라고 소리질러요.3. 한국의 모든 진상들을 만날 수 있습니다.4. 복지따윈 없다.	사람대접좀 해달라. 전화하는 기계가 아니다.
2014/11/26	씨제이푸드빌(주) 빕스	100	91680	59273	2.0	2.0	2.0	4.0	3.0	0	1	서비스/고객지원	전직원	경기	 0 	False	"서비스직에 열정이 있고, 요식업에 열정만 있다면 해볼만 함. 낮은 연봉이 조금 문제이지만, 많은 것을 배울 수 있는 기틀이 마련되어 있음."	서비스 및 요식업에 있어서 경력 쌓기 좋은 환경. 분위기도 좋은 편이라 능동적으로 움직이고 일한다면 좋은 생활 가능.	일 자체가 힘들 뿐만 이니라, 계절 및 시기별로 업무량의 편차가 큰 편. 항상 배운다는 자세가 필수사항.	사원들의 시간 배분, 복지에 약간 더 신경 쓰고, 조금 더 효율적이고 전문적인 사원 개발이 필요함. 퇴사자를 줄이려고 노력해야 하는 자세가 필요할 듯.
2014/11/16	(주)유니에스	100	87274	55829	3.0	2.0	3.0	1.0	2.0	0	1	디자인	전직원	서울	 1 	False	"규모가 크지만 규모에 바해 복지가 좋지 않음 명절 상여 및 휴가비 지급도 없음."	업계 상위권이라는 자부심을 느낄수 있음.	급여낮음 상여금 일절 없음.경직된 군대식 문화임	없음
2014/11/28	(주)에스텍시스템	100	89310	60514	5.0	4.0	1.0	2.0	3.0	0	2	서비스/고객지원	전직원	서울	 0 	True	"평생직장으로 보기엔 무리가 있는곳이지만 알바로써 일해보기엔 좋은 직장사내분위기는 군대분위기...하지만 근무지마다 다르지만 좋은회사사옥의 보안이라면 식대는 싸고 맛있음 제 지인에게 추천하고 싶지는 않은 직장"	알바치곤 높은 월급, 근무환경 외 좋은 복지넓은 인맥 형성 가능, 보안회사 중 1위한때 삼성계열사, 나름 대기업, 많은 기회끈끈한 정	군대와 똑같은 회사분위기 Ex) 두발, 복장은 단정하게, 입사순으로의 선,후임 근무환경 최악Ex) 주말 없음, 근무는 주간주간 야간야간 비번 비번 이지만 비번 때 사람들이 부족해서 대치를 많이 들어감.	인력충원, 근무조건 개선
2014/11/27	에스원(주)	100	65658	60008	2.0	3.0	2.0	5.0	4.0	0	1	서비스/고객지원	현직원	서울	 0 	False	"연봉기대하지 마세요. 삼성이라고 다 연봉이 높지 않아요"	세콤은 모르겠지만 에버랜드의 빌딩솔루션은 상당히 좋다고 볼수있습니다. 여러 대회도 입상했기에 사장님이 매번 경찰청에서 주는 상만 받다가 아주 좋아하셨다고 하더군요. 커리어를 쌓고 싶다면 병원을 가라고들 많이 말합니다.삼성이라 씀씀이가 좋다.자기계발의 기회를 많이준다.커리어쌓기좋다- 빌딩솔루션의 장점임-	이직하려는 사람이 많다.삼성이 맞는지 모르겠다.너무 힘들고 연봉이 적다사람들은 이일이 쉬운줄안다	없음.
2014/11/24	에스원(주)	100	65658	58340	2.0	3.0	2.0	3.0	2.0	0	1	경영/기획/컨설팅	전직원	서울	 0 	False	"삼성이란 생각없이 다니기에는 그럭저럭 괜찬음"	끈끈한 구성원 간의 유대관계일을 체계적으로 배울 수 있음	군대식문화일과 가정의 조화가 전혀 없음	사람을 쪼는 기업문화가 사원들을 지치게합니다
2014/11/23	에스원(주)	100	65658	58226	4.0	1.0	3.0	2.0	2.0	0	2	경영/기획/컨설팅	현직원	서울	 0 	False	"삼성 그룹이지만 삼성 그룹 같지 않은 계열사."	현찰이 오고감으로써 재무건전성이 우수.삼성 계열사 답게 동종업계 복리후생 및 급여는 우수한 편	군대식 낡은 조직문화 팽배하며 보여주기식 웃음은 제발 그만	입으로만 혁신 혁신 하지 말기를.
2014/11/14	에스원(주)	100	65658	55335	3.0	4.0	3.0	2.0	2.0	1	1	경영/기획/컨설팅	전직원	서울	 2 	False	"첫 직장으로 안정적이며 대기업의 프로세스를 배울 수 있지만 특유의 보수적인 기업문화 때문에 장기적으로는 매너리즘에 빠질 수 있음"	업계 1위의 위상과 삼성그룹의 복지 등	군대문화, 보수적인 경영진, 눈치보는 야근	비전의 공유가 실질적으로 이루어질 수 있게 중간관리자의 소통능력을 키울 수 있는 기업문화 조성이 필요
2014/11/8	에스원(주)	100	65658	53507	2.0	2.0	2.0	2.0	3.0	0	1	전문직	현직원	경기	 0 	False	"외국어 자격증이 있다면 해외로 언제든지 나갈수 있는 기업입니다."	세계로 점점 뻗어나가고 잇는 보안 회사.	회사 전체는 아니지만 팀별로 보수적인 팀들이 존재하는것 같다,	기술직이 따로 구분을 안해도 될것 같은 기술직인것 같습니다.
2014/11/18	한국마사회	100	86726	56449	1.0	4.0	4.0	3.0	1.0	0	None	서비스/고객지원	전직원	대구	 22 	True	"발매 PA ㅡ 이전엔 더할 나위 없이 좋았지만 강압적 서비스정신 주입교육으로 병들어있음. 단기 근무 대비 높은 급여를 원한다면 가길."	공기업이라 명절 및 기념일 등 복지 확실 급여처리 확실 상여금 확실해서 좋음 적응만 한다면 몸도 편해짐	최근 과도한 서비스정신 함양을 요구함 불필요한 장식치레용 서비스 제공을 강요하고 있음 (ex.아무도 보지 않을 때도 허공보고 인사, 허공보고도 늘 미소 짓기 등) 고객도 싫어하고 직원도 싫어하는 서비스의 역행을 보이는 중	서비스를 위한 서비스를 하지말고 제대로 된 서비스를 실천하길. 고객의 불편만을 초래하는 이벤트는 기획하지 말길.
2014/11/10	한국마사회	100	86726	53844	3.0	4.0	3.0	4.0	3.0	1	None	기타	전직원	서울	 2 	False	"신이 숨겨둔 직장"	업무량이 높지 않고 연봉은 꽤나 높은 편, 복지도 좋음	점차 사양산업의 길로 들어 선듯함.. 발전이 없어보임, 주말에도 출근	.
2014/11/11	이트너스(주)	100	13535	54455	3.0	1.0	3.0	1.0	3.0	0	2	IT/인터넷	현직원	경기	 0 	False	"이제 막 커나가는 기업이다보니 연봉이높지못하나 안정적임"	직무전환을 독려해서 다양한 경험을쌓게 도와줌 여성들이 일하기좋은기업 야근많지않음	업무의 진취적인 도전의식 결여 창의적인 솔루션을 밑에서부터 만들어나가야함 it솔루션 기업이나 시스템투자에 적극적이지 않음	직원교육에 투자 및 연봉상승률좀 더 잡아주길
2014/11/10	이트너스(주)	100	13535	54013	4.0	2.0	3.0	3.0	3.0	0	1	IT/인터넷	전직원		 0 	False	"IT 전문기업은 아닙니다. 기술력 보다는 실무현업 IT능력을 키워 SM 분야로 나가는 것이 좋을것 같습니다"	업무강도가 강하지 않음. 경영진이 IT에 대해 잘 모르기 때문에 의지만 있다면 내가 해보고 싶은 일을 할 수 있음. 대기업이 아닌이상 거쳐가는 회사로는 괜찮음	몇명안되는 스텝조직에서 정치가 심함. 술 많이 먹음	복지 향상이 필요함. 매출향상에 대한 의지를 더 키워야 함
2014/11/14	효성아이티엑스(주)	100	285	55520	2.0	3.0	1.0	1.0	1.0	0	1	경영/기획/컨설팅	전직원	서울	 0 	False	"안정적이지 못하고 스트레스가 심함. 한번쯤 경험해볼만함"	복지부분이 생각보다 괜찮음. 야근이 없다. 근처에 먹거리가 많다. 회식강요 없음.	스트레스가 심하다. 한번쯤 경험해보는것도 나쁘지 않음.	업무시 공부해야할 내용이 너무나 많음. 보다 접근성이 용이하고 빠른 전산화로 업무의 질을 높일 필요가 있음
2014/11/5	한국전기안전공사	100	89009	52749	4.0	2.0	4.0	3.0	3.0	1	2	기타	현직원	기타	 1 	False	"높은 연봉은 포기하고 일과 생활의 균형 조절이 유연한 근무를 하고 싶다면 추천."	전기 분야에서 안전공사하면 무시는 안받음. 고졸, 대졸간의 차별대우 없음. 본인 의지가 있다면 얼마든지 자기계발 가능. 기술직은 거의 외근으로 사무실 체질 아닌사람 추천.	1. 낮은 급여2. 나태해지기 쉬움.3. 사람 상대하다보면 딜레마에 빠져 스트레스가 쌓임.4. 낮은 급여만큼 일이 쉽지는 않음. 물론 사기업보단 근무 강도 약함.	직원들이 애사심을 가질 수 있게 해주었으면 좋겠다.
2014/11/14	대명레저산업(주)	100	82315	55355	2.0	2.0	1.0	2.0	3.0	0	1	전문직	전직원	서울	 1 	False	"기업 규모에 비해 대기업같은 마인드가 없는 회사"	업종상 업무 자체에 재미있는 부분들이 있는 편	동종업계에서 높은축의 연봉이라고 들었으나 1위와의 차이가 큼. 규모에 비해 상장이 안된 오너중심의 회사	마구잡이식 투자로 흑자를 내고 있는 부문의 직원들에게 박탈감을 주지 말길
2014/11/6	대명레저산업(주)	100	82315	52847	3.0	2.0	3.0	1.0	1.0	0	1	경영/기획/컨설팅	현직원	서울	 1 	False	"대졸지원자라면 사무직으로만 올것. 서비스직은 연봉 및 처우 다름"	콘도이용 및 오션월드 스키장 이용 등 회사 시설 이용 장점	능력 부족한 경영진. 비상장회사로 오너가 직접 경영하는 회사의 문제점을 다 가지고 있음.	새로운사업을 시도하는 것은 좋으나 조금 더 체계적인 조사와 검토를 통해 결정하였으면 함.
2014/11/25	피알원(주)	100	87461	59000	4.0	2.0	1.0	2.0	2.0	1	1	서비스/고객지원	전직원	서울	 1 	False	"PR에 뜻이 있고 가장 최전선에선 무슨 일을 하는지 배우려면 추천"	PR 업무에 대해서 배울 수는 있음, 그래도 업계에서 손가락에 꼽히는 규모	업무량이 굉장히 많고, 회사 분위기는 팀바이팀이라 평가하기 불가	업무 배분이 효율적으로 이루어졌으면 좋겠으며 정체성을 잡아야할 듯
2014/11/9	피알원(주)	100	87461	53729	3.0	3.0	1.0	2.0	1.0	0	1	미디어/홍보	현직원	서울	 2 	False	"홍보업계에 꿈이 있는 사람이라면 피알원은 정말 좋은 기반이 되어 줄 것입니다. 하지만 워낙 힘들다고 소문이 난 곳이기 떄문에 목표설정이 명확해야 힘든 생활도 버티며 나아갈 수 있습니다."	업계에서 인정받는 회사. 복지는 잘 되어 있는 편.	팀마다 성격이 너무 달라서 다른 팀이면 같은 회사를 다니는건지조차 알기 힘듦. 개인의 삶과 일의 균형이 잡히기가 어려움. 생각보다 상하간 소통이 안됨.	더 원활한 소통을 위해 조금 더 아랫사람들 말에 귀 기울이고 이해를 해 줄 수 있으면 좋겠다.
2014/11/6	피알원(주)	100	87461	52804	4.0	2.0	2.0	4.0	2.0	0	1	서비스/고객지원	전직원	서울	 2 	False	"PR을 업으로 삼는다는 것, 에이전시에서 PR을 한다는 것에 대해 한번 더 생각해 볼 것"	비교적 자유로운 분위기 직원들이 목소리를 낼 수 있는 기회 및 제도가 마련되어 있고 이 내용이 잘 반영되는 편	경쟁력 및 비전이 없다. 규모만 클 뿐 향후 발전할 수 있는 회사차원의 경쟁력 개발 및 투자 활동이 없고 오로지 직원의 능력에만 기대야 함.	회사 차원에서의 비전 및 전략도 함께 제시해줘야 하지 않을까.매년 같은 땅에서 직원들이 곡괭이질만 한다고 해서 좋은 작물을 수확할 수 있는 것은 아님.
2014/11/2	피알원(주)	100	87461	51502	3.0	3.0	3.0	4.0	2.0	0	1	서비스/고객지원	전직원	서울	 4 	False	"홍보인을 꿈꾼다면 기본을 배우기 좋은 회사."	홍보대행사 중 복지가 매우 괜찮은 편. 3년마다 1달 안식휴가가 주어지며 사내문화도 괜찮은 편. 언론홍보를 오랫동안 해온 회사라 관련 기반도 매우 잘 잡혀 있음. 다른 대행사와 비교한다면 야근이 죽어라 있는 편은 아님.	팀을 잘못 만나면 고생만 하다 나감. 팀을 바꾸는 것이 불가능. 홍보를 싫어하게 될 수도 있음. 윗사람들이 절대 바뀌지 않음.	능력없는 윗사람, 팀원들 자꾸 나가게 만드는 리더들은 조치를 해야 회사가 발전할 듯.
2014/11/16	(주)대학내일	100	86769	55904	4.0	4.0	2.0	4.0	4.0	1	1	경영/기획/컨설팅	전직원	서울	 0 	False	"회사이야기를 들을 수 있는 기회가 많으니 많이 알아보고 적합도를 확인하시는게 중요할 것 같습니다."	대학생들을 많이 만날 수 있는 것, 실무 경험을 몸소 느낄 수 있는 것. 사내 문화가 굉장히 좋고, 복지 및 급여도 좋음	철저한 성과제. 사수의 성향에 따라 일의 강도가 천차만별. 시스템 체계가 잡혀있지 않음.비전은 어떻게 발전하느냐에 따라 달라질 수 있다고 생각함. 한계가 없으면서도 있어보이는 분야.	시스템이 구축되면 구조적으로 안정될 것 같습니다.
2014/11/8	(주)대학내일	100	86769	53477	4.0	2.0	2.0	3.0	1.0	0	None	디자인	전직원	서울	 1 	False	"자유롭고 알아서 개척하는 스타일이 좋다면 지원해도 괜찮겠지만 그에 따른 감당이 엄청크다.한마디로 체계가없는 회사다"	나름 자유로운 분위기, 젊은사람들이 많음	알아서 일해야하고 책임감당을 다해야함 체계가 없음 한마디로 일잘하면 너가 잘하니까 더해 이런분위기임 체계가 없으니 책임회피가 굉장히 심함	광고대행사라면 디자인과 IT업의 이해도를 충분히 알고 경영해야하는 것 아닌가요?
2014/11/25	현대그린푸드(주)	100	47646	58805	3.0	3.0	1.0	2.0	2.0	0	2	영업/제휴	전직원	경기	 0 	False	"페이는 좋으나, 시스템이 오래된 느낌. 서류작성이라던지 문서작성이 너무 더딘편. 보고가 많고 회의가 많은 전형적인 업무로스가 많다.점점 변화하고 있는 점이 긍정적인면."	업계에서는 높은 연봉수준. 회사합병으로 인한 발전 가능성. (복지부분을 증가시키는 중)	옛날 회사 분위기. 까라면 까라는 문화.	업무로스를 최소화 하는 의사결정이 필요합니다.
2014/11/19	현대그린푸드(주)	100	47646	56843	4.0	4.0	3.0	4.0	4.0	1	2	IT/인터넷	현직원	경기	 6 	False	"대기업은 차이가 크게 나지 않으니 꼭 이곳에 도전하길 바랍니다."	대기업이라 급여와 복지가 좋다IT직무라 IT와 유통을 동시에 배울 수 있다	역시나 대기업이라 많은 업무와 약간은 보수적일 수 있는 분위기	매우 만족스러운 회사입니다.
2014/11/17	현대그린푸드(주)	100	47646	56038	4.0	4.0	2.0	3.0	4.0	1	2	서비스/고객지원	전직원	경북	 1 	False	"영양사로서는 업계에서 최고 높은 수준이라고 알고 있습니다. 급여는 괜찮은 편이나 복지는 그다지 큰 혜택은 없습니다. 영양사로 입사하실 경우 업장 복불복이 굉장히 큽니다."	승진기회나 부서 이동의 기회는 많은 것 같습니다. 영양사를 하다가도 일을 잘하면 간혹 본사로 발령받는 기회도 있는 것 같습니다.	앞서 말했듯이 업장 발령운에 따라 업무의 강도가 매우 달라집니다. 또한 복지 혜택도 타 기업에 비해서 적은 편입니다.	조금 더 직원들의 목소리를 들어주셨으면 합니다.
2014/11/15	현대그린푸드(주)	100	47646	55624	2.0	3.0	4.0	3.0	3.0	1	2	전문직	현직원	경기	 0 	False	"전문직과 사무직 급여  차이남  . 유통업계에선 짜지 않다고 하지만 .. 똑같은일을 하면서 급여 차이가 난다"	타사보다 스트레스 적음  나름 화기애애함 팀별로 상이	디테일이 떨어짐계열사가 합병을 해서 그런지 업무협업이 다소 불안정	상기와 같습니다 앞으로 지속적으로 성장하길 바라는 바입니다
2014/11/3	던킨도너츠(주)	100	92793	51746	2.0	3.0	3.0	3.0	3.0	1	1	서비스/고객지원	전직원	경기	 0 	False	"한번쯤은 경험해볼 알바"	커피,디저트제조를 배우는것이다른곳에 비해서 기준이높지않다일반 알바생에게도 바로바로 알려주고 만들수있게한다.	손님을가장해서 나오는 평가단같은 사람이 있다매달 한번씩은 나와서청소상태, 서비스친절도 등을 평가해서올리는데 좋지않은 피드백을 받지 않으려면손님한명한명에게 긴장해야한다	.
2014/11/12	(주)그린웹서비스	100	86851	54692	1.0	2.0	4.0	4.0	3.0	0	1	IT/인터넷	전직원	서울	 1 	False	"여자가 다니긴 좋은 회사인듯합니다.."	칼퇴근가능 본인업무만 처리잘하면 아무도터치안함 보건휴가 출산휴가 육아휴가 사용해도 눈치주지ㅣ않음	연봉이낮음 단순업무반복으로 자기발전이 없음	업무를더시키더라도 연봉을 올려줬으면 좋겟음
2014/11/27	한국피자헛(유)	100	2927	59761	3.0	4.0	3.0	4.0	4.0	0	1	영업/제휴	전직원	서울	 0 	False	"자유로운 출퇴근과 기업문화를 원한다면 추천"	아르바이트 생들이 더 많은 체게 덕분에 자유로운 기업 문화가 존재함	장점이자 단점이지만 아르바이트생들이 많아 직원 정규직의 입지가 좁음	공채가 잘 나지않아 아르바이트 출신들의 인력풀이 아까워요
2014/11/25	삼성웰스토리(주)	100	88148	58802	3.0	4.0	4.0	3.0	2.0	0	2	경영/기획/컨설팅	현직원	서울	 5 	True	"산업경쟁력이 낮고배울수있는것이 적음근무강도 양호하고부드러운조직문화"	출퇴근이 일정하고야근이적음업계 ㅣ위연봉삼성이라는 자부심	체계화되지못한시스템개인성장가능성이 낮음직무선택이 자율성이 낮음	자유롭고 수평적분위기공격적인경영체계적인 업무시스템
2014/11/25	삼성웰스토리(주)	100	88148	58742	3.0	3.0	4.0	3.0	3.0	0	1	경영/기획/컨설팅	현직원	서울	 0 	False	"미래 큰 성장가능성은 없지만 현재까진 안정적당히 다니고 적당히 즐길사람들이 오기 좋은 환경"	안정적 수입구조 여성이 일하기 편한환경	큰 발전가능성이 없는회사 회사에 힘이 없어 의사결정에 오랜시간 소요	.
2014/11/9	에스피씨그룹	100	87570	53730	4.0	4.0	2.0	3.0	2.0	1	2	경영/기획/컨설팅	현직원		 0 	False	"업무상으로는 힘든점이 있으나, 동종업계중 최고 대우이며 아직도 발전가능성이 있는 회사라고 생각합니다."	연봉수준 높은편, 복지제도 좋음. 빡세지만 노력하면 승진 및 정년까지 할수있을듯	대외적으로는 개방성과 창의성을 강조하나, 상당히 보수적인 편입니다. 현재 많은 변화의 시도를 하고있으나, 빠르게 바뀌는건 어려움	따로 없음
2014/11/3	에스피씨그룹	100	87570	51664	4.0	3.0	2.0	1.0	1.0	0	1	마케팅/시장조사	현직원	서울	 0 	False	"모든 업무는 매출과 연관되어있음. 매출이 빠지면 일이 갑자기 치고 들어오고 매출이 안정적이면 늘 하던 일을 하고 있지만 매출은 목표를 달성하면 상향조정 되서 늘 더 높아질 수 밖에 없다는."	식품업계의 삼성이라는 타이틀을 가질 수 있음 파리바게뜨나 던킨 등등 다수의 브랜드를 가지고 있어 사람들에게 이야기 하기 좋은.	군대문화 수직적인 문화 야근은 많지만 야근 수당은 없는 회사 직원 복지는 그냥 기본 정도 밖에 안되는 수준	직원 복지에 더 힘썼으면 좋겠고, 더 성장을 하기 위해서는 직업 문화를 획기적으로 바꾸지 않는 이상 회사에 충성하는 직원은 점점 줄어들 수 밖에.
2014/11/29	(주)한국코퍼레이션	100	63215	60642	1.0	1.0	3.0	1.0	1.0	0	1	영업/제휴	전직원	서울	 0 	False	"사무적이고 큰 변화없는 것을 좋아한다면 괜찮은 곳임"	앉아서 일하기때문에 편함능력을 발휘하면 금방 승진할거 같음	비전이 전혀 없음너무나도 단조로운 세상상담원이기때문에 스트레스도 장난으님	교육을 더 철저히 하길 바람
2014/11/28	(주)한국코퍼레이션	100	63215	60210	2.0	3.0	3.0	3.0	2.0	0	1	영업/제휴	전직원	서울	 0 	False	"티엠으로 방학기간 근무하였음. 티엠특성상인지모르겠으나 이석잘못함. 퇴근은 칼퇴"	칼퇴가능하며 당연한거지만 학생일때 일하면서 수당제대로받은적없는데 야그이나 특근시 수당 잘챙겨줌	최소 급여정도를 줌. 한달에 한번인가두번인가 테스트로 출근을 일찍하는데 이거는 수당책정이 안됨	일거리준 회사눈치를 상당히 보는데 자신기업만의 경쟁력을 갖기를...
2014/11/26	(주)한국코퍼레이션	100	63215	59350	1.0	2.0	2.0	2.0	2.0	0	1	영업/제휴	전직원	서울	 0 	False	"본사 지원 추천 그외는 그냥.. 직원임.."	공기업들과의 관계나 좋은듯 해 보임.업무강도 평이함.콜센터직원들은 정신적 스트레스 감수..	본사근무자들 외 업체직원들에게는 강사나 팀장이외의 메리트가 없음.	본사외 직원에게도 신경써주세요
2014/11/20	(주)한국코퍼레이션	100	63215	57210	4.0	4.0	5.0	5.0	4.0	1	2	경영/기획/컨설팅	현직원	서울	 0 	False	"프로젝트마다 다른 업무성향, 직원간의 끈끈한 팀워크"	평생 한 업무만 수행하지않고, 여러 업무 경험 가능.	프로젝트별 직원의 평균나이가 다소 차이가 있음	직원들의 복지에 조금만 더 신경써서 완벽해지길
2014/11/6	(주)한국코퍼레이션	100	63215	53014	2.0	3.0	3.0	3.0	2.0	0	1	서비스/고객지원	현직원	서울	 0 	False	"서비스업계 콜센터 같은곳을 연결해주는 아웃소싱회사 입니다"	아웃소싱을통해 항공사나 통신사 카드사 파견업무 가능	말그대로 파견업무이므로  소속되어있는 회사의 기존 월급보다 적게받으며 같은일을하게한다	직원들의 불만사항을 긍정적으로 받아들는  상사들의 적극적인 태도가 필요하다고 봅니다
