date	cname	industry_id	cid	cmid	possibility	pay	balance	culture	management	recommend	expect	job_kind	current	area	helpful_count	is_best	subject	good	bad	hope
2015/2/28	스타벅스커피코리아(주)	100	70749	87523	3.0	2.0	1.0	4.0	2.0	0	1	서비스/고객지원	전직원	서울	 1 	False	"알바라면 해볼만하다. 거의 모든것이 메뉴얼화 되있고, 복지또한 훌륭함. 정직원이라면(부점장,점장)이라면 일을 즐겨야 할수있는곳. 급여가 짠편이고 매장내에서는 수평구조이지만 점장이되면 전형적인 수직구조라는것을 알게된다. 점장 위로의승진은 정말 인생을 걸어야  한다. 매출압박과 위생관리 버틸수있다면 지원."	일해보면 왜 업계1위인지 알수있음.복리후생 뛰어남.서비스업이란 무엇인지 배울수있음.	젊을때나 할만함. 생각외로 엄청난 체력필요.점장이된다고 업무가 360도 바뀌는것이  아닌 알바일부터 점장일까지 모두해야함.감정노동(고객,알바,상급자)중 점장이 최약자.	알바시절부터 점장까지 약 10년 근무하였습니다.말로만이 아닌  진정으로 매장점장에 대해 다시 생각해보셨음 합니다. 점장들의 퇴사율이 점점높아지는 이유를.....
2015/2/23	스타벅스커피코리아(주)	100	70749	85978	4.0	3.0	3.0	4.0	4.0	1	2	서비스/고객지원	현직원	서울	 1 	False	"길게보고 일을 해야하는 곳 처음 적은 급여를 감당할 각오를 해야함"	다른 프렌차이즈 브렌드와 다른 자유로우면서도 체계잡힌 서비스 마인드를 갖을 수 있다. 복지도 좋은 편이고 일도 많이 배울 수 있는 기회가 있음	일하는 강도에 비해 적은 급여와 복불복 수준의 매장 분위기 같이일하는 사람들은 짬이 찰 떄까지 잘 버텨야 원활한편	적당한 프로모션과 적절한 인력배치가 필요할 것 같다
2015/2/18	스타벅스커피코리아(주)	100	70749	85083	2.0	2.0	3.0	4.0	2.0	0	1	서비스/고객지원	전직원	서울	 0 	False	"커피를 좋아하는 사람이면 일을 한번쯤 해볼만 하다.."	일하는 사람들 끼리는 수평적인 분위기유연한 시간활용모회사 직원할인	낮은 월급주말에도 근무잦은 직원 교체	효율적인 전달체계가 없음
2015/2/10	스타벅스커피코리아(주)	100	70749	83248	4.0	4.0	3.0	4.0	4.0	1	2	서비스/고객지원	현직원	서울	 1 	False	"스타벅스에 감동한 적이 있어 그 감동을 전달할 수 있다면 지원해볼것"	수평적 관계를 지향하며 일하는 모두를 생각하는 배려있는 기업문화동종업계에 있어서의 자부심	너무 세심함기업의 대변인으로 일하는 느낌이라 내가 아니라 닉네임의 나만 남는기분 같이 일하는 사람에 따라 분위기가 다름	커피를 넘어서 문화와 트렌드로 자리잡기위해 앞으로도 노력해주시길
2015/2/8	스타벅스커피코리아(주)	100	70749	82558	4.0	3.0	3.0	4.0	3.0	1	2	서비스/고객지원	현직원		 0 	False	"커피와 글로벌 기업에 대한 관심이 있다면 추천"	국내에서 영업중인 커피 프랜차이즈에서 리딩 컴퍼니	여초회사라 구설수에 민감함. 미국스타벅스에 매우 종속적인 회사 운영	스타벅스 본사와 신세계에 독립적인 아이덴티티가 있으면 좋겠음
2015/2/6	스타벅스커피코리아(주)	100	70749	82155	2.0	4.0	4.0	4.0	3.0	1	1	서비스/고객지원	전직원	경기	 0 	False	"수평적이고 자유로운 분위기"	근무일 2잔의 커피를 무료로 마실 수 있는 장점복지가좋음	승진이 어려움 점점더 치열해지는상황급여도 낮은편	전반적으로 분위기가 좋음
2015/2/23	한국맥도날드(유)	100	3616	85906	4.0	3.0	2.0	3.0	3.0	0	1	서비스/고객지원	전직원	서울	 0 	False	"근무가 유동적인것이 단점이고 근무강도가 매우높음 그러나 자신이 버티기만 하면 기회는 누구에게나 돌아가는듯"	세계적 기업이라는 나름의 자부심?과 그나마평등한 진급기회??	휴가를 제때사용하지못하며 연장수당은 기대하료ㅜ도 없음. 말이하우 8시간이지 매장에 하루죙일박혀있을수도있음	매장에 좀더 관심을 갖고 매장플로어직원들의 고충을 알아줬으면함
2015/2/16	한국맥도날드(유)	100	3616	84660	4.0	1.0	1.0	2.0	3.0	0	1	서비스/고객지원	전직원	대전	 0 	False	"세계적인 프랜창즈 기업이라고는 하지만 복지혜택이 턱없이 부족함. 매년 최저임금 인상 될 때마다 인건비 줄인다고 알바 근무 시간 조정 강요함. 결국 매니저들의 업무 가중화가 심해지고 기본 매장 관리 업무 외에 개인적 사무 볼 시간 없음으로 추가 근무가 당연시 됨."	업무 강도가 그리 세지 않고 분위기가 수직적이라기 보단 수평적인 분위기. 젊은 알바들과 일하면 회춘하는 기분...	업무 강요가 많음. 예를 들면 배달 사원 부족시 휴무인 매니저가 나와서 업무를 대신하는??	복지 수준이 턱없이 부족합니다.
2015/2/2	한국맥도날드(유)	100	3616	80818	3.0	2.0	2.0	3.0	3.0	0	2	서비스/고객지원	현직원	서울	 0 	False	"대학을 나왓다면 그다지 비추천"	자신과성격이맞다면재미붙혀서 할수있고 여자직원이 대다수임	여자직원이대다수라 남자직원들은 힘들수도있음	연봉인상이시급함
2015/2/12	(주)하나투어	100	49174	83973	3.0	2.0	3.0	4.0	3.0	0	1	기타	전직원	서울	 1 	False	"케바케이지만 하나투어는 직원들이 활발하고 좋으세요~"	자유로운 기업문화, 국내 1위 여행사라는 자부심, 직무순환제, 내부직원할인 여행, 1년에 3~5번정도의 해외 출장 기회	구내식당이 없음/ 연봉 / 업무가 많은 부서에 배치될 경우 그렇지 않은 부서보다 야근이 엄청나다(이 부분 무시못함)	연봉좀..
2015/2/7	(주)하나투어	100	49174	82372	3.0	2.0	3.0	4.0	3.0	1	1	영업/제휴	전직원	부산	 1 	False	"연봉이 작지만 여행을 좋아하는 사람들에게는 좋은 직장인 것 같다"	해외에 갈 기회가 많다 여성에 대한 복지가 잘 되어 있습니다	연봉이 사원들의 평균 이력에 비해 적고, 급여 상승률이 적습니다	좀 더 연봉체계가 상승되고 기회가 많아지길 바랍니다
2015/2/6	(주)하나투어	100	49174	82295	2.0	1.0	1.0	3.0	1.0	0	1	경영/기획/컨설팅	전직원	기타	 0 	False	"난 여행업밖에 없다 라는 사람에겐 국내 1위 기업"	여행 다닐때 남들보다 싸게 다닐수 있음. 기본적으로 사람들은 다 좋은 편임.	여행업이 너무 좋고 여행에 로망이 있는 사람이 아니라면 비추함.한국인들 외국가면 죄다 진상화하는 경향이 있어서 더 힘듬	그냥 그러한 점이 여행업의 한계라고 보기에 뭐라고 할말이 없음.  안타까울따름
2015/2/4	(주)하나투어	100	49174	81690	3.0	2.0	4.0	3.0	3.0	1	2	경영/기획/컨설팅	현직원	서울	 2 	False	"성장성과 안정성을 동시에 갖췄지만 배고픈곳"	업계1위 기업으로 자부심 있음. 육아휴직(남자도포함), 연차 사용 등이 자유롭고 해외여행의 기회가 많음.	주관적인 인사평가 제도, 공채와 수시의 계급차이가 존재하며 연봉이 절대 안오름	사람이 재산이라고 말만하지 말고 그 재산에 투자좀 해주세요~
2015/2/3	(주)하나투어	100	49174	81152	3.0	2.0	4.0	4.0	3.0	1	2	영업/제휴	전직원	부산	 1 	False	"여행업계 리더기업, 다만 아쉬운 연봉"	업계1위인만큼 개방적,수평적 가족같은 회사 분위기이다.보수적이란 느낌은 거의 느낄수 없다.지금도 성장하고있는 회사	급여면에서는 보수적인 느낌이 든다.상장회사이고 높은 연매출에비해 급여가 적은편임	기본금이나 보너스 상여금부분 조정이 되면 더 좋을듯함
2015/2/20	(주)세스코	100	71990	85284	2.0	2.0	4.0	2.0	2.0	0	2	영업/제휴	현직원	경기	 0 	False	"좋은기회가 있을 수 있는 기업"	지속 성장가능성 높음. 체계를 잡아가는 단계로 승진기회 빠를 수 있음	가족경영. 상장에 대한 기대 없음. 직원복지 없음.	구성원 미래에 대한 비전이 필요합니다
2015/2/10	(주)세스코	100	71990	83375	4.0	3.0	2.0	2.0	2.0	1	2	전문직	전직원	인천	 0 	False	"처음에는 몰랐으나 다시 입사를 하게 된다면 한번쯤은 생각해 볼 회사"	능력만 있다면 빠른승진과 함께 성과급을 기대해볼 만한회사! 철저한 성과주의가 눈에 보인다.	관료주의 그리고 각 지역의 센터장마다 분위기가 하늘과 땅차이이다.	회사 규모도 커지고 FS사업으로도 진출을 했는데 아직 경영진에 대한 것에 대하여 투명하지 않은것들이 많이 보였습니다.주식 상장도 하면서 더 투명해지고 복지및 후생에 관심이 늘었으면 좋겠습니다.
2015/2/23	씨제이푸드빌(주)	100	23183	85961	2.0	2.0	4.0	4.0	1.0	0	None	경영/기획/컨설팅	현직원	서울	 1 	False	"외식업에 평생 올인할 자신이 있다면 지원하세요."	좋은 복지와 님문화로 수평적인 인간관계가 장점.	적은 연봉과 거의 안오르는 상승률. 타계열사 대비 공채가 살아남기 어려운 구조임	공채들이 그만두고 입사 후 로열티가 낮은 원인을 분석해서 고쳐졌으면 좋겠습니다.단순히 낮은 연봉이 아닌, 힘들게 뽑고 들어온만큼 타계열사 공채들과 비슷하게라도다양한 경험이나 직무경험의 기회를 부여하면 좋겠네요.
2015/2/22	씨제이푸드빌(주)	100	23183	85602	2.0	3.0	1.0	3.0	3.0	0	None	서비스/고객지원	전직원	대전	 0 	False	"여성들이 젊었을때 경험쌓기좋음일중독에 독신으로 살거면 추천"	엄청난 업무량으로  젊었을때 다양한 업무경험하긴 좋은곳 급여도 최악이지만 그나마 복지는 대기업같음	직원을 노예부리듯 다룸 남들보다일찍 출근하고 늦게퇴근해야된다는  마인드의 전형적인 한국인기업잦은인사이동으로인한 기러기 아빠 신세	사람을위한 기업이 되길바람
2015/2/15	씨제이푸드빌(주)	100	23183	84412	3.0	2.0	3.0	4.0	3.0	1	1	서비스/고객지원	전직원	서울	 0 	False	"수평적 조직 분위기에서 고객 접점에서 현장경험을 쌓기 위해서는  좋은 회사"	분위기가 수평적임, 조직 분위기가 젊은 편, 문화생활을 많이 할 수 있음	급여에 비해 업무강도가 높고, 무엇보다도 체력적인 점이 한계가 올 때가 많음	업무강도가 높다는 것을 알아줬으면...
2015/2/1	씨제이푸드빌(주)	100	23183	80449	3.0	3.0	4.0	4.0	5.0	1	2	서비스/고객지원	전직원	서울	 0 	False	"경력 쌓기 좋은곳"	CJ 라는 이름과 타이틀이있고 경력에 쌓는데 많은 도움이 된다	승진하는데 많은 시간이 걸리며 자신의 노력에 따라 결정되어지는 것 이 많다.	업무 배분이 효율적인 것은 좋으나, 서로간의 팀워크가 더욱 향상되었으면 함
2015/2/24	유베이스(주)	100	87279	86042	3.0	2.0	3.0	3.0	3.0	0	1	IT/인터넷	전직원	경기	 0 	False	"콜센터 아웃소싱 업체중 선두자리를 다투고 있는 회사 입니다."	여직원들이 결혼을 하고 서도 다닐수 있는 회사 인것 같습니다.	콜센터 아웃소싱의 단점은 급여가 너무 적습니다.최저임금에서 조금더 주는 수준인것 같네요.	직원들 복지 및 연봉을 마니 올려줬음 합니다.
2015/2/22	유베이스(주)	100	87279	85555	3.0	3.0	2.0	4.0	2.0	0	None	서비스/고객지원	전직원	경기	 0 	False	"어느 사이트를 지원하느냐에 따라 만족도라 달라지는회사"	아웃소싱이지만 파견근무가 제한적이고 본인이 이 사이트와 안맞는다 생각되면다른 사이트로 이전도 생각보다 자유로움. 퇴사권고가 없음. 다른 사이트로 보낼지언정 퇴사는 시키지 않음.경력이 오래되고 인정받으면 관리자로 생각보다 쉽게 올라갈 수도 있음.	전문적인 교육을 받지 않은 사람이 관리자로 올라가다 보니 주먹구구식 운영이 빈범함	급여를 제대로 주세요.
2015/2/20	유베이스(주)	100	87279	85346	4.0	3.0	2.0	3.0	2.0	0	2	영업/제휴	전직원	경기	 4 	True	"알바로는괜찮지만 직장을 원한다면 제대로 어느분야인가 알아보고 할것"	복지는정말최고특히 회사내카페테리아 수면실 등 업무에 지칠때갈곳이많음승진도 비교적쉬움 오래일하고 성실하면 금방승진됨 경력학력과 무관한 성실성으로 승진	감정노동이다보니 업무스트레스는 최고거기에 쉬지못함.한만큼 벌기때문에 그만큼 일해야함장기간근무자가 거의없어서 항상구직공고란도배	급여제가 조금더 제대로되길하는일에비하면 급여가 높은게아님상담사라는 직업에대한 제대로된 케어가필요무작정 욕하는 이른바 무개념고객을 확실히 케어되면 직장으로는 최고의직장
2015/2/13	유베이스(주)	100	87279	84065	1.0	1.0	1.0	1.0	1.0	0	None	영업/제휴	전직원	경기	 1 	False	"사이트별로 업무 차이가 큼"	발전은 없지만 조용히 본인일만하고 퇴근하면 됨	각 사이트별로 인사평가 차이가 큼. 상담사도 관리자도 기계인줄 아는곳	말로만 좋은회사 좋은사람이 아닌 실천부터하는 회사가 되야함
2015/2/10	유베이스(주)	100	87279	83208	1.0	2.0	3.0	2.0	2.0	0	1	영업/제휴	전직원	서울	 0 	False	"상담업무를 업으로 생각하거나, 아르바이트로단기간 하려는 사람이면 괜찮음."	업무에 따라 다르지만 출퇴근 시간 확보를 할 수 있는점(어떤 업무를 하는지에 따라 다름)	비합리적인 업무 체계 - 효율적으로 인원 및 업무를 관리할 수 있는 틀이 없음..	업무 프로세스 개선을 해주세요.
2015/2/23	아워홈(주)	100	68269	85871	1.0	1.0	2.0	1.0	1.0	0	None	서비스/고객지원	전직원	경기	 5 	False	"제가 당신이라면 여기 지원안합니다. 이유는 첫째 인턴기간동안 협박을 당합니다.(시험 70점미만 무조건 탈락시킨다고 협박을 함.) 둘째 회사내 안좋은 술문화 내가 술을 못먹어도 억지로 술먹이게하는 문화가 있습니다. 회식하면 그날은 집 못간다고 생각하시면 됩니다. 셋째 기본연봉이 오히려 떨어지는 이상한 회사 몇년전에비해 지금 기본연봉이 더 낮음"	장점은 거이 없다고 봐야 합니다. 구지 있다면 주말에 근무시 무조건 12시간 일한것으로 계산해주는것 그래도 각 점포 점장들이 이것을 알기 때문에 조리장이나 신입조리사들은 주말근무시 거이다 12시간 풀근무.	잦은 술문화 ,희생강요 정말 이회사에서 최악인 점은 절대로 안알려준다는 마인드 신입에게 요리법을 절대로 안알려 줍니다.참고로 선배들한테도 물어보니 자기들도 여기 입사했을때 아무도 요리법을 안알려주고 내가 인터넷으로 찾아보면서 직접 만들었다고 한 사람들이 많았습니다. 즉 이회사에서 차근차근 배워가면서 일한다는것은 불가능 또한 최고의 단점은 연고지 배려를 절대로 안해주는것 심지어 출퇴근 왕복 4시간걸리는분들 엄청 많음	현재 회장님이 바뀌는 구도인것 같습니다만 몇년안에 바뀌신다면 안좋은 문화 다 없애시기 바랍니다. 특히 술문화 그리고 현재 웰스토리한테 1위를 뺏기고 현대그린푸드한테도 2위를 빼길려고하는 추세이니 열심히 하셔야 할것 같습니다.
2015/2/21	아워홈(주)	100	68269	85380	4.0	2.0	2.0	2.0	3.0	1	1	서비스/고객지원	전직원		 2 	False	"시키는 만큼 배운다."	체계화된 시스템으로 업무 익히는데는 큰 도움이 됨.	군대문화. 낮은보수. 일의 양이 정말 많다.	복지강화
2015/2/4	아워홈(주)	100	68269	81520	4.0	3.0	4.0	1.0	1.0	0	None	경영/기획/컨설팅	현직원	서울	 4 	False	"고연봉/좋은복지보다 안정성을 따지면 그나마 동종업계에서 나은 회사"	어느정도 안정성확보 가능/ 여직원에 대한 처우나 육아휴직 사용율이 높은 여직원이 다니기 괜찮은 회사	오너가의 입김이 너무 세고, 임원으로 갈수록 외부인사가 많음(=첫직장으로는 괜찮으나 오래다닐수록 메리트가 없음)	임직원에 대한 입김을 조금만 줄여주시길..
2015/2/12	아웃백스테이크하우스코리아(유)	100	86465	83990	2.0	2.0	2.0	4.0	4.0	0	None	서비스/고객지원	전직원	부산	 0 	False	"바쁘다. 바쁘다. 바쁘다. 스트레스가 많다."	능력이 있다면 시간관리에 용의하다. 한가할땐 한가함.	대인관계에서 오는 스트레스, 물류/인사/재무 모든걸 도맡아야...대규모 매장철수로 미래가 불확실	고가정책보단 내실있는 정책으로 사업을 확장해야..
2015/2/3	아웃백스테이크하우스코리아(유)	100	86465	81333	3.0	4.0	1.0	5.0	4.0	1	1	서비스/고객지원	전직원	서울	 0 	False	"20대 직원이 많으므로 같이 일하고 어울려 놀기좋음. 서비스 직의 모든것을 배울 수 있음."	유동적인 시간 조절근무 가능. 하고싶은 날만 할수있음. 타 편의점 알바보다 시급 높음. 연차월차야근수당 등 딱딱 나옴.직원식사 할인.	승진 하려면 점장한테 사바사바 엄청 해야함. 공휴일에 절때 못쉼.  체력적으로 힘이드나 거기서 뭘 또 먹어서 살은 안빠지고 입만 고급이됨.	서비스텍 등 방문을 자주 해서 항상 매장을 깨끗하게 유지하게 해주길. .
2015/2/24	(주)커피빈코리아	100	53841	86376	3.0	2.0	4.0	3.0	3.0	0	1	서비스/고객지원	전직원	서울	 0 	False	"바리스타의 나이, 학력 제한이 없는 회사이다. 30대의 신입도 있고, 고졸 점장도 있는 곳이다.연봉은 높지 않은 편이나 바리스타의 꿈이 있다면 지원해볼만하다.  발령받는 지점에 따라, 같이 일하는 직원들에 따라 업무 강도가 달라진다. 점심피크때만 바쁜 지점, 주말에 바쁜 지점 등등 다양하다."	야근이 없고, 정해진 시간에만 근무한다.맛있는 음료를 먹을 수 있다. 위생 관리가 잘 되있고, 커피빈이라는 이름값이 있어서 그부분에서는 자부심을 느낄만하다.	기본급이 굉장히 짜다.단순히 커피만 만드는 것이 아니라 잡일도 굉장히 많다. 청소, 아르바이트생 관리, 물품 관리 등등..이 때문에 초반 퇴사율이 높은 편이다.	와이파이도 안되고 콘센트도 없어서 손님들이 불편해합니다.
2015/2/1	(주)호텔신라	100	47377	80456	3.0	1.0	1.0	4.0	3.0	0	2	경영/기획/컨설팅	현직원	서울	 8 	False	"글로벌 진출 시작 단계로 기회가 많이 주어지지만, 지나치게 적은 연봉이 문제."	- 서울 근무. (아무리 지방으로 가도 인천. 제주는 희망인원 외에는 배치하지 않음)- 부드러운 사내 문화. (물론 어디나 또라이는 있음.)- 해외 진출 시작 단계로 다양한 업무 경험 가능하며 진출 국가도 제조업에 비해 무난한 편.(싱가폴, 홍콩, 마카오 등) 공채인원이 그리 많지 않기 때문에 본인이 노력한다면 많은 기회가 주어질 수 있다.- (면세유통사업부 한정) 휴일근무, 야근수당 신청이 자유로움. (하지만 신청 안해도 되는 상황이 더 좋을듯.)- 또... 뭐가 있지....	- 연봉이 타 삼성 계열사는 물론 타 유통업체에 비해서도 현격히 낮음. - 직원에게 주어지는 복지 없음.(서울 호텔, 신라스테이 등 할인혜택 전무. 제주는 비수기 할인 있으나, 본래 비수기 할인 금액과 별반 차이가 없음, 면세 멤버십 업그레이드 해준다곤 하나 삼성 임직원 동일 혜택이며, 애초에 멤버십 할인 혜택과 차이가 없음.)- 장충 사무실들의 경우 자리가 비좁아 일하기 힘들 정도.(대기업 맞음?) 현재 보유 사옥이 없어 여러 건물을 임대해 쓰고 있음.- 3급 공채 인력을 뽑기 시작한지 얼마 안되서 책임급 이상 주요 인력들은 삼성전자, 물산 등에서 전배온 인원이 많음. 그들과 달리...신입 공채들의 연봉은 또르르...	- 성과급 수준을 높이거나 기본 연봉 금액을 높일 필요가 있음. 대부분 인원들이 입사 후 CJ나 한화계열사보다 연봉이 낮다는 사실에 충격. - 삼성인듯 삼성아닌 곳. 제조업 중심의 삼성 정책 중 따라갈건 따라가고, 해당되지 않은건 강력하게 반대할 필요가 있음. - 유통업과 호텔사업은 분리해서 생각할 필요가 있음.- 온라인 사업 활성화에 따라 조직문화도 바꿀 필요가 있음. 딱딱하고 경직된 문화에서 조금은 자유로워져야 함.(풀 비즈니스룩 착용부터... 폐지를)- 삼성 특유의 쓸데없는 페이퍼 워크를 줄일 필요가 있음. (보고, 자료, 회의...)
2015/2/23	트랜스코스모스코리아(주)	100	51105	85778	3.0	3.0	3.0	3.0	3.0	0	1	영업/제휴	전직원	서울	 0 	False	"상담직을 했었으며 솔직히 상담은 정직원과 아르바이트의 차이가 크게 없음"	상담센터에 나름 회의실과 탕비실. 수납공간등을 배치하여 직원들 배려	서비스하고 있는 갑의 회사가.어디냐에따라 업무의.질이 크게 좌우됨	갑의 회사와의 조율 필요
2015/2/13	트랜스코스모스코리아(주)	100	51105	84135	2.0	2.0	3.0	3.0	3.0	0	1	경영/기획/컨설팅	현직원	서울	 0 	False	"상담원으로서 히루종일 전화받아야하고 실적제라서 남들이랑 경쟁하면서 업무해야함. 하지만 상담하는데 자신있는사람이라면 돈 많이벌면서 인정받으면서 다닐수 있을듯"	칼출근하는게 단점이라면 칼퇴근은 장점이라고 할 수 있습니다.	칼같은 출근에 지각하면 급여페널티를 받습니다.	직원들이 왜 자주 퇴사하는지 고려해보고 과도한 업무 등 업무환경을 개선시켜줬으면 겠습니다
2015/2/9	트랜스코스모스코리아(주)	100	51105	83007	3.0	1.0	3.0	1.0	1.0	0	1	영업/제휴	현직원	서울	 0 	False	"4대 보험을 제외하면 알바나 정직원이나 차이 없음"	칼퇴근이 장점 입니다. 물론 출근 시간도 정확해야겠죠 시간에 엄격한 편입니다. 그것은 퇴근시간에도 적용되어서 만족합니다.	월급이 적고 알바보다 월급이 적다. 월급은 적지만 칼퇴근을 하고 다른 일을 하거나 시간이 많이 필요한 사람에게는 적당하다고 생각합니다. 직원들과의 커뮤니케이션은 적고 할일만 하면 되는데 이것은 장점이 될 수도 단점이 되기도 합니다.	직원들에게 좀 더 소속감이 주어지고 혜택이 많아야 한다고 봅니다.
2015/2/8	트랜스코스모스코리아(주)	100	51105	82660	3.0	3.0	3.0	3.0	3.0	0	1	서비스/고객지원	현직원	인천	 0 	False	"업무적인 회사임그냥 알바나 정직원이나 같다고보면됨"	야근 거이없고 편하게 일할수있음 자기일만 하면더ㅣ는곳임	급여는 일한만큼이지만 다른곳에비해 적다는건 부정하기 힘든사실	주업무에 집중할수있게 여건을 마련해주고 급여적인 부분은 더 올라야할거같다고 생각함
2015/2/25	씨제이푸드빌(주) 빕스	100	91680	86393	3.0	2.0	3.0	3.0	3.0	1	1	서비스/고객지원	전직원		 0 	False	"그냥 무난한 곳. 하지만 서비스직에 대한 스트레스트는 크다."	대기업 계열사이니만큼 월급 밀리는 일 없음, 직원 할인 등의 혜택	낮은 급여, 업무 스트레스 케어해 줄 수 있는 시스템 부족	우수 사원에 대한 보상을 확실히 해주시길
2015/2/19	(주)유니에스	100	87274	85190	3.0	2.0	1.0	2.0	2.0	0	1	서비스/고객지원	현직원	인천	 0 	False	"스케줄 근무는 남들 쉴 때 못쉬는것은 감안해야한다."	에너지가 넘치며, 다양한 사례를 경험할 수 있다.	인력 파견기업의 특성상 기업자체가 갑과 을에서 을이라는 단점	사건이 발생했을 때 관리자의 케어가 부족함
2015/2/26	(주)에스텍시스템	100	89310	86903	2.0	3.0	3.0	1.0	2.0	0	1	전문직	전직원	서울	 0 	False	"초봉은 작지만, 버티고 관리자 급으로 올라가면 복지나 대우가 괜찮음,"	8시 출근 5시 퇴근 그리고 야근을 비장려 하는 분위기로 여가시간을 충분히 가질수 있음.	부서간 업무 협업이 어려운 매우 보수적인 회사. 정치가 매우 심한 회사.	낙하산 인사가 아닌 제대로된 인사제도가 있으면 좋겠음.
2015/2/3	(주)에스텍시스템	100	89310	81256	4.0	4.0	3.0	3.0	3.0	0	2	특수계층/공공	전직원	서울	 0 	False	"나름 괜찮은 직종"	일하는게 편하고 아무래도 외주를 어디서 받고있느냐에 따라서 근무형태 및 근무 조건이 달라짐	추울때 춥고 더울때 더운곳에서 일하게 된다. 본인이 뭐하는거지 라는 생각이 들수도 있다	외부사원을 좀 더 챙겼으면 좋겠다
2015/2/28	에스원(주)	100	65658	87507	4.0	4.0	2.0	3.0	3.0	0	2	기타	전직원	서울	 0 	False	"학벌및 연공보다는 능력과 실력에 따라 승진및 평가에 따르는 회사이므로 자기 잠재실력을 마음껏 발휘하고 싶은 지원자 분은 언제든지 환영합니다."	복리후생 우수, 승진및 승급기회 많음, 사내 네트웍 원활	일부직군은 군대와 같은 위계질서를 중시 하는 경직된 사고문화,	명확하고 신속한 의사결정과 현장의 목소리를 많이 들었으면 좋겠다.
2015/2/7	에스원(주)	100	65658	82452	4.0	5.0	2.0	3.0	3.0	0	2	서비스/고객지원	현직원	서울	 2 	False	"돈보고 오는거면 들어오세요"	돈과 복지는 진짜 괜찮아요 괜히 삼성이 아님	사람 사는게 사는게 아닙니다 미친듯이 빡세요	근무강도좀 낮춰주세여 죽을것같아요
2015/2/4	씨제이푸드빌(주) 투썸플레이스	100	94601	81362	2.0	3.0	2.0	1.0	2.0	0	1	서비스/고객지원	전직원		 1 	False	"대기업이 운영하는 형태라 복지 등은 잘되있는편이며 되도록 직영점을 추천합니다."	초보라도 배우면서 금방금방 익힐 수있음, 괜찮은 복지혜택. 바쁜 매장이 아닌이상 잠깐 바쁜정도 회전율.	가맹은 복지혜택은 직영보단 확실히 적은편. 로테이션 근무라 적응하기 힘든부분도 조금있음. 알게모르게 신입에대한 따돌림등이 있을 수 있음.	정직원으로 채용된 동료에대한 동료의식좀 가져줬으면 좋겠습니다. 가맹이었지만 매장 내에 소위말해서 강제아웃사이더 당하고 정직원채용에도 불구하고 해고통지는 하루전날 통보.
2015/2/28	세일즈웍스 코리아(유)	100	90449	87557	4.0	3.0	3.0	4.0	3.0	0	2	영업/제휴	전직원	서울	 2 	False	"비즈니스의 본질을 배울 수 있는 외국계기업입니다. 사내 고유의 면접테스트를 통과해야 합격할 수 있으며, 열의와 의미전달력을 중심으로 테스트를 봅니다. 정말 고된 업무입니다.하지만 중요한 경력이 될 것입니다."	능력에 따른 승진기회, 해외연수기회비즈니스 본질 이해기회	업무특성상 야외근무사내복지 미흡업무의 타이트함	굿
2015/2/22	이트너스(주)	100	13535	85586	3.0	3.0	3.0	2.0	2.0	0	1	기타	전직원	경기	 4 	False	"본사에서 운영하는 블로그나 관련 사이트에서는 각각의 업무내용과 오피스환경에 대해 화려하게 설명해 놓았지만, 현실은 그것과 아주 많이 다르다는 것을 입사 후 하루만에 느낄 수 있을 것. 퇴직율이 높으며, 똑똑한 인재들은 일년을 못 넘김."	지역별로, 업무별로 다를 수 있지만, 대기업인 고객사의 건물안에서 업무를 보기 때문에 타 중소기업에 비교해 업무환경이 깨끗함.	비합리적인 인사평가제도, 주말마다 행해지는 반강압적인(인사평가반영) 동호회활동, 각종 미디어를 활용해 대외적으로 화려하게 포장하고 있지만, 정작 직원들의 불만과 요청에는 귀 기울이지 않는 점. 높은 퇴직율에도 꿈쩍하지 않는 경영진.	겉보다는 내실을 다져야 할 것.
2015/2/5	이트너스(주)	100	13535	81989	1.0	1.0	1.0	1.0	1.0	0	None	기타	현직원	기타	 4 	False	"2년 이상을 일하기엔 비전이 없는 업무. 다양성을 추구하지만, 깊은 업무를 배우기에는 매우 어려움. 빛 좋은 개살구라는 표현이 딱 맞는 회사."	의료비 지원. 파트, 지사별로 다르지만 회식 자리가 잦지 않아서 좋음. 자기 할일이 끝나면 칼퇴 보장.	소통을 중시한다고 하지만 정작 수직적, 하향성 소통만 가능. 업무 능력 보다는 정치 라인으로 진급의 90%가 결정.	소통과 젊은 기업이라고 홍보하지만, 정작 분위기는 70년대 수직, 강압적 시스템입니다. 사원들의 퇴직률이 왜 높은지 제대로 파악해주시기 바랍니다.
2015/2/5	이트너스(주)	100	13535	81866	2.0	2.0	2.0	2.0	2.0	0	1	경영/기획/컨설팅	현직원	경기	 0 	False	"그냥뭐 그냥 저냥 어쩌다 보니 이렇게 되었네요"	있는 위치마다 다르지만 사업장근무자들은 통근버스 점심식사제공 등이 잇어 편리하다 사업장근무가 아닌 본사근무자들은 출퇴근이 불편하지만 사무실 다운 사무실에서 일한다는 자부심	뭘하든 윗사람 눈치 , 회식참석 안하면 눈치, 행사 참석안하면 눈치, 이모든걸 안하면 연봉에 반영 (평가자체가 잘못되었음)연봉비공개.성과급비공개...(뭐그리 비밀이 많죠? 그냥 기본테이블은 공개합시다)	일단 여기까지만 조금씩 쓰고싶은말이 더 생길꺼같네요
2015/2/23	피알원(주)	100	87461	85764	3.0	4.0	3.0	2.0	2.0	1	1	서비스/고객지원	현직원	서울	 0 	False	"이 분야에서는 낮지 않은 연봉체계, 그러나 팀에 따른 복불복이 큰 편(성과든, 업무강도든)"	다소 안정적이고, 일에 대한 열의가 많은 편이라면 그에 따른 댓가를 얻을 수 있는 가능성이 많음	변화에 대한 의지가 약한 임원들, 팀장 및 본부장에게 과도하게 부여된 권력	유연한 커뮤니케이션이 가능한 사내문화(복지, 연봉 그런것 보다도), 따뜻함을 느끼기 힘들다면 사람들은 머물지 않습니다.
2015/2/18	피알원(주)	100	87461	85124	3.0	4.0	3.0	4.0	3.0	1	1	전문직	현직원	서울	 0 	False	"팀마다 분위기가 다름. 야근많고 실적위주..라 경쟁이 좀 치열함."	열심히 하는 만큼 급여보상. 복지가 나쁘지 않음.업계에서 알아줌.	공장처럼 일함. 뭔가 장기적인 비전은 보이지 않음. 업무스트레스 많음.	장기적 비전제시. 팀간 화합.
2015/2/16	피알원(주)	100	87461	84671	3.0	2.0	2.0	3.0	3.0	1	1	미디어/홍보	전직원	서울	 0 	False	"국내 메이저 홍보대행사로 다양한 레퍼런스 경험을 쌓을 수 있는 기회를 잡을 수 있다."	메이저 홍보대행사로서의 레퍼런스 경험, 이직시 이름값.(홍보대행사 중엔 대부분 알고 있음), 일을 배울 수 있음.(단, 팀에따라 천차만별)	잦은 야근과 높은 업무강도(팀마다 차이가 있을 순 있지만, 거의 대부분), 새로운 방식의 발굴보다 기존에 하던 체재로 가는 경우가 많음. 자유로운 의견 조율이 힘듦.	업무강도에 맞는 대우가 필요해 보임.
2015/2/12	피알원(주)	100	87461	84001	3.0	3.0	1.0	2.0	3.0	0	None	경영/기획/컨설팅	전직원	서울	 0 	False	"예전에는 호황. 지금은??"	아직까지 국내 홍보대행사 중에서 다섯손가락 안에 꼽히는 인지도	팀간 불균형, 능력없는 팀장 만나면 정말 답없음. 굉장히 보수적인편.	숲을 보는것은 좋은데 나무를 봐줬으면...
2015/2/6	피알원(주)	100	87461	82337	4.0	4.0	1.0	4.0	3.0	1	1	미디어/홍보	현직원	서울	 0 	False	"홍보대행사 중에서도 손꼽히는 기업이자 내부 문화나 환경 등도 좋은 편. 그러나 개인의 시간은 없다."	동종 계열 중 높은 연봉과 사내 문화	개인생활이 거의 없음. 행사나 제안서가 있으면 주말출근이나 새벽까지 야근하기도 함. 팀과 본부에 따라 분위기가 확연히 차이남.	대기업으로 불리고 싶다면 그에 맞는 생각과 체계를 가져야 한다.
2015/2/4	피알원(주)	100	87461	81584	5.0	3.0	4.0	5.0	3.0	1	2	미디어/홍보	현직원	서울	 0 	False	"국내 최대 규모의 pr회사 중 하나로 업계에서 인정 받는 회사"	국내 최대 규모의 pr그룹이며 굵직한 클라이언트를 상대로 다양한 프로젝트를 경험할 수 있다.	몇몇 임원의 잘못된 인식과 커뮤니케이션이 안되는 점은 단점(아집이 있음)	숲을 보는 것도 중요한데 개척하기 위한 투자가 없다.(어떤 준비와 노력을 해야되는지 모름)
2015/2/28	현대그린푸드(주)	100	47646	87487	4.0	4.0	3.0	4.0	4.0	1	2	인사/총무	현직원	경기	 0 	False	"식품업계 연봉, 성장가능성 1위 회사이다"	1. 성장가능성 (범현대가는 꽉 잡고 있음)2. 식자재유통시장 적극 진출을 통한 회사성장 가능성 큼	1.잦은 야근2.상대적 낮은 기업인지도3.백화점 대비 낮은 복리후생 및 성과급 구조	회사 인지도를 높여, 자긍심을 가질 수 있는 회사를 만들어 주시길..
2015/2/17	현대그린푸드(주)	100	47646	84885	3.0	5.0	4.0	3.0	4.0	1	2	IT/인터넷	현직원	서울	 9 	False	"현대그린푸드에는 현대백화점 그룹 전체IT를 총괄하고 있습니다. 현대백화점, 현대홈쇼핑 등 그룹의 IT를 책임지고 있어, 현대그린푸드 IT라고 하여 식품회사의 IT라는 인식이 있으나, 그룹IT라는 점은 인식하셨으면 합니다."	그린푸드 전체가 아닌 그룹 IT 조직이라는 관점에서, 현대백화점, 현대홈쇼핑, 현대그린푸드, 현대드림투어 등 각 그룹사의 IT를 체험해 볼 수 있는 장점은 있습니다. 신세계I&C, 롯데정보통신과 같이 그룹IT를 책임지고 있는 곳입니다.	IT가 그린푸드에 소속되어 있다보니, 다소 현대백화점 그룹 IT 운영에 대한 Power가 약한 부분은 있습니다. 다만, 그린푸드에 소속되어 있으나, 의사결정체계는 그룹 본사와 커뮤니케이션하고 있습니다. IT가 선제적 역활을 하기 보다는 SM지원업무에 많이 Focus되고 있는 점은 단점입니다.	그룹IT로써의 위상에 걸맞는 지원과 관심!
2015/2/15	현대그린푸드(주)	100	47646	84579	3.0	3.0	3.0	4.0	3.0	1	1	기타	현직원	경기	 0 	False	"급여가 높은 편이다."	다른 기업보다 영양사 인턴 월급이 높다. 안정적이다.	업무량이 많다. 업장에 따라 일의 강도가 차이가 난다.	원활하게 업무 분배를 해주세요.
2015/2/9	현대그린푸드(주)	100	47646	82967	3.0	3.0	1.0	2.0	3.0	0	1	전문직	전직원		 2 	False	"산업체 영양사를 오래, 평생 할 경우 경력쌓기론 좋을 듯, 갑을병정무 중 "무" 쯤에 해당하는 영양사임을 맘먹고 시작하길."	인턴제도, 여자많은 회사, 영양사 치고 괜찮은 급여와 복지	- 근무시간 11시간, 수도권보단 지방에 영업점 다수.- 업장별마다 다른 성과급 지급으로 연봉 차이 심각   (자동차군업장과 일반업장 연봉 약 1000만원 차이) -사기저하- 근무지발령 본인 의견 반영 안됨- 고객사의 노조 있을 경우 갑의 횡포 빈번	본사와 영업점간의 복지 차이.무리한 사업계획 작성 방지,
2015/2/17	던킨도너츠(주)	100	92793	85042	3.0	3.0	3.0	3.0	3.0	1	1	서비스/고객지원	전직원	경북	 0 	False	"서비스업종으로 근무했던 곳"	메뉴얼이 체계적으로 갖추어져 있고 행사를 틈틈히 하는 곳이다 본사에서 뭔가 지시하러 내려온다	아르바이트생으로 근무하고있어서 딱히 단점은 찾을 수 없었다	그다지 없음
2015/2/13	(주)그린웹서비스	100	86851	84101	3.0	3.0	4.0	4.0	3.0	1	1	IT/인터넷	전직원	서울	 2 	False	"네이버 광고에 대한 전반적인 업무를 처리한다. 부서별 업무가 다르긴 하나 온라인 광고에 대해 많은 정보와 지식을 얻을 수 있다."	10시출근7시퇴근으로 넉넉한 출근시간과 복리후생은 좋은편이다. (하루 5시퇴근, 보건휴가(여성))	페이는 적은편에 속한다. 허나 야근수당이 지급되어 야근하게되면 꽤 괜찮은편이다.	직원들이 애로사항이 없도록 많은 지원을 해주고 있지만 페이 부분을 조금 더 챙겨주었으면 하는 바램
2015/2/3	(주)그린웹서비스	100	86851	81106	2.0	1.0	3.0	2.0	1.0	0	1	IT/인터넷	전직원	서울	 13 	True	"사회초년생이라도 내동생, 내가족이라면 추천하지 않음"	무조건 칼퇴! 일이 너무 쉬워 오전에 일 다 끝내고 노는시간이 더 많을 때도 많았음자기 할당량만 일하고 칼퇴하면 머라고 하는 사람 없음그시간에 자기 개발 해야됨네이버라는 거대기업의 외주 업체격이라 네이버가 망하지 않으면 이 회사도 망할일은 없어보임최근 계약직 사원들을 모두 정규직으로 채용 햇다는 사실을 알게됨	알바 이하 수준의 연봉, 연봉 인상율 낮음인센티브 지급의 기준이 애매모호함. 사내에 인센티브가 나왓는지도 모르는사람이 많음기업에서 배울만한 업무 능력, 기술 전무함.업무에 대한 커뮤니케이션보다 지나치게 개인사에 관심 많은 선임, 사원들 등등..일이 너무 쉬워 할일 없어서 쓸대 없는 일까지 만들어서 함..	단순히 소모하는 업무 보다 개개인의 발전을 위하고 성장할 수 있는 방향성을 제시 해야함
2015/2/10	한국피자헛(유)	100	2927	83377	3.0	3.0	3.0	3.0	3.0	1	1	생산/제조	전직원	인천	 0 	False	"커리어 OR 요식업 경험을 위해서는 한번쯤 추천해 볼만한 곳!"	자유로운 근무환경과 함께 자기 업무만 완벽하게 끝내면 별다른 터치가 없다는게 장점!!	지사마다 차이는 있지만 비번일때도 가끔 사람이 많을경우, 공휴일 및 명절때는 더더욱 많이 바뻐져서 시간적인 여유가 없다	사업이 커지는것도 좋지만 직원들 복리후생에 대해서도 관심을 가져주세요!
2015/2/1	한국피자헛(유)	100	2927	80485	3.0	3.0	2.0	3.0	3.0	0	1	서비스/고객지원	전직원	서울	 0 	False	"외국계 기업인만큼 보수는 다른 서비스업보다 나은 편입니다 외식업계의 경쟁으로 좀 힘들기도 합니다"	외국계기업 스케쥴조정  나름 좋은 복지 수평적인 기업문화	육체노동 고된 업무 감정노동을 견뎌야 합니다	승진기회를 더 많이 주세요 고용불안을 해소해주세요
2015/2/25	에스피씨그룹	100	87570	86740	3.0	4.0	2.0	3.0	3.0	1	1	생산관리/품질관리	전직원	서울	 2 	False	"조직은 젊고 활력이 넘치나 경영층이 너무 보수적인 접근으로 인한 페이퍼 워크 과다로 의사결정이 늦음"	업무에 대한 전문성을 요구하는 수준이 높아서 자신의 역량 발전에는 큰 도움이됨	개인의 생활이 거의 없을정도로 많은 업무량에 야근이나 주말근무는 각오해야함.	조금 더 의사결정의 과정을 명확하하게 하여 페이퍼 워크를 줄여서 실행으로 옮기는 일이 늘어난다면 좋을 듯 합니다.
2015/2/4	에스피씨그룹	100	87570	81526	3.0	3.0	3.0	2.0	1.0	0	1	디자인	현직원	서울	 7 	False	"연봉은 괜찮아 지원할만 함."	건물 외관이 멋지다는거, 계열사 브랜드가 많아 나름 뿌듯하다는거.	비상식적인 윗사람들. 또라이들이 많음. 짜친 업무들.	제발 사람보는 눈을 기르세요.. 제발 또라이 뽑지말고요.
2015/2/2	(주)한국코퍼레이션	100	63215	80905	2.0	2.0	2.0	2.0	1.0	0	None	IT/인터넷	현직원	서울	 0 	False	"개발직군의 경우 초봉은 약간 높게 잡히지만, 복지가 적고 연봉상승률이 적음.야근도 엄청남"	돈은 밀리지 않고 잘나옴. 금융권 프로젝트도 많이 함.	나열하기 힘들지만 나열해보면,많은 야근,적은 보수,잦은 경비 삭감	정치 싸움좀 그만
