date	cname	industry_id	cid	cmid	possibility	pay	balance	culture	management	recommend	expect	job_kind	current	area	helpful_count	is_best	subject	good	bad	hope
2016/8/26	스타벅스커피코리아(주)	100	70749	382105	4.0	5.0	4.0	3.0	4.0	0	2	서비스/고객지원	전직원	대전	 0 	False	"스타벅스에 간다면 고객입장으로만 가고싶다 일하러는 다신가기싫은곳"	근무시간이나 연장근무시간 등 내가 일한만큼 받을수 있다는것	난 바리스타도 정직원이긴 하지만 시급받고 일하기에 알바개념으로 일을 시작했는데 너무 이것저것 바라는게 많다	인건비를 너무 절약하려는 느낌 일했던 매장이 바쁜매장이기도 했지만 숨돌릴 틈도 없이 뛰어다니면서 일했던기억이..
2016/8/25	스타벅스커피코리아(주)	100	70749	381690	3.0	3.0	3.0	3.0	3.0	0	2	서비스/고객지원	전직원	경기	 0 	False	"파트타이머에게 괜찮은 기업. 그러나 여자가 많다는 단점"	다른 카페에 비해 아르바트하기에 매우 좋다. 직원 할인 제도가 굉장히 매력을 가지고 있다. 카페가 다른카페에 비해 일찍 문을 닫기때문에 저녁 늦게까지 근무할 필요가없음	직장에 여자가 많아 전형적인 여초 기업의 문제점이 들어남.여직원들 사이에서 남자가 근무하기 힘듬. but 케이스바이케이스	독보적인 커피업체이기때문에 현상태만 유지해도 고객들에게 사랑받는 스타벅스가 될듯
2016/8/24	스타벅스커피코리아(주)	100	70749	380817	3.0	3.0	3.0	3.0	3.0	1	1	서비스/고객지원	전직원	경기	 0 	False	"수평적 구조이며 파트너들을 잘 챙겨주는 회사로 복지가 좋다."	외국계기업이라 수평적인 구조, 직원들간의화합이 잘 된다.	업무량, 강도가 다른 카페보다는 세다. 근무 파트너다 매일 바뀌기 때문에 적응하는데 시간이 오래 걸린다.	복지가 한정적이라 다양한 복지가 있었으면 하고, 업무 강도가 파트너들끼리 분담이 되긴 하지만 강하다.
2016/8/22	스타벅스커피코리아(주)	100	70749	379653	3.0	4.0	1.0	2.0	2.0	0	1	서비스/고객지원	현직원	서울	 1 	False	"사람을 들들 가는데 일가견이 있는 회사"	복지가 잘 되어 있음, 혼인이나 출산 후에도 돌아올 자리가 있는 곳.	너무 많은 역량을 기대함. 만점 아니면 모두 영점으로 처리되는 회사.	인원을 더 충족시키고 직원에게 바라는 역량기대를 좀 낮추시길.
2016/8/21	스타벅스커피코리아(주)	100	70749	379614	4.0	4.0	4.0	4.0	4.0	1	2	서비스/고객지원	전직원	서울	 2 	False	"커피에 관심있고 음료제조 및 서비스에 관심있는 사람이라면 추천한다. 다른 브랜드에 비해 위생관리에 철저하고, 서비스 교육을 중요시해서 일하면서 스타벅스라는 브랜드를 더 선호하게 되었고, 퇴사후에도 믿고 이용하는 편이다. 아르바이트로 시작해서 짧지만 직원 바리스타로까지 일하게 되었다."	매장 내에서 닉네임을 사용하는데 처음에는 낯설었지만 점장님부터 아르바이트생까지 평등한 관계, 파트너라는 인식을 주어 서로를 존중하고 배려하는 분위기이다. (매장마다 조금씩 다르겠지만)	기업 자체에 대해서는 딱히 불만스러웠던 건 없었던 것 같다. 다만 바리스타 특성상 서서 일하고 손목을 많이 쓰다보니 직원들 중에서 허리가 아팠던 직원들이 많았던 것 같다. 저의 경우는 발목이 아팠습니다.	텀블러나 머그잔을 오픈된 진열장에 전시해놓고 판매한다. 그리고 그걸 바로 판매한다. 고객들이 구경만 하고 내려놓다보면 흠집이 나는 경우도 있다. 많은 고객들은 새 제품이나 따로 보관되어 있는 제품이 있는지 물어본다. 당연히 없고 진열되어 있는게 전부라고 말씀드린다. 이런 판매방법을 바꿨으면 좋겠다.
2016/8/20	스타벅스커피코리아(주)	100	70749	379104	4.0	2.0	2.0	4.0	4.0	1	2	서비스/고객지원	전직원	대구	 1 	False	"바리스타로 시작하면 엄청나게 많은 군기와 유도리없이 일을 확실히 배울수 있음"	복지는 좋음. 복리원두 생리휴가 택시비 음료 하루 두잔 직원할인 오래 보면 신세계 정직원까지 갈수있어 괜찮은 듯	알바시급주고 일을 무지하게 부려먹음 다른 파트너의 텃새가 심함. Just say yes 라는 말도 안되는 지침이 있음. 고객한테 무조건 예스하라함.	직원으로 부릴거면 월급을 주었으면... 솔직히 최저시급 6100으로 일하기엔 너무 많은 책임감과 할일이...
2016/8/18	스타벅스커피코리아(주)	100	70749	378296	3.0	3.0	3.0	3.0	3.0	1	2	서비스/고객지원	전직원	강원	 0 	False	"사람들 대하는 것을 좋아하고 평소 서비스직종을 많이 해본 사람이면 좋은 직업"	일을 하면ㅅㅓ 많은 사람들을 만날 수 있고 다른 직원들과 함께 하는 시간이 많아서 재미있음.	하는 일과 업무 스트레스에 비해 적은 급여가 단점. 가끔 진상 손님들을 만나면 하루종일 기분이 안좋을 수 있음....	직원들에 대한 복지 처우를 조금 더 잘 해줬으면 좋겠다.
2016/8/16	스타벅스커피코리아(주)	100	70749	377240	1.0	1.0	1.0	2.0	2.0	0	1	서비스/고객지원	전직원	경기	 0 	False	"외국계 기업의 수평적 구조를 지향하지만 매우 수직적인 한국기업"	바리스타까지도 30% 할인모회사가 대기업이라 복지가 좋은 편여자가 대부분이라 여성에게 유리한 회사	보고 체계를 너무 따짐고객이 왕. 말도 안되는 갑질에도 사원을 보호해주지 않음어떤 사람을 만나느냐가 가장 중요. 좋은 사람도 많으나 텃세를 부리는 사람이 너무 많음	매장 관리자에 대한 처우 개선이 절실
2016/8/15	스타벅스커피코리아(주)	100	70749	376726	3.0	3.0	2.0	3.0	2.0	0	1	서비스/고객지원	전직원	경기	 0 	False	"손님들과 함께하며 인내심을 기를 수 있고, 상사를 잘못 만나면 바빠서 탈진도 해볼 수 있음"	근무중에 손님이 없으면 뭘 해도 터치를 안하고, 커피를 비롯한 음식만 제깍제깍 맛있게 잘 만들면 편하게 살 수 있음	진상의 끝을 볼 수 있고, 점심시간에는 그야말로 죽을 맛의 손님 폭탄을 받아볼 수 있음. 그리고 같이 일하는 알바가 정치왕일 경우에는 일은 내가 다 했는데 욕은 바가지로 먹을 수 있음.	지점 관리 좀 잘 해줬으면 좋겠음. 매출 잘 나오고 돈 꼬박꼬박 갖다바치는 걸 중시하더라도. 알바로 일한 이후에는 다시는 이곳에 안오겠다는 생각만 들게 됨.
2016/8/10	스타벅스커피코리아(주)	100	70749	375078	2.0	4.0	2.0	2.0	1.0	0	1	서비스/고객지원	전직원	대구	 0 	False	"커피에 관심이 있고 서비스업에 종사하고 싶다면 추천합니다"	직급에 따라 차이가 있지만 기본적으로 주는 복리후생이 괜찮은 편입니다.	하는일에 비에서 페이가 적다는 느낌을 엄청 강하게 받습니다. 사람을 상대하는 직업이기때문에 거기서 오는 스트레스도 많습니다. 출퇴근 시간이 오픈 미들 마감 3파트로 나뉘어 생활이 불규칙하고 근무시간도 연장근무 등에따라 불규칙적입니다 매장이 바쁠거 같아 연장근무를 넣고도 당일 조용하면 전화로 늦게출근이나 오늘 일찍퇴근하라고 합니다	큰 그림만 보지말고 매장하나하나를 잘 파악하고 조치 하셨으면 좋겠습니다
2016/8/10	스타벅스커피코리아(주)	100	70749	374809	5.0	3.0	2.0	4.0	4.0	1	2	서비스/고객지원	전직원	경기	 0 	False	"매장에 따라 잘못걸리면 텃세가 심할 수도 있다 . 그치만 좋은 사람들 , 그리고 기회나 가능성도 많은 곳. 바쁘다 일상에서 포기해야할게 많다 . (불규칙적인 근무 스케줄)"	좋은 사람들을 많ㅇ 만날 수 있다. 서비스적인 측면에서 배우는 것이 많고 서비스마인드를 기르기 좋다.	은근 수직적이다. 압박이 쎄다. 근무시간이 들쭉날쭉해서 포기해야할 것들이 많을 수도 있다	스탭들에게 더 많은 신경을 써줬음 ..
2016/8/10	스타벅스커피코리아(주)	100	70749	374700	3.0	2.0	2.0	4.0	3.0	1	1	서비스/고객지원	현직원	경기	 0 	False	"일은 힘들지만 발전가능성이 높은 기업인것 같습니다"	서비스직의 기본을 배울수 있음안정된 직장이라 안심하고 일할수 있음정직원(부점장이상) 이 된다면 오래일하기 좋음육아휴직등 보장 되어요	업무강도가 너무 높음voc에 너무도 민감한둣 합니다그리고 매장 크기에 비해 직원이너무 적습니다...인사비에 민감하여 업무강도높습니다예전에해 정규직이되기 힘듭니다	파트너 근무환경이 좀더 좋아졌으면합니다매장갯수만큼 매장에 배치되눈 직원의 수도 늘려주었으면...
2016/8/9	스타벅스커피코리아(주)	100	70749	374226	3.0	3.0	3.0	4.0	4.0	1	1	서비스/고객지원	전직원	경북	 0 	False	"커피를 좋아하고 사람을 좋아한다면 한번쯤은 도전해보고 경험해볼 가치가 있다"	동종업계에서 상위 복지라고 알고 있음.체계적으로 돌아가 일만 잘하면 됨	서비스업 특성상 진상손님도 받아야 하고 만약 서비스업에 자신없으면 도전은 NO	지금은 전직장이라 딱히 그때를 떠올려 말할게 없음 그냥 직원들을 위해 많은관심이 필요(?)
2016/8/28	한국맥도날드(유)	100	3616	382934	3.0	2.0	3.0	4.0	3.0	1	1	서비스/고객지원	현직원	경기	 0 	False	"자유롭게 일 할 수 있음. 4대보험도 적용되니 퇴직금도 있어요"	원하는 시간에 맞추어 근무 가능하기 때문에 장점인것 같아요. 저는 크루라서 마음대로 일할 수 있었어요,	크루 트레이너 매니저 별로 식사가 다름, 앉을 수 없게 함. 할 일이 없음에도 불구하고	크루에게도 식사의 자율을 주었으면 함
2016/8/24	한국맥도날드(유)	100	3616	380887	3.0	3.0	3.0	3.0	3.0	0	1	서비스/고객지원	전직원	서울	 0 	False	"매장지역과 함께 일하는 매니저,점장에 따라 일하는 능률, 스트레스의 차이가 심하다."	일하는 시간을 자유롭게 짤수있다.시간을 잘 짜서 일하면 주휴수당이 제대로 나온다.	직영점과 직영점이 아닌 매장의 분위기가 사뭇다르다.함께 일하는 사람들과 맞지 않으면 일하는게 힘들다.	커뮤니케이션이 제대로 잘 되었으면 한다. 윗사람들보다 일하는 직원들좀 생각해줬으면
2016/8/19	한국맥도날드(유)	100	3616	378853	2.0	2.0	4.0	4.0	3.0	0	1	서비스/고객지원	전직원	부산	 0 	False	"아르바이트로 하기좋은직장. 아르바이트시 라이더 같은경우 시간대비 수입이 나쁘지않음."	주단위로 스케줄 조정이 가능함, 다양한 연령대와 일을 할 수 있음.	남자들이 다니기엔 별로 좋지않은 직장 . 힘든일 남자들이 다하는 구조	직원들의 요구사항을 듣고 해결해주려는 마인드가 필요함
2016/8/12	한국맥도날드(유)	100	3616	375671	3.0	4.0	3.0	4.0	5.0	1	1	서비스/고객지원	전직원	대구	 0 	False	"그냥 아르바이트로 여러사람만나기좋은곳 일은바쁘고 힘들긴함"	젊은친루들이랑 이야기를많이하고 친해질 수 잇음 햄버거공짜로많이줌	돈이 짜다 아르바이트라어쩔수없는듯 주휴수당 ㅋ대문에 일정시간이상일못함	스케줄차라리고정이 편하다고도 생각해봄 일이바쁘지만 알고들어왓던일
2016/8/8	한국맥도날드(유)	100	3616	373798	4.0	3.0	3.0	4.0	3.0	1	2	서비스/고객지원	현직원	서울	 0 	False	"그냥..대기업이긴합니다 월급밀리고이러지는않음. 패스트푸드계의최강?"	대기업이라고생각할수 있으므로 그에대한 뭐 다른 회사들이주는 복지는얻을수있음	밥이 햄버거..ㅎ..그리고 어쩔수없이 연장하는 부분이있습니다	시급매니저와 정규직매니저의  차이가 너무큰것같고 크루들을 잘돌봐주어야한다고생각합니당..
2016/8/2	한국맥도날드(유)	100	3616	371094	3.0	2.0	2.0	4.0	1.0	0	None	서비스/고객지원	현직원	서울	 0 	False	"오퍼레이션 근무자의 경우 근무시간 외의 추가업무 및 잡다한 일이 상당히 많은편, 휴일에도 나와 일을 해야하는 경우가 있음"	본사직원은 아니지만 오퍼레이션의 경우 많은 사람들과 소통할 수 있음, 사람들과 어울리는걸 좋아하는 외향적인 사람들은 근무하기 나쁘지않음, 인센티브나 복지는 괜찮은 편	일에 보람을 느끼기 힘듬, 오퍼레이션의 경우 누구나 할 수 있는 일근무조건이 좋지않다고 느낄 수 있음,매 달 프로모션을 통해 직원을 힘들게 함	회사가 추구하고자 하는 모습과 정작 직원들의 근무모습은 현저히 차이가 남추구하고자 하는 것을 조금이라도 따라간다면 개선될 것
2016/8/27	(주)하나투어	100	49174	382602	3.0	2.0	4.0	1.0	3.0	0	1	전문직	현직원	서울	 1 	False	"여행사 에서 습득할 수 있는 여행정보들이 많이 모아져있음"	여행사 1위 자부심이 있고 여행정보를 습득할 수 있음	야근은 본인의 능력이라고 생각하는 문화이기 때문인지 야근수당이 없음 월급이 박봉임	하나투어가 1위 기업이 될 수 있도록 잘 이끌어주셔서 감사합니다
2016/8/14	(주)하나투어	100	49174	376609	3.0	3.0	4.0	3.0	3.0	0	2	서비스/고객지원	전직원	서울	 0 	False	"연차 자유롭게 쓸수 있어서 눈치보는 일이 없음연봉이 그렇게 높은편은 아니라 회사만 보는거라면 괜찮다"	전체적으로 일 배우기엔 나쁘지 않음 업계 1등이라는 자부심을 가질 수 있음	업계 1위지만 연봉은 1위가 아니라 아쉬운 점이 있다 하지만 경력 쌓으면 괜찮음	전문적인 교육 시스템을 갖추고 야근이 많이 없었으면 좋겠습니다
2016/8/9	(주)하나투어	100	49174	374164	4.0	4.0	5.0	4.0	3.0	1	1	IT/인터넷	현직원	서울	 0 	False	"한국 여행업에서 대부분의 체험을 먼저 해볼 수 있는 곳그만큼 검증된 무언가를 한다는 것이 업무가 늦어지는 이유도 된다"	재택근무, 시차근무, 가까운 거점근무 모두 가능도식화 되지 않았지만 회사라는 분위기를 알 수 있는 교육이 진행된다	사내 불필요한 인력이 있는 편부서간 인간관계가 나쁘다면 업무처리 속도가 현저히 떨어질 수 있다인터넷 교육은 엉성한 면이 있다	1명만이 진행할 수 있는 일은 진행할 수 없는 일이라고 생각된다중간관리자의 리더십이 아쉬운 경우가 있다
2016/8/27	롯데지알에스(주) 롯데리아	100	78632	382473	2.0	3.0	1.0	4.0	2.0	1	1	서비스/고객지원	전직원	부산	 0 	False	"나름의 다양한 시도를 하는 회사. 회사 자체는 나쁘진 않으나 세간의 평도 그리 좋진 않아 힘들때도 많음."	노조도 잘 되어있고 상품개발이나 점포 관리쪽은 나름 신경을 믾이 써주는 듯.교육도 자주 하고 체육대회 문화탐방 등 직원 리프레시 행사도 많이 해서 좋다.	업무 강도가 세다. 특히 점포 관리자는 출퇴근시간이 무의미함. 연장수당을 주는것도 아니고 출퇴근 눈치는 당연한 문화가 되어있었음. 차비라던지의 지원금의 제한도 많다.	무조건 실적만 바라기 전에 먼저 고객의 마음을 사로잡을만한 제퓸이라던지 서비스를 개발하는게 먼저가 아닐까.
2016/8/15	롯데지알에스(주) 롯데리아	100	78632	376836	3.0	2.0	4.0	4.0	2.0	0	1	서비스/고객지원	전직원	서울	 0 	False	"아르바이트생과 직원의 대우차이도크고, 직영점과 가맹점차이가 심함"	자유로운분위기고, 스케쥴을 조정할수있어서 좋음햄버거를 밥으로먹을 수 있음	직영점과 가맹점의 매장 청결상태의 차가 심함외식업무쪽이라 손톱기르고 네일아트도못하며 장신구도 못함매니저에 따라 그날업무가 망하기도하고 편하기도함	가맹점 관리를 좀 도 했으면 청소도않되있는거보고 기겁함;;
2016/8/11	롯데지알에스(주) 롯데리아	100	78632	375668	3.0	2.0	3.0	3.0	3.0	0	1	서비스/고객지원	전직원	서울	 0 	False	"그냥그런편임 핸버거많이먹을수잇음 그냥해보기좋음"	젊은가람이많아서 분위기가 좋은것같습니다 하지만 업곅성상일은힘듭니다	로테이션도는것이힘들고 학생들위주라서 조금햄든거도잇음 알바라 단점적기가애매	없음 롯데리아버거가맛잇어지길바랄뿐... 시급이조금짜다
2016/8/11	롯데지알에스(주) 롯데리아	100	78632	375264	3.0	3.0	2.0	4.0	4.0	1	1	서비스/고객지원	전직원	서울	 0 	False	"발전하는듯 퇴보하는듯 쉽게 무너지지는 않는 브랜드"	쉽게 무너지지않는 시스템을 갖추고 있고, 다양한 연령대의 고객만족을 추구하기때문에 지금까지 유지되는 것이 아닌가 생각합니다	너무 무리수를 두는것, 직원들이 너무 힘들게 일하고 있다는것.	한철장사가 아니기때문에 한 제품을 개발해도 장기간의 안목을 가지셨으면 좋겠습니다.
2016/8/31	(주)세스코	100	71990	384536	3.0	1.0	2.0	4.0	2.0	0	1	연구개발	현직원	서울	 4 	False	"복지나 급여가 낮긴하지만 회사가 망할일은 없을것 같음."	신사옥이 아주좋음. 일층 카페가격도 좋음. 근무환경이 좋음.	급여가낮고 복지가 없음.일부 오래된 의사결정권자들의 강압적인 야근조장함이미지완다르게 업무방식은 세련되지않음	직원복지신경좀써주세요. 급여든 복지포인트든 정책으로 좀개선 부탁.
2016/8/30	(주)세스코	100	71990	383951	3.0	3.0	4.0	3.0	3.0	0	1	영업/제휴	전직원	경기	 0 	False	"가장 정형화된 영업직의 특성을 보여주는곳."	자기가 한만큼 큰 보상은 없지만 일의 난이도가 쉬움, 영업이지만 콜센터를 통한 영업도 실적으로 인정, 실적만 있으면 자유시간 많음	실적이 없으면 눈치, 연차가 쌓인다 하여도 특별한 기술을 쌓는 것이 아니므로 나를 누구나 대체할수 있음	영업 보상체계의 개선을 통해 직원을 좀더 의욕적으로 만들 필요가 있다.
2016/8/30	(주)세스코	100	71990	383799	5.0	4.0	4.0	5.0	5.0	1	2	인사/총무	현직원	서울	 1 	False	"서비스전문성을 보유하고 업종 내 독보적인 1위 기업으로 미래 확장성이 매우 밝은 회사"	상호 존중과 신뢰의 문화를 기반으로 하고 있으며,직원간 커뮤니케이션이 매우 잘 조성되어있는 회사.사업의 발전 가능성으로 인해 안정적으로 근무할 수 있는 회사	업종 내 1위 회사로서, 시장에 직무 전문가가 없으며, 많은 교육기간과 학습이 필요한 회사. 업무 적응하기까지 상당한 시간이 소요됨.	행정적으로 완결성을 높이는 것과 병행하여 핵심 이슈에 대한 스피드한 고민과 신속한 의사결정으로 단계적 실행력을 높였으면 함
2016/8/29	(주)세스코	100	71990	383525	3.0	3.0	1.0	2.0	2.0	0	1	서비스/고객지원	전직원	서울	 3 	False	"매주 1회이상 사시,사가를 외쳐야 한다.  대외적으로는 전 직원이 바퀴 잡는줄 안다."	업계1위, TV 광고하는 기업, 좋은 마인드의 중간 관리자들 있음.	눈치 야근, 연차 맘대로 못 씀(휴가 못가는 직원 많음), 정치 싸움, 80년대 사고방식, 퇴사자 많음,  직군간 마찰1년에 한번하는 워크샵은 강제 재롱잔치로 단합 망침.진심 장기자랑은 사라져야 함.	평가만 늘리지 말고 직원들 행복도 생각 하길... 그러면 발전 가능성 있음. 그리고 워크샵 좀 자유롭게 즐깁시다... 차라리 하지 말던가...
2016/8/29	(주)세스코	100	71990	383156	2.0	2.0	2.0	1.0	3.0	0	1	영업/제휴	전직원	기타	 6 	False	"지사별 복불복이 너무 심함. 다른 직군 모두가 영업직을 까기 바쁜 이상한 기업문화."	빨간날 쉼. 기본급 있음. 시장 좋은 지사로 발령받으면 적당히 해도 실적 잘나옴. 차, 휴대폰, 노트북 지급. 아쉬울게 없으면 적당히 다니기 좋음. 3개월 동안 집중 교육으로 방제/위생 전문가 만들어 줌. 사장님의 비젼은 확고해서 믿고 따라갈 만 함	연봉인상폭이 매우 낮음. 일이 뻔함(당월 실적이 보임). 대졸 뽑아놓고 고졸/초대졸 처럼 부리고, 그 정도의 보상을 줌. 서비스기사들과 영업직의 이해관계가 커서, 영업을 해와도 눈치를 봐야 함. 타직군들이 영업직을 괄시함(편하게 일한다고 생각함). 시장별 격차가 큰데 인정을 절대 안함. 노력과 열정의 부족으로 치부하고 월급도둑으로 만듬. 표면적으론 상호존중문화지만 반말/쌍욕이 일상화된 관리자들이 일부 있음.	서비스기사들이야 일이 힘들어 그렇다 쳐도, 영업직 퇴사자가 왜 그리 많은지 재고해볼 필요가 있음. 모두가 사장님 같지 않음. 인격적/능력적으로 부족한 사람들이 너무 많음...
2016/8/26	(주)세스코	100	71990	382390	1.0	1.0	1.0	2.0	1.0	0	None	서비스/고객지원	전직원	기타	 7 	False	"대외적 이미지와 반대의 기업문화 낮은연봉 현장직군의 미래보장 불투명."	루트잘받으면 6시 퇴근가능, 월급 안밀림 끝. 더이상 장점이 없는데 30자 이상 뭘적나요?	답없는 경영. 돈은 적은데 일은 많음. 직원 보기를 종이보듯이 함.(이면지정도) 직무에 맞는 일이란 기준없음.(다 현장에서 한다보면됨) 하루가 다르게 변하는 평가항목(주로 현장직군 불리한식) 등등 한 서른마흔다섯가지 정도 더있지만 아낌	회사가 성장하려면 도대체가 뭣이 중헌지 잘 생각해보시길
2016/8/25	(주)세스코	100	71990	381960	1.0	2.0	3.0	1.0	1.0	1	1	서비스/고객지원	현직원	경기	 3 	False	"우리나라에서 갑질 당하기 제일 좋은 직업"	사무실에서 상사들 눈치 보면서 일하기 싫은 사람 추천본인 할일만 하면 나름 시간적으로 여유있는 회사재입사율 높은 회사	서비스를 받는 고객들이 세스코 직원을 하대함낮은 연봉, 성과급을 안주려는 본사의 강직한 청책잡일이 많다 업무 난이도 하 업무강도 중 업무량 상직원들에게 돌아가는 것이 적은 회사 이직률 높은 회사터무니 없고 효과적이지 못한 업무 시스템	제발 현장에 최 정점에 있는 직원들의 에로사항을 조금이나마 이해 해줬으면 함현실성 없고 효율성 떨어지는 전산 시스템 단순한 일을 복잡하게 해야하는 시스템을 고쳐 주세요
2016/8/24	(주)세스코	100	71990	381322	3.0	3.0	3.0	3.0	3.0	1	1	교육	전직원	서울	 2 	False	"전문적인 기술을 바탕으로 방제뿐만아니라 환경에도 도약하는 회사"	회사의 비젼공유, 계속적으로 발전해 나가는 회사로 항상 새로운 것으루 추구하고 변화 발전을 위해 노력하는 자세	보고형식에대한 절차가 많고, 각자 업무량이 있어 다른 부서와 같이 하는 일이 어려고 잘못되고 있는 부분에 대해 서로 이야기 하지 않는 것	현장의 소리를 듣고, 변화 발전에 대한 열의만큼 지금 우리는 어떠한가를 항상 점검해야 한다.
2016/8/24	(주)세스코	100	71990	380870	3.0	2.0	2.0	3.0	2.0	0	1	IT/인터넷	전직원	서울	 0 	False	"기업은 탄탄하지만 직원들은 힘이듭니다."	기업은 탄탄함.이미지만 좋음.월급안밀림.본사근무환경은 좋음.	복지가없음.연봉도낮음.일이 비효율적임.야근강요분위기.	직원들 생각도좀 해주길 바랍니다. 의사결종도 늦고 업무도 비효율적입니다.
2016/8/20	(주)세스코	100	71990	379243	1.0	1.0	1.0	1.0	1.0	0	1	영업/제휴	현직원	기타	 5 	False	"입사 3개월차 부터 퇴사. 이직을 생각하며 다녔던곳."	영업직 소형차 영업용 지원  .  주5일근무. 시간적 여유를 즐길수가있음 . 하지만 그에따른 책임은 지어야함	인사평가 실력이아닌 지역불균형 흔히 상권빨이 존재함.  실적이없으면 압박이 매우심함.  상사와의 커뮤니케이션이 원활치 못함.  직군과의 갈등 대립이 매우심함	오래다닐 회사는 아니라고 생각됨. 막상나와보니  여기보다 좋은회사들 많음.  여기회사 다니는 사람들은 본인들이 머라도 되는줄 암.  솔직히 말해서 비젼 높지않음
2016/8/19	(주)세스코	100	71990	378564	2.0	1.0	2.0	3.0	1.0	0	1	서비스/고객지원	전직원	제주	 0 	False	"중견기업에서 대기업으로 발전중인 큰회사그저 높은연매출액만 기대만 높은회사"	방제방역 업체중 최고자리에 있는 거대한기업섬세한 이론교육 시스템	비합리적인 비인사제도 군대보다 더한시스템대기업 최저연봉, 본사 임원들과 일반사원과의 커다란격차인원부족함에대한 해결미흡, 교육시스템. 실무경험에따른퇴사 및 이직률증가	작은틀안에서만 좁혀있고 당장 눈에 보이는것만 보고앞을 내다보는것은 단하나 연구뿐 서비스하는것도 중요하지만 서비스를하시는직원분들에 대한 배려나 직원을 잡으려는 말뿐이 아닌 개선을해주셨으면.
2016/8/17	(주)세스코	100	71990	377900	3.0	4.0	3.0	3.0	3.0	1	2	서비스/고객지원	전직원	서울	 0 	False	"장단점이 확실함 너무 확실함본인이 무엇을 더 중시하느냐를 잘 파악해서 선택하면 된다."	상급자도 하급자에게 존댓말을 쓰는 분위기아무리 타 부서의 낮은 직급이여도 부드럽게 말해야 함높은 연봉	갑자기 커진 회사인만큼 체계가 잡혀있지 않음정말 일이 많다.	그래도 장점이 더 많은 회사라고 아직 생각하고 있습니다.
2016/8/16	(주)세스코	100	71990	376986	3.0	2.0	3.0	3.0	3.0	0	1	인사/총무	전직원	서울	 1 	False	"동종업계 독보적 리딩기업임.그러나 그에 걸맞는 연봉책정이 아니며 부서간 업무량 편차가 심함"	항상 진보적이나 현재상황에서는 실이 될수도 독이 될수도 있음.  잇다른 발전에 따른 내실관리에 케어가 필요한 시기	기업 네임밸류에 맞지않은 낮은 연봉,	한쪽에 치우지지않은 부서간 적절한 업무량 배분과 결과만을 중요시여기는 실적경영도 중요하나 실제 세스코발전을 위해 일하는 부서들도 헤아릴줄 알아야함
2016/8/12	(주)세스코	100	71990	376026	2.0	2.0	3.0	2.0	2.0	0	1	서비스/고객지원	전직원	부산	 0 	False	"연봉은 낮은편이지만 스트레스 덜 받으면서 다닐수 있는 회사"	주 5일제에 계속 성장하고 있는 회사이며 빨간날은 다 쉰다	연봉이 낮고 직원들이 회사에 대한 애착심을 가지게 할만한 요인이 부족함복지가 별로다	직원들에게 더 좋은 복지와 애착심을 가지게 있게 하주길
2016/8/7	(주)세스코	100	71990	373573	2.0	2.0	1.0	1.0	1.0	0	2	영업/제휴	전직원	기타	 5 	False	"영업조직이 비대해진만큼 시스템이 따라주지 못함. 여러 상급부서의 페이퍼워크 덕분에 쓸떼없는 말장난이 심함. 관리를 위한 관리로 인해 더 높은 매출성장이 가능함에도 불구하고 하지 못함."	주 5일제는 지켜짐. 월급은 칼같음. 대외 이미지 좋음.	페이퍼웍 다수. 오너눈치보느라 임원 및 실장들의 정치질이 심함. 능력있는 중간관리자들의 능력을 저하시키는 조직체계(책임만 지우고 권한은 없는)	현장 서비스 확인바랍니다. 바닥부터 썩어가는 것을 모르쇠하는 꼰대들 내보내시길.
2016/8/5	(주)세스코	100	71990	372680	2.0	3.0	3.0	3.0	3.0	1	2	경영/기획/컨설팅	현직원	경기	 1 	False	"국내 독보적인 방제기업. 벌레하면 떠오르는 세스코."	국내 독보적인 방제기업. 사내 분위기 좋음. 벌레하면 떠오르는 세스코. 이미지가 좋다. 주5일에 공휴일.쉬고 연차까지.	연봉..문제가 있고 또한 세스코의 비전은 좋은데 사원의 비전은 밝은지 모르겠다.	사원들에게 비전을 비춰주고 아쉬운 급여 문제도 해결이 된다면...
2016/8/1	(주)세스코	100	71990	370981	2.0	2.0	2.0	2.0	2.0	0	1	금융/재무	전직원	서울	 0 	False	"면접볼때 느낌 상당히 좋음. 회사건물 좋음. 누구아 아는 기업"	주말 보장. 빨간날 보장. 휴대폰비 교통비 걱정없음 .	군대식문화 칼퇴 힘듬 눈치 많이 봐야함 직원을 소중히 여기지 않음	복지를 늘려주시고 직원들에게 더 많은 관심을 주었으면 합니다.
2016/8/28	씨제이푸드빌(주)	100	23183	382857	3.0	3.0	3.0	2.0	3.0	0	1	서비스/고객지원	전직원	울산	 2 	False	"불편한 출근 시간 30분전 출근문화는 임금에포함되지도않는데 회사규정에포함되어잇음"	휴무가많고 주5일제 근무가 거의지켜지며 5주인 주는 10일을 쉴수잇눈 기염을 토함	임금이 짠편이고 장사가잘안되면 직원들의 열정페이를 강요함	직원들의 오티수당을 정상적으로 챙겨쥬ㅓ야하지않나 싶습니다
2016/8/28	씨제이푸드빌(주)	100	23183	382778	2.0	4.0	3.0	3.0	3.0	0	1	생산/제조	전직원	충북	 0 	False	"고졸생산 퇴직자입니다 . 분위기는 좋지만 주변이 다 시골이며 근무환경은 깨끗하지만 업무강도는 센편입니다."	일한만큼 돈을받습니다. 기업 브랜드가치가있고 복지가 좋습니다.	생산만합니다. 근무시간 길고 주야 2교대입니다 .식품생산이라 시간에 구애받고 빠른일처리를요하며근무강도또한 센편입니다.	인원을 많이채용하여 교대근무시간을 줄여 개인시간을 늘려주어 자기계발 및 여가활동을 충분히 할수잇게해주면좋겠네요
2016/8/24	씨제이푸드빌(주)	100	23183	381077	2.0	2.0	3.0	1.0	1.0	0	None	영업/제휴	전직원	해외	 0 	False	"기업의 비전이 없음. 한국 본사의 과다한 영향력 행사로 비즈니스의 중심을 잡지 못함. 국내에서 Captive 확보에 따른 수익성을 내고 있지만 그게 해외까지 연결될지는 의문. 만약 그러한 CJ 전사의 확장성이 해외지사로 옮겨간다면 비교적 비전이 있음."	해외 영업인 만큼 비교적 수평적이고 자유로운 복장. 그러나 인사평가 등의 방식이 한국 본사 방침을 따르기 때문에 특출난 성적을 받는 것은 어려움.	보고를 위한 작업이 많음. 해외지사만의 운영권을 주지 않아서 운영 형태가 현지 사정에 맞지 않음. 그 만큼 비즈니스의 발전 속도가 느리며 성공 가능성도 높지 않다고 봄. 하지만 컨텐츠 자체의 경쟁력 때문에 장기적으로 운영 개선을 이뤄낸다면 기대해볼만한 잠재력 가지고 있음.	현지 지사에 대한 자율권 및 현지를 잘아는 전문가에게 운영을 맡기는게 좋을 듯 함. 사공이 너무나 많은 경영진의 시스템으로 획일화되고 공격적인 운영이 어려운 것 같음.
2016/8/22	씨제이푸드빌(주)	100	23183	379981	4.0	1.0	1.0	4.0	3.0	0	2	서비스/고객지원	현직원	경기	 1 	False	"외식업계 1위 대기업이지만 현장직은 연봉이나 직원대우는 형편없음. 외식업에 있어 끝까지 할 수 있는 사람에게만 추천."	국내 외식업 1위 기업이라 외식업에 종사하고자 하는 사람에게는 최고의 교육의 장. 체계적인 교육체계와 왜 CJ가 1위인지를 배울 수 있다. 수평적인 존칭문화가 장점.	국내 외식업 1위 기업에 걸맞지 않는 연봉대우. 복지는 좋다고 하나 그것도 정규직에 한해서이다. 수평적인 존칭문화가 존재하나 존칭 외에는 다른 회사와 다를바 없는 대한민국 기업의 고질적 문제인 수직적 구조가 존재. 하루 기본 업무 시간외에 추가적으로 야근하는 것은 기본, 휴일에도 수당없이 일을 자주하게됨.	외식업의 한계이긴 하지만 국내 1위 기업의 연봉수준이 이정도면 할말다했다. 인턴이란 명목으로 불황속에 청년들을 이용하는 마인드를 버려야할 듯.
2016/8/18	씨제이푸드빌(주)	100	23183	378305	3.0	4.0	2.0	3.0	2.0	0	2	영업/제휴	현직원	기타	 0 	False	"성장 동력이 한계에 다다름CJ지주사의 투자가 이어지지 않으면 적자의 늪에서 빠져나오기 힘듦"	외식사업과 프랜차이즈 사업으로 구성되며 CJ대기업의 복지를 함께 누릴수 있다	프랜차이즈 본부의 경우 영업과 스탭조직간에 커뮤니케이션 부재 아직도 푸쉬라는 업무강도가 강함	임원급 혹은 최소한 팀장급에서라도 앞에서 뒤에서 하는말 같았으면 좋겠습니다
2016/8/18	씨제이푸드빌(주)	100	23183	378060	3.0	3.0	2.0	5.0	3.0	0	2	영업/제휴	현직원	서울	 0 	False	"분위기 좋고 사람들 좋으나 야근 많음. 신입은 현장근무 필수."	분위기 좋음. 여직원들이 많아 여성친화적인 분위기. 복지혜택 좋다.	야근이 많다. 신입의 경우 현장근무를 많게는 2년까지 한다는.	현장에서 근무하시는 분들 얼마나 힘들게 애쓰고 계신지를 아셨으면 합니다. 본부와 오퍼의 괴리 줄이기를.
2016/8/12	씨제이푸드빌(주)	100	23183	376013	3.0	2.0	2.0	3.0	3.0	0	1	디자인	전직원	서울	 0 	False	"대기업이라 체계면에선 배울 점이 있지만 업무 강도가 세다"	커뮤니케이션이나 업무의 체계같은 것에 대해 배우기 좋다.	업무 강도가 세서 일과 개인 생활의 균형을 찾기 힘들다.	업무의 적절한 분담과 일과 직원들의 개인 생활 간의 균형을 맞출 수 있게 해줬으면 좋겠다.
2016/8/2	씨제이푸드빌(주)	100	23183	371597	4.0	4.0	2.0	3.0	3.0	1	2	서비스/고객지원	현직원	서울	 0 	False	"급여에비해 노동강도가 센편, 신입들이 버티지못하고 많이나감 그러나 미래는 밝아보임"	좋은복리후생, 대기업이라는 프라이드, CJ임직원카드의 높은 할인율	낮은 연봉이 최대 단점인듯 그 외에 업무특성상 연장근무가 많음	현장 서비스쪽에 일하는 분들에게도 많은 관심과 급여인상이 필요해보임
2016/8/27	유베이스(주)	100	87279	382630	3.0	4.0	4.0	5.0	4.0	1	1	영업/제휴	전직원	경기	 0 	False	"텔레마케팅이 어떤 업무를 하는지 잘 알 수 있는 회사. 다른 텔레회사들과 비교했을때 연봉 복지 모두 만족 했었습니다. 개인의 역량도 높이 평가하는 편."	여러가지 복지 지원이 있습니다. (회사 내 카페등) 사내 버스가 있으며 제가 알기로는 서울지역이나 인천지역에서 부천센터(송내, 중동)까지 운행중인걸로 압니다. 자기의 업무가 끝나면 칼퇴근도 가능. 근속연수에 따라 개인의 역량에 따라 진급 가능성이 있습니다.	텔레마케팅이란 업무상 고객의 컴플레인에 대한 스트레스가 단점이라 할 수 있겠네요. 하지만 여러 프로모션을 진행 하면서 그런 문제점들을 잘 해결하려고 노력합니다.	직원을 위한 프로모션을 더 제공하면 좋을것 같네요. 역량에 따른 진급 기회도 많이 주셨음 좋겠습니다.
2016/8/24	유베이스(주)	100	87279	381193	4.0	3.0	4.0	3.0	3.0	1	1	서비스/고객지원	전직원	서울	 0 	False	"처계가 잘잡혀있음. 월급은 성과에 따라 달라짐. 칼퇴가능. 시험의 압박"	팀단위로 근무하고 나름 대기업에 파견나가는거라 좋음. 칼퇴가능.	파견나가서 정직원사람들과의 괴리감을 느낌수있음. 콜수의 압박. 시험의 압박	파견직이지만 차별이 없으면 좋겠네요.
2016/8/17	유베이스(주)	100	87279	377878	2.0	1.0	1.0	2.0	2.0	0	1	서비스/고객지원	전직원	경기	 1 	False	"늦게까지 남아 일해도 후처리는 줄지않고 월급은 고만고만"	공고올라오면 사진이 항상 있듯이 사내는 이쁘고 깔끔함교육은 재밌게 잘하는 듯  한층은 옥션지마켓 한층은 현대 한층은 뭐시기 일하는 사람많음 사람구경 가능 ㅇㅇ	어휴...인바운드가 다 비슷비슷하지만 기본급 짜고 인상되기 전까진 버티기가 힘듦 인센도 붙을라면 후처리가 몇백개매니저 앞자리 앉으면 내가 고객이랑 통화하는지 매니져랑 통화하는지 알수없음 운 안좋으면 선임 잘못만나 개고생 각	많이 나가는 이유는 다 이유가 있다 봄 신입에 좀 더 신경을 써야할듯!
2016/8/29	아워홈(주)	100	68269	383089	3.0	2.0	3.0	2.0	2.0	0	2	경영/기획/컨설팅	현직원	서울	 1 	False	"매출 1조원 이상의 거대 식품회사급식 외식 식품 물류 업계의 강자"	강남대로에 위치하여 통근 용이함재무구조 탄탄하여 부도 염려 없음	보수적 배타적 기업 문화 낮은 임금엘지 구씨네의 가족 경영으로 눈밖에 나면 끝장	직원들이 행복하게 일할 수 있도록 기업문화 개선 부탁드립니다.
2016/8/25	아워홈(주)	100	68269	381966	4.0	5.0	3.0	3.0	3.0	0	2	서비스/고객지원	전직원	서울	 0 	False	"대기업이고 식음료자체가 돈이 작지만 그래도 그중에서는 많이 주는 편인 회사"	대기업임 위생이 철저하게 관리되어 서비스교육을 많이 시켜 고객사에서는 좋을듯	업자이다 케바케로 강도가 차이믾이남자사제품 활용을 강조해서 단가가 낮은 업장응 힘듬	힘든점포에 있는 점장들을 순환 배정해야 할듯
2016/8/17	아워홈(주)	100	68269	377940	3.0	2.0	2.0	2.0	2.0	0	1	경영/기획/컨설팅	전직원	서울	 0 	False	"한때 급식서비스 최고 회사였으나, 직원에 대한 낮은 보상으로 관리자급 직원들의 이직이 많은 회사"	안정적인 사업구조로 회사의 지속가능성이 높음적극적이고 능력이 출중하다면 많은 기회를 얻을 수 있음	대기업답지 않은 업무체계나 프로세스자체적으로 모든 일을 수행하려다 보니, 제대로된 업무를 배우지 못함	직원들이 업무를 잘 할 수 있도록 적극적인 지원과 투자가 필요경쟁사 수준의 임금수준 현실화 필요
2016/8/30	아웃백스테이크하우스코리아(유)	100	86465	383887	4.0	3.0	3.0	4.0	2.0	1	None	서비스/고객지원	전직원	서울	 0 	False	"사내 문화가 잘되어 있어 직원들 간 사이가 좋고 일하기 좋은 환경이었음.한번쯤 근무해볼만한 회사"	지점장이 되려면 밑바닥 부터 시작해야하는 조건이 있음.때문에 우리 지점장 또한 아웃벡 패밀리로 10년이상 일한 경험이 있음이런 점을 보면 누구나 더 높은 직급을 위해 도전할 수 있는 환경이 갖춰짐	아무래도 매출에 따라 근속이 안정적이지 않고 언제나 짤릴 위험이 있음.또한 서비스직이다 보니 사회적 위치가 낮은 직종이라 볼 수 있음.자신의 노력에 따라 성과급, 복지헤택, 연차가 있거나 하지 않는다는 단점이 큼	아웃백이 한국 내 사업장이 점점 줄어가고 있고 이제는 길거리에서 찾아보기 힏믈게 되었음. 패밀리 레스토랑의 개녕메 대해 다시한번 고민하고 메뉴 개발, 인테리어 계산 등 지역에과 주 연령층에 전략적인 운영을 해줬으면 함.
2016/8/31	(주)커피빈코리아	100	53841	384250	2.0	4.0	3.0	2.0	2.0	0	1	서비스/고객지원	전직원	서울	 0 	False	"일단 시급은 주기 때문에 만족합니다. 그렇지만 인력에 대한 기본적 예의가 부족함."	칼같은 퇴근시간지키기. 아르바이트생한테만 해당되는 것일 수도 있어요.	수틀리면 알바를 못살게 굼. 인력관리를 제대로 못하면 알바라도 이야기할 때 좀 개선사항을 들어주었으면 좋겠다.	아르바이트생이 커피빈의 얼굴이라고 생각함. 제대로 교육좀 시켜주세요. 갈구기만하지말고
2016/8/30	(주)커피빈코리아	100	53841	384063	3.0	1.0	3.0	1.0	2.0	0	1	서비스/고객지원	전직원	서울	 0 	False	"카페 브랜드 중 그나마 좋은 조건에서 근무할 수 있는 곳"	한달에 휴무일이 7~8일 정도로 다른 곳과 비교해 정상적인 휴무일수.급여 또한 비교적 조금 높은 편.식재료의 관리감독이 철저한 편으로 손님 입장에서 믿고 방문함.	인원이 적어서 피크타임 때 초월적인 힘을 요구함.상하관계가 강한 편.급여가 비교적 높은 편임에도 적음.	꾸준하고 철저한 재고관리가 계속 지속되길 바랍니다
2016/8/13	(주)커피빈코리아	100	53841	376339	3.0	2.0	2.0	3.0	3.0	1	2	서비스/고객지원	전직원	경기	 0 	False	"커피빈은 손님으로 갈 때 제일 좋은것같다"	위생상태나 재고관리 까다롭게 점검해서 힘들지만 퇴사 후 점포불문하고 믿고 먹을 수 있다는 생각이 듬	점바점으로 매장마다 분위기 매우 다름 임금낮은편 잡일이 많음 스케줄근무	매장수보다는 직원수를 더 늘리는 쪽이었으면
2016/8/6	(주)커피빈코리아	100	53841	373367	2.0	2.0	3.0	1.0	1.0	0	1	서비스/고객지원	전직원	서울	 1 	False	"동종 업계에 비해서 급여는 괜찮으나 직원배려는 잘모르겠네요."	그나마 동종업계에 비교해서는 급여가 괜찮은 수준입니다.	교육받을때 4일을 과제를 내주고 다음날 시험을 본다음 점수대로 깜지를 시킨다. 문제는 교육시간이 오전부터 저녁까지 너무 긴데다 과제에 깜지까지  다른 지역에 사는 사람은 잠을 두세시간 밖에 못잘 수준이다. 그 교육이 끝나면 바로 다음날 발령받고 출근이다. 그리고 이건 지점 문제인것같은데 텃세가 너무 심하다. 교육을 진행하며 모르는 것을 비웃는다. 모르니까 교육을 진행하고 있는 것일텐데?	직원 배려가 부족한 합니다. 교육일을 늘리는 게 차라리 훨씬 효율적일 것 같습니다.
2016/8/1	(주)커피빈코리아	100	53841	370633	3.0	3.0	3.0	3.0	3.0	0	1	서비스/고객지원	전직원	서울	 0 	False	"알바생으로서 바리스타들과 매달 회식하면서 재밌게 일했음"	바리스타들이 친절하고 재밌으면 일하기 편함매달하는 회식은 직원간 친밀감을 높여줌.	최저임금으로 돈을 벌기힘듬진상손님 있을시 일하기 매우 빡침바리스타가 재미없으면 같이일하기 심심함	최저임금보단 많이주시길 바랍니다알바생 화이팅!
2016/8/27	(주)호텔신라	100	47377	382582	3.0	3.0	3.0	3.0	3.0	0	1	IT/인터넷	전직원	인천	 0 	False	"개발자가 대우받으며 일할 수 있다 할만하다 일할만하다"	씨이오가 괜찮다. 호텔리어로서 많은경험을 쌓을 수 있다	출근시간이 길 다 다 연차를 윗사람 눈치보고 써야한다 점	적극적 투자를 했으면 좋겠다. 화이팅
2016/8/22	(주)호텔신라	100	47377	379671	3.0	3.0	2.0	3.0	1.0	0	1	서비스/고객지원	전직원	서울	 0 	False	"대외적이미지는좋다. 하지만 호텔 일이라는게 그렇듯.. 단순한업무"	사람들한테 여기 다닌다자랑스럽게말할수있는정도가되려나..	비합리적 인사제도. 공채아니면 올라가기어렵움. 그냥호텔일	공정한인사제도 개편바랍니다. 영업부서 직원들도 좀 생각해주길
2016/8/8	(주)호텔신라	100	47377	373696	1.0	2.0	3.0	1.0	1.0	0	None	경영/기획/컨설팅	현직원	서울	 0 	False	"생각없이 다니기엔 최고. 업무강도는 부서, 업무별로 차이가 심하지만 인생에 작은 욕심도 없다면 좋은 직장"	회사 브랜드이미지가 좋음. 딱히 써먹을 곳은 없지만 그래도 좋음	경력으로 와야만 대우받을 수 있음. 시대를 역행하는 조직문화	쓸데없는 것에 목숨걸지 말고 직원들 숨쉴 틈을 마련해주길.
2016/8/31	트랜스코스모스코리아(주)	100	51105	384636	2.0	1.0	2.0	2.0	2.0	0	1	전문직	전직원	서울	 0 	False	"개인적으로 할일만 하면 되는 분위기. 남이 터치하는것 없음. 자신이 번역일만 잘하면 아주 좋음. 개인적으로 생각하기에 알바로 하기엔 좋음"	연차를 쉽게 쓸수 있고 자신의 일만 하면 아무도 터치하는사람없음. 자유로운 분위기속에서 일할 수 있음. 야근이 없고 정시에 칼퇴근 할수 있는것은 아주 큰 장점	보수가 너무 적음. 정규직에 대한 더 좋은 복지가 필요함. 좀더 체계적인 관리가 필요하다고 봄.업무량이 많은것은 아니지만 업무량을 늘리되 연봉도 늘렸으면	적절한 보수와 적절한 관리가 필요함. 실제로 번역팀이 어떻게 일하는지 감사가 필요하고 실제 번역팀의 인원이 충분한지 검토가 필요함. 일의 수요와 인원을 맞춰서 잘 조직하면 훌륭할듯.
2016/8/29	트랜스코스모스코리아(주)	100	51105	383535	3.0	2.0	3.0	2.0	2.0	0	1	서비스/고객지원	전직원	서울	 0 	False	"CS실무자로서는 타사에 비해 덜한 업무적 압박 조금 더 유연한 분위기"	외국계라 그런지 실적을 뽑아내기위한 압박이 강한 타사에 비해 조금 압박이 덜함. 하지만 실제 회사측의 실적은 그 때문에 덜한것으로 보였음	회사라기보다는 업계 업종자체의 문제점 실적을 위한 필수적인 야근	문턱이 낮은 업무이지만 그렇기에 장기근속자를 필요로 할 것이고 그러기위한 노력이 필요하다고 봄
2016/8/23	트랜스코스모스코리아(주)	100	51105	380343	4.0	3.0	4.0	4.0	3.0	1	1	서비스/고객지원	전직원	서울	 0 	False	"꾸준하게 다닐만하나 연봉이 적음.관리자로서의 길은 열려있음"	시간 엄수 잘됨꾸준히 다니는데 무리가 없음근로법, OT지급 잘됨관리자로서 승진기회가 있음	급여가 적음쉽게 애기하면 인력관리회사라 클라이언트와 나의 사이에서 가져가는 수수료가 매우 큼돈을 적게 줄 수 있는 방법만 연구하는것 같음	급여를 인상하거나 좀 더 많은 복지가 신설되면 좋을듯
2016/8/18	트랜스코스모스코리아(주)	100	51105	378422	2.0	2.0	3.0	2.0	3.0	0	1	인사/총무	전직원	서울	 0 	False	"센터별로 분위기가 많이 다르기때문에 복불복임. 본사 인사재무쪽은 체계적. 허나 승진제도 유무가 의심스러울정도로 상사평가가 중요한 만큼 줄타기 심함. 대체적으로 보수적."	잡일포함 업무량이 많기때문에 신입들이 실력 쌓기 좋음. 체계적임.	파벌싸움. 상사와 고객사 말은 법이다. 주관을 펼칠 수 없는 업무분위기.	퇴사시 아름답게 보내주셨으면 합니다..좋은 기억으로 남을 수 있게 해주세요..
2016/8/12	트랜스코스모스코리아(주)	100	51105	375756	2.0	3.0	2.0	2.0	2.0	1	2	서비스/고객지원	현직원	서울	 0 	False	"회사 분위기는 좋음 허나 직장이라기보다 알바느낌이강하다"	자율적인분위기 직원들압박이없음 교통그냥저냥 괜찮다 그정도	급여적음 직장이라기보다 알바하라오는느낌이다 급여때문인듯	급여좀올려주세요 그게제일중요함 복지도따로 없는것도 문제
2016/8/6	트랜스코스모스코리아(주)	100	51105	373236	3.0	2.0	3.0	2.0	1.0	1	1	서비스/고객지원	현직원	서울	 0 	False	"컨택센터 중 체계적인 운영이 되는 곳인듯......."	정보보안, 품질, 평가 체계가 잘 갖추어져 있다. 다양한 프로젝트 마다 매니저의 기질과 역량이 달라 해당 회사를 대표한다고 하기는 어려울 수 있을 듯하지만, 금융, 전자, 제조 관련 콜센터 운영은 동종업계 대비하여 기술, 인력 관리 등 우수하다.	오픈마켓 관련 사업은 인력 관리가 미흡한 듯 하다, 상담사 뿐만 아니라 관리자 직군의 이직과 포지션 변경이 잦다.	상담 중에 소리지르는 관리자가 없었으면 합니다.심지어 관리자 회의 할 때 소리지르는 목소리가 상담 중 고객이 들을 때는 정말 최악이에요 ㅠ.ㅠ 상담하다 깜짝 깜짝 놀랍니다.
2016/8/29	씨제이푸드빌(주) 빕스	100	91680	383191	4.0	5.0	3.0	3.0	4.0	1	1	서비스/고객지원	전직원	충북	 0 	False	"주방 한 구역마다 한 사람씩을 배치하는데 주말같은경우 11~2시까지가 돌잔치로 미친듯이 바쁜데 3시가되어야 한사람이 더 오거나, 다른 구역에 인력이 부족하면 서로 다른구역이라 하는 일도 모르지만 가야함. 적재적소배치가 부족한듯함."	본인은 평소 제과제빵이나 요리에 관심이있어서 일을 하게되었는데 생각대로 요리하는것은 재미있었다. 직원들도 친절하고, 무엇보다 위생을 철저히 해야하는 주방에서 본사지침대로 생각보다 꼼꼼하고 위생적으로 운영되고있으며 요리도 저울이나 계량스푼으로 철저하게 소스나 야채 등의 양을 일정하게 맞춰 일하기가 수월하다.	같이 일하는 직원과 불편하면 오래 일하기 쉽지 않다. 해당 점포의 매니저와 갈등이있었는데 오가면서 사람을 무시하고, 막말까지하며 심적으로 힘들게하여 그만두었다.	해당 점포에 셰프의 문제점을 많은 직원들이 점포에 적혀있는 전화번호로 전화를 걸어 말했지만 그저 점장에게 불려가 한마디 듣는것이 전부고 전혀 개선되지 않았던 점이 기억남.
2016/8/22	씨제이푸드빌(주) 빕스	100	91680	379914	4.0	4.0	4.0	4.0	4.0	1	2	서비스/고객지원	현직원	전남	 0 	False	"서비스를 배우기에는 정말 좋은직장친절함이 어떤건지 배울수있음"	일하다가 그만두고 다른직장에 가더라도 서비스는 습관처럼 나옴많은 사람들을 만날수있음	직원복지가 조금 부족한거 같기도 함업무의 강도가 세니 몸과 정신적으로 지침	직원복지를 조금만 더 높여줬으면 좋겠다물론 점포마다 상황은 다르겠지만
2016/8/19	씨제이푸드빌(주) 빕스	100	91680	378492	2.0	3.0	2.0	3.0	3.0	1	1	서비스/고객지원	전직원	서울	 0 	False	"큰 회사답게 지킬건 지키려고 하는데, 업무에 치인 매니저들이 안지킴."	보충,야간수당까지 모두 잘나왔음. 야간에 퇴근하면 택시비 지원펀데이라고 직원들 사기 충전을 위해 한달에 한번씩 있음.	매니저들이 업무에 눌려서 펀데이 같은 것들 안지킴.야간근무나, 업무량때문에 일찍 출근해야되는 경우 미안함 전혀없음.아주 당연하게 여겨지는 문화.	매니저들 능력을 고려해서 업무량 책정하세요.
2016/8/17	씨제이푸드빌(주) 빕스	100	91680	377721	3.0	3.0	2.0	3.0	2.0	0	None	서비스/고객지원	전직원	경기	 0 	False	"(주방 업무)요리에 대해 조금 더 배우고 싶어서 들어갔으나, 정작 배우는 것은 많지 않았다."	모든 직원들이 존칭을 쓰며 배려하는 말투를 지향. 음식을 조리할 때 위생에 신경을 많이 써서 빕스는 믿고 먹어도 된다고 느낌	매출이 적은 날에는 아르바이트(STAFF) 직원들의 업무 시간을 실시간으로 조정해서 인건비를 매우 아끼려고 함	아르바이트(STAFF)들이 정해진 시간대로 업무를 할 수 있도록 배려하는 것이 필요할 것 같습니다.
2016/8/9	씨제이푸드빌(주) 빕스	100	91680	374233	4.0	4.0	2.0	3.0	2.0	0	1	서비스/고객지원	전직원	인천	 0 	False	"외식업계의 강자인 CJ푸드빌의 대표 브랜드답게 타외식업계에 비해 대우가 좋음. 다만 샐러드바를 운영하는 특성상 타 외식브랜드 업계에 비해 업무량이 많음."	-대기업이다보니 타 외식업계에 비해 수령액이 높은편-중식제공, 쉬는시간 제공-전공과 관계없이 노력하면 정사원이 될 수 있음	-기업특성상 요리관련학과 출신들이 많이 지원하는데 실상 본사에서 내려오는 레시피 혹은 냉동식품을 그대로 조리하는 곳이라 배울 것 없음-업무가 힘들어 사람들이 자주 바뀌고, 그에따라 신입을 잘 챙겨주지 않음	신입들을 그냥 한달 일하고 그만둘애로 보는 것이 아닌 인재로 키울 마인드가 필요하다고 생각합니다.
2016/8/29	(주)유니에스	100	87274	383379	3.0	3.0	3.0	3.0	3.0	1	1	인사/총무	전직원	서울	 1 	False	"아웃소싱으로 해볼만한 기업 타기업에비해 급여도높은편 어느부서에가느냐에따라 업무의난이도 호불호"	연차소진 독려해서 대부분소진할수있다 그래서 한달에한번씩쉴수있는 여건이된다	사업장에바뀌는 경우들이 종종 있는데 드문편이다 적응하면된다	동아리활동이나 부서끼리의 친화력을쌓을수있는 상황들이있었으면좋겠다
2016/8/22	(주)유니에스	100	87274	379712	4.0	4.0	4.0	4.0	4.0	1	1	서비스/고객지원	전직원	서울	 1 	False	"신입 상담사도 배려해주는 모습이 좋았습니다."	실무에 투입 후 선임상담사를 늘 옆에 두고 같이 처리하는 모습이 좋았습니다. 정말 악성고객은 직접 처리를 해주는 등 지금까지 아웃소싱 회사들 중 제일 직원들 챙겨줬음	신입들은 개월수를 두고 ib 콜수를 조금 줄여주셨으면 좋겠습니다. 사람상대가 센스있는 사람들은 콜수 잘 채우지만 그게 미숙한 사람들은 부딪히면서 늘어가는건데 동일선상에 두고 하라니 벅찬감이 있었습니다.	신규상담사들은 ib 콜 채우는게 힘듭니다.ㅠㅠ 아직 미숙해요 몇개월 정도는 ib 압박 조금만 줄여주셨으면 좋겠습니다.
2016/8/17	(주)유니에스	100	87274	377474	3.0	3.0	3.0	3.0	3.0	0	1	서비스/고객지원	전직원	서울	 0 	False	"사내 분위기는 좋은편이며, 타 회사들에 비해 자유로운 편이라고 생각함"	복지제도가 나름 있는 편이며, 출퇴근 시간이 확실하게 함	연차, 반차 등 사용이 비효율적이다. 새로운 사람들을 뽑을 것이 아닌 기존 직원들의 사기를 높일 수 있는 시스템 구축이 필요할 것으로 보임	직원들 신경 좀 써주셨으면 좋겠다. 목표달성도 중요하긴 하지만..
2016/8/2	(주)유니에스	100	87274	371335	1.0	1.0	1.0	1.0	1.0	0	1	인사/총무	현직원	서울	 0 	False	"일이 너무 많음 아웃소이 업계에서 나름 유명함 하지만 아웃소싱 업계 전망은 발전 가능성이 별로 없음(하락의 가능성도 없지만)"	아웃소싱 시장이 원체 크다 보니 일 자리는 계속적으로 안정되게 지속될 전망임	일이 너무 너무 많음 투명하지 않음 갑사 때문에 지독한 스트레스 받음	욕심을 버립시다 사람을 사람으로 보는 시각이 필요 합니다
2016/8/2	(주)유니에스	100	87274	371287	4.0	3.0	3.0	3.0	3.0	1	1	전문직	현직원	서울	 0 	False	"보람있는일을 할수있고 판매쪽보다는 상담이주임상담쪽으로 관심잇다면 괜찮음"	연차라던지 각종 복지혜택이 잇음판매압박이 심하지않아 괜찮음	주말에 나올수있음 그리고 각끔 진상손님들땜에 스트레스받음	직원들의불만을 듣지만 말고 해결해줬으면좀더 합리적으로 의사결정을 햇으면
2016/8/24	(주)에스텍시스템	100	89310	381183	2.0	3.0	1.0	4.0	4.0	0	1	서비스/고객지원	전직원	서울	 0 	False	"일한만큼 월급주는회사.경력이 쌓이면 괜찮음.몸이 힘들지만 정신적인 여유가 있음"	나름 경호업무 부분에서 알아주는 기업임복지도 괜찮음 사람도 좋음	업무시간의 경비특성상 많음반복되는 생활에 다양한 경험을 쌓기힘듬	경영진 보다 업체를 고용하는 회사에서 신경을 써주셔야함
2016/8/18	(주)에스텍시스템	100	89310	377985	2.0	4.0	3.0	3.0	2.0	0	1	서비스/고객지원	현직원	서울	 0 	False	"젊은 나이에 경호/경비업을 생각한다면 괜찮을지도...또한 장기적으로 보면 상당한 메리트가 있음"	에스원에서 분리되어 나온 회사로 복지가 좋고 시스템도 어느정도 잘 갖추어져있음. 또한 자체 인사시스템을 활용하여 자신의 근무/월급/기타 증명서 발급도 손쉽게 가능.	복지의 종류가 많고 다양하나 20대 초반이나 중반의 젊은 사람들에게 해당되는 복지가 많지 않음.경호/경비업의 특수성인지 몰라도 군대문화는 어쩔 수가 없음. 하지만 이건 사업장을 따라가므로 좋은 사업장에서 근무한다면 군대문화를 적게 느낄 수 있음.	신입대원들에게 돌아가는 편의가 어느정도는 더 생겼으면 좋겠음.또한 주임/팀장/실장 같이 사업장에서 실질적인 권한이 있는 사람들이 조금은 더 유연한 사고를 가지면 좋겠음.
2016/8/18	에스원(주)	100	65658	378248	2.0	3.0	1.0	2.0	3.0	0	1	서비스/고객지원	전직원	대전	 0 	False	"cs 돈이급하다면 ... 뭐 나쁘진 않다고 생각됨"	일한만큼 돈을줘서 고졸에 이만큼 받는곳이 어딜까 생각함 복리 좋음	개인시간 없음.... 일 강도 개빡세고 출동 좀 겹치면 죽고싶다 눈치보여서 교대때 정시퇴근한적 없음	cs의 고충을 알고 인원이든 교대근무 체계든 좀 살랴줘
2016/8/18	에스원(주)	100	65658	378146	3.0	4.0	2.0	3.0	3.0	0	1	영업/제휴	현직원	서울	 0 	False	"레드오션시장이긴하지만 현금장사다보니 꾸준함이 있는기업. 삼성계열사"	국내업계 1위로, 브랜드가치가 높다.신뢰도 또한 높다	보안업계이다보니 수직적 문화가 아직 많이 남아있다신규시장발굴못하면 어려워질수있다	기존물리보안은 포화시장.새로운 시장창출이 필요하다.
2016/8/10	에스원(주)	100	65658	375059	4.0	3.0	3.0	2.0	1.0	0	1	엔지니어링	전직원	경기	 6 	False	"FM 업을 보면 힘든곳은 힘들고 쉬운곳은 쉬움 오너사가 어떻게 대하는지에 따라 왔다갔다함"	보수 괜찮은 편임 복리후생도 대기업수준 고졸 초대졸 대졸 다 모집을 함 매년 연봉이 조금씩 오르는 편	긴급상황시 출근해야 함 눈오면 제설작업 퇴근시간이 못지켜질수있음 상사가 누구냐에따라 만족도가 다름	기존에 있던 사람들 인건비 아껴서 신입들 적은돈으로 입사시키고 사업장 배치해주는 아주 인사과적인 생각 버리고 자기 회사 식구들 좀 챙겨주길
2016/8/5	에스원(주)	100	65658	372729	2.0	2.0	2.0	1.0	1.0	0	1	IT/인터넷	현직원	서울	 1 	False	"보람은 개인적으로 찾아야 합니다. 당신이 그걸 한다고 별다른 대우는 없어요."	연차는 회사에서 쓰라는 분위기라 10일쯤 써도 뭐라하진 않습니다다른사람과 너무 겹치지 않으면 됩니다회사는 무인경비업 특성상 안정적이라고 생각됩니다착한 직원이 많습니다	현재 2인 이상 술자리 금지입니다 (금주령)도서구입비는 없다고 보시면 됩니다연구개발직종의 복장도 비즈니스캐주얼에서 정장으로 회귀했습니다윗사람들은 군대적인 마인드를 소유하고 있습니다삼성그룹에서 하위권을 달리는 연봉수준입니다직원들이 순한양인지 바보인지 위에서 뭐라하든 하자는대로 다 따라갑니다	부서장이 잘하는지를 보려면 주위평가 말고 부서원들의 평가를 보세요
2016/8/15	씨제이푸드빌(주) 투썸플레이스	100	94601	376821	2.0	2.0	2.0	3.0	3.0	0	None	서비스/고객지원	현직원	인천	 0 	False	"교육시스템과 복지가 뛰어나기로 유명하나 그를 누리기위해 정직원이 되기까지 오랜기간이 걸림"	다양한 맞춤 교육시스템, 스케쥴근무로 한달에 10회 이상 휴무일때도 존재, 그룹공채로 들어가면 연봉과 승진혜택이 탁월함	직원이 되는 루트가 너무다양(경력직, 그룹공채, 기업대학, 알바길게해서 승격 등), 루트에 따른 승진과 보수 차이가 극심함, 무기계약직에서 정직원이 되려면 최소3년이 걸림, 단기간에 확 커진 브랜드라 윗사람들중 너무쉽게 올라간사람들이 많음	체계적인 인사시스템으로 직원이되는 루트를 정해놓고 교육하길 바람, 매장과 본사마케팅팀과의 생각차가 커 비효율적인 메뉴나 매뉴얼동선이 많음, 현장에서 점장말고 실질적으로 일을진행하는 사람들의 이야기를 듣는 시스템이 필요할 것 같다.
2016/8/2	씨제이푸드빌(주) 투썸플레이스	100	94601	371543	3.0	3.0	4.0	4.0	3.0	0	None	서비스/고객지원	전직원	서울	 0 	False	"카페 바리스타중에 직원에게 지켜줄건 다 지켜주는 몇없는 카페"	투썸에서도 시내나 규모가 좀 큰 카페는 스케쥴근무여서 시간활용하기 좋음	급여에비해서 깐깐한게 많음 외워야할것도많고 지켜야할것도 많음	문화를 이끌어가는 대기업에서 바리스타 복지좀 신경써주세요
2016/8/6	한국마사회	100	86726	373203	1.0	2.0	2.0	1.0	1.0	0	1	서비스/고객지원	전직원	대구	 1 	False	"경마장 알바는 대학생이나 아줌마들에게 할만하긴하다"	충분한 휴식시간과 급여, 연말보너스 그리고 나름 분위기가 좋긴함 처음온 사람들에게도 따뜻하게 대해주고 친해지면 굉장히 재밌게 일할 수 있다. 적응될수록 일은 편해지는편	지나친 고객들의 항의나 민원. 때론 어린친구들에게 너무나 벅차보인다 고객들이 장난아님 진짜 때때론 황당한 경우나 난처한 상황이 생기기도 함 이럴 때 위에 사람들이 도와줘야 하는데 그렇지 않은 경우도 있음 경마장일이 쉬울리가 없지만 심성여리면 비추임	알바생들에겐 너무나 벅찬일이니 좀더 복지가 나아졌으면 함
2016/8/3	한국마사회	100	86726	371891	3.0	4.0	3.0	4.0	2.0	0	1	IT/인터넷	전직원	경기	 2 	False	"전산-it 단기 근무 대비 높은 급여를 원한다면 가길.""	분위기는 지사별로 다르겠지만 일은 어렵지 않고 재밌음근무대비 급여는 확실히 좋음	업종이 업종이니 만큼 술에 취한고객, 싸움하는 고객 등 여러 고객들을 볼수 있어 멘탈이 약하면 힘들수 있음	고객과 직원의 불편만을 초래하는 이벤트는 안했으면...
2016/8/24	세일즈웍스 코리아(유)	100	90449	380823	5.0	1.0	4.0	3.0	3.0	0	1	마케팅/시장조사	전직원	부산	 12 	False	"영업에 뜻이 있다면 가라. 아니면 비추천"	출퇴근이 자유롭다간섭이 없다회사 내부인테리어가 잘돼있다	소속감이 없다회사소속도 아닌 개인사업자 신분으로 활동한다기본급여도 없다4대보험도 없다회사 안에 앉아있는 시간은 거의 없다회사에서 만드는 제품이라는 것이 없다영국계, 외국계를 내세워 호구들을 끌어들인다	기본급여 퇴직금은 보장해줘라개인사업자 신분이 왜 필요한지사원으로 채용을 해라
2016/8/23	세일즈웍스 코리아(유)	100	90449	380615	5.0	3.0	3.0	5.0	5.0	1	2	마케팅/시장조사	전직원	서울	 1 	False	"자신의 능력을 믿고 열정을 갖고 노력한다면 엄청난 성과를 받을수 있는 회사"	자유로운 분위기 주급제 100%인센티브 능력만 있다면 스팩 관계없이 발전 가능	저는 호주에 살다와서 그런지 사업 영역이나 NGO후원 같은 일이 마치 다단계 처럼 생각하시는 분 들이 많은것 같지만 외국에선 실제로 이런 마케팅이 거리에서 자주 볼수 있으며 한국 특유에 낯선 사람들과 커뮤니케이션 하는 것을 안좋게 생각하는 인식 때문에 좋게 보지않는 면이 있는것같아 아쉽다	기업의 전략도 중요하지만 한국인에게 맞는 특화된 전략 을 펼쳤으면 싶다
2016/8/22	세일즈웍스 코리아(유)	100	90449	379943	4.0	3.0	2.0	4.0	3.0	1	2	영업/제휴	전직원	서울	 2 	False	"좋은 인성과 열정적인 자세, 강한 목표를 가진 자라면 누구나 성공할 수 있는 회사"	(1)자기가 하는 만큼 100프로 버는 회사다보니 자신이 있고 열심히 하는 이들에게는 오히려 많은 수익이 따름(2)회사 분위기나 실제 일하는 분들이 굉장히 밝고 열정적이며 한국의 수직적 구조에 질린 사람들에게는 천국같은 회사(3)외국계 회사다보니 글로벌한 인간관계를 경험할 수 있고다양한 경험을 할 수 있음	(1)자기가 하는 만큼 버는 일이다보니 금전적인 리스크는 감안해야함(2)안정적인 직장을 원하는 사람들에게는 절대 비추(3)체력적으로 약한 사람들이 할만한 일은 아님	회사의 규모가 더욱 커지고 좋은 이미지를 만드려면 다양한 신규 클라이언트들이 개발되야한다고 생각함!
2016/8/17	세일즈웍스 코리아(유)	100	90449	377821	1.0	1.0	1.0	1.0	1.0	0	None	마케팅/시장조사	전직원	서울	 5 	False	"초기비용이 들어가지않는 합법다단계회사"	성장가능성 , CS교육 , 성과제  , NGO와 함께함	성장해도 직급과 수당의 불균형 , 직급만으로 수익유추가 안됨 , 직급이 중요한게 아니라 아래 사람이 많아야 수익창출 또한 타지역 출장시 지원없음	사이즈 불리기에만 급급하지말고 한사람 한사람 신경써서 대해주시길 대부분 20대 그런 꿈나무들에게 최소한의 복지 제공하시길 바랍니다
2016/8/31	케이에이(주)	100	87378	384652	3.0	3.0	3.0	3.0	3.0	1	2	서비스/고객지원	전직원	인천	 0 	False	"적성을 알아갈수 있는곳 적성에 맞는다면 즐겁게 일할수있는곳"	스케줄근무로 인해 일하는시간이 길다고 느껴지지않고 일에 자부심을 가질 수 있음	스케줄근무와 손님 응대가 적성에 맞지 않는사람은 힘들것 같음	분위기는 좋았지만 다들 고생하시는것에 비해 급여나 환경이 좋지 않다고 느꼈음
2016/8/23	케이에이(주)	100	87378	380226	2.0	2.0	3.0	3.0	3.0	0	1	서비스/고객지원	전직원	인천	 1 	False	"서비스업계를 희망하는 여자가 다니기에는 나쁘지않으나 복지나 급여 대우가 매우 짬"	스케쥴 근무라 연차가 쌓이면 휴가쓰는데 비교적 자유롭고 시간근무제기때문에 야근이랄게 비교적 없음	급여가 적고 복지랄게 없음 삼교대 근무의 단점이 있음 현장근무 체력소모가 크나 적응되면 그다지 어렵진 않음	합리적인 복지 및 급여 승계 체계가 갖춰줘으면함직원들을 위한 공간 필요
2016/8/6	케이에이(주)	100	87378	373352	3.0	2.0	2.0	1.0	1.0	0	1	서비스/고객지원	현직원	인천	 3 	False	"백조의 발버둥이 무엇인지 알게되는 곳, 체력의 한계 멘탈의 한계를 알 수 있는 곳,대단한 여자들이 많다는 것을 느끼는 곳"	식권, 연장근무 비용, 호텔 숙소 이용, 쾌적한 공항 시설에서 근무.. 여름엔 아이스크림 겨울에 방한복.. 제공 그리고 친해지면 가족같음	체력 잠이 쏟아지는데 이겨내고 나가서 커피마시고 버텨야한다. 내가 힘들어도 정시성을 어기면 큰일나기에그냥 버텨야한다 웃으면서 쉽게 경위서를 쓰게한다조업사이기 때문에 아시아나항공과 갑을 관계가 좀 보인다 제대로 일 안하면 경위서 쓰고 본인과 선후배에게좋지 않은 이미지로 낙인됨 너무나도 ... 쉽게 일 같이 하기 힘든 사람이되기도..	군대문화를 줄여주세요실수를 하는 것은 좋지 않지만그 전에 그러한 혼동이 생기지 않도록A~Z 를세세하게 완벽하게 알려주세요
2016/8/29	이트너스(주)	100	13535	383547	3.0	3.0	4.0	3.0	3.0	0	1	인사/총무	현직원	경기	 0 	False	"별 생각없이 다니기 좋음. 그냥 삼성 협력사...."	삼성의 인프라를 받아서 교통비와 식비를 아낄 수 있음.	단순업무반복이다보니 경력이 쌓여도 전혀 성장한다는 느낌은 없다.	쓸데 없는 행사로 직원들 힘 안뺐으면 좋겠습니다.
2016/8/16	이트너스(주)	100	13535	377130	3.0	3.0	2.0	1.0	3.0	0	1	인사/총무	전직원	경기	 0 	False	"삼성에 의존도가 높은 회사이다그러나 그만큼 삼성을 보고 배우는 회사또한 독립적으로 수입을 창출하기 위해 노력하는 회사"	삼성 내 건물에서 근무하게되면 식사, 출퇴근버스 등 누릴 수 있는 혜택이 많다또한 연봉도 괜찮은 편이다	사소한 실수에도 예민하게 반응한다권위주의적이다일이 적지 않다행사가 많다회식은 무조건 참여 빠질 수 없음	직원 교육에 비효율적인 부분이 많은 것 같습니다.(독후감 작성, 인터넷 강의 및 댓글 작성 강요)
2016/8/9	이트너스(주)	100	13535	374600	3.0	4.0	5.0	2.0	2.0	0	1	인사/총무	전직원	경기	 0 	False	"삼성인 듯 삼성 아닌 삼성 같은 곳. 필요에 따라 대기업도 되고 중견기업도 되는... 정체성 대혼란"	대기업 고객사에 발 맞추려다 보니 자기계발비 등 자잘하게 이것저것 복지를 챙겨주려 함. 행사, 회식이 있거나 연말이 아닌 이상 대체로 칼퇴가 가능한 점이 최고의 복지	커리어 개발이나 능력을 펼칠 기회를 바라면 안됨. 매너리즘에 빠지기 쉬움. 지사에 따라 정도는 다르지만 수직적이고 보수적인 분위기가 배어 있음.	역동적으로 혁신을 꾀하는 자유로운 기업, 또는 다소 느리고 정적이지만 안정되고 탄탄한 기업문화. 뭐든 컨셉을 확실히 잡았으면. 굳이 삼성 따라가려는 마인드와 상황에 따라 바꾸는 기업의 얼굴이 사원을 실망시키고 결국 떠나가게 만듭니다.
2016/8/5	이트너스(주)	100	13535	372992	4.0	3.0	5.0	3.0	3.0	0	1	유통/무역	전직원	서울	 0 	False	"삼성전자를 간접적으로 체험할 수 있는 곳, 여자가 다니기 편함"	근무시간이 비교적 잘 지켜진다. 젊은 사람들이 많아서 분위기가 활발하다는 점.일이 그렇게 어렵지 않다는 점	대기업에 속해 일하지만 협력업체기에 한계가 있음.회식이 잦고, 연봉이 적다	회식을 좀 줄여주고, 합리적인 인사배치를 해서 일을 효율적으로 진행했으면 함.
2016/8/3	이트너스(주)	100	13535	372024	2.0	4.0	5.0	2.0	3.0	1	1	경영/기획/컨설팅	전직원	경기	 0 	False	"남의 업무만 해주는 기업. 삼성을 다니는지 이 회사를 다니는지 정체성이 헷갈림."	일과 삶의 밸런스가 잘맞음. 고객사의 복지를 꽤 많이 누릴 수 있음.	커리어 도움이 안됌. 처음 회사로 다니기는 좋지만 계속 다닐 회사는 아닌듯	고객서 확보를 많이 해줬으면. 쓸데없는 업무 외적인 활동좀 안했으면 합니다.....
2016/8/3	효성아이티엑스(주)	100	285	371742	2.0	3.0	5.0	4.0	4.0	1	1	IT/인터넷	전직원	서울	 1 	False	"팀 분위기는 대기업 답지 않은 편안함 분위기로 일하는데 불편한 점은 없음승진이 조금 까다롭지만 정년을 생각하면 늦게 승진하는 것도 괜찮은듯"	업무량이 적당히 있고 (많지도 않고 적지도 않음) 야근이 거의 없어서 칼퇴도 가능함고객사들도 매너들이 괜찮음	진급이 너무 오래 걸림 대리까지 5년 과장까지 5년 차장까지 5년 부장까지 5년	경영진에 바라는점은 없음. 지금처럼만 유지해주면될듯
2016/8/22	한국전기안전공사	100	89009	380048	4.0	3.0	5.0	5.0	4.0	0	1	엔지니어링	전직원	전북	 1 	False	"대한민국 전기설비에 대한 배움. 전기직이라면 전기설비기준이나 전기사업법에 대해 잘 배울 수있는곳입니다."	대한민국 전기설비를 다보고 배울 수 있음.국가 전기법을 기반으로 일을 진행하기에 법에 대한 지식을 늘릴 수있음.직원들이 다들 너무 좋으심	점검부는 단순한 업무를 반복하다보니 질릴 수가 있음.날씨의 영향을 많이받음.급여문제.......회사차 지원이 적음등등...	직원들 다들 고생하시는데... 복지좀 늘려주세요
2016/8/8	한국전기안전공사	100	89009	373708	2.0	1.0	3.0	2.0	2.0	0	None	경영/기획/컨설팅	현직원	전북	 4 	False	"대다수가 기술직이라 모든 것이 기술직 위주로 돌아감. 사무직 월급은 진짜 어떻게 살아가라는지 답이 안나옴."	업무가 그렇게 힘들지는 않고 업무만 빠르게 처리한다면 자기 시간을 만들수 있음직원들간 사이가 좋아보임. 겉으로는	주임 3호봉 현재 월급 세후 160. 인상률도 거의 바닥말도안되는 인사이동 및 채용. 타 공기업도 그렇다지만 대놓고 연줄로 뽑는 채용전북혁신도시에 있어서 주위에 논과 망해서 임대중인 상가들 뿐	제발 회사 발전에 좀 힘을 써주시기 바랍니다.
2016/8/27	대명레저산업(주)	100	82315	382543	3.0	3.0	3.0	3.0	3.0	1	2	금융/재무	전직원	서울	 0 	False	"사회초년생이 다니기에는 괜찮은 회사이나 장기적으로는 좀..."	동료들이 모난 사람들이 없고 가족같은 분위기의 회사이다.일 배우기에는 좋은 회사	전국 각지로의 발령팀바이팀이지만 야근이 많은 팀은 엄청나게 많다.	앞으로의 비전은 괜찮아보이나, 실제로 어떻게 될지는 잘 모르겠다.
2016/8/22	대명레저산업(주)	100	82315	379865	3.0	5.0	2.0	2.0	3.0	0	1	서비스/고객지원	전직원	강원	 0 	False	"중견기업으로 규모도 크고 직원들도 많음."	무엇보다 복지가 정말 잘 되있음.전국에 대명리조트 많은데 숙박권도 주고오션, 스키 시즌권도 줌.	서비스업 특성상 연차 마음대로 못씀.연장수당 잘 안주려고함.	인력을 추가운영하거나 연장 수당은 챙겨주길
2016/8/19	대명레저산업(주)	100	82315	378784	3.0	3.0	5.0	2.0	2.0	1	1	마케팅/시장조사	현직원	서울	 1 	False	"부서마다 분위기가 천차만별 그리고 담당자 별 업무역시 차이가 있지만 우선로컬 조직 그러나 실력만 있다면 원하는일을 만들어갈 수 있음."	복지가 좋음. 연 12박의 전국 리조트 숙박 가능 본사 내 헬스장 어린이집 등 어느 대기업 못지 않은 복리후생. 하지만 월급은 너무 적당하다	월급은 너무 적당하다는 이면에는 정확한 업무 평가 보단 이미 픽스된 테이블 대로 움직이기에, 업무가 과중한 인원은 부당하다 느낄것이고 그렇지 않은 직장이 단순한 직장 생활인 직원에겐 나쁘지 않은 조건!	변화를 두려워하지 말고, 배우려는 자세를 갖추고 국내에서만머물던 시선을 밖으로 돌리고 인재를 아낀다면 제2,3의 오션월드와 같은 캐시카우를 만들어낼 수 있을 것
2016/8/11	대명레저산업(주)	100	82315	375452	3.0	2.0	1.0	3.0	1.0	0	1	서비스/고객지원	현직원	기타	 1 	False	"기숙사가 제공되고 돈 쓸 곳이 없어 돈 모으기는 좋음. 지켜지지 않는 근무시간과 무료봉사인 연장근무"	기숙사 제공해줌. 로테 근무가 적어 업장 사람들과 가족같이 지낼 수 있음. 윗 사람들과의 어려운 관계 아님.	연장 근무에 대해 무료봉사로 넘기는 시간이 훨씬 많음 하루에 최대 14시간까지 일 하는 날이 많다 주6일 치고 적은 월급	직원들을 보며 어떻게 지쳐가고 있는지를 좀 알아야할 꺼 같다 윗 사람들만 편하다고 아랫사람들이 편한 게 절대 아님
2016/8/2	대명레저산업(주)	100	82315	371134	1.0	3.0	4.0	1.0	1.0	0	1	전문직	현직원	광주	 1 	False	"보수적성향 수직적구조 직원 상호 간 팀 상호간의 갑질.하지만 여러모로 경험하기엔 좋음. 쌍팔년도 군대성향이 강함."	복지가 좋고 여러가지 자기개발을 하기에 좋습니다.인내심을 기르기에도 충분합니다.	불투명하고 비합리적인 월급체계. 대기업을 따라 간다고는 하지만극히 보수적성향의 회사경영. 시도 때도 없이 변경되는 조직구조인사발령 등등.	직원은 재산입니다 직원들이 행복해야 서비스의 질도 높아집니다.수직적이고 보수적인 경영은 이제 바뀌어야 할 것 입니다.겉모습만 대기업 따라가면 뭐하나요. 내실경영이 밑받침이 되어야 할 것 입니다.
2016/8/7	피알원(주)	100	87461	373605	4.0	4.0	3.0	3.0	3.0	1	2	미디어/홍보	현직원	서울	 0 	False	"Pr업계 Top3로, 동종업계 중 상위 연봉 및 복지인듯."	조용한 사내 분위기, 직원들의 말에 귀 기울이려 노력하는 사장님, 업계 상위 복지 수준, 없는 것보다는 훨씬 나은 인센티브 등	대행사가 다 그렇듯 높은 퇴사율이 문제인듯 하지만, 어쩔 수 없는 문제라고 생각.	효율적 업무 분배 및 앞으로도 직원들의 말을 잘 귀기울여 들어주시길.
2016/8/27	(주)대학내일	100	86769	382741	3.0	3.0	2.0	3.0	4.0	1	1	미디어/홍보	전직원	서울	 0 	False	"실적도 중요하지만 사람을 배려하는 기업, 함께 문제해결을 위해 노력"	진취적, 수평적인 구조로 의견을 자유롭게 나누는 회의진행	업의 특성상 야근이 많고 야근이 많음.. 새로운 비즈니스모델 창출에 대한 고민이 필요	공채에 비해 경력직에 관대하다는 점, 공채의 경우 합숙 면접까지 진행
2016/8/23	(주)대학내일	100	86769	380596	3.0	4.0	4.0	4.0	4.0	1	2	디자인	전직원	서울	 0 	False	"평균연령이 20대 후반으로 젊은 분위기이고(파트마다 다를 수 있음) 사무실 분위기가 자유롭다."	인턴의 경우 월차가 자유롭고 칼퇴가 대부분이다(파트마다 다를 수 있음). 자유롭고 수평적인 근무 환경이 강점. 미디어업계 특성상 회의가 많이 이뤄지는데 누구나 자유롭게 아이디어를 제시하고 평가할 수 있으며 짧은 회의 시간으로 업무 효율성을 높이려고 노력한다.	디자이너의 경우 인력이 부족해 기획에 비해 디자인 업무가 너무 많다. 정규 인턴임에도 정규직 전환 보장이 없다.	직원들의 불만을 듣지만 말고 제대로 된 해결책을 마련해줬으면 한다. 정규 인턴 채용 시 정규직 전환형으로 뽑아야 된다고 생각한다.
2016/8/21	(주)대학내일	100	86769	379424	3.0	4.0	2.0	4.0	3.0	1	1	디자인	전직원	서울	 0 	False	"수평적인 기업문화와 젊은 사람들이 많은 회사. 꼰대가 없음. 야근이많고 일강도가 쎈편"	사내문화가 좋다. 20~30대들이 많아서 밝고 긍정적이고 열린 문화를 가지고있음. 월급도 쎄고 성과급도 잘나옴.	정직원이 별로없음. 계약직.인턴이 많고 몇없는 정직원들이 매출을 나눠받자니 일이많음. 학연지연이 많음. 공채가 엄청 빡센데 경력직은 너무 대충 뽑음	일을 투명하게 처리하는 건지 잘모르겠음. 팀장급 임원진들이 뭐하는지 잘 모름.
2016/8/31	현대그린푸드(주)	100	47646	384481	4.0	3.0	3.0	3.0	3.0	0	1	교육	전직원	서울	 0 	False	"교수가 대우 받으며 보람차게 일 할 수 있는 곳"	연차를 윗사람 눈치  안보고 쓸수 있음 도서구입비 학원 수강료등 자기계발비용지원	단순보고를 위한 문서 작업이 많아 비효율적 복지제도가 다양하지만 실제 쓰기 어려움	답은 현장에 있습니다. 책상위에 없어요
2016/8/29	현대그린푸드(주)	100	47646	383512	3.0	3.0	2.0	3.0	3.0	1	1	전문직	현직원	충남	 0 	False	"인턴부터 입사한 직원보다 경력직을 더 우대함, 밑으로 들어온 후배들이 더 연봉이 높은 편"	연차를 높은사람 눈치없이 쓸수있음 결혼하면 발령지 고려해주는편	현장직은 대리가 최대승진 과장되긴 하늘에 별따기, 근무시간이 길다	복리후생이 너무 열악함, 중간 마진을 너무 많이 떼어먹음
2016/8/28	현대그린푸드(주)	100	47646	382831	2.0	3.0	1.0	3.0	3.0	0	None	서비스/고객지원	현직원	충남	 0 	False	"급식업계 3위 다운 회사1위로 발전할 확률 제로"	급식업계 중 대기업에서 알한다는 자부심 약간영업점 근무로 사무실 근무 대비 자유로움 약간	대기업 타이틀에 비해 낮은 연봉영업점 근무로 휴가, 연차 사용 시 눈치보이거나 못쉬는경우 다수점장 타이틀에 걸맞은 대우와 권한 제로인 반면해야 할 일은 산더미	회장님 말씀처럼 회사를 출근하고 싶게 만들기 전에 출근하기 싫게 만드는 요소부터 없애는데 노력하시길
2016/8/27	현대그린푸드(주)	100	47646	382609	3.0	3.0	2.0	1.0	1.0	0	None	전문직	전직원	경기	 1 	False	"일 안하는 고연봉자가 많은 회사승진 욕심 없으면 장기간 다니기 좋음"	동종업계에 비해 연봉이 낮은 편은 아님복지가 없지는 않음좋은 선임을 만나면 일을 제대로 배울수 있음	기본 근무시간이 길어 비교해보면 연봉이 높다고 할수 없음현장 근로자만 힘든 시스템, 시스템 개선이 필요함무능한 상사가 많으며 일 안하는 동료들이 있어도 연대책임제인 군대문화	직원들의 고충 관리가 절실히 필요함인재를 중요시하는 기업이 되었으면 함
2016/8/25	현대그린푸드(주)	100	47646	381655	3.0	3.0	3.0	4.0	5.0	1	2	전문직	현직원	충남	 1 	False	"성장발전하고 있는 회사이다. 동종업계보다 다소 느릴뿐이지만..국내사업 및 해외사업까지 꾸준히 넓혀나가고 있다."	글로벌기업으로 대기업으로 손꼽히는 회사라는 자부심이 있다. 연봉도 높은 편이다.	일을행하는데 장애물이 많아 일처리가 늦다.  출퇴근시간을줄였지만 업무양은 그대로다.  복리후생이 짜다.	업무분배, 인력배치가 되었으면좋겠고, 승진기회가 많았으면 한다.
2016/8/17	현대그린푸드(주)	100	47646	377692	4.0	4.0	4.0	3.0	2.0	1	1	유통/무역	현직원	서울	 0 	False	"범현대 그룹이라는 캡티브 마켓을 쥐고있고 해외진출에 욕심을 두고 있는 기업. 성장가능성은 식자재업종 특성상 부족하나식자재 업계에서 꽤 높은 연봉. 회사는 개인에게 무관심한 편"	식자재 업계내 최고 수준의 연봉정시출근 및 퇴근(부서에 따라 다름)다양한 복지(휴가 및 경조사)현대자동차 할인 및 백화점 할인	개인의 성장에 무관심주먹구구식으 시스템대기업이지만 중소기업과 같은 프로세스구조	경영진이 인재를 키우려는 노력은 하고 있는 것 같지만실상은 개인의 성장에 매우 무관심. 체계적인 교육이 없으며주먹구구식의 프로세스
2016/8/13	현대그린푸드(주)	100	47646	376346	2.0	4.0	4.0	2.0	3.0	1	1	마케팅/시장조사	전직원	경기	 0 	False	"범현대가에 치중된 매출로 인해 범현대가 붕괴시 회사 매출의 급락이 예상되는 리스크를 가졌으며, 내부적으로는 보수적이며 극현실적인 경영 분위기로 인해 큰 변화 혹은 혁신을 기대하기 힘드"	1. 페이는 만족2. 워라벨 충족(부서 바이 부서)3. 연차 사용 유연	1. 보수적, 심각하게 본다면 전체주의적 성향을 가진 조직2. 시스템의 미비로 인해 일을 체계적으로 습득하기 어려움3. 경기도 용인이라는 애매한 곳에 본사 위치	회사 내부의 전체주의적 성향의 분위기 타파가 우선이나, 이점을 개선하고자하는 노력이 보여 좋음
2016/8/23	(주)그린웹서비스	100	86851	380369	3.0	1.0	3.0	3.0	3.0	0	1	IT/인터넷	현직원	서울	 1 	False	"돈을 너무 안준다 제날짜에 주기는한다만.. 일강도는 높지않다"	돈이 적지만 따박따박나옴. 출퇴근 정시가능. 일강도가 낮다. 사람들이 다 괜찮다.	월급이 아주아주아주 적다. 여자초년생이라면 어찌저찌다닐만할수도. 남자는 비추천한다.. 남자를 위한 복지가 없다 여자직원이 압도적으로 많아서그런가보다.	솔직히 네이버 계열사인데 돈좀 더줘야한다.. 3할은 올려줘야 다닐만할듯하다. 또한 남자직원들을 위한 복지를 증진해야한다
2016/8/16	(주)그린웹서비스	100	86851	377186	2.0	2.0	4.0	3.0	2.0	0	1	미디어/홍보	전직원	경기	 0 	False	"그저 그런. 발전이 될수없는. 공무원같은 느낌. 자기개발 필요"	공무원같은 스케쥴. 워라밸을 지킬수있음. 1시간을 더 일해도 확실하게 받는 추가수당	기본연봉이 적음. 실력적으로 큰 발전은 힘듬. 본인의 여가시간을 잘 활용하면 좋음.	조직의 체계화 필요. 전문적인 기술,발전을 위해서는 투자와 시간이 필요함.
2016/8/16	(주)그린웹서비스	100	86851	376944	2.0	3.0	4.0	2.0	2.0	0	1	서비스/고객지원	전직원	서울	 1 	False	"할일없고 공백기가 걱정될때 용돈정도 벌거나 사회초년생이 감익히는곳"	업무 난이도가 매우 낮고 다른사람 눈치보지 않고 언제나 칼퇴가 가능,	월급 다른것 다 제외하고 월급이 너무 짜다. 알바수준보다 조금더 버는정도니 말다함	급여수준의 향상, 사원들이 자부심을 느끼는 회사가 될수있으면...
2016/8/15	(주)그린웹서비스	100	86851	376791	2.0	2.0	3.0	3.0	3.0	0	1	IT/인터넷	전직원	서울	 1 	False	"반복적인 업무로 일은 매우 쉽고 잘 할수있지만 성장의느낌이안든다"	네이버의 자회사이다보니 복지는 좋은편이라고 생각이들구환경도 쾌적함	반복적인 업무로 일은 매우 쉽고 잘 할수있지만 성장의느낌이안든다	반복적인 업무로 일은 매우 쉽고 잘 할수있지만 성장의느낌이안든다
2016/8/13	(주)그린웹서비스	100	86851	376254	1.0	1.0	1.0	1.0	1.0	0	1	서비스/고객지원	전직원	서울	 4 	False	"사회생활이 뭔지만 겪고 퇴사해야하는 회사"	1. 칼퇴가능2. 월급 꼬박꼬박 나옴(근데 월급이...)3. 수당가능,연차 눈치 안보고 써도 됨.4. 휴계실,여휴5. 커피 음료 라면 자판기(커피공짜,음료 컵라면 저렴하게 뽑아먹을수 있음)6. 두달에 한번씩 패밀리데이2시간(근데 한달에 한번씩 해줬으면 좋았을듯.)7. 수요일마다 간식 / 가끔 이벤트성 간식 지급8. 매달 네이버페이 만원 지급 / 생일때 5만원 상품권 지급9. 6개월마다 인센티브 지급(평가에 따라 다름 평가도 줄타기 잘해야 잘받음ㅋ)10. 네이버 자회사의 자회사인 점....	1. 연봉 매우 짬(평가 잘나오거나 승진하면 연봉이 처음에 비해 많이 오르기도 함.근데 평가 망하면 연봉도 끝..)2. 일 열심히 하는것보다 술 잘먹고 잘놀고 해야 좋아함. 평가에도 영향이 좀 있는거 같음.3. 다른사람 일에 매우 매우 관심이 많음. 모든걸 다 알려고 하며, 나에 대해 나도 모르는 일이 일어나고 있기도 함.6. 일 잘해도 우두머리랑 안친하면 진급하기 어려움.7. 이직할때 경력으로 쓰기엔 애매한 일만 배움8. 플레이샵(워크샵) 가지만, 본인들 세력 확장을 위한 플레이샵임.	솔직히 바라는거 들어주지도 않을거같지만..평가체계의 투명성 확립
2016/8/9	(주)그린웹서비스	100	86851	374240	1.0	3.0	5.0	2.0	1.0	0	1	서비스/고객지원	현직원	서울	 49 	True	"사회 초년생이 잠깐 사회생활이 뭔지 맛만 보고 싶을때 선택하는 회사"	정시에 눈치보지 않고 칼퇴 가능(스스로 눈치보고 늦게가거나 할일없어서 놀다가는 사람도 소수 존재)월급 꼬박꼬박 나옴. 단, 만족할만한 수준은 절대 아님. 결혼한 여자가 기저귀나 분유값 벌정도.휴게실 및 여성전용 휴게실. 커피기계, 음료/라면자판기, 인형 뽑기 등 편의시설 존재하고 2달에 한번 패밀리데이라고 2시간 일찍 보내줌.수요일마다 파리바게트 간식이 나옴 빵종류는 랜덤.사탕이나 과자 등이 사무실 내 구비되어 있는 팀/파트 존재. (없는곳도 있다)매달 네이버페이 1만원 지급, 생일이 있는 달에는 문화상품권 5만원 지급.6개월마다 한번씩 사내 평가를 통해 인센티브 지급. 인센티브 금액은 대략 80~120사이.(평가 받는 수준에 따라 금액 다름)	월급이 짜다. 연봉 협상 할때도 오르는 수치가 미비하다.(100만원 수준)회사 내 성 비율이 여성이 압도적. 8:2수준이라고 보면되고 그래서인지 회사 편의시설도 여성 위주다. 남자 휴게실은 없음.여자들은 점심시간때 졸리면 휴게실에서 침대에 누워 잘수도있지만 남자는 그런거 없음.예비군 훈련같은것도 훈련장소 거리로 따져서 집에서 회사까지 1시간이 넘는 거리임에도 불구하고 1시간 일하러 왔다가 다시 예비군 훈련 받으러 가기도 함.일 열심히 하는 사원보다는 술잘먹고 잘놀고 모두와 두루두루 친한 사람을 원함.개미같이 일만하면 인센티브 못받음.최대의 단점은 이직 할 때 이력에 도움이 안됨. 이 회사에서 하는일은 단순 노동으로 사내 기준에 따라 일을 처리하는것뿐임. 여러가지 일이 있기때문에 분명 이력에 도움이 되는 일도 있겠지만 크게 도움 안됨.관리자들이 일을 안함. 크게 팀장/파트장/부파트장/교육자 비슷하게 나뉨.교육자는 일개미들 퀄리티나 기준 교육 등을 하느라 좀 바쁘지만 그 윗선부터는 쇼핑하거나 자기들끼리 잡담 커피 마시느라 바쁨.아 그리고 승진이나 직급 올리기가 쉽지 않음. 이미 윗선은 포화상태임.열심히 사바사바 하거나 정말 이 회사에 몸바쳐서 충성하지 않으면 가능성 제로.	없음. 왜냐고? 안바뀔거 아니까^^기존에 퇴사했던 사람들이 퇴사하기전에 면담하면서 단점 얘기해주니까절이 싫으면 중이 떠나는거라는 식의 대답을 해줬다는 기억이 남.
2016/8/31	삼성웰스토리(주)	100	88148	384173	3.0	3.0	3.0	2.0	2.0	1	None	서비스/고객지원	현직원	광주	 0 	False	"근무시간 좋고 기업이미지 좋고 하지만 딱 먹고살만큼만 준다는것"	대기업이라는 이미지 하난 자부심근무시간 9시감이라는 장점	옛날식의 조직문화 일이 터지고 나면 그때서야 대처하는 자세	현장직에서 근무하는 근로자들에게 관심좀 갖어줬으면 합니다
2016/8/29	삼성웰스토리(주)	100	88148	383452	3.0	3.0	3.0	3.0	3.0	0	1	전문직	전직원	경기	 1 	False	"예전엔 좋았으나 지금은 사실 잘 모르겠음."	대기업인지라 중소기업보다는 체계가 잘 잡혀있음. 이정도면 괜찮은 기업. 어디가도이정도 대우면 추천함.	연봉 수당 빼면 사실 많지않음. 연봉이야 나 하기 나름임.	직원들의 이야기를 좀 더 많이 들어줬으면 함.
2016/8/21	삼성웰스토리(주)	100	88148	379593	3.0	3.0	3.0	3.0	3.0	0	None	서비스/고객지원	현직원	경남	 2 	False	"삼성이라는 글로벌기업이긴하지만 현장 근로자에겐 힘든기업이라 생각."	삼성이라 복지하나는 확실함.그리고 여사님(아줌마)들이 많아 주방분위기가 활발해 좋음.	업장마다 다르겠지만 힘든업장간다면 정말 죽어남.동기들보니 오티 한달 90시간하는 동기도 봤음.현장근로자에게는 대부분 힘듬.본인이 원하는 지역으로간다고 장담못함.	연봉 정말 적음. 이직생각중인사람들이 정말 많아요.연봉 복지 떠나서 힘든업장은 사람을 그만큼 배치해줬면 좋겠음
2016/8/21	삼성웰스토리(주)	100	88148	379515	3.0	5.0	5.0	3.0	3.0	1	2	경영/기획/컨설팅	현직원	경기	 3 	False	"글로벌로 나아가는 급식 및 식자재, 삼성의 캡티브 덕분에 절대 망하진 않는다"	1. 대졸(영조리사 제외) 초봉 4000, ps pi 합치면 5000가까이2. 워라벨 최고...3. 에버랜드 캐리비안베이 공짜4. 블루베리 포인트, 웰스토리몰 포인트	1. 정부 규제를 받음으로써 그룹내에서 입지가 흔들2. 신사업 동력 없으며 매출이 정체됨3. 3급사원 (대졸)을 거의 안뽑음4. 굉장히 상하관계가 심하고 보수적임	사업의 새로운 비전을 세워 좀 더 구체적으로 실행하고 임직원에게 동기부여를 하면 좋겠습니다
2016/8/20	삼성웰스토리(주)	100	88148	379128	3.0	4.0	4.0	4.0	3.0	1	1	전문직	전직원	서울	 0 	False	"삼성이라는 자부심과, 업계 내 최고의 자부심"	자기계발 지원을 비롯한 체계적인 교육시스템, 일한만큼 받을 수 있는 수당이 좋음	사업장에 따라 일의 강도와 업무가 달라 힘든 곳도 있으며, 평가에 따른 급여 및 승진기회가 있는 점이 힘들다.	직원들의 불만사항에 대해 좀 더 기울어주며, 현장 근무자들의 노고를 생각하며, 배려해주면 좋겠다.
2016/8/31	에스피씨그룹	100	87570	384464	3.0	4.0	4.0	3.0	2.0	0	1	영업/제휴	전직원	해외	 2 	False	"소비자들이 느끼는 기업의 이미지와 다르게, 내부는 철저히 서열과 정치가 존재하는 군대 분위기"	브랜드가 많고, 대부분 업계에서 인지도가 높은 편이다. 브랜드 할인 혜택이 큼, 동종업계에서 연봉이 나쁘지 않은 편, 활발한 해외사업	군대식의 분위기. 비효율적인 업무방식이 많은 느낌, 식품업계의 힘든 점들도 그대로 존재	아랫 사람들의 말에 좀 더 귀 기울여주고, 효율적으로 업무처리를 했으면 좋겠다.
2016/8/11	에스피씨그룹	100	87570	375209	4.0	4.0	4.0	4.0	4.0	1	1	서비스/고객지원	전직원	경기	 1 	False	"베이커리 업계의 최고봉으로 경험을 쌓기 위해서는 좋다고 생각하지만 장기적으로는 생각해봐야함"	점포의 분위기가 잘 정돈되어 있고, 시즌에 맞는 마케팅을 잘 하는 것 같다고 생각. 위생점검이 철저하여 소비자 입장에서도 믿을 수 있음	프랜차이즈가 많이 생성되면서 가격대비 질이 점점 떨어지는 것 같다는 생각이 들었음	많은 경험을 하게 해준 회사였고, 베이커리 업계에 대한 동향을 알 수 있었음
2016/8/3	에스피씨그룹	100	87570	371876	4.0	3.0	3.0	2.0	2.0	1	1	인사/총무	현직원	서울	 0 	False	"조직상하체계에 엄격하고 자유로운 분위기인듯 하면서 아님"	부서 잘 걸리면 연차 자유로이 쓸 수 있고 복장도 자유로움부서이동기회가 꽤 있음영업쪽은 가맹사업을 제대로 이해가능	부서에 따라 업무강도 차이가 심함본인의 재량을 맘껏 발휘할 수 있는 분위기는 아님, 제한적인 것이 많음복지가 아주 적음,	복지수준을 높이고 좀 더 직원들이 와닿게 느낄 수 있는 배려를 주셨으면. 자유로운 의견을 낼 수 있도록 해주셨으면.
2016/8/24	(주)한국코퍼레이션	100	63215	380850	3.0	3.0	5.0	4.0	3.0	0	1	서비스/고객지원	전직원	서울	 0 	False	"큰 목적없이 & 큰 스트레스 없이 다니고자 한다면 추천"	비교적 규모가 큰 콜센터아웃소싱 회사임, 상담사는 잘 모르겠으나 관리직군의 경우 안정적으로 일할 수 있을것으로 보임(한 사이트의 계약이 종료되더라도 다른 사이트로 이동할 수 있으므로), 담당하고 있는 사이트마자 업무 색깔 및 분위기가 천차만별이라 한가지로 단정지을 수 없음, 다만 대부분 여자 위주의 구성원들이다보니 강제 술자리/회식강요 등의 불필요하거나 부담스러운 업무 환경이 없어 편안한 편임	콜 아웃소싱 회사의 명백한 한계점 있음, 소속감이 약하고 공동의 목표설정, 목표의식 역시 미약함, 갑사에 소속된 것도 아니고 을사에 소속된것도 아니고 중간에 끼인입장, 관리자라해도 모호한 포지션이 업무보다 심적으로 어려웠음, 비젼제시가 안됨	소속감 고취, 명확한 비젼 제시를 통해 관리직군의 이탈을 방지하는 것이 시급함, 또한 상담직군의 성장을 촉진시킬 수 있는 트레이닝 프로그램 필요
2016/8/2	(주)한국코퍼레이션	100	63215	371314	3.0	3.0	3.0	4.0	4.0	0	2	전문직	전직원	서울	 0 	False	"소속된 회사에 애정을 갖고 일할 수 있는 곳. 소통이 많은 회사"	사원과의 대화가 많은 회사. 하지만 대한항공의 정규직과 함께 근무를 하다보니 보수나 혜택에서의 문제가 바로 체감할수있음	사원과의 대화가 많은 회사. 하지만 대한항공의 정규직과 함께 근무를 하다보니 보수나 혜택에서의 문제가 바로 체감할수있음	앞으로 좋은 인재 발굴을 위해 힘써주시기 바랍니다. 감사합니다.
