date	cname	industry_id	cid	cmid	possibility	pay	balance	culture	management	recommend	expect	job_kind	current	area	helpful_count	is_best	subject	good	bad	hope
2014/9/30	스타벅스커피코리아(주)	100	70749	42819	5.0	3.0	5.0	4.0	4.0	1	2	기타	전직원	서울	 0 	False	"재밌게 일할 수 있는 회사"	커피 좋아하는 사람은 더 즐겁게 일할 수 있음, 각종 프로모션만으로도 일이 활기차지는 느낌, 파트너 무료 혜택 등이 쏠쏠	박봉이라는 것이 큰 단점, 시즌별로 일이 가끔 너무 바쁠때가 있음, 그 외에는 특별한 단점없는 듯????????????????????????????????????	대졸공채전형 진행시 많은 인원을 뽑았으면 좋겠음
2014/9/26	스타벅스커피코리아(주)	100	70749	42012	4.0	3.0	4.0	4.0	4.0	1	2	서비스/고객지원	전직원	서울	 0 	False	"커피를 좋아한다면 좋은 직장"	워크 라이프 밸런스가 좋은 편. 수평적인 문화.	아무래도 낮은 연봉. 그 이외에는 괜찮은 직장	수평적인 문화 계속 유지해주셨으면 좋겠습니다.
2014/9/19	스타벅스커피코리아(주)	100	70749	40815	2.0	2.0	3.0	3.0	3.0	1	1	서비스/고객지원	전직원	서울	 0 	False	"커피를 좋아한다면 한번쯤 해볼만한 알바. 정규직은 글쎄..."	체계적인 교육시스템과 가이드라인, 인프라 제공. 직원 위한 다양한 복지 제공.	매장별 격차 존재하며 일부 매출이 적은 매장의 경우 절대적으로 부족한 인력과 제한된 시간 내 업무 처리해야 하는 압박 있음. 노동강도에 비해 아쉬운 급여.	급여가 개선되거나 인력을 충원하거나. 그럴 일은 없겠지만...
2014/9/18	스타벅스커피코리아(주)	100	70749	40637	3.0	2.0	4.0	4.0	3.0	1	2	영업/제휴	전직원	기타	 0 	False	"단순 커피숍 알바 경험을 원하면 추천. 다른 커피숍 매장에 비하여 더 프로페셔널함."	화기애애한 분위기가 역시 좋습니다. 각 직원마다 원하는 영어 닉네임을 정할 수도 있고, 그걸 매장 내에서의 하나의 아이덴티티로 굳혀줘, 뭔가 프로 의식을 갖게함. 후에 바리스타 및 슈퍼 바이저로 취직을 원하면 +경험 요소가 됨	여전히 짠 아르바이트 임금제정도인듯 합니다. 또한 단순 노동을 넘어선 커피숍 운영을 위해서라면 바리스타나 슈퍼바이저(매니저)로 따로 입사를 해야합니다.	미국에서 이용하는 고객이름적기 켐페인 및 장기 알바원 매니저 승급제도를 한 번 검토해봤으면 좋겠다.
2014/9/15	스타벅스커피코리아(주)	100	70749	39973	5.0	4.0	3.0	5.0	4.0	1	2	서비스/고객지원	현직원	서울	 0 	False	"커피라는 문화속에 펼쳐지는 다양한 직업이 있다.나는 매장직 매니져로 근무하지만 회사 안에서 할수있는 역할은 3가지 이상이다. 때로는 사내강사, 지역을 대표하는 커피대사, 재능기부와 다양한 봉사활동을 하는 봉사자로 사회에 나가면 이루고 싶던 꿈을 모두 스타벅스안에서 이루웠다. 사람이 좋다면 커피를 사랑한다면스타벅스가 답이다."	부점장으로 승진 할 기회가 열려있음연봉직으로 근무하며 다양한 신세계 계열사 복리후생을 누릴 수 있음 워킹맘 제도도 있어 정규직 이후 아이돌보기가 수월함 여자들의 평생직장 체계적인 업무 시스템 새로운 프로모션이 있는 질리지 않는 회사 매년 한걸음 더 발전 하는 회사나도 함께 발전 할 기회가 많음.	성비율이 여자가 극적으로 많음.비정규직 시간제 PT는 월급여가 생각보다 많지 않아부점장이 되기까지 버티기가 조금 힘듬.어떤 점장님을 만나는지가 중요함. 일하다보면 스타벅스 덕후가 되어있음..	So so
2014/9/14	스타벅스커피코리아(주)	100	70749	39958	3.0	4.0	3.0	4.0	2.0	0	2	서비스/고객지원	전직원	서울	 0 	False	"동종업계에 비해 좋은 분위기"	사람 나름이겠지만 직원들끼리의 사이가 매우 좋고(일적인관계X)많은걸 배울 수 있었음. 아르바이트생이라고 편견 없이 많이 알려주고 서로서로 상호 보완하는 모습이 좋았음	이건 본인 외의 이야긴데 무엇때문인진 모르겠지만 어떤 직원에게는 기회조차 주지않고 잡일만 시키는 한 매니저가 있었음	전체적인 관리가 필요함, 지점마다 다른 분위기 관리, 맛과 서비스 통일 등등
2014/9/29	한국맥도날드(유)	100	3616	42577	4.0	2.0	2.0	3.0	3.0	0	2	서비스/고객지원	전직원	경기	 0 	False	"외식업무를 체계적으로 배울수 있습니다."	승진기회가 열려있습니다. 여성이 일하기 좋음.	일이 너무 많아서 일과 삶의 균형을 유지하기 힘듬	기회가 평등하게 주어지는 것은 좋으나 직원에 대한 정확한 평가와 보상이 이루어져야합니다
2014/9/23	한국맥도날드(유)	100	3616	41276	4.0	4.0	2.0	3.0	2.0	0	1	서비스/고객지원	전직원	서울	 0 	False	"돈은 1분단위까지 챙겨서 주고 정식사원 말고도 알바에서 올라갈수 있는 루트도 있어서 좋은데 그놈의 교대근무...."	지점마다 케바케지만 가족같은 분위기 가능. 꾸준히 올라갈수 있고, 지점도 확장하는 추세라 인사적체가 적은편	교대근무. 배달알바보다 월급 적을때 많음. 점장 잘못만나면 승격되기 힘듬. 아무래도 알바하는 애들이 고등학생이 많다보니 관리하기 어려움	어차피 계약직인데 교대근무 말고 그냥 야간을 시켜주세요.
2014/9/18	한국맥도날드(유)	100	3616	40517	2.0	2.0	4.0	4.0	3.0	1	2	서비스/고객지원	전직원	대구	 0 	False	"외식업계에서 경험을 쌓기 좋고 대기업이라 커리큘럼이 좋다급여는 적지만 복지는 괜찮음"	세계적인 대기업의 경영 방침을 배울 수 있음 시간조절이 가능하다.	급여가 낮고 근무연수에 비해 승진이 느리다.	승진의 속도가 빨랐으면 좋겠다
2014/9/16	한국맥도날드(유)	100	3616	40224	3.0	3.0	3.0	3.0	3.0	1	2	서비스/고객지원	전직원	경기	 0 	False	"외식업에 대하여 많은 것을 배울 수 있다."	외식업에 대한 많은 정보, 지식, 노하우를 배울 수 있다.	수직적인 조직문화, 다소 적은 페이, 내가 발전한다는 느낌은 그다지 들지 않는다.	수평적인 문화
2014/9/29	(주)하나투어	100	49174	42578	4.0	2.0	5.0	4.0	3.0	0	2	영업/제휴	전직원	서울	 1 	False	"적은 급여에 만족하고 인생을 즐기고 싶다면 추천"	업계 1위기 때문에 여행사중 네임밸류도 있는 편이고, 급여는 작지만 그만큼 업무강도가 높진 않다. 여행을 좋아한다면 다양한 해외여행의 기회가 있으며 인생의 여유를 즐기고 싶다면 나쁘지 않은 직장.	급여나 복지 수준이 너무 낮다. 직원들 내에서도 회사와 자신의 직장에 대한 회의감과 자괴감이 많이 돌기 때문에 근무 의욕이 쭉쭉 떨어지는 편. 대신 젊은 기업이므로 승진하기 쉽다. 문제는 과장 차장 연봉이 대기업 신입 대리 수준이라는 점.	사원 복지 개선에 힘쓰시길 바랍니다. 사원들이 직장에 자부심을 가지지 못하는 회사에 미래는 없는 거 같습니다.
2014/9/21	(주)하나투어	100	49174	41018	3.0	1.0	4.0	3.0	2.0	0	2	경영/기획/컨설팅	현직원	서울	 0 	False	"관광업의 지속 발전과 업계 1등이라는 이미지 속에 여성이 다니기 좋은, 여성이 비교적 많은 회사. 관광 전공한 초대졸, 고졸이 많아 이것 또한 장/단점"	여행업의 특성상 여성이 많은 편이기 때문에 타업종에 비해 유연하고 부드러운 분위기, 부서마다 다르지만 평균적으로 야근이 많지 않음(출근9시), 업계 1위기 때문인 점도 있겠지만 비교적 안정적인 고용구조(정규직이라면)	여행업의 수익구조 특성상이라고 하지만 임직원과 매출규모에 비해 너무도 짠 급여와 복지수준, 이로 인해 직원들의 사기가 낮은 편, 구내식당 없고 식비는 연봉에 포함되어있다고 함, 퇴사율 높음	최근 신사업을 다양하게 추진하면서 인력/부서관리를 효율적으로 관리할 필요가 있습니다. 최소한 직원들 밥은 먹여줄 수 있는, 업무에 집중할 수 있는 기본적인 복리후생 수준 개선으로 직원사기를 드높여주었으면 함.
2014/9/12	(주)하나투어	100	49174	39646	3.0	1.0	4.0	4.0	3.0	0	1	영업/제휴	전직원	서울	 1 	False	"한국 최대의 여행사. 자유로운 분위기. 걸맞지 않은 급여."	여행분야의 1인자. 넓은 환경으로 배울 수 있음.	여행업에 대해 다시생각해보게 하는 급여부분	사업다각화와 더불어 급여의 재조정이 필요해보입니다.
2014/9/11	(주)하나투어	100	49174	39341	4.0	2.0	3.0	3.0	3.0	0	1	기타	현직원	서울	 0 	False	"여행업에 꿈이있는 사람만."	정년보장. 잦은 해외출장 (사람에 따라 단점이 될수도. ).  대부분 7시 이전 퇴근.주말 및 공휴일 보장.	낮은 연봉에 식비포함휴가없음. 연차만있음다소 답답한 생활	복지 차원 개선.
2014/9/3	(주)하나투어	100	49174	38477	4.0	1.0	3.0	3.0	3.0	1	2	영업/제휴	전직원	서울	 17 	False	"호텔,관광 전공자나 어문 계열의 학생들에겐 첫 직장으로 무난하다. /성과급 짜게 나오는 부서는 연봉만으로 살기에 너무 힘드니, 잘 생각해보시기 바란다./ 입사지원서에 '여행을 좋아해서..'라는 문장 말고 다른 것을 고안하기를 추천한다. /어쨌든 시장은 계속 클것이고, 회사도 정체하지는 않을 것이란 생각은 든다."	1. 퇴사 때와 대비해 (6년 전) 복지가 많이 좋아진 편이다. 유연한 출퇴근시간, 재택근무, (그다지 많이) 눈치 안봐도 되는 육아+출산 휴가 등등. 아마 더 나아질 것이다. 2. 대리~과장 쯤 되면 업무와 삶의 균형을 찾을 수 있다.  3. 젊은 회사이고 여직원이 많은 편이라 분위기는 자유롭고 부드럽다. (그만큼 루머가 빨리 돌고, 그런 곳에 끼고 싶지 않은 사람은 상당히 머리가 아프다.) 4. 해외 출장의 기회가 적지 않다. 일단 이 곳에서 일을 시작하면 평생동안 여행이 삶에서 중요한 비중을 차지하게 되는데, 좋은 취미라고 생각한다.  5. 업계 1위라는 건 시장 규모가 크던 작던, 수익 구조가 좋든 열악하든, 일단은 좋은 일이다.	1. 여행업의 수익 구조는 이해하지만 연봉수준은 좀 너무했다, 특히 월세로 싱글생활하는 사람에겐 월급을 받아도 잔고를 갉아먹는 느낌이었다. 금전적으로만 따지면 정말 2년 반동안 봉사하고 나왔다고 생각한다.  2. (경영관리직이 아닌) 대부분의 부서에서는 내가 이 일하려고 대학까지 나왔나 싶은 생각이 들지 모른다. 당시에는 고학력자를 오히려 부담스러워하는 사내 분위기가 있었다. 영업과 수배 쪽에서는 사원-대리-과장 때 하는 일이 크게 다르지 않다. 3. 초기 멤버와 신규 멤버들간의 능력, 학력 차이가 심한 편이다.   4. 여행업계 1위 기업 하나투어에 다닌다고 해도, 밖에서는 가이드나 여행사 대리점 직원과 구분을 못한다. (그 분들을 폄하하려는 의도는 아니지만..) 소신을 가지고 입사했지만, 자존감이 낮아져서 평생 있기에는 내 가치가 아깝다고 생각했다.  5. 여행상품 기획자는 보통 생각하는 것과 다르다. 창의적인 여행상품은 신입사원 과제에나 존재하는 일이다. 여행상품은 모객이 되야하고 수익을 내야한다. 대부분은 이미 짜여져있는 것을 따르거나, 랜드사가 (수지타산에 맞춰) 추천하는 방향대로 그대로 운영하기 바쁘다.  6. 영업, 상품관리의 경우 항상 대기상태이다. 여권, 비자, 항공, 호텔은 내 의지와 상관없이 항상 문제가 터진다. 주말에 항상 공항에서 오는 전화소리로 깼다. 재직 중에는 이게 연봉 보다도 더 큰 스트레스였다.	오래 되서 경영진의 장단점까지는 생각이 안 나네요.
2014/9/29	롯데지알에스(주) 롯데리아	100	78632	42693	3.0	3.0	3.0	3.0	3.0	1	2	서비스/고객지원	전직원	경기	 0 	False	"알바로 하기에 괜찮은 곳. 서비스 업종이기에 진상들을 많이 만날 수 있음."	매장마다 다르겠지만 내가 일했던 매장은 청결을 매우 중요시 했음.깨끗한 근무환경.매니저하는 친구가 급여는 괜찮다고 함.	알바생들간에 텃세.간혹 이상한 매니저들 있음..	햄버거가 맛없어요.
2014/9/11	롯데지알에스(주) 롯데리아	100	78632	39478	2.0	1.0	3.0	2.0	2.0	0	1	생산/제조	전직원	대구	 0 	False	"솔직히 사회적으로 인정받기 힘들다."	다양한 사람을 만날 수 있고 시간이 잘 가는편이다. 유통,자재관리,영업관리,매장관리,서비스 등 비교적 다양한 일을 배울 수있다	할일이 많은데 급여가 너무 적고 하루종일 서있어야한다. 롯데리아에서 일한다고 말하면 좋지않게 봄. 사회적으로 인정받기 힘들다.	서비스업이라고 볼수있는 사업에서 직원의 급여가 올라가면 서비스의 질이 향상되고 매출이 증가할 것 입니다.
2014/9/16	(주)세스코	100	71990	40121	3.0	2.0	1.0	1.0	2.0	0	None	기타	현직원	기타	 2 	False	"부탁이에여 오지마세여.. 승진기회 및 가능성은 열려있으나 압박을 못견딥니다.."	하도 이직이 많아서 그냥 가만히 있으면 자동승진됨. 대신 그때까지 버틴다는 전제하에	급여는 그냥 최저수준 복지역시 쉬는날은 다 쉬지만 그 달의 생산성과 영업목표는 그대로 유지. 즉 공장처럼 쉬는게 아니라 압축해서 할건 다 해야함	가신문화의 탈피 적극요청
2014/9/24	씨제이푸드빌(주)	100	23183	41447	3.0	4.0	2.0	3.0	3.0	1	1	서비스/고객지원	전직원	경기	 0 	False	"서비스직에 적합하다고 생각하시는분이 아니라면 버티기 힘들수도... 하지만 대기업인 만큼 강력한 시스템 하에 운영된다."	대기업 최고의 복지라고 알려진만큼 복지가 좋습니다. 업무 분위기도 화기애애한 편입니다.	업무강도가 무거운 시기가 많습니다. 각오를 하고 가야할 정도는 아니기에 허약하신 분만 아니라면 상관 없을 듯 합니다.	교육, 운영, 서비스 만족 등의 시스템의 틀은 좋지만 완성도를 좀 더 높인다면 상당히 좋은 기업이 될듯 합니다.
2014/9/13	씨제이푸드빌(주)	100	23183	39788	3.0	5.0	3.0	5.0	3.0	1	1	기타	전직원	서울	 1 	False	"원하는 직종을 선택한다면 불만없이 지속해나갈 수 있을 것입니다."	대기업답게 근무조건과 급여문제는 없으며 사람에 따라 다르겠지만 직원들과의 관계는 좋게 유지할 수 있습니다.	인사제도는 거의 인맥위주, 승진을 하려면 정치적으로도 눈치가 빨라야하며, 업무적으로는 매너리즘에 빠지기 쉽습니다.	정말 인사제도는 한편으로는 단순하지만 분명히 개선해야 할 점이라 생각합니다.
2014/9/12	씨제이푸드빌(주)	100	23183	39566	2.0	4.0	2.0	3.0	2.0	0	1	서비스/고객지원	전직원		 0 	False	"씨제이의 타 계열사에 비해 아직 체계가 안 잡혀 있다. 일년이 멀다하고 조직이 바뀌며 일을 제대로 배우기에는 추천하지 않음. 다만 CJ라는 타이틀로 이직하기에는 괜찮다."	대졸공채로 입사하면 매장관리라는 서비스 직무에서는 이랜드를 제외하고는 업계 최고 연봉. 투썸, 뚜레주르 매장 관리는 서비스직 치고 이미지가 좋다.	매출이 늘 좋지 않고 신사업이 실패하는 경우가 많아서 인센이 거의 없다. 매장직군은 하루 걸러 하루 평일에 쉬어야 하고 연차 반 정도 쓰면 아주 성공적.	아무리 서비스직이라고 하지만 휴가 및 연차는 보장해 주면 좋겠다. 인건비 줄인다고 정직원의 업무시간이 너무 과하다.
2014/9/26	유베이스(주)	100	87279	42139	4.0	2.0	3.0	3.0	4.0	0	1	서비스/고객지원	전직원	경기	 1 	False	"열심히 성과를 보이는 만큼 능력을 인정해줌 하지만 업계특성상의 임금은 다른 유사 회사와 크게 다르지 않은 듯"	회사와 연계된 병원이 있어서 혜택을 받을 수 있음. 많은 사람들이 잘 모르고 있는 것 같았음	식당이 없는 사옥일 경우 식사를 하기 불편함. 직원 교육을 중시하는 것 같지만 실제로 시간만 소비하며 내실있는 교육이 이루어지고 있는지 의문	직원들의 건강관리에 신경써주셨으면
2014/9/27	아워홈(주)	100	68269	42297	3.0	3.0	2.0	3.0	3.0	1	1	경영/기획/컨설팅	전직원	서울	 3 	False	"팀원들이 모두 열심히 일하는 회사. 효율적으로 일하는지는 모르겠음"	신입사원의 의견도 반영이 되는 회사. 활기찬 분위기	야근... 신입에서 대리로 진급하는 데 오래 걸림	업무배분이 효율적이길 바랍니다. 연봉 올려주세요.
2014/9/10	아워홈(주)	100	68269	39196	3.0	3.0	3.0	3.0	2.0	0	2	유통/무역	전직원	서울	 0 	False	"종합식품기업의 경험을 원하신다면 강추~급식,외식,유통,구매,생산까지 삼박자가 갖추어진 몇안되는 기업"	업계 상위권~매출 1조 2천억~에버,CJ와 비등하게 경쟁하는 나름 잘 갖추어진 사업구조	경영진의 간섭이 너무 심함~과장이상급은 언제 날라갈지 모름~시장에 조금 더 친화적이였으면 좋겠음~	체계적이고 달성 가능한 목표를 부여하는 것이 우선 일 듯함
2014/9/22	아웃백스테이크하우스코리아(유)	100	86465	41247	5.0	3.0	2.0	5.0	4.0	0	1	서비스/고객지원	전직원	서울	 0 	False	"개인외식경영 혹은 점주 이상으로 갈 생각하고 시작한다면 좋은 직장. 매니저까지 할 생각이면 몸만 힘든 직장."	많은 지점에서 근무해 볼 기회가 있어 외식경영으로 나가는 분들에겐 실전대비를 할 수 있음.	윗사람의 인격에 따라 매장이 편할수도 힘들수도 있음.	현재 복지혜택이 낮다고 생각함.
2014/9/7	(주)커피빈코리아	100	53841	38986	3.0	2.0	3.0	3.0	3.0	1	1	서비스/고객지원	전직원	서울	 0 	False	"최저시급 딱 맞춰주는 아르바이트 시급"	계산하고 매장 정리, 베이커리 내오는 게 주요 업무. 아르바이트생이었는데 바리스타가 되고 싶어 오래 다니며 승진하는 사람도 봄	매니저에 따라 천차만별인 분위기. 알바생은 커피 만들지 못함	매니저의 인사관리 방식을 교육시킬 필요가 있음
2014/9/28	(주)호텔신라	100	47377	42560	3.0	2.0	2.0	2.0	3.0	0	2	경영/기획/컨설팅	현직원	서울	 0 	False	"면세의 경우 상대적 적은 인력으로팽창하는 사업을 이끌고 가 개개인의 업무에의존하는 경향이 있음대기업 삼성을 생각한다면 재고해보길"	개인기에 의존하므로 역량에따라 즐겁게 다닐수도 있음. 어찌되었건 확장 시기이므로 다이나믹함.	회사체계가 잘잡혀있지않고 업이 본질적으로 리스키함.	원 오브 삼성으로 생각한다면 계열사 중 턱없이 낮은 연봉수준과 구식 직급체계 개선이 필요
2014/9/19	(주)호텔신라	100	47377	40692	2.0	2.0	2.0	2.0	3.0	0	None	전문직	전직원	서울	 1 	False	"보수적인 기업문화지만 자율적이기 위해 노력함"	삼성계열이라는 대기업이미지있음. 신입인 경우 공채와 비정규(협력사원)차별존재.공채로 보호받을수 있음.	이미지에비해 만족도낮음.엄청난 보수적 분위기.자율적인것처럼 하려고 노력은 하나 .. 계급막론 공채와 비정규(협력사원)차별존재.비정규로써 제외되는부분 있음.승진더딤.	건물 내부 안전체크가 필요할것같다.
2014/9/17	씨제이푸드빌(주) 빕스	100	91680	40379	4.0	3.0	3.0	4.0	3.0	0	1	서비스/고객지원	전직원	경기	 0 	False	"잘 짜여진 시스템으로 근무하기 좋은 환경. 큰 기업이지만 보수는 글쎄"	근무부서마다 다르겠지만 업무의 차이가 그리 심하진 않다. 일하기 좋은 환경으로 승진의 기회도 얼마든지.	보수가 조금 아쉽다. 세계적으로 큰 회사인 만큼 복지는 괜찮지만 보수가 좀 많으면 좋겠다.	딱히 없다.
2014/9/17	씨제이푸드빌(주) 빕스	100	91680	40345	4.0	2.0	3.0	4.0	2.0	0	2	서비스/고객지원	전직원	서울	 0 	False	"돈을 보고 간다면 절대비추, 사람 좋아하고 젊고 활기찬 분위기 원하면 강추"	노력한만큼 승진기회의 과속화체계적인 시스템과 지속적인 교육환경불규칙한 휴무 이지만 신청휴무를 통해 원하는 날 쉴수 있음.밝고 젊은 분위기의 근무환경매장내, 팀별 팀워크 행사가 자주 있어서 좋음(다만 늦은 귀가...)임직원 정규직 이상부터는 복지가 아주 짱짱함..!!	현장 오퍼레이션 근무가 빡셈. 체력 좋아야함업무강도나 양의 비해 지나치게 낮은 급여(비공채 기준)공채로 들어온 현장 매니저는 연봉값을 못하는 경우가 많은편..서비스업인 만큼 불규칙한 휴무	현장에 대해서 좀 더 제대로 파악하고 고충을 알기를, 업무 강도에 대한 급여를 분명 재고해야함...
2014/9/4	씨제이푸드빌(주) 빕스	100	91680	38659	3.0	2.0	1.0	2.0	2.0	0	1	서비스/고객지원	전직원	서울	 0 	False	"주방 지원자들께 : 정말 요리를 하고싶은 거라면 프랜차이즈에 뛰어들지 마라."	CJ라는 대기업에서 일한다는 뿌듯함과 일 오래하다가 시험 잘 보면 승진가능하다. 알바들이 많아서 사람 만날 기회가 많이 있다.	임금이 낮음. 연장근무는 자주 하고 휴일이 랜덤이라서 다른 취미 활동이나 배우기 힘듬. 회식은 새벽까지 하지만 오픈하러 가야되는 현실.	직원들 휴일 - 정기적으로 쉴 수 있는 요일 하루씩 정해서 돌아갔으면 좋겠다. 본사에서 직영점 직원관리를 소홀히 한다. 관심을 가지고 무슨 문제가 있는지 알아야될 것 같다.
2014/9/25	(주)유니에스	100	87274	41707	2.0	2.0	2.0	2.0	2.0	0	1	특수계층/공공	전직원	인천	 6 	True	"돈벌고 싶으면 오세요."	정시출퇴근가능.  인천국제공항 보안검색 파견업체임. 실내근무가능.  유니폼입으니까 옷살필요없음.	군대인줄. 상명하복심함.  노동강도에비해 급여수준이 쓰레기. 14시간 서서 근무. 성수기때 죽음을맛봄. 이젠비수기도없어지는 추세임.  승객들과 싸움은 기본. 년차가올라가도 신입이랑 급여차이없고 보안검색이아니라 서비스직같음  너무서비스강요함.  승객편에서있는회사.	물론 보안과 서비슨 함께갈수없음 보안검색요원들 퇴사원인이 회의감이 많이들어서 퇴사함 알아줬음좋겠음
2014/9/22	(주)에스텍시스템	100	89310	41074	3.0	4.0	1.0	3.0	4.0	1	2	서비스/고객지원	전직원	서울	 0 	False	"군대와 거의 비슷함 직장내 문화가 철저한 수직관계이며 근무가 1년에서 3년정도는 근무시간이 많아 많이 힘들 수 있고 근무지에 따라 복불복이기도 함 해외에도 지사가 있어 원양어선 타는 심정으로 한번 갔다오면 돈은 정말 끝내주게 많이 벌 수 있음(초봉은 거의 삼성과 비슷함) 하지만 근무 및 복지가 많이 떨어지는 느낌이 없지않고 공공연히 도는 소문에는 삼성에서 인수하려는 계획이 있다고 함."	월급이 힘든보람있는만큼 들어온다 군대의 향수를 원하면 들어가보는것도....	보수적인 업무태도가 단점이지만 상당히 개선된 편 업무강도가 강함.	경영진의 경영전략은 자세히 모르겠으나 명절복지 등은 상당히 만족스러운편
2014/9/30	에스원(주)	100	65658	42873	3.0	4.0	1.0	2.0	2.0	0	1	서비스/고객지원	현직원	인천	 20 	True	"취업이 어렵지만 정말 자신의 개인적인생활을 많이포기하고 돈을벌고싶고 대기업이란 타이틀을 가지고싶다면 지원하세요 CS의 강도높은업무지만 복지는 최고네요."	음 그냥 월급과 복지정도빼곤 없는거같음	개인적인 생활을 많이포기해야됨한달 업무시간은 적게는250시간 300시간을 채울때도 많음	외부고객도중요하지만 직원도 내부고객으로써 가족들과 함께하는 시간이 너무없음 CS로 모든업무를 통합시키려는 방향은 좋지않고 직군의 효율적인 배분이 필요함 현장에서 어려운기술적인부분을 CS가 하기엔벅찬면이 있음
2014/9/22	에스원(주)	100	65658	41115	3.0	3.0	2.0	2.0	3.0	0	1	경영/기획/컨설팅	현직원	서울	 3 	False	"보안분야 사업이외에 건물관리 사업을 삼성에버랜드로부터 양도받아 사업영역을 넓혀가고 있음"	건물관리사업 부문 업계 1위로 타 대기업에(LG, 포스코, 현대도 건물관리 계열사 있음)비해 관리수준과 역량은 단연 최고이며 삼성그룹 계열사로 복리후생은 동일함	타 기업에 비해 현장직들의 paper work 강도가 높고연봉수준이 현대, 포스코 등에 비해 낮음현재 현대그룹에서 인력을 매우 많이 빼가고 있는 상황	보고를 위한 보고, 현실성 없는 방향제시 등 변화가 매우 시급함
2014/9/2	에스원(주)	100	65658	38345	2.0	2.0	1.0	1.0	1.0	0	None	IT/인터넷	전직원	서울	 12 	True	"삼성이라는 타이틀이 갖고 싶지만 스펙이 도저히 안되는 사람이라면 도전해볼만하다. 단, 계열사에서도 삼성대우를 안해주는 것은 주의."	1. 부서에 따라 다르겠으나 연구소 한정으로 업무강도가 그리 높지는 않다.  2. 별다른 개발 능력이 없어도 일하는 데에는 지장이 없어 무난하게 적응할 수는 있다.  3. 삼성 계열사의 이름을 달고 있으므로 관련 복지 혜택은 어느정도는 비슷하게 보장받는다. 4. 진급 누락이 있을지언정 진급이 안되서 퇴사하는 경우는 부장진급 전까지는 드물다. (연구소 한정) 5. 일본 파견을 가고 싶은 사람이라면 입사후 1년이후라면 손만 들면 보내준다고 할 정도로 기회가 많다.	1. 인사 고과상에서의 공정성은 기대하지 않는 것이 정신건강에 이롭다. 정치와 수완이 없으면 인정받는 것이 힘들다. 70년대 공무원 조직을 생각하면 이해하기 쉽다. 2. 별다른 능력이 없어도 일할 수는 있으나 실력도 늘지 않는다. 연구소 재직 3년이 넘어가면 쌓은 실력이 없어 이직하는데 큰 난항을 겪거나 업종을 바꾸는 경우가 많다. (비전문직으로, 공무원 시험 준비 등등) 3.동종업계에서는 연봉이 높지만 연구소 기준으로 타사 비교 시 하위 20%에 해당한다.  4. 일을 열심히 하면 할수록 개미지옥에 빠지게 되는 전형의 회사이다. 가능한한 칼퇴할수 있는 일을 하는 것이 좋다. 회사내에서 바쁜사람은 1년 12달 야근/특근을 한다. 5. 총 인원 200명 근처의 연구소 인력 중에 제대로된 개발에 참여하는 인력은 10명 내외이며 나머지는 현장지원(전화응대), 외주관리, 문서처리만 하다 퇴근하는 경우가 많다. 6. 모든 기업에서 연구소의 입지가 갑을(병) << 병에 해당한다면 이 회사에서는 갑을병정무(기) << 기 정도에 해당한다. 거의 모든 부서에서 압력을 받으며 연구소 자체적으로 의사결정권한은 없다.	부디 연구조직에 힘을 실어주세요. 이대로 흘러간다면 회사의 미래는 어둡습니다.
2014/9/1	에스원(주)	100	65658	38149	4.0	3.0	4.0	3.0	3.0	0	2	기타	현직원	서울	 2 	True	"삼성그룹사이긴 하지만 삼성다닌다는 느낌은 안나는 회사"	일단 삼성그룹사라서 복지혜택은 좋은편.CS가 아닌 일반 사무직은 생각외로 근무강도가 쎄지 않음(부서마다 다를수 있음)기존 세콤사업 뿐 아니라 여러가지 사업을 추진하는 중이라서 발전 가능성이 생각외로 큼	삼성그룹사지만 삼성같은 느낌이 들지 않음.타 계열사처럼 자유롭지가 않고 고지식한 느낌임.	기존 세콤사업 이외에 다른 사업을 더 활성화시키면 발전가능성이 클듯함
2014/9/28	한국마사회	100	86726	42531	3.0	5.0	5.0	4.0	4.0	1	1	경영/기획/컨설팅	전직원	서울	 0 	False	"공기업중에서는 상위수준 연봉이라고 흔히 알려져있으나 막상 공기업혁신 등 여론이 좋지 않아 12년도부터 신입사원 연봉이 감봉되고있는 상황입니다."	업무강도가 높지 않고 휴가가 비교적 자유롭습니다. 야근이라해봤자 특수상황(국감 등)인 경우에 한시간정도입니다.	분위기 자체가 좀 경직되어있고 이렇다할 기업목표가 없어 개인적으로 침체되기 쉽습니다.	경마산업의 미래에 대해 진정성 있는 고민이 필요한 시점이 아닐까요.
2014/9/23	한국마사회	100	86726	41407	1.0	3.0	4.0	3.0	1.0	1	1	영업/제휴	전직원	경기	 0 	False	"PA 높은 시급과 보너스는 만족할만하다. 회사가 5성급 호텔의 서비스 마인드를 가지고 일하길 원함."	일 수준이 비교적 간단하고 복잡하지 않음. 서비스직 치고 높은 일당이지만 그만큼 진상 고객들이 많이 있음. 학생이라면 할만함 월급으로 용돈 충분히 하고도 남음. 일년에 한번씩 보너스도 나옴.	CS가 강화되어 고객들에게 5성급 수준의 서비스를 하길 원함. 그러나 고객의 수준은 도박꾼 그 이상도 이하도 아님. 거친 고객들이 다수 있으며 심하면 욕설은 기본! 가끔 성희롱도 있음. 높은 시급을 괜히 받는 것이 아님.	가끔 돈 사고가 나는데 PA들이 자비로 메꿔야함. 경위서 쓰면 회사가 일부 부담 해주기도 하나 소장이 잘 해주지 않음(자기 근무평가에 안좋음)
2014/9/29	대명레저산업(주)	100	82315	42707	3.0	3.0	2.0	3.0	2.0	0	1	서비스/고객지원	전직원	강원	 1 	False	"서비스/레저 산업에 몸 담아 일하고 싶다면 추천"	전국에 대명 리조트가 많으니 휴가 갈때 할인받을 수 있고 가족도 회원으로 등록되서 혜택이 있습니다.직원들이 금방 그만두는 덕분에(?) 라인만 잘 타면 승진은 빨리 할 수 있습니다.숙소 생활 하는 덕분에(?) 생활비를 아낄 수 있습니다.	군대식 문화이고 라인을 잘 타야 승진이 빨리 됩니다.업무 스트레스가 많고 초과근무하는 날도 많습니다.	군대식 조직문화, 인맥을 타파하고 혁신을 해서 좀더 나은 기업으로 발전하길.
2014/9/10	대명레저산업(주)	100	82315	39281	2.0	3.0	2.0	1.0	1.0	0	1	경영/기획/컨설팅	전직원		 1 	False	"본사는 가고싶은 직장이 될지 몰라도 사업장은 대졸이라면 운영지원팀 이외에는 안가시는게.."	다방면의 업무를 배울수있음, 레저업계 이직시 인정받기 쉬움	분양압박, 상조압박, 티켓 강매 등 성과압박, 성희롱교육이 무의미하게 만연한 성희롱, 전반적인 업무체계가 없는 회사구조, 개개인 주업무쯤은 손쉽게 무시되는 체계	회사 브랜드 가치에 걸맞는 인재를 양성하고 직급자들의 수준을 강화시키는 교육이 시급합니다.
2014/9/7	대명레저산업(주)	100	82315	39015	3.0	3.0	3.0	3.0	3.0	0	1	경영/기획/컨설팅	현직원	서울	 1 	False	"전형적인 한국 대기업의 모습.이 이상 이하의 설명은 필요없는듯."	레저복지를 누릴 수 있음.다들 알만한 회사.	다양한 신사업을 추진하고 있지만 아직 성공브랜드가 많지않음. 오션월드 이후 뚜렷한 캐쉬카우가 없음회사규모에 비해 연봉이 적음	딱히 없음...
2014/9/15	피알원(주)	100	87461	40069	3.0	4.0	2.0	3.0	3.0	0	1	미디어/홍보	전직원	서울	 2 	False	"홍보 업무는 많이 배울 수 있겠지만 회사의 성장가능성은 많지 않아 보여요."	홍보대행사 중 상위권입니다. 중소형 홍보대행사에 비해 대형 클라이언트가 많습니다.여초 회사라 군대 문화 없지만, 그렇다고 수평적인 분위기는 아닙니다.사원 복지가 잘 되어 있습니다.	업무강도가 센 회사입니다. 워크 라이프 밸런스를 원한다면 추천하지 않아요.팀에 따라 만족도가 많이 달라질 수 있습니다. 가능하다면 지인을 통해 회사 내부의 팀에 대한 정보를 구한 후에 입사지원 하는 것을 추천해요.	회사가 발전할 수 있는 방향으로 회사를 이끌어 주셨으면 좋겠습니다.
2014/9/2	피알원(주)	100	87461	38375	3.0	4.0	3.0	4.0	3.0	1	1	미디어/홍보	전직원	서울	 4 	True	"좋은 팀을 만나면 많은 것을 배울 수 있음. 그러나 분위기가 좋지 못한 팀으로 간다면 힘들어질 수 있음."	상대적으로 복지가 훌륭한 편. 직원을 위한 행사도 많음. 안식월이 있어 3년 근무 시 1달은 유급휴가 지원.	팀을 옮기는 것은 어려움. 사내 담당 브랜드가 다양하지만, 경험하는 것에는 한계가 있음. 원하지 않는 브랜드를 계속 담당해 레퍼런스가 망가질 수 있음	팀끼리 정보교류 및 소통이 필요함.
2014/9/28	(주)대학내일	100	86769	42530	4.0	3.0	2.0	4.0	4.0	1	2	영업/제휴	전직원	서울	 0 	False	"발전하고 있는 기업입니다."	젊은 기업입니다. 구성원들 대부분 20~30대라 개방적인 생각을 가지고 있습니다. 발전 가능성이 있는 기업입니다.	일에 대한 책임감 즉, 강도가 쎈 편입니다. 따라서 야근이 거의 필수적입니다. 대행사의 특징이라고 생각합니다.	일과 삶의 균형!
2014/9/25	(주)대학내일	100	86769	41806	2.0	3.0	2.0	3.0	2.0	1	1	IT/인터넷	현직원	서울	 1 	False	"IT분야라면 비추, 마케팅쪽이라면 추천"	20대의 젊은 인재들과 일 할수있고, 상당히 자유로움	비합리적인 인사평가제도, 부서간 커뮤니케이션 부족	몸집만 키운다고 좋은게 아닌것같음.  평가제도 개선, 인력운영등 효율적인 방법을 계속 찾길바람
2014/9/24	(주)대학내일	100	86769	41665	5.0	4.0	3.0	5.0	5.0	1	2	경영/기획/컨설팅	현직원	서울	 0 	False	"기회가 많고 복지가 정말 좋은 회사입니다. 추천합니다."	가족같이 지낼 수 있고, 기업문화가 정말 좋은 회사, 신입부터 프로젝트를 진행할 수 있어 자신의 역량을 펼칠 수 있는 기회가 많이 주어짐	자신의 프로젝트가 있는 만큼 주말근무,야간근무가 잦음	인력이 부족해 인턴을 많이 쓰지만 그에 따라서 전문성이 부족한 결과를 만들어낼 수 도 있습니다.
2014/9/17	(주)대학내일	100	86769	40414	3.0	4.0	1.0	2.0	3.0	0	None	경영/기획/컨설팅	전직원	서울	 0 	False	"일한만큼 주지만 성장할 수 있을까?에 대한 의문"	일한만큼 주는 돈고도화된 업무가 없음	에이전시다보니 이런것까지? 라고 여겨지는 일들이 많음발전이 보이지 않는 프로그램 구성들.	업무를 더 효율적으로 처리할 수 있는 시스템 개발에 더 총력을 기울여야
2014/9/15	(주)대학내일	100	86769	40022	4.0	4.0	3.0	4.0	4.0	1	1	서비스/고객지원	현직원	서울	 5 	True	"사무와 현장에서 일하는 두 가지의 일을 모두 경험해 볼 수 있다. 회사 조직문화가 좋다. 이상적인 기업임과 동시에 현실에서 살아남을 수 있는 강인함을 가지고 지원했으면 한다."	처음 들어와서부터 A-Z까지 배울 수 있는 장점, 즉 야생에서 내가 얼만큼 하느냐에 따라 많은 것을 배울 수 있는 기회가 주어지는 곳.수평적인 조직문화 덕분에 붙임성이 좋다면 금방 회사사람들과 동료처럼 함께 지낼 수 있음	내가 혼자서 알아가고 배워가고 처리해야 할 일들이 생각보다 많다.소극적인 성격이라면 그냥 가만히 있다가 뭘 해야 할지 모를 수도 있다.	체계적인 업무 배분과 업무 교육이 좀 더 세부적으로 이루어 졌으면 한다.
2014/9/1	(주)대학내일	100	86769	38119	4.0	4.0	2.0	4.0	4.0	1	1	경영/기획/컨설팅	전직원	서울	 2 	True	"수평적인 문화의 대표적 기업. 작지만 강한곳. 가족같은 분위기"	복지가 잘되어있음. 눈치없이 휴가가능. 수평적인 기업문화. 실적좋으면 엄청난 연봉. 젊은 사람들의 젊은 기업. 퇴사하고 나서도 사람들과 좋은 관계 유지가능한 특이한 회사	개인의 업무량이 과다함. 주말 출근도 잦으며 지방 출장도 잦음. 영업팀이 따로 없지만 영업의 업무 모두가 해야함. 대학생들의 캠퍼스 생활과 업무량 반비례. 시험기간에 우리는 한가하고 방학이나 쉬는 타이밍에 엄청난 업무량.	업무의 분산이 필요. 한사람이 디자인부터 마케팅, 영업까지 모두 해야함.
2014/9/30	현대그린푸드(주)	100	47646	42909	3.0	3.0	3.0	3.0	3.0	1	1	전문직	전직원	기타	 0 	False	"경력직 추천"	동종업계 연봉 비슷, 백화점 브랜브 밸류있음	전문직과 사무직의 급여차이가 심함. 업무에서 차이는 별로 없음.	전문직이라 그냥 자기 하기 나름이라 생각함.
2014/9/28	현대그린푸드(주)	100	47646	42430	2.0	3.0	2.0	2.0	2.0	1	1	유통/무역	현직원	기타	 0 	False	"체계적인 메뉴얼보다는 몸으로 직접 배워야함"	부서마다 차이는 있으나, 사원들의 삶을 존중연차 사용에 대한 눈치를 보지 않음	소극적 경영전략승진적체가 심함부서간 이기주의	백화점 위주의 경영탈피
2014/9/13	현대그린푸드(주)	100	47646	39807	3.0	4.0	2.0	2.0	1.0	0	1	유통/무역	현직원	경기	 0 	False	"첫직장으로 좋은 회사는 아닌거 같음. 동업계대비 전문성을 배울 환경도 안됨. 다른회사 다니다 이직하긴 괜찮은 회사"	동업계 대비 비교적 높은 연봉 해외근무 가능 b2c b2b유통 경험 가능	현대백화점 직원들의 마지막 종착지로 그린푸드 입사자의 유리장벽이 있음. 사업영역이 너무 광대해 회사 사람들조차 잏회사가 뭐하는 회산지 모름. 현대차 중공업 백화점 내부거래 비중이커 뭔가 진취적으로 할 수있는 일이 별로 없음	회사 경영에 있어 너무 보수적이며너 새가슴임
2014/9/15	(주)그린웹서비스	100	86851	40006	3.0	3.0	4.0	4.0	3.0	1	1	미디어/홍보	전직원	서울	 0 	False	"자신의 삶과 회사의 균형을 원한다면 지원할만함. 그러나 똑같은 일의 반복!"	야근이 거의없고, 사내의 여러 시스템이 잘 되어있는 편! 사원들을 위한 복지가 좋은편이다.	업무가 새로운걸 창조하는 일이 아니라, 매일 똑같은 일의 반복임.업무의 강도가 높지 않다보니 연봉이 높지않음	사원 모두가 다같이 발전할 수있는 회사로 발돋움하길 바래요
2014/9/27	삼성웰스토리(주)	100	88148	42298	2.0	3.0	1.0	2.0	1.0	0	None	기타	현직원	경기	 2 	False	"가진 능력없이 자부심만 강한 회사 업무량은 많지만 실속이 없고 개인 역량이 성장하는데 큰 도움임 못 됨."	삼성자체가 가진 복리후생. 교육, 면세점 할인, sfc카드	같은 업무의 반복. 쓸데없는 분석과 취합. 실속없이 화려함으로 포장하려는 고급화전략. 내실없고 능력없이 갑작스러운 분리경영으로 인해 헛점이 계속 드러나고있고 그것을 프리미엄이라는 이름으로 가리려고하고있다. 하향화중이라고 생각함	최고의 연봉이라고 말하지만 실제 타기업과 비교해보면 더 이상 그렇지않다는 것을 이제는 알아야한다. 현장에만 의존해서 이익을 내려하면서 문제가 발생하면 남일보듯하는 태도. 현장과 본사의 뚜렷한 차별신분.  회사가 하향길을 걷게하는 조직문화의 문제점을 깨닳았으면 좋겠다.
2014/9/27	(주)한국코퍼레이션	100	63215	42386	2.0	3.0	4.0	3.0	2.0	0	1	영업/제휴	전직원	서울	 0 	False	"휘둘리지않고 상담만 잘하면 자기할일은 다 할수있다"	상담내용을 토대로 평가를 해주며 여러 조언을 해줌칼퇴 자기할일만 잘 끝내도 좋음	자신이 정말 하고싶었던 일이 아니면 그냥 비슷비슷한거같음	수고하세요
2014/9/17	(주)한국코퍼레이션	100	63215	40354	2.0	1.0	2.0	4.0	2.0	0	None	경영/기획/컨설팅	현직원	서울	 0 	False	"굳이 이 회사가 아니라.. 다른길을 찾아보길"	여성들이 다니기에 좋음.출산,육아휴직 쓰기에 눈치안보임.	적은 연봉 인상폭, 비젼이 없음.. 특히 남자가 다니기에 너무 막연함.	상장회사라서 그런지 수치에만 목메달뿐.장기적인 비전을 가지고 회사의 발전을 위한 경영을 하였으면...사람이 가장 중요한회사에서 직원들의 불만을 해소할 창구없이갈곳이없으니 머물다 가는곳..능력자들은 다른곳으로 이직 제의 올 경우 망설임없이 이직함.
