date	cname	industry_id	cid	cmid	possibility	pay	balance	culture	management	recommend	expect	job_kind	current	area	helpful_count	is_best	subject	good	bad	hope
2015/5/28	스타벅스커피코리아(주)	100	70749	125241	3.0	4.0	2.0	3.0	3.0	0	2	서비스/고객지원	전직원		 0 	False	"한번쯤 일해볼만한 직장, 그러나 매장에 따라 업무강도 및 분위기의 편차있음"	배우는걸 좋아한다면 체계적으로 짜여진 교육을 통해 서비스를 배울 수 있음.급여나 수당은 대기업인만큼 정확하게 나와서 좋음.	기업에서는 평등한 조직문화라고 말하나 사실상 상하관계가 매우 뚜렷함.매장에 따라 텃세가 굉장히 심한 경우도 있음.바리스타라는 직급을 아르바이트 개념으로 생각한다면 조금 벅찰수도 있음. 공부할것 외울것이 상당히 많음	기업 차원의 체계적인 교육은 매우 좋으나 너무 벅찬감이 있음...
2015/5/22	스타벅스커피코리아(주)	100	70749	122648	5.0	2.0	4.0	5.0	5.0	0	2	서비스/고객지원	현직원	서울	 0 	False	"커피업계중 가장 훌룡한 복지와 상하관계 없음"	주 5일 근무와 복지, 워킹맘들애게 정말 좋은직장 내부채용 우선	급여에 비해 요구하는 일이 많고 생활이 불규칙함	커피업계 1위다운 직장이나 복지가 여성쪽으로 치우쳐져 있어 남자 복지혜택은 많지않음
2015/5/17	스타벅스커피코리아(주)	100	70749	119520	4.0	3.0	3.0	3.0	2.0	1	1	서비스/고객지원	전직원	서울	 0 	False	"동종업게 1위답게 쉴새없이 다이나믹하다. 서비스업을 장래 진로로 생각한다면 한번쯤은 경험해볼 곳"	체계적인 커피 지식과 서비스응대를 배워볼수 있음. 정확한 근태계산	프로모션이 너무너무 많아 그때그때 습득해야하는 어려움. 불규칙한 스케줄	소비자는 즐겁지만 파트너는 힘들다. 파트너생각도 좀더 부탁드립니다.
2015/5/15	스타벅스커피코리아(주)	100	70749	118749	2.0	3.0	4.0	4.0	2.0	0	1	금융/재무	현직원	서울	 0 	False	"글로벌 회사에서 일할 수 있는 경험을 할 수있고, 1등 회사의 비결을 느낄 수 있다."	다양한 복지혜택(신세계그룹 수준), 커피는 사무실에서 원없이 마실 수 있음	외국계 기업의 조직문화를 기대해선 안된다. 조직문화 개선을 위해서 많은 제도를 도입하고 있지만 신세계 조직문화에 기깝다. 매주 성과평가를 한다. 단기 성과평가의 비중이 크다.	단기 성과평가에서 벗어나 협력을 중시하는 인사제도 도입 필요
2015/5/14	스타벅스커피코리아(주)	100	70749	118290	2.0	3.0	2.0	4.0	3.0	0	1	서비스/고객지원	전직원		 0 	False	"다른 동종 업계보다는 복지 잘되어있음, 서비스 배우기 좋은 곳"	전매장 텀블러 및 음료 할인가능해서 꽤 유용, 남들 사기 힘든 한정 텀블러 좀 더 쉽게 구매가능, 신세계 몰 임직원 할인(but 큰 폭의 할인은 아님)	점장이 누구냐에 따라 더 고생할수도 있음.. 매장 옮기고 나서 점장은 스케줄에 본인이 좋은시간(마감 안하려는) 선점하시기도 함. 고객들의 요청은 웬만하면 다 들어주는데 그래서 그런진 몰라도 예민한 고객들이 꽤 있었음.	매장에 인원 좀 더 보충했으면..오히려 타매장으로 인원 보내려한다는데 너무 힘들음.. 점심시간엔 진짜 정신이 없네요ㅜㅜ
2015/5/10	스타벅스커피코리아(주)	100	70749	116005	4.0	4.0	4.0	4.0	4.0	1	2	서비스/고객지원	전직원	충북	 0 	False	"수평적인 조직문화와 체계적인 업무 분담"	바리스타부터 점장까지 영어 닉네임을 사용하여 수평적인 호칭. 자유롭고 젊은 분위기. 유동적인 스케쥴 조정과 체계적인 업무 분담으로 배워나갈 수 있고 커피업계 1위 기업의 자부심을 느낄 수 있음. 철저한 위생 관리	초반에 공부할 것도 많고 외울 것도 많아서 조금 힘들 수 있음. 또한 육체적으로 노동이 많아서 적응이 필요.	딱히 없습니다. 계속해서 다양한 마케팅과 스타벅스만의 감성으로 꾸준히 성장했으면 좋겠습니다.
2015/5/6	스타벅스커피코리아(주)	100	70749	114022	5.0	3.0	3.0	5.0	3.0	1	2	서비스/고객지원	전직원	서울	 7 	True	"높은 네임밸류, 하지만 처우는 기타 서비스업과 비슷, 환상은 금물"	1. 장점이자 단점인 유연한 근무시간. 처음에는 불만족스러웠는데 일하다보니 꽤 장점이라고 생각합니다. 2. 닉네임을 이용하고 서로를 파트너라고 부르기 때문에 서로를 존중한다는 느낌을 받을 수 있습니다. 물론 매장에 따라 텃세유무는 다르겠지만..3. 근무하는 날 음료 2잔이 무료. 눈치보지 않고 마시고 싶은 음료를 마음껏 마실 수 있어서 좋습니다. A파트너 눈치 볼 필요없이 당당하게 나의 복리후생을 요구할 수 있다는 점!4. 말단 바리스타도 명절 상여금을 받을 수 있습니다. 5. 공휴일(근로자의 날 포함) 근무시 기본급*1.5배 시급을 인정 받습니다.(4년 전이라 기억이 애매모호 하지만..) 물론 시급으로 따지기에 얼마 안 되는 것 같지만 이 정도 보장해주는 서비스업종 별로 없다고 생각합니다.	1. 음료 종류가 무한대로 늘어다기에 숙지할 사항이 많습니다.2. 사실 B1은 아르바이트 개념과 비슷하다고 생각하지만 스벅에서 대우는 아르바이트급으로 하면서 원하는건 정직원급으로 일하길 바랍니다. 어느 회사나 비슷하다고 생각3. 까다로운 손님들이 많음4. 다양한 프로모션으로 파트너들이 죽어남	제가 일한게 벌써 5년 전인데 최저 시급이 그 때에 비해 고작 1000원 올라서 그런가 그때나 지금이나 월급 차이는 별로 없는 것 같네요. 사실 스벅만큼 프로모션 다양하게 하는 카페 체인점은 없다고 생각합니다. 손님들에게는 장점이지만 직원들은 정말 힘듭니다. 그에 따른 보상을 확실히 해줬으면....
2015/5/5	스타벅스커피코리아(주)	100	70749	113583	4.0	3.0	4.0	4.0	4.0	1	2	서비스/고객지원	전직원	경기	 0 	False	"같이 일하는 사람들이 좋아서 그만두기 힘든 곳"	다양한 사람들을 만날 수 있음, 직급에 따라 차별이 거의 없어 다양한 업무를 경험할수있음,직원 복지가 좋음	동종업계와는 비슷하지만 타업종에비해 적은 월급	커피값은 매년 오르는데.. 직원들 월급도 좀 올려주세요
2015/5/3	스타벅스커피코리아(주)	100	70749	113119	3.0	5.0	4.0	4.0	5.0	1	2	인사/총무	현직원	서울	 1 	False	"복지 좋은 회사, 목표의식이 생기는 곳"	글로벌 기업, 편안한 복장, 목표가 확고한	복잡하고 논의할 것 많은 라인...	새로운 돌파구! 고전을 지키면서 획기적인
2015/5/1	스타벅스커피코리아(주)	100	70749	112310	4.0	3.0	4.0	4.0	3.0	1	2	영업/제휴	전직원	서울	 0 	False	"대기업과 글로벌회사의 조인 벤쳐로서 두 종류의 회사의 다소나마 장단점을 느낄 수 있는 곳"	업계 1위의 자부심, 대기업임에도 불구하고 조인벤처이기에 좀 유연한 기업문화	고루한 대표이사의 경영방식, 그다지 높지 않은 연봉,	효율적이며 공정한 인사, 성과에 따른 인센티브
2015/5/30	한국맥도날드(유)	100	3616	125786	3.0	4.0	3.0	4.0	3.0	1	1	서비스/고객지원	전직원	경기	 0 	False	"업무가 세분화 되어 있어 굉장히 체계적인 곳."	근무환경도 좋고 외국계  외식업에 대해 체계적으로 배울 수 있다.	야근이 있는 편이고  서비스 직이다 보니 악성 민원들을 감당해야할것.	진급 시스템이 더 체게적이였으면 좋겠다.
2015/5/22	한국맥도날드(유)	100	3616	122513	3.0	3.0	2.0	3.0	3.0	0	1	서비스/고객지원	전직원		 0 	False	"사회, 직장 경험으로 좋은곳. 스케쥴 근무는 힘들지만 그만큼 얻을곳이 많은곳."	근무여건이 좋으며 자유롭다. 서비스업과 식음료 분야에 대해 배우고 성장하기 좋은 곳이다.	스케쥴 근무와 서비스업쪽으로 맞아야 일할 수 있다.	인사관리에 조금 더 신경써주셨으면...
2015/5/14	한국맥도날드(유)	100	3616	118308	3.0	3.0	4.0	3.0	2.0	0	1	서비스/고객지원	전직원	부산	 0 	False	"생각보다 자유로운 근무환경이였습니다."	자율적인 시간활용 가능하고 직원들과의 유대관계만 좋으면 할만합니다.	고리타분한 본사직원들이 조금 힘들게 합니다	직원들에게 항상 격려와 칭찬을 하셨으면...
2015/5/5	한국맥도날드(유)	100	3616	113635	4.0	2.0	2.0	2.0	2.0	0	1	서비스/고객지원	전직원	울산	 0 	False	"젊은날 한번쯤 일해볼수있는 기업이며 일은 할만한것같음"	다양한 교육제공과 자잘자잘한 복지가 잘되어있다	돈에 있어서 많이 박하고 시간관리를 마음대로 하는것같다	사람을 좀더 중요시해줬으면하고 군대는 아니지만 군대문화인 느낌을 받을수있음
2015/5/1	한국맥도날드(유)	100	3616	112362	4.0	4.0	4.0	5.0	3.0	1	2	서비스/고객지원	전직원	대구	 0 	False	"글로벌기업의 명성다운 체계적인 시스템과 안정적인 근무환경속에서 최고의 서비스정신을 배울수잇는 직장"	출퇴근시간 선택제. 개인스케줄반영 적극적. 공정한 급여책정.확실한 각종수당. 글로벌 대기업이라는 자부심과 애사심. 여러명의 크루와 라이더.매니저팀들과의 끈끈한 애정. 인간관계가 넓어짐. 훌륭한 서비스 마인드를 기를수잇음.활기찬 업무환경에 지루할틈이없음.	24시간 매장에서는 새벽근무도 해야한다는점(매니저의 경우)방문이나 특별한행사 전 특수 스페셜근무.매장이바쁘면 인수인계전 칼퇴불가능.	매장의 스타일이나. 지역. 주변환경. 평균하루매출 등을 고려해서 매장을 평가하길 바람.
2015/5/1	한국맥도날드(유)	100	3616	112280	4.0	3.0	3.0	4.0	4.0	1	2	서비스/고객지원	현직원	서울	 0 	False	"패스트푸드중에선 가장 체계적인 교육과 그에따른 보상이 있는 기업"	스케쥴 변동가능. 체계적인 교육, 복지혜택 다양	페이 조절이 잘 안됨.거의 모든매장 3교대	정직원에 대한 연장수당 발급해줬으면
2015/5/31	(주)하나투어	100	49174	126284	3.0	2.0	4.0	4.0	5.0	1	1	인사/총무	전직원	서울	 0 	False	"여행업계 1위,자율적인분위기 유연한 인간관계 워크와라이프밸런스는 최고인회사 그러나 적은연봉"	출퇴근도 비교적 칼퇴근이고 사람들도 좋고 특히 여행에대한 복지는 매우좋은편임! 일단인간관계에서 스트레스를 덜받는게 가장메리트였던회사	적은연봉이 좀 아쉽고...대기업치고는 비효율적인 업무시스템 연봉때문에 그런지 퇴사율높음	업무분배가 효율적으로 이루어졌음 좋겠고요 팀마다다르지만 지속적인 공채로 좀 남는인력이있다고 느껴짐.
2015/5/24	(주)하나투어	100	49174	123229	4.0	2.0	4.0	3.0	3.0	1	2	기타	현직원	서울	 0 	False	"여행업계 1위라는 자부심과 삶과 일의 균형을 생각한다면..."	여행업계 1위라는 자부심, 여성분들이 다니기에 해택이 많음. 여행의 기회, 칼퇴하는 분위기.	회사는 계속 커가지만, 아쉬운 연봉만족할수도 불만족할수도 있는 환경이라고 생각함. 케바케	전반적으로 회사가 성장하지만, 기존의 제도나 습관이 남아있는 점이 업무효율을 저하시키는 점이 있습니다. 규모가 커지는 것도 중요하지만 내부를 다지는 것도 고려했으면 합니다.
2015/5/22	(주)하나투어	100	49174	122655	4.0	3.0	3.0	3.0	3.0	1	2	영업/제휴	현직원	서울	 1 	False	"돈을생각한다면 다시한번생각하세요단,여자라면준공무원"	자부심짱 1위기업네임밸류최고여자들다니기좋아요	사무실이너무좁아요야근수당주세요식대올려주세요	월급좀올려주세요 제. . . . . . . . . . 발요
2015/5/21	(주)하나투어	100	49174	121843	2.0	1.0	5.0	3.0	2.0	0	1	서비스/고객지원	전직원	충남	 1 	False	"여행이라는단어에 혹하고갔다가 인생훅가는곳. 신입급여는 초라한수준이며 업무강도또한 적은편은아님. 젊은나이라면 반드시 자신의미래를 위해 망설이지말고 박차고나올것."	젊은조직,공채들의젊은나이대, 스마트워크	너무나도 비합리적 급여체계, 상품관련직무는 야근에노예	급여계선 및 미래신성장산업 발굴, 멋대로인 인사이동개편
2015/5/20	(주)하나투어	100	49174	121240	3.0	1.0	4.0	4.0	1.0	0	1	경영/기획/컨설팅	현직원	서울	 0 	False	"여행업계 1위라는 자부심과 동종 업계 대비 괜찮은 복지수준. 하지만 낮은 연봉, 비생산적 프로세스"	업계 1위 자부심. 시스템화 하려는 노력, 선도 기업으로써의 다양한 복지 등을 시행하려고 노력함, 지속적인 성장 가능성, 사업 다변화	지극히 낮은 연봉, 비효율적인 업무 프로세스, 비합리적인 의사결정	윗선에서의 체계적인 업무 전달 및 파악이 필요. 효율성은 시스템의 정비에서만 나오는 것이 아닌, 윗선의 생각있는 지시가 더 큰 요소. 낮은 연봉은 숙련자의 이직을 막지 못함.
2015/5/18	(주)하나투어	100	49174	120243	3.0	1.0	4.0	3.0	4.0	1	2	서비스/고객지원	전직원	서울	 1 	False	"젊고 안정적인 분위기. 연봉은 낮으나 여행의 기회가 많고 야근이 많지 않아 큰 욕심 없다면 이만한 회사가 없음."	대체적으로 직원들이 젊고, 안정적임. 여행 기업 부동의 1위이면서 여행 뿐 아니라 다양한 사업에도 꾸준히 도전해 역량을 넓혀나가고 있는 중이라 앞으로도 지속적인 성장이 기대됨.	안정적이다 보니 사원보다 능력, 인성이 부족한 과차장들이 회사에 남아 아래 팀원들의 성장을 막고 있기도 함. (이직 좀 하셨으면..)	본사 사무실 내부 인테리어에도 신경을 좀 써주셨으면.. 삭막하고 인구밀도가 높아요.
2015/5/16	(주)하나투어	100	49174	119217	3.0	2.0	3.0	3.0	3.0	0	1	서비스/고객지원	현직원	서울	 0 	False	"국내 업계 1위 여행사에서 일한다는 자부심이 있다. 돈에 대한 욕심이 적고 여행을 많이 다니고 싶다면 다닐만 함."	마음만 먹으면 얼마든지 칼퇴 가능. 조직문화가 유연한 편이고 과장까지는 별 탈없이 승진도 되는 듯. 업무 관련 IT 시스템이 잘 되어있는 편.	회사가 체계적이진 않다. 월급이 너무 적어서 동기부여가 안되고 결과적으로는 주어진 업무 안에서만 안주하게 된다. 여행에 직접적으로 관련된 업무를 하게 된다면 예기치 못한 현지 상황 변화로 인해 때에 따라 쉬다가도 주변 피씨방을 찾아 수습을 해야한다. 사람을 상대하는 일이라 다양한 종류의 진상을 만나서인지 개인적으로는 인간 불신이 생김..	월급만 지금보다 더 올려주신다면... 앞자리만 바뀔 수 있다면..
2015/5/12	(주)하나투어	100	49174	117427	3.0	3.0	5.0	4.0	4.0	0	2	서비스/고객지원	현직원	서울	 0 	False	"여행업에 꿈이 있다면 추천. 월급은 적으나 안정적. 여자들에게는 추천. 공무원을 생각하면 될 듯."	여행업계 1등 기업의 자부심 있음. 팀별 차이 물론 있지만 업무강도 높지 않음. 안정적. 중견기업임을 감안할 때 직원복지 나쁘지 않음.	대졸연봉이라기엔 턱없이 낮은 보수. 받는만큼만 일하자는 분위기가 팽배	업무강도의 팀별, 개인별 차이가 큼. 일하는 한 사람 특정인에게 업무가 과중되는 경향이 있어 개선이 필요함.
2015/5/11	(주)하나투어	100	49174	116502	2.0	2.0	3.0	5.0	2.0	1	2	영업/제휴	전직원	서울	 0 	False	"업계 1위로서 여행에 뜻이 있는 사람이면업종 이해 측면에 있어서도 첫 직장으로 추천"	수평적인 사내문화,서로의 선을 넘지 않는 배려비교적 화목한 분위기해외출장 등등	낮은 연봉 대비 과도한 업무,특히 수배, 영업부서에 편중되는회사의 업무 시스템.	이직율을 낮게 하는게 제일 중요할듯.조직원들의 자부심도 낮은 편이니고취시키는것도 과제
2015/5/7	(주)하나투어	100	49174	114591	3.0	3.0	3.0	3.0	3.0	0	1	서비스/고객지원	전직원	서울	 0 	False	"국내 여행업계 1위에 대한 자부심은 있으나 시스템이 체계적이지 못함"	카페할인, 여행 관련 복지 등 혜택, 상하 간 의사소통이 생각보다 유연함	체계적이지 못하고 내부에서도 뭔가 붕 떠있는 시스템	효율적인 시스템 구축이 필요함, 다른 동종업계와 경쟁할 수 있는 특별한 무언가가 필요함
2015/5/7	(주)하나투어	100	49174	114486	4.0	3.0	4.0	4.0	3.0	0	None	인사/총무	현직원	부산	 0 	False	"젊은 기업이다. 거점근무, 유연근무, 시차근무/ 연차 등 자유롭게하는듯하나 이것 또한 소팀별로 너무 다르다.."	연차를 눈치안보고 쓸수있음, 주말에 출장시 일수만큼 휴가나옴, 도서관있음 (책 요청시 보통 다 들어옵니다), 수평적인 사무실 분위기. 칼퇴하는 분위기.	팀장/팀에따라 분위기가 너무 다름. 연봉. 성수기에 몰리는 업무가 비수기와 굉장히 비교됨.	면세점사업은 하지 않았으면합니다.. 요즘 대세가 자유여행인만큼 자유여행관련하여 힘을 더 실었으면 합니다..
2015/5/24	롯데지알에스(주) 롯데리아	100	78632	123099	1.0	5.0	1.0	1.0	4.0	0	None	서비스/고객지원	전직원	부산	 1 	False	"복지가 매우 좋은 기업, 다만 군대식 서열체계로 입사순의 직급체계가 뚜렷하고 업무가 고단함."	복지혜택 타사에 비해 매우 좋습니다. 엔제리너스는 커피에 대해 여러 교육을 받을 수 있다는게 장점	비합리적인 군대체제로 대부분 예민해져서 막말이 심함. 근무시간은 노동법대비 굉장히 오버됌	행복경영을 원하신다면 군대도 안다녀온 여자들에게 군대식 체계를 버리라고 권유하고 싶습니다. 조금만 기수가 높으면 후배가 성장하는 걸 도와주는게 아니라 혼내기 급급하네요. 그런 혼내는 시간때문에 근로시간은 더욱 연장됩니다. 최대 하루 19시간까지 일해봤네요.
2015/5/15	롯데지알에스(주) 롯데리아	100	78632	118969	2.0	4.0	1.0	1.0	1.0	0	1	서비스/고객지원	전직원	대구	 0 	False	"서비스영업 뿐만 아니라 단순한 경리, 회계, 매출관리 부분까지 배울수있음 단순업무라 누구나 가능하지만, 단순업무의 반복이기 때문에 시간이 흘러도 발전하고 있다는 느낌이 없음"	급여 및 복지가 좋은 편. 생각보다 여러 상여금 및 혜택이 좋음.	야간근무, 생활 불규칙, 선후배 수직적관계, 회식강요, 반복적 업무, 자기계발이 힘듬, 쉬는 날 근무지적, 월말 20시간 근무, 식사시간 불규칙, 보수적기업, 타지근무 해야할 가능성 있음, 잦은 발령	점포직에 있는 직원들에게도 많은 관심바라며, 보수적인 기업문화, 수직적관계 개선 필요함
2015/5/17	(주)세스코	100	71990	119843	1.0	1.0	1.0	1.0	1.0	0	None	영업/제휴	전직원	경기	 10 	False	"내가 벌어다 주는 돈의 10프로도 안주는 곳. 돈이 없어 다녔지만 소모품취급 받긴 싫었다. 근무시간 내 15군데 이상 서비스,영업을 해야한다. 정시퇴근은 불가하고 점심도 사먹어야하고 육체적,정신적으로도 큰 힘이 듬."	중소기업과는 달리 토요일 근무시 소액이지만 별도 수당이 나온다. 토요일 근무를 강제하지는 않음. 근속연수가 짧은 직원들이 많아 직원들끼리 분위기는 좋음.	엄청낮은 월급, 꽉막힌 승진기회,거의 오르지않는 급여,소모품취급하는 기업	규모도 어느정도되고 돈도 많이벌었을텐데 월급 좀 올려주고 가족기업,세대이어 경영하는건 좋은데 돈 좀 많이주며 경영하길.버는 만큼 주는건 상식아닌가.자주 채용공고가 나는 이유를 잘 생각해보길.
2015/5/12	(주)세스코	100	71990	117312	4.0	2.0	2.0	1.0	1.0	0	1	서비스/고객지원	현직원	서울	 0 	False	"소통을 강조하지만 소통되지 않는 구조. 업계1위라지만 후진적 의사결정 체계"	취약한 관리구조 대기업에 비하면 편함 사내 정치는 없음	복지낮음 권위적 상급자 불합리한 구조 짜증나는 업무많음 보고가 너무 잦음	말로만 소통 말고 진정한 소통. 주먹구구식 업무하달 개선
2015/5/31	씨제이푸드빌(주)	100	23183	126362	3.0	5.0	3.0	5.0	4.0	1	2	서비스/고객지원	전직원	서울	 0 	False	"여성이 일하기 최적의 회사 하지만 다소 육체적 노동과 불규칙적인 업무환경은 고려해야함"	기업내 님 호칭문화, 여성 임직원을 위한 출산휴가 제도 등 전반적인 분위기는 좋음 특히 임직원 복지 혜택은 이미 유명하다	체계화되지못한 부분이 있고 아르바이트직원을 많이 쓰는곳이다보니 인력관리에 어려움이 있다(아르바이트생이 적은 시기에는 업무강도가 상당함).	효율적인 인력수급이 필요하고본사 신제품 개발 등에 매장의 상황을 좀더 고려해주면 좋을듯
2015/5/26	씨제이푸드빌(주)	100	23183	123918	4.0	3.0	2.0	3.0	3.0	0	1	서비스/고객지원	전직원	서울	 0 	False	"인지도는 좋은 기업, 외식산업이 얼마나 발전할지는 모르겠음.."	나름 평등한 문화, 인사제도가 좋음.	낮은 보수와 공채와 비공채 간 차이가 별로 없다는 점?	발전이 필요한 때라고 생각합니다...............
2015/5/18	씨제이푸드빌(주)	100	23183	120068	4.0	2.0	3.0	4.0	3.0	0	2	전문직	현직원		 0 	False	"외식업에 꿈이있는사람이라면 경험삼아좋다"	매니져 진급시부터는 여러가지 복지를 이용할수있어좋다	일하는노동시간대비 급여가 너무낮아 일하기싫어진다	위생관리품질관리에 너무엄격하여 현장에서의 스트레스완화부탁
2015/5/16	씨제이푸드빌(주)	100	23183	119157	5.0	3.0	2.0	3.0	2.0	1	2	전문직	현직원	서울	 0 	False	"정직원이 된다면 계열사 복지가 상당히 좋고 장기적으로 봤을때 여자가 일하기 좋은 기업"	계열사가 많아서 복지가 상당히.좋은편	다른 외식기업에 비해 연봉이 엄청 짠편	많은 브랜드를 동시다발적으로 오픈함에 있어 인력난에 시달림
2015/5/7	씨제이푸드빌(주)	100	23183	114713	2.0	2.0	1.0	3.0	2.0	0	1	전문직	전직원	서울	 0 	False	"기업의 이미지보다 내실이 약한편이라 기대기 크면 실망도 커지는법"	기업의 복리후생이 좋습니다.업무환경	낮은연봉과 엄청난 업무의 양이 개인생활을 많이 없어짐	물론 달성이의 숫자도 중요하나 사람의 중요성도 알아야할것같음
2015/5/6	씨제이푸드빌(주)	100	23183	114092	3.0	3.0	2.0	2.0	3.0	0	2	기타	현직원	서울	 0 	False	"외식업계답게 직원은 많으나 영업이익은 적은편 연봉도 적은편"	복지가 다른회사보다 콘도나, 음식점 할인등아 좋다	할인등은 좋으나 내가 돈을 쓰지않으면 할인혜택받는것이 많지않음	야근수당이 나왔으면 좋겠습니다 퇴근교통비 말고..
2015/5/4	씨제이푸드빌(주)	100	23183	113328	3.0	5.0	2.0	2.0	2.0	0	1	기타	전직원		 0 	False	"서비스업의 집합체 - 서비스 업의 모든 경험을 다할수있음"	식품업계중에선 그나마 낫다함....다양한 카테고리르 다루고 있어 이직이 쉬움	보고를 위한 보고가 많음 . 고용이 의외로 불안정함	실무진 케어 필요. 합리적이고 빠른의사결정이 필요
2015/5/1	씨제이푸드빌(주)	100	23183	112542	3.0	3.0	2.0	3.0	5.0	1	2	영업/제휴	전직원	경기	 0 	False	"대기업이지만 계열사별, 지점별 천차만별이라서 근무 여건과 환경은 중소기업같다고 보면 됩니다."	프로모션이나 브랜드 이미지 조성이 잘되어 있어서 고객들 또한 진상 고객은 거의 없고 컴플레인 처리에서 상당히 잘되어있어서 일하면서 고객과의 트러블로 힘들지는 않음.	단순 반복 스케줄과 실적개선 압박이 심함.	실적 개선에 대해 매출 증대 뿐만 아니라 비용절감이나 만족도 및 충성도 향상 등 다방면에서 분석해주고 장려해준다면 내부 역량 개선에 더 도움될것임
2015/5/14	유베이스(주)	100	87279	118144	4.0	1.0	3.0	1.0	2.0	0	None	서비스/고객지원	전직원	경기	 0 	False	"해피콜로 입사했는데 대출상담으로 갑자기 전환시켰음."	통근버스가 있고 칼퇴근 가능하고 서로 돕는 분위기.	자기개발 가능성이 없어 보여 스스로 자존감이 낮아지게 됨. 성실히 하면 승진 기회 많을듯.	교육시스템을 좀 두 체계적으로. 강사초빙이나 교육적인 부분에 투자를 했으면.
2015/5/13	유베이스(주)	100	87279	117643	5.0	4.0	4.0	4.0	4.0	1	2	서비스/고객지원	현직원	경기	 1 	False	"업계 대기업인만큼 사내 셔틀버스나,카페테리아,수면실 같은 복지시설이 잘되어 있음. 콜센터 구직자라면 일하기 좋은 직장."	복지시설이 잘되어있고 하는만큼 인센티브가 확실함. 인지도도 높고 정규직이라 고용형태가 안정적임.	콜센터 업무 자체가 감정노동이기 때문에 고객과의 마찰등에서 일어나는 업무적 스트레스를 완화시켜줄 사내 프로그램이 생겼으면 함.	앞서 말한 상담사를 위한 사내 프로그램을 보완하여 업무적 스트레스를 비교적 줄일 수 있는 프로그램을 마련하여 이직률이 높은 콜센터 업무를 장기적으로 꾸준히 할 수 있는 제도가 체계적이었으면 함.
2015/5/13	유베이스(주)	100	87279	117622	4.0	4.0	4.0	5.0	4.0	1	2	영업/제휴	현직원	경기	 0 	False	"회사의 임직원 모두가 좋은사람, 좋은회사 슬로건으로노력하는 회사, 늘 멈춰있지않고 늘 RUSH 하는 회사!"	다양한 복지혜택과 누구나에게 열려있는 승진의 기회!자기계발과 더불어 회사와 함께 성장할수 있는 곳!	상담사=아르바이트 라는 것이 보이지않게 존재하여,정규직보다는 아르바이트를 생각하여 입사를 하는 경우가 많아,이직률이 높아보임, 하지만 아르바이트 생각하고 들어왔다가,기업의 복지혜택, 다양한 승진의 기회를 보고 오래 다니는 사람 많음!	유베이스 임직원 모두가 더 행복하고 더 즐거운 회사를 만들어갈 수 있게힘을 실어주세요!
2015/5/11	유베이스(주)	100	87279	116586	4.0	4.0	3.0	4.0	4.0	1	2	경영/기획/컨설팅	현직원	경기	 1 	False	"동종업계중에서도 차별화된 BPO비즈니스, 규모의 경제를 지향하고 좋은사람 좋은회사 이미지의 긍정적인 기업문화 향상에 중점. 존중-배려-공정-정식 을 지향하는 젊고 창의적인 회사"	누구에게나 차별없이 공정한 기회를 제공하는 열린회사	비즈니스 특성상 대부분의 상담직원들이 가질수있는 로열티에 한계가 있다.	직원들이 좀더 성장하고 발전할수있는 환경을 위해서는 지속적인 사업확장과 투명한 기회제공에 집중할 필요가 있겠습니다.
2015/5/11	유베이스(주)	100	87279	116517	2.0	2.0	3.0	2.0	2.0	0	1	서비스/고객지원	전직원	경기	 0 	False	"열심히 하면 인센티브를 받을 수 있음"	인센티브제도가 있어서 열심히 하면 기본급보다 더 받을 수 있음	대응 실수로 마이너스가 날 수도 있는데 만약 이럴경우 몇가지 대안이 있음. 이 대안이 안먹힐 경우 인센티브에서 마이너스 만큼 제함.	시급을 인상해줬으면 좋겠고, 인센티브를 받을 수 있는 폭이 좁음
2015/5/28	아워홈(주)	100	68269	124932	3.0	3.0	2.0	5.0	2.0	0	1	마케팅/시장조사	현직원	서울	 0 	False	"동종업계에서 매출은되지만 근무여건이 어려움"	동종업계에서는 매출 상위기업으로 이미지 갖춤	오너의 판단에 의해 수시로 인사이동과 부서가 변동 아웃됨	너무다양한 분야와 순간적인 판단에의해 사업이 진행되어 직원들의 업무진행에 어려움이 있음
2015/5/24	아워홈(주)	100	68269	123224	5.0	3.0	1.0	3.0	1.0	1	2	전문직	현직원	서울	 1 	False	"여러분야에 도전하고있으며 각지역에 분포되어있으므로 그것이 장점이될수도 있고 단점이 될수도 있음"	자신이 열정이있고 배우고, 하고싶은 분야가 있다면 충분히 배울수있고 일을 도전할수있는 넓은 산업분야를 운영중다. 영양사 근무시 중소기업에비에 큰 연봉이며, 운이좋을경우 편한 점포에서 큰사건없이 칼퇴가능함.	기업에장점에서 운이좋으면 칼퇴없는 점포에서 근무가능하나 이와 반대로 운이좋지 않을경우 하루 근무환경이 살인적일수 있다. 더더욱 초과수당이 없고, 그러한작업 환경이 당연시됨	자신의 생각이 만인의 생각일 꺼라는 착각은 이제 그만.!
2015/5/24	아워홈(주)	100	68269	123059	2.0	3.0	3.0	1.0	2.0	0	1	기타	현직원	경기	 0 	False	"대졸 신입의 경우,동종 업계 대비 중상 수준이지만, 경력의 경우 신입보다 수 있음전반적인 업무 시스템이 구축되지 않음"	lg 관계사로,  지속적인 매출처를 갖고 있음,다만 경쟁사에게들에게 ms를 지속적으로 뺏기고 있음.lg관계사로 유사한 시스템으로 진행하려고 하나, 사업부별로 상이함	각 사업부별로 인사권을 갖고 있어 분위기와 환경이 상당부분 상이함군대 문화로 관리자에게 찍히면 승진, 연봉등 여러분야에게 불이익업무의  중요도와 연관성이 없이 특정인이 지시하는 업무가 최우선구성원의 상당부분이직을 고민중	각 사업부가 인사권을 갖고 있어 평가및 보상이 실적과 상관없이 진행됨각 팀장의 역활이 무색할 만큼 책임자가 업무지시  평가에 관여함
2015/5/15	아워홈(주)	100	68269	119021	2.0	3.0	3.0	3.0	2.0	0	None	경영/기획/컨설팅	전직원	서울	 1 	False	"회사와 문화가 점점 않좋아지고 있어 걱정이다"	급식에서의 안정적 수익구조와 제조.외식등 연관사업이 잘 발달해있움	오너 개인기업으로서 현재는 거의 3세경영임	회사에 기여한 조직원들을 도구로 보지말고 회사이름처럼 느끼게 만그는 회사였음 한다
2015/5/12	아워홈(주)	100	68269	117368	3.0	2.0	2.0	3.0	2.0	0	1	경영/기획/컨설팅	현직원	서울	 0 	False	"종합식품기업으로써 급식을 중심으로 식자재, 외식,식품 사업을 영위하고 잇음"	1.재무구조가 탄탄해서 회사가 빠른 시일내에 문닫을 걱정은 안해도 된다.2.회사가 대기업이고 신용도가 좋아 대출이 잘되는 편이다.3.전반적으로 업무량에 비해 인원이 많은 회사. 뒤집에 말하면 직원들을 잘 안짜른다. 물론 팀장급 이하만 해당	1.급여가 낮다. 동종업계 최저? 혹은 평균 이하2.오우너가 경영하는 회사이다보니 인사정책이 체계가 없다.3.복지제도 미흡4.회사의 발전을 이룬 급식 시장이 어려워지고 있고, 이렇다할 신사업을 마련하지 못하는 상황이라 미래가 불투명하다	직원들 급여 및 복지에 더 많은 신경을 써주시고, 회사가 정체기에 접어든 이 시점에 변화를 두려워 하지 말고 하루 빨리 신규사업을 추진하여 신성장동력을 찾아주시길
2015/5/11	아워홈(주)	100	68269	116925	1.0	1.0	3.0	2.0	1.0	0	1	마케팅/시장조사	전직원	서울	 3 	False	"전형적인 오너 기업 문화에 순응하고 다닐 자신이 있지 않으면 오래다니기 힘든 회사"	계속해서 성장하고 있고, 특별한 사고만 안치면 오래오래 조용히 다닐 수 있음.	오너의 한마디로 프로젝트의 방향성이 한순간에 좌지우지 되눈 경우가 많아 업무를 제대로 진행시키기가 쉽지 않음.	똑똑한 인재들을 계속해서 성장시킬 수 있는 체계적인 인사 시스템이 필요함.
2015/5/11	아워홈(주)	100	68269	116584	3.0	3.0	3.0	3.0	3.0	0	1	영업/제휴	전직원	서울	 1 	False	"완연한 대기업도 아니고, 중견기업이라 하기에도 규모가 큰회사"	외식, 급식, 식재유통, 식품 전 사업을 아우르고 있음. 이런 것들이 시너지 역할로 작용할 수 있습니다. 다른 대기업은 하나의 계열사로 분리되어 있음. .	조직 구성원의 열정이나 도전정신이 없는 편	전체적인 조직문화가 형성될 수 있도록 지속적으로 관심 필요. 특히 애사심이나 로열티를 끌어올릴 수 있는 것들이 필요하다고 생각합니다. 신입사원 직무배치나 강매같은 부분이 개선되면 참 좋을 것 같네요................
2015/5/6	아워홈(주)	100	68269	113915	4.0	3.0	5.0	4.0	3.0	1	2	영업/제휴	전직원		 0 	False	"종합식품회사로써 할 수 있는 대부분의 사업에 진출한 회사기업의 성장과 사업부간 시너지가 기대됨"	핵심적인 사업부로 회사가 나뉘어 각 사업에 대한 전문성을 갖고 여러가지 수익 모델을 고심함	각 사업부 간 유기적인 업무 관계를 맺으려하나 실제로 그런 느낌이 들지 않는 아쉬운 아웃풋	조직 개편도 필요하지만 기업의 미션과 가치관을 보다 뚜렷하게 만드시기를. 색깔에 어울리는 인재들이 찾아와서 즐겁게 일하는 회사가 되기를 바람
2015/5/21	아웃백스테이크하우스코리아(유)	100	86465	121961	4.0	3.0	4.0	5.0	4.0	1	None	경영/기획/컨설팅	전직원	서울	 0 	False	"외국계 외식 브랜드로 독창적인 시스템을 가자고 운영 대단한성공을 한 업체로서 신념과 원칙이란 모토를 가진 회사로 사람 중심의 회사."	점주 제도를 운영하면서 권한과 책임을 가지고 운영함.	1개의 브랜드로 외식 시장의 변화에 매우 빠르게 적응 하기어려운 사업 구조와 한국과 미국의 조직.	먼 미래를.애 내다 볼수 있는 오너쉽을 가지길 ?
2015/5/18	아웃백스테이크하우스코리아(유)	100	86465	120445	3.0	2.0	2.0	4.0	3.0	1	None	전문직	전직원		 0 	False	"20대초반 좋은 사회경험을 쌓을수있는 공간 점주이상이 꿈이 아니라면 저물어가는 외식업체라생각되어 비추"	장점이라고는 .. 다들 나이가 어리기때문에 직원들과 놀기 좋음	일단 주방일을 한 자로서 일이 힘듬..  정확한 퇴근시간이 없고 어딜가나 마찬가지지만 같이 일하는사람이 젤중요함	경영면에서는 잘해간다고 생각드는기업
2015/5/17	아웃백스테이크하우스코리아(유)	100	86465	119668	2.0	4.0	1.0	3.0	1.0	0	None	전문직	전직원	서울	 0 	False	"과거에 비해 쇠퇴하는 외식업체인 점은 아쉽지만, 체계적인 교육 시스템을 바탕으로 외식업의 기초를 쌓기 좋은 기업"	호주를 모티브로 한 미국 레스토랑인 만큼, 교육체계가 상당히 체계적임. 특히 주방 라인 내 위생관리와 Bar 음료 제조 법 등 메뉴얼이 확실함	점점 쇠퇴하는 브랜드 가치와 너무나 자주 바뀌는 경영진. 이에 따른 정책, 사내 분위기 변화가 심하다	조인성 이민정에 이어 정우성 고소영까지 .. 솔칙히 스타 마케팅이 아직도 먹힐꺼라고 생각하시는지..게런티에 광고비까지, 비용 부담하는 점주들은 죽어납니다.
2015/5/3	아웃백스테이크하우스코리아(유)	100	86465	113061	3.0	1.0	1.0	4.0	3.0	0	None	전문직	전직원		 0 	False	"외식업에 뜻이 있다면 한번쯤 다닐만한회사"	시스템이 체계적으로 잘 되어있고 생각보다 많은것을 배울수 있음직원들끼리의 유대관계가 매우 좋은편	매우 적은 연봉, 박봉이 매력이라는 농담이 있음몰락해가는 시장성업무강도 매우 높음	직원복지에 좀 더 신경썼으면 좋겠네요
2015/5/29	(주)호텔신라	100	47377	125741	3.0	2.0	1.0	1.0	2.0	0	1	서비스/고객지원	현직원	서울	 1 	False	"호텔업계치고 편한곳은 없다... 힘들지만 많이 배우는 곳"	임원진이나 팀장급에서는 좋은분들이 많음국내 1위 호텔, 삼성 계열사라는 점?동종업계 상위 수준의 연봉을 지급	문제가 생겼을때 문제를 해결하기보다는 누구의 실수인지 책임을 묻기 급급하고, 그러다보니 서로 떠넘기기 바쁨군대문화, 직원들 사이에 위계질서사무실내 욕설이 난무함	잘못을 떠넘기거나 누구의 책임인지를 추적하고 찾기 보다는 정작 중요한일이 무엇인지 파악할 필요가있다. 서비스업이니 만큼 손님이 우선되어야 하지 않나? 그리고 사무실내 욕설은 금지 되었으면...
2015/5/29	(주)호텔신라	100	47377	125546	2.0	3.0	2.0	3.0	3.0	0	1	마케팅/시장조사	전직원	서울	 0 	False	"국내 동종업계에서 최고수준이며, 직원 또한 자부심을 갖고 다닐 수 있는 (동종업계에서는) 기업임."	직원 개개인이 책임감을 가지고 일하지만, 잘 안되었을 때는 동료들 간 위로해주고, 위해주는 분위기가 많음. 새로운 일을 계속 배우게 됨. (깨지면서). 외부 (가족, 어른들, 친구 등)에서는 사장님 덕에 좋은 이미지를 많이 가지고 있어서 인지도 높음.	전혀 해보지 않은 일도 맨땅에 헤딩하며 새로운것을 내것인 마냥 완벽하게 알게 되어야 함 (장점이자 단점). 그래서 새로운 일을 맡기가 꺼려짐.보수적인 의사결정과정 (탑다운), 융통성이 좀 적은 편임. 아래 직원들은 차장/부장 전까지는 거의 보조인력 같은.. 역할이었던 느낌임.	내가 퇴사한 이유는 개인적인 이유도 있었지만, 내 이전 경력과 다른 업무가 계속 주어져서 커리어 상 도움이 안되고, 혼동도 오고 (내 정체성에 대해) 그래서였음. 새로운 일을 계속 맡김으로써 부하직원의 능력을 테스트도 해보고, 향상 시키는 것도 있지만, 그 사람이 잘 할 수 있는 일을 꾸준히 맡기는 것도 필요하다고 생각함. 능동적인 회사로 바뀌면 좋겠다는 생각입니다.
2015/5/29	(주)호텔신라	100	47377	125501	2.0	3.0	5.0	1.0	2.0	1	1	IT/인터넷	현직원	서울	 0 	False	"업무강도는 낮은편이나 연봉이 늘 제자리"	업무강도 높지않고 많은 부분의 일을 외주업체, 대행사에 맡기고 있어 편함	퇴근만 늦게하면 일 잘한다고 생각하는 분위기, 쓸모있는 일을 똑똑하게 해내는 직원 거의 없음, 초봉은 높은 편이나 연봉인상률을 생각하면 계속 다니기는 어려움	연봉인상률이 조금 더 높아야하지 않을까요
2015/5/19	(주)호텔신라	100	47377	120637	2.0	3.0	3.0	3.0	2.0	1	1	인사/총무	전직원	서울	 0 	False	"연봉이 높지는 않지만 대기업 복지를 어느 정도 누릴 수 있어서, 연봉이 크게 부족하다고 느껴지지는 않음"	다양한 복지와 기회 제공, 자부심 느끼며 다닐 수 있음	인사상 남녀차별, 상사의 보수적인 업무태도	좀 더 유연한 분위기로 일할 수 있으면 좋을 것 같음
2015/5/9	(주)호텔신라	100	47377	115896	2.0	3.0	3.0	1.0	3.0	0	1	유통/무역	현직원	서울	 0 	False	"중견기업. 대외적으로 삼성계열사이나 혜택없음 일보단 이미지로평가받음"	좋은 대외 이미지라서 이직이 쉬움. 술많이 안마셔서 관리가능	일보단 이미지와 소문으로 일의능력을 인정받음여자직원이 대다수라 소문이 많음	평등한 인사제도. 그리고 보여주기식 업무에 집중하지않았으면 합니다  파벌형성좀 막아주세요
2015/5/5	(주)호텔신라	100	47377	113591	1.0	2.0	2.0	3.0	1.0	0	2	서비스/고객지원	전직원	서울	 0 	False	"기업이미지에 속지 말것. 보수적인 분위기."	서비스직 여성이 몸은 힘들지만 욕심없이 다니기에 좋은 회사 육아휴직 사용에 자유로움	연봉상승 폭이 높지 않고 공채나 경력직이 아니면 승진 어려움. 직원 만족도 낮고 이직률 높음.	직원들에게 최상의 서비스 마인드를 심어주려면 직원들에 대한 처우부터 개선되어야 합니다.
2015/5/5	(주)호텔신라	100	47377	113553	3.0	2.0	3.0	1.0	1.0	0	2	디자인	현직원	인천	 4 	False	"호텔의 이미지가 너무 강하고 보수적이다"	해외사업이나 여러가지 방법으로 회사를 글로벌하게 키우려하고있다	노조가 없어서 직원들의 소리를 알릴수 없음	현재 일하는 직원들을 먼저 챙겨야할 필요성이 있음
2015/5/3	(주)호텔신라	100	47377	113072	4.0	4.0	4.0	3.0	4.0	0	2	인사/총무	전직원	서울	 0 	False	"그럭저럭. Soso. 내가 다니기에는 그냥 그렇고 추천하자니 좀 그렇고 그렇다고 그만두자니 좀 그런 곳."	동종업계 최고연봉이라 다른 데 이직하기가 쉽지 않다.	주먹구구식 운영이 단점...................	체계적인 업무를 배울 수 있었으면 좋겠다.
2015/5/3	(주)호텔신라	100	47377	112899	2.0	2.0	5.0	4.0	3.0	0	1	인사/총무	현직원	서울	 1 	False	"삼성그룹 계열사 이지만, 연봉 조건 및 보너스혜택은 삼성의 이름을 기대해서는 안된다"	복리후생 제도 우수, 평균 근속연수가 길다여성이 가정과 직장을 양립하기에 너무나 좋다여성차별이 없다	인사평가의 근속연수별 서열화, 경력직이 많고 경력직의 경우 기존 장기근속자에 비해 직급이 높음, 5년단위의 직급체계로 진급기회의 term이 너무 길다, 기업 전체 이익률에서 인건비 투자가 현저하게 적다(간부이하 타사비 연봉 낮음)호텔은 타호텔 대비 높은 연봉에 속하나 면세는 타사비 연봉도 낮고 삼성그룹만의 혜택 PS를 받기가 힘들다	일의 전문성을 키울수있도록 각종 외부우수교육에 대한 투자 필요, 인건비 투자 확대과감한 투자보다 임직원들의 페이를 먼저 챙겨줘 인력유출에 대비해야할것
2015/5/26	트랜스코스모스코리아(주)	100	51105	124173	2.0	4.0	5.0	3.0	3.0	0	2	서비스/고객지원	현직원		 0 	False	"학벌,나이 차별없이 동등한 위치에서 시작할수있는 서비스업."	학벌,나이보다 경력을 위주로 보는듯합니다.근무지와 팀원,상사에 따라 분위기가 달라지겠지만 업무평가를 통해 인센티브가 결정됩니다. 꽤 세분화되어 평가되기때문에 성실하게 업무하고 열심히하면 그만큼 높은 페이를 받을수있어요.	서비스업이기때문에 업무적 스트레스는 강한편이라고 봅니다.	월급인상, 승진기회가 많은사람들에게 주어졌으면 좋겠습니다.
2015/5/15	트랜스코스모스코리아(주)	100	51105	118949	1.0	1.0	4.0	3.0	1.0	0	1	서비스/고객지원	현직원	서울	 0 	False	"칼퇴근에 직장내 상사때문에 스트레스는 없지만 미래가 없는 직장이다"	가장 중요한 칼퇴근과 상사에게 스트레스 안받고 이러는건 참 좋다. 분위기도 가족같이 좋다.	미래가 없다. 진심이다..복지라고 해봐야 1년에 한번 생일날 주는 1만원 상품권에 명절날 주는 5만원 상품권이 끝이다.진급은 꿈도 못꾼다. 직책 자체가 없다라구보면 된다.일화를 하나 말하자면 이번에 최저임금이 오르면서 어쩔수 없이 올려조야되다보니까 최저임금올리고 수당깍은 회사가 트랜스코스모스코리아다. 이정도면 말다한 회사다.	스쳐가는 직장인 아닌 평생 직장이라 생각할수 있게끔 직원들 복지좀 생각해주셨으면 한다.
2015/5/7	트랜스코스모스코리아(주)	100	51105	114555	3.0	4.0	5.0	4.0	2.0	0	1	경영/기획/컨설팅	전직원	서울	 0 	False	"팀바이팀 상사바이상사겠지만 일을 잘 배울 수 있었음"	본사에서 관리직으로 일했는데 규모가 커서 체계적인 일처리를 배울수있음 전자결재시스템이 잘돼있음 여성이 많고 출산휴가 육아휴직등은 잘돼잇음	연봉 매우 낮음 다소 딱딱한 분위기	연봉이 더 높았으면 매우 좋았을듯.
2015/5/7	트랜스코스모스코리아(주)	100	51105	114516	2.0	3.0	3.0	3.0	3.0	0	1	서비스/고객지원	전직원	서울	 0 	False	"콜센터 위탁업체중 규모 큰편. 기본급/휴게시간 괜찮은편"	자율적인 근무형태로 업무 스트레스 없는편	팀장잘못걸리면 복불복 심한편, 생각보다 비체계적 시스템	관리자들이 신입사원들에게 더 신경쓸수 있도록 해주었으면..귀찮은티 팍팍내는 관리자만나면 개고생 그냥퇴사 직행시스템
2015/5/25	씨제이푸드빌(주) 빕스	100	91680	123359	4.0	3.0	3.0	5.0	3.0	1	1	서비스/고객지원	전직원	부산	 0 	False	"파트타이머에게도 복지가 상당한 곳. 하자만 체력적인 소모가 심함."	다양한 교육과 체계적인 시스템을 갖추었음.	정직원들의 잦은 이직과 외식업계의 환상이 사라짐	정사원들에 대한 후한 페이 및 복지가 필요.
2015/5/19	씨제이푸드빌(주) 빕스	100	91680	120491	3.0	4.0	4.0	3.0	3.0	0	1	서비스/고객지원	현직원	서울	 0 	False	"식품계열로 나갈 학생들이 경험하기 좋은 알바직 정도. 평생직장으로는 잘 모르겠다."	이 기업의 혜택이 우선적으로 빵빵하고 식품계열학생들이 직무경험을 쌓기에 괜찮은 알바인 듯하다. 시급도 다른 직종에 비해 쎈 편이다.	알바직이라 자세히는 알지 못하지만 일단 알바생들 사이에서 텃세가 좀 심하다.	알바직으로 다니기에는 좋다. 항상 매니저들을 보면 평생직장으로 다닐만한지 의문이 들때가 있다.
2015/5/5	씨제이푸드빌(주) 빕스	100	91680	113832	3.0	3.0	2.0	3.0	2.0	0	1	서비스/고객지원	전직원		 0 	False	"나름대기업이라 오티수당 괜춘하고 cj그룹혜택이 어마무지함"	오티수당이나 특근수당 잘챙겨주고 그룹내에서의 혜택이 큼	서비스다보니 힘든거빼고 2년마다 부서이동인데 이동지역 급작스레 알려주고 오티를 하는만큼 못받는게 함정점검은또 엄청잦아	20대가 cj를 원하는데 서비스직으로는 솔직히 경험자로 비추합니다. 본사로 가시면 좋겠죠
2015/5/28	(주)유니에스	100	87274	124799	1.0	2.0	3.0	2.0	2.0	0	1	서비스/고객지원	전직원	서울	 0 	False	"적은 급여를 감당하면어 감정노동이 가능하신분."	월급은 적지만 공항에서 발권이라는 업무를 배웠다	입사 10년차이나는 선배와 월급차이가 십만원승진기회가 매우매우 낮음	효율적인 인사채용을 하시길 바랍니다. 직원들의 복지가 좀 더 나아졌으면..
2015/5/20	(주)유니에스	100	87274	121378	2.0	2.0	3.0	2.0	2.0	0	1	경영/기획/컨설팅	전직원	서울	 0 	False	"잡매니저 지원자라면 지원할만함그 외에는 메리트 없음다른 업계를 고민해 보는 것도.."	아웃소싱 파견 쪽에서는 규모가 큰 편그러나 그 외에는 메리트 없음규모만 크고 중소기업과 다름 없음	위계질서있는 조직여자들은 근무하기 힘들 것 같은 분위기이직률 높은 편	복리후생 부족규모만 대규모라 까다로운 조건들이 많음
2015/5/17	(주)유니에스	100	87274	119609	1.0	1.0	2.0	3.0	1.0	0	None	서비스/고객지원	전직원	인천	 0 	False	"인천공항 보안검색 특수경비원 교대근무"	교대근무 일정한 출 퇴근 안정적수입 인천공항 보안 자부심	너무 안정적인 수입 연봉협상 없음 물가에만 적용해서 십년차와 일년차 연봉이 비슷 근무환경 너무 안좋음	인원이 너무 많다보니 휴가나 복지가 너무 안좋음빨리계선하지 않으면 계속 직원들이 퇴사할것 우려
2015/5/31	(주)에스텍시스템	100	89310	126237	2.0	2.0	1.0	1.0	2.0	1	1	기타	현직원	서울	 0 	False	"보안업체 중에서 그나마 낫다. 복지가 그나마 나은 수준임."	경비지도사 자격증 따면 50만원 받을 수 있다.	이쪽 업계 특징인 주야로 바뀌는 근무 환경은 어쩔 수 없을듯.	이쪽 업계가 이직이 심한 편인데 대책이 있어야 할듯.
2015/5/11	(주)에스텍시스템	100	89310	116671	1.0	1.0	1.0	1.0	1.0	0	2	기타	현직원	서울	 0 	False	"보안업계에선 1위인 대기업이고, 다른보안업체보단 정년이 보장됨."	각 사업장마다 다르겠지만 일이 어려운편은 아니고, 그냥 인생사 경험으로 잠깐 일해보면 좋을만한 직업. 큰 사업장 같은경우 구내식당 밥이 괜찮은편임. 많은 근무자가있어 근무할때 재밌긴함. 많은사람과 친해질수있음.	월급은 시간제로 주기때문에 높지않음.군대처럼 돌아가는 시스템(다나까), 나이가 많건 어리건 입사순 선.후배로 나뉨. 다른사업장은 다르겠지만 현근무하고 있는 사업장은 너무 관리자가 많고, 군인출신이 많아 보수적임.비효율적이다 생각되는 일이 너무많음. 사내정치가 있음, 라인이라는게 이거구나 느낌. 잦은회식, 체육활동 왠만하면 참석.	인쿠르트에 힘쓰고있지만 무분별한 사업장 확장으로 인해 인원수가 모자라 대치근무가 너무 많아짐
2015/5/10	(주)에스텍시스템	100	89310	116344	3.0	2.0	1.0	2.0	4.0	0	1	서비스/고객지원	현직원	울산	 0 	False	"일은 정말 편한 직업....월급이 적다. 근무는 주주야야휴휴"	일이 편하다...  내개인적인생각은 잠깐 일하고 가기 좋은회사	대치근무시 수당 만원 추가.   1.5배수당이런게 없다.보너스같은것도 3년차되야 나온다	대치수당이 너무작고   상여금제도도 바뀌어야 한다고 생각한다
2015/5/5	(주)에스텍시스템	100	89310	113706	3.0	4.0	2.0	2.0	3.0	0	2	기타	현직원	인천	 0 	False	"오래다니면 좋은 회사 버티고 팀장만 달자"	정년이 보장된다. 최괴의조건아닌가  안짤림	일이 단조롭고 생각이 많아질수있다. 사업장마다 업무강도차이가 심하다	시급좀 올려주세요.............
2015/5/2	(주)에스텍시스템	100	89310	112735	3.0	3.0	3.0	3.0	3.0	0	2	서비스/고객지원	현직원	제주	 0 	False	"보안, 인력경비회사중 단연 최고매출 최고인원"	삼성계열사위주 인력경비,  대,중소기업등 전국에 있음	보안회사라 능력위주 진급이 조금은 힘든면이 있음	급여부분에서는 보안회사최고라는 타이틀이 조금미흡
2015/5/15	에스원(주)	100	65658	118674	3.0	3.0	2.0	5.0	2.0	0	2	서비스/고객지원	현직원	경기	 0 	False	"빌딩솔루션 사업부는 항상 영업이익이 좋은편이나 항상 타사업부의 영향으로 s기업 급여의 특징인 성과급을 못챙겨감"	복지는 s기업 평균 정도로 비슷한편 급여는 주관적으로 만족할 수도... 업의특성이 발전가능성은 무긍함	전신 놀이공원회사에서 넘어오면서 직원들의 애사심이 없음 경비업체 사업부 실적하락으로 성과급 하락 예상	순수하게 인력을 통해서만 돈을버는 회사라면,인력이 회사가 가진 모두라면, 인력을 좀더 아꼈으면 합니다
2015/5/13	에스원(주)	100	65658	117568	3.0	3.0	1.0	1.0	1.0	0	2	서비스/고객지원	현직원		 1 	False	"보안업체중 최고의 연봉이지만 그만큼 부려먹음"	삼성 계열사이고 스펙에 비해 괜찮은 연봉임	그만큼 부려먹고 쉬는날이 일정치 않음 쉬는날에도 회의 참석 및 동호회 나와야됨	겉으로만 변하지 말고 내부적으로 변했으면 함 업무량 과도
2015/5/4	에스원(주)	100	65658	113350	1.0	3.0	2.0	2.0	1.0	0	1	경영/기획/컨설팅	전직원	서울	 1 	False	"취업이 급하다고 회사에 대해 알아보지도 않고 오면 크게 후회함"	삼성 계열사로 복지와 교육기회문화를 바꾸려는 노력이 조금이나마 있음	수직적이고 경직화된 기업문화삼성 계열사 내 상대적으로 낮은 연봉업무를 배우는 것이 아니라 방치됨	회사, 업에 대한 자부심을 가질수있는 환경을 만들어줘야 할 것 같습니다그것이 물질적 보상이던 진급이던, 다른 회사에 비해 너무 뒤떨어진다는 느낌이 듭니다
2015/5/2	에스원(주)	100	65658	112679	3.0	4.0	1.0	1.0	2.0	0	2	서비스/고객지원	현직원	서울	 0 	False	"동종업계중 최상위연봉과 복리후생을 자랑하지만 그 만큼 일이 어렵고 정신없으며 스트레스가 많은것 같다."	동종업계를 넘어 어느 대기업과도 비교해도 뛰어난 연봉과 복리후생	일이 많이 어렵고 정신이 없다. 위험하기도 하다. 따라서 스트레스가 상당하다.	현재 엄청난 업무량 때문에 퇴사자 및 사고자가 급증하는것 같다. 인원을 보강하는것이 근본 해결책이 되진 않는것 같다. 업무량 자체를 줄이는 해결책을 찾았으면 좋겠다.
2015/5/9	씨제이푸드빌(주) 투썸플레이스	100	94601	115895	2.0	3.0	3.0	3.0	3.0	1	1	전문직	현직원	서울	 0 	False	"동종업계 중 가장 편안하게 일을 할 수있고, 칼퇴가 가능한 곳"	칼퇴 가능하고, 대기업 계열이라 인턴급 부터도 복지를 누릴 수 있음, 위생을 철저히 배울 수 있음.	현거주지를 고려하지않고 잦은 로테이션 근무	현거주지와 상황을 고려하려 면담을 통한 매장 이동
2015/5/20	케이에이(주)	100	87378	121301	1.0	1.0	2.0	3.0	3.0	0	None	서비스/고객지원	전직원	인천	 1 	False	"인천공항에서 근무하면서 다양한 나라의 사람들을 만날 수 있었음"	서비스를 경험해볼 수 있었고,  공항에서의 근무로 인해  공항에 있는 여러 포지션에 대한 간단한 지식이 생김	스케쥴 근무로 인해 바이오리듬이 깨짐. 서비스 직종이다보니 진상손님을 대하는 것 힘들다. 기본급여가 낮고 상여금을 월급에 포함하여줌. 이직률이 매우 높음. 복지가 너무 안좋음..	사람을 계속 뽑기보다 이직률이 높은 이유를 한번 생각해봤으면 좋겠음
2015/5/20	케이에이(주)	100	87378	121135	1.0	1.0	1.0	1.0	1.0	0	1	서비스/고객지원	전직원	인천	 0 	False	"항공업 경험을 해볼 수 있는 좋은 기회가 되는 회사"	아시아나 항공의 자회사로 아웃소싱 아님, 다른 비슷한 지상직 회사에 비해 체계가 잘잡혀있다고생각	동종업계에 비해 연봉은 높다지만 결코 높지않은 연봉,  동종업계에 비해 복지낮음(어학및항공권등)	복지를 더 제공하여 직원의 사기충전 필요
2015/5/10	케이에이(주)	100	87378	116160	2.0	1.0	2.0	2.0	2.0	0	1	서비스/고객지원	전직원	서울	 1 	False	"비전없는회사 ... 젊은시절잠깐다니기는괜찮을수도있겠지만... 턱없이낮은연봉,.,.. 잘생각해보시길... 이직률높음"	향후 항공관련직종에 일하고싶다면, 잠깐의 경험으로는 괜찮다	매우 낮은 연봉과 복리후생, 빈번한 퇴사율, 특히 인천공항쪽	샤프처럼 1년에 8매이상 정도의 항공권이라도....준다면 퇴사율이 높진않을듯.
2015/5/5	케이에이(주)	100	87378	113797	1.0	1.0	1.0	1.0	1.0	0	2	서비스/고객지원	현직원	인천	 1 	False	"발전하는회사 그러나 여전히 사내문화는 제자리"	아시아나계열사. 자회사로 혜택수여가능. 서비스교육등	비합리적인 인사평가제도. 항공학교같음 .	더나은 사내문화를위해 경영진들의 노력이필요하다생각.일의 분배에있어서 선배들의 솔선수범이필요
2015/5/29	이트너스(주)	100	13535	125422	3.0	2.0	2.0	3.0	2.0	0	1	인사/총무	전직원	경기	 0 	False	"삼성에 많이 의지하는 기업 간접적 대기업문화를 살짝 체험 할수 있다."	삼성이라는 대기업에 안에서 근무할 수 있어 업무환경적으로 좋은편임.	내가 삼성사람인지 이트너스사람인지 정체성의 혼란이 오지만 결국 이트너스인이라는 사실!	발전가능성이 많은 기업이지만 삼성에만 의존도가 높은만큼 매출에 리스크도 큰기업 같다! 리스크를 줄일 다른 곳에 투자를 많이 하시길
2015/5/27	이트너스(주)	100	13535	124697	4.0	5.0	1.0	3.0	2.0	0	None	인사/총무	전직원	서울	 8 	True	"고객사를 통해 대기업문화를 배울수있음. 딱 여기까지."	1.대기업문화 배울 수 있음2.복지가 좋음3.중소기업 치고는 연봉이 높음4.본인만 잘한다면 연봉이 오를수 있는 기회가 있음	1.회사가 보이는것만 집착함  빛 좋은 개살구2.겉으로는 자유로워보이나 엄청 보수적임3.고객사 의존도가 높음4.이트너스 소속인지 고객사 소속인지 정체성 혼란이 올 수 있음	대외적으로도 중요하지만, 사내문화에도 신경을 쓰면 좋겠다.
2015/5/8	이트너스(주)	100	13535	115153	5.0	5.0	5.0	5.0	5.0	1	2	금융/재무	현직원		 2 	False	"아웃소싱 업무로 시작하였지만, 최근에는 이트너스만의 다양한 사업 영역을 넓혀가고 있어 미래가 밝은 기업입니다."	사무공간이 굉장히 쾌적하여 업무 능력 향상에 많은 도움이 됩니다. 또한 대표님께서 직원들과의 소통을 중시하셔서 사원들의 이야기에도 많은 관심을 가져주시고 개선해주시려 노력하십니다. 또한 사내 직무 전환 배치가 활발하여 다양한 직무를 경험하고 전문가로 성장할 수 있습니다.	아무래도 대기업 사업장 별 내부에서 근무하는 임직원이 많다보니 다 같이 모이기가 어렵습니다. 한 곳에 근무하는 것이 아니라 신입사원의 입장에서는 모르는 임직원분들이 많을 수 있습니다.	더 많은 먹거리를 찾아내어 이트너스와 함께 발전할 수 있었으면 좋겠습니다.
2015/5/2	이트너스(주)	100	13535	112797	4.0	4.0	4.0	5.0	5.0	1	2	서비스/고객지원	전직원	경기	 2 	False	"회사분위기좋고 본사환경이 특히나 짱짱짱임!! 경영진이 내부직원을 많이 생각해줌!"	기업설립배경부터 좋았다고 생각했고 회사분위기가 즐거웠음! 동기들끼리 끈끈하게 우정돋음! 꾸준히 발전하고있어 전직장이지만 응원중!	나열할만한 단점은 없으나 본사근무가 아니면 소속감을 느끼기 어려울수있으나 그건 극복할수있는 문제인듯.	지금까지해왔던것처럼 내부직원들을 소중히 생각하며 꾸준히 발전해나갔음 좋겠다!
2015/5/30	효성아이티엑스(주)	100	285	126072	1.0	1.0	3.0	3.0	1.0	0	1	서비스/고객지원	전직원	서울	 0 	False	"현대카드의 그냥 아웃소싱회사.. 일단일이라도 해야겠다면 가세요"	정시출근 정시 퇴근. 정해진 할당량 채우기가 어렵지않음	박봉에 아웃소식업체라 비젼이없음, 서비스직 특성상 바쁠때는 몇시간지나도 화장실가기가 힘듬	아웃소싱이지만 본사소속 상담직원들과의 처우간격을 줄여주세요
2015/5/28	효성아이티엑스(주)	100	285	125150	4.0	2.0	3.0	2.0	4.0	0	1	서비스/고객지원	전직원	서울	 0 	False	"대표적으로 아웃소싱 회사 이다. 기업 갑이 잇다면 갑에 대한 cs부분 을 을 기준으로 진행된다."	복지는 커피테리아만 이용 가능하다. 만근시 연차와 휴가를 사용가능하다.	임금에 비해 일이 많다. 인원수 채우기 급급함.ㅡㅡ	전문적인 인재양성을 제안하고 있으나. 그에 걸맞지 않은 복지 임금으로 사람들이 자주 바뀜.
2015/5/25	효성아이티엑스(주)	100	285	123554	2.0	1.0	3.0	3.0	2.0	1	2	서비스/고객지원	현직원	서울	 0 	False	"대기업은맞다 그러나 고객센터 위생적환경이나 근무환경이 열약하고 낮은기본급여에 다소복불복이들어간 인센체계는 아이러니하다"	문턱이낮다. 타이밍이좋으면 쉬프트가금방금방되어 상위부서로 올라가기좋다	단점이라면 상담사에서 그위직급으로 올라가는문이 좁고 티오도잘나지않는다 투자가더필요하다 기업의발전과 직원의복리후행및인재양성을위해서라도	고객센터에서 전화상으로 응대하며 일하는게 정말힘들다는건 겪어본사람이라면 알거다 차라리 경영이 쉬울거같다는말은 그냥하는말은아니다 물론 그자리에서일하려면자격조건이많겠지만,상담사들근무환경을 직접적으로좀보고 복지든 급여든 개선을원하고 솔직히 말해점심비용을5000 원이라도주면좋겠다
2015/5/14	효성아이티엑스(주)	100	285	118424	3.0	2.0	2.0	1.0	1.0	0	None	IT/인터넷	현직원	서울	 0 	False	"무늬만 대기업. 벤처보다도 못한 연봉 및 복지. 최근 띄워주는 클라우드팀으로 입사할 계획아니면 비추. 단, 전사개발은 개꿀."	최근 IT사업에 많은 투자를 하고 있음. 효성의 다른 계열사와 협업할 수 있는 기회가 간혹 주어짐. 실력이 있다면 원하는 일을 할 수 있는 우선권이 주어지기도 함.	연봉체계가 없음. 단 과장급 이상으로 들어온다면 고연봉 가능. 최근 IT부서의 분위기가 그닥 좋지는 않음. 개인플레이가 굉장히 강해 적응하기 힘듬. 관리직급의 횡포가 심함. 업무분장불균형이 심함.	관리자들의 말만 들을 것이 아니라 사원들이 말도 귀기울여주세요. 그리고 썪은 뿌리들을 하루빨리 정리하시길 부탁드립니다.
2015/5/19	한국전기안전공사	100	89009	121072	3.0	3.0	5.0	5.0	5.0	1	2	생산/제조	현직원	서울	 1 	False	"전기분야에대해서 정말 많은 걸 배울수잇다"	자기시간도 많고 현장직이라 현장수당도 나오고, 무엇보다 사무실 스트레스는 거의없다	낮은 연봉과 현장직이라서 밖에서 근무하기 때문에 그게 가장 힘듬 업무의 기피성과 단순함?	좀더 업무분담을 통해서 기업의 성장을 도모하는게 좋지않을까요?
2015/5/17	한국전기안전공사	100	89009	119674	3.0	1.0	2.0	2.0	2.0	0	1	경영/기획/컨설팅	현직원	전북	 1 	False	"조직체계 개선이 시급함. 돈을 바란다면 오지 말것. 본인이 본사근무 대상자라면 지방근무에 적합한지 한 번 더 고려해볼 것."	공사로서의 자부심. 앞으로 확장될 예정인 정년과 그 보장. 대리 5년차부터 동등하게 부여되는 간부시험 자격. 한전과 대등해지기 위한 여러 노력.	없어져버린 대학 학자금 복지를 비롯하여, 정부의 공기업 죽이기로 축소된 복지혜택과 매우 낮은 연봉. 기본급이 낮고 상여금 위주로 편성된 비정상적인 급여체계. 형평성 없는 봉급 지급 체계. 지방근무. 지방정착 장려를 위해 없어질 예정인 통근버스.	비정상의 정상화를 말만하지말고 과연 이 조직체계가 정상적인지 다시 한 번 고민해보시기 바람. 점검직에서 기술직으로의 통로가 열려있어야 함은 물론이거니와 행정,사무,전산 등 본사에서 일하는 직군들의 T.O.가 너무나도 적다는 것을 알아주었으면 함.
2015/5/30	대명레저산업(주)	100	82315	125881	3.0	2.0	1.0	1.0	1.0	0	1	서비스/고객지원	전직원	경북	 1 	False	"가보면 어떤기업이 옥이고 석인지 알수있다"	비교적 낮은스펙에 입사 문은 열려있는듯	수습+인턴때의 말도안되는 저임금 정직되서도크게다를거없음 주1회 휴무 수직적 군대문화등	참고일하는것만이 사회생활의 미덕이라 생각하시면 안됩니다
2015/5/27	대명레저산업(주)	100	82315	124642	3.0	3.0	3.0	3.0	3.0	1	1	서비스/고객지원	전직원	강원	 0 	False	"레져1위기업인만큼 크다 하지만 발전은 그다지....."	또래들과 같이 일할수 있는만큼 연애하기는 좋은곳이다.	레져산업이라 수도권에서 멀다.. 너무 멀다.. 버스도 별로 없다.	사업을 너무 크게 진출하는것 같다. 지금 있는곳이나 더 발전시켰으면 좋겠다.
2015/5/14	대명레저산업(주)	100	82315	118256	3.0	2.0	4.0	3.0	3.0	0	1	마케팅/시장조사	전직원	서울	 0 	False	"레저나 리조트에 대한 꿈이 있는 사람이라면 추천"	업무강도가 세지 않음, 업무 실적에 대한 압박은 적은편	수직적인 조직문화, 사무직도 영업해야함, 지방 발령에 대한 불안감	기업 전체의 문화를 정립할 필요가 있음
2015/5/12	대명레저산업(주)	100	82315	117273	3.0	3.0	2.0	2.0	3.0	1	2	서비스/고객지원	전직원	강원	 0 	False	"리조트업게에서는 단연 최고로 다양한 기술을가지고 있는회사"	복리후생이 잘되어있고 적절한 연봉과 다양한 직무경험을할수있다	인사평가제도, 근무시간, 개인기업같은 느낌	근무여건이 서비스질에 대하여 많은 변화를 가져올것 이라생각됨
2015/5/31	피알원(주)	100	87461	126232	3.0	4.0	5.0	3.0	3.0	0	1	미디어/홍보	전직원		 1 	False	"본부를 잘만나야 본전. 여자가많아 드센 분위기"	복지에 대해 우호적인 경영진, 상하소통이 되는편. 나름 회사 문화가 다양함	여자가많고 텃세가 심함. 피알업계중 연봉은 높을지모르나 그만큼 업무강도 세고 야근,주말근무 감안해야함. 고분고분 여자상사비위 맞추며 일하면 만족할지모르나 이직률이 높음. 2,3년	이직율이 높은데는 이유가있음을 알아야하고 내부의 불미스런사건 대응을 잘할필요가있음
2015/5/28	피알원(주)	100	87461	124813	3.0	3.0	1.0	1.0	1.0	0	None	미디어/홍보	전직원	서울	 0 	False	"체계를 갖추려 노력하나 체계가 없음.내부에서 보면 별도의 두 회사가 존재. 임금체계도 다름. 서로 노터치.공채 입사후 어디로 발령 받느냐에 따라 복불복."	성과 주의???지하철에서 가까운 것.사무실 환경이 좋음. 노트북 사용 등	매우 정체된 분위기와 시스템.솔직히 배울거 없음. 여성에게 유리천정 존재.	합리적인 의사소통 필요.퍼블리시티의 한계가 있다고 말하면서 구체적인 비전 제시 못함.회사의 미래에 대한 진지한 고민 필요.
2015/5/9	피알원(주)	100	87461	115883	3.0	3.0	2.0	2.0	2.0	0	2	미디어/홍보	현직원	서울	 0 	False	"홍보 실무 쌓기 좋습니다. 다양한 홍보 경험을 얻을 수 있어요."	업계에서는 알아주는 회사이고 그 중에서도 기업문화라던지 복지가 점차 업그레이드 되고있습니다.	팀별로 프로젝트를 수행해 경쟁의식이 강해 회사 차원의 협력은 부족합니다.	체계적인 인사관리 체제가 있었으면 합니다.
2015/5/16	(주)대학내일	100	86769	119455	4.0	5.0	3.0	4.0	3.0	1	1	경영/기획/컨설팅	현직원		 2 	True	"치열하게 살 수 있지만 그만큼 쉽게 지칠 수 있음. 다이나믹한 하루하루를 보내게 됨."	계속해서 직원들에게 혜택을 주려고 노력하는 편임. 사내 관계에 대한 어려움도 없고 술자리 강요도 없고 젊은 회사다운 평등함이 있음. 연봉도 업계에선 높은 편	업무량이 많은 편. 야근하는 직원들 숫자가 꽤 됨. 광고주에 따라 힘들수도 있고 덜 힘들수도 있음.	덜 벌고 행복하게 살고 싶다는 생각이 듦. 맨파워가 강한 분야인만큼 있는 직원들 놓치지 않길 바람.
2015/5/20	현대그린푸드(주)	100	47646	121631	3.0	3.0	2.0	4.0	3.0	1	1	서비스/고객지원	전직원	경기	 0 	False	"여러사업을 하는 회사다보니 사람많아 재밌고 배울게 많음."	분야에서 나름 손꼽히는 대기업. 사내문화 좋음.	합병한 이후의 어수선함이 좀 남아있음.	디테일하게 들여다보면 손실을 줄일 수 있는 부분이 많습니다.
2015/5/19	던킨도너츠(주)	100	92793	121058	4.0	4.0	4.0	4.0	3.0	0	1	서비스/고객지원	전직원	서울	 0 	False	"매장에따라 근무환경이 천차만별이다 다른 서비스직보다 급여는 높은편이다"	서비스마인드를 배울수있고 오래오래하고 운이좋으면 본사로 들어갈수있다	출퇴근시간이 매주 스케줄에따라 달라서 다른 일을 하기 힘들다	근무환경이나 조건을 근로자에 맞춰 개선해주면 좋겠다
2015/5/13	던킨도너츠(주)	100	92793	118053	1.0	2.0	4.0	3.0	4.0	1	1	서비스/고객지원	전직원	서울	 0 	False	"[아르바이트] 프랜차이즈 시스템 배울 수 있음. 서비스 마인드 배울 수 있음"	매달 신제품과 새로운 이벤트를 하기 때문에 대기업이 마케팅을 어떻게 하는지 체험할 수 있고, 이런 제품들을 어떻게하면 더 많이 팔 수 있을지 고민하며 일 하는 재미가 있음. 음료도 다양해서 음료만들기 재밌음	비알코리아 기업자체는 문제가 없지만알바입장에서 가맹점주를 잘 만나야 야근수당,주휴수당 이런거 잘 받을 수 있음.  일이 손에 좀 익으면 매일 똑같은 일 하기때문에 다소 지겨워짐. 진상 고객 좀 있음. 참고: 베스킨은 성장 추세지만 던킨은 정체기임	매출관리 영업관리,위생점검외에 가맹점주가 알바들에게 수당 잘 챙겨주는지, 수습기간이랍 시고 돈 안주는지 잘 감시했으면 좋겠음.
2015/5/31	(주)그린웹서비스	100	86851	126080	1.0	3.0	4.0	3.0	1.0	0	None	기타	전직원	서울	 2 	False	"싼임금으로 네이버를 배불리는 회사 네이버의 두얼굴"	칼출근 칼퇴근 칼월급 법에서 하라고하는건 기본적으로 다 지킨다대외이미지를 중시하여 복지는 대기업 수준이다 젊은 사람들이 많아 사내분위기가 좋다	젊은 기업인척 하고있지만 사실 뒷모습은 엄청 고리타분함네이버와 다른회사인것처럼 보이게 해두었지만 시키는대로 하는곳이고 자체힘이없다아무리 다녀도 연봉이 오르지 않음 기대금지컴퓨터로 하는 생산직이라고 보면 될듯	직원을 단순 소모품으로 보지않았으면.. 아무리 네이버의 하청이라지만 돈좀 더줬으면..인정사정없는 포털1위의 두얼굴
2015/5/30	(주)그린웹서비스	100	86851	125965	1.0	2.0	2.0	3.0	1.0	0	None	IT/인터넷	전직원	서울	 4 	False	"네이버의 손자벌 회사. 하지만 본사는 너 같은 손자 둔적없다고함"	칼퇴근가능 20대가 많음 역과 가깝다 깔끔한 업무환경	연봉이 낮다 (협상수준이 아니라 거의 매년 동결)고정적인 업무와 승진기회가 전혀없다	사원을 존중해주세요. 사람이지 기계가 아닙니다.
2015/5/30	(주)그린웹서비스	100	86851	125877	2.0	2.0	4.0	1.0	4.0	0	2	기타	현직원	서울	 0 	False	"여자들이 다니기엔 좋은 회사인듯 하다"	복지가 좋음.칼퇴. 업무가 쉬움.개인업무	지나치게 개인 사생활에 관심이 많은 사람들이 많음	비젼이 있는 일도 있었으면 좋을듯 하다
2015/5/27	(주)그린웹서비스	100	86851	124442	1.0	2.0	2.0	2.0	1.0	0	None	IT/인터넷	현직원	서울	 2 	False	"토사구팽흙탕물에서 진흙탕 싸움총체적 난국"	칼퇴가 가능하다.휴가가 자유롭다.그외에는 뭐 없는듯..	일 많을 땐 야근불사하며 부려먹고 토사구팽월급은 거의 동결네이버에서 하라면 무조건 함 그게 무엇이든....	사람 소중한 줄 알아야함. 진정한 리더는 그린웹에 없다.
2015/5/25	(주)그린웹서비스	100	86851	123384	2.0	3.0	3.0	2.0	1.0	0	None	IT/인터넷	전직원	서울	 0 	False	"네이버운영 서비스를 간접적으로 체험할수 있는곳. 그러나 네이버는 아님"	칼퇴가능하며, 위치가 역에서가까움, 업무환경 깔끔	보수적인 업무태도, 나이어린 사원들이 많고 여자가 많다. 직원을 소모품처럼 생각함	직원(사원)을 소모품으로 생각하지 않았으면...
2015/5/12	(주)그린웹서비스	100	86851	117361	2.0	4.0	3.0	3.0	2.0	0	1	기타	현직원	서울	 0 	False	"사회초년생이 다니기에는 괜찮!  열정페이!"	복지가 좋고 편안한복장에 편안한 분위기가 좋다!여자가 다니기에는 정말 좋은!	편안하고 일이 편한만큼 연봉이작다....	말해봤자 소용이 없기에....연봉을 조금 올려주시면...
2015/5/15	한국피자헛(유)	100	2927	118942	3.0	4.0	2.0	3.0	5.0	1	1	서비스/고객지원	현직원		 0 	False	"서비스업계중 3위안에 드는 외국계 패밀리 래스토랑"	다른 패밀리 레스토랑에 비해 급여가 높고 주5일근무 보장됨	주말에 쉴수가 없고 직업 특성상 지역을 원하는것으로 갈수 없음	직원들에에 대한 복리후생과 근무 스트레스가 적어 지면 좋겟음
2015/5/17	삼성웰스토리(주)	100	88148	119582	4.0	3.0	3.0	5.0	3.0	1	2	전문직	현직원	서울	 0 	False	"앞으로 점점 글로벌기업인 초일류 푸드서비스기업"	미래가 있으며, 향후 100년기업이 가능한 회사임	아직까지 직원을 위하누 회사가 될려면 많은 복지조건이 갖춰져야한다.	모든 직원들이 한마음 한뜻으로 일할 수 있는 회사가 되도록 해주세요.
2015/5/5	삼성웰스토리(주)	100	88148	113565	3.0	4.0	3.0	2.0	1.0	1	2	전문직	현직원	부산	 18 	True	"삼성에버랜드일때가 좋았다 지금은 낙동강 오리알같은 신세"	급식식자재 업계에서는 이만한회사 찾아서 들어가기힘들다	현장근무자들만 힘든기업 보너스빼면 연봉 얼마안됨	항상 목표만세우고 실적만 압박하지말고직원들의 목소리도 좀들어주었으면
2015/5/24	에스피씨그룹	100	87570	123005	3.0	2.0	1.0	2.0	1.0	0	1	경영/기획/컨설팅	현직원	서울	 1 	False	"무조건 돌려먹는다. 달성하기 힘든 목표를 강압적으로 설정하고 이를 하지 못하면 핑계/이유를 대지말라며 압박한다."	누구나 알만한 소비재가 메인아이템이니만큼대기업간판 효과는 확실히 있다.	기업외부의 이미지와 내부에서 재직중인 임직원들의회사에 대한 인식이 괴리가 아주 다.	무조건 아래직원에게 결과물만 재촉하지 말고업무과정일 코치해주며 최상의 결과를 이루기 위한 가이드를 해주길.
2015/5/17	에스피씨그룹	100	87570	119741	5.0	4.0	2.0	3.0	3.0	1	2	영업/제휴	현직원	서울	 0 	False	"업계 1위로 우리나라 제빵 회사중 최고이며 많은 프랜차이즈를 보유하고 있고,임금도 높은 수준이다."	업계 1위 기업의 자부심을 느낄 수 있음, 계속 발전 할 가능성이 충분한 회사다.	업무 분위기가 보수적이지만 팀의 상황에 따라 유기적이다.	업무배분이 효율적으로 이루어질 수 있었으면 좋겠습니다.
2015/5/14	에스피씨그룹	100	87570	118335	1.0	2.0	1.0	1.0	1.0	0	1	경영/기획/컨설팅	현직원	서울	 2 	False	"업계일등에서 일할수 있으나 가족경영, 오너 경영에서 오는 불합리성 존재"	업계 1위에서 일할 수 있다는 경험직원들의 평균연령이 낮은편임(젊은 조직)	폐쇄적, 경영진 마음대로, 비체계적, 잦은 조직개편	잦은 개편으로 업무에 집중 할 수 없고, 장기적 PLAN을 수립만하고 실행할 수가 없음
2015/5/27	(주)한국코퍼레이션	100	63215	124360	3.0	2.0	2.0	1.0	3.0	0	1	서비스/고객지원	현직원	서울	 0 	False	"cs센터 운영에 있어 동종업계에 비교하여 큰 운영을 하고 있는 회사"	연령대의 제한이 크지 않아 센터에 따라 20~50대 근무가능	일반직과 상담직의 격차, 폐쇄적인 도급비 운용, 잦은 야근, 상담직 GL이상 야근수당없음, 소속감 모호, GL,SV 연봉협상 없음, 센터간 교류없음	회사의 좋은 소식이 들려도 그 외 근무자들은 다른 회사 소식이라고 느낍니다. 동기와 소속감 부여를 위한 활동과 투자가 필요하지 않을까요?
2015/5/21	(주)한국코퍼레이션	100	63215	122175	4.0	2.0	4.0	3.0	2.0	1	1	인사/총무	현직원	서울	 3 	False	"기업문화는 자유로운 편. 야근이 많이 없고 연봉은 중견기업치고 박하다. 여성이 평생직장 하기 좋은 회사."	영업이익에 비해 매출이 안정적으로 망하지 않을 회사	장점의 반대가 곧 단점이라는 생각, 오래된 팀장들이 많이 있음. (물갈이 안됨 = 혁신 부족)	안정보다는 도전을 추구하는 사람을 키워주세요
2015/5/19	(주)한국코퍼레이션	100	63215	120572	1.0	4.0	3.0	4.0	4.0	1	2	서비스/고객지원	현직원	서울	 0 	False	"체계 잡힌 CS회사, 그러나 자기개발은 불가. 주부들은 장기근속 추천"	노동대비 급여 만족스러움. 칼출근 칼퇴근, 점심시간 딱딱 지켜짐, 연차 눈치 안보고 사용가능	사내복지제도가 별로 없다. 상담원으로서는 승진이 불가하다. 연봉 안늘어난다.	상담원 직급이니 아무래도 어렵겠지만 그래도 사내복지혜텍을 좀 더 만들어서 장기근속 상담원의 수를 늘리는것이 어떨까요
2015/5/16	(주)한국코퍼레이션	100	63215	119251	2.0	3.0	2.0	1.0	1.0	0	1	서비스/고객지원	전직원	서울	 0 	False	"부서별 각 다른 회사의 고객센터 일을 따와서 콜센터 업무를 함. 전반적인 분위기상 어머니들이 다니기 좋은회사"	긴장감없이 편히 다닐 수 있고 업무가 단순함 주위가 조용함	안정적이고 반복적인 업무로 자기계발의 필요성을 못느끼게 되어 사람이 나태해짐	주임 및 팀장급의 담당자들에대한 사원들의 평가제도 실시원함
2015/5/5	(주)한국코퍼레이션	100	63215	113765	3.0	3.0	3.0	3.0	3.0	1	1	서비스/고객지원	현직원	서울	 0 	False	"능력과 의지가 있는 직원에게 기회가 열려있다"	휴가 출휴 육휴에 대해 관대한 분위기	관리자의 야근은 보편적인 느낌이 아쉽다	보상과 평가에 대한 보다 체계적 기준 설립
2015/5/1	(주)한국코퍼레이션	100	63215	112464	2.0	4.0	3.0	2.0	2.0	1	1	서비스/고객지원	현직원		 0 	False	"교육체계가 잘 잡혀있고 구내식당과 회사위치가 좋음"	칼퇴근에 출근시간 빠르면 빨리 끝남	교육기간 3개월이라 짧지않고 테스트 통과못하면 안됨	임금인상? 딱히 바라는 점이 아직 없음
