date	cname	industry_id	cid	cmid	possibility	pay	balance	culture	management	recommend	expect	job_kind	current	area	helpful_count	is_best	subject	good	bad	hope
2014/7/31	스타벅스커피코리아(주)	100	70749	33042	3.0	3.0	4.0	3.0	5.0	0	1	서비스/고객지원	전직원	서울	 2 	False	"커피와 서비스업을 좋아하고 처음 입사했을 때 낮은 연봉을 감수할 수 있다면 도전하라. 다만 매장을 잘 만나야 한다."	일반 바리스타와 슈퍼바이저까지는 시급제 정규직임에도 불구하고 복지는 좋은 편. 일반 아르바이트 입사 말고 본사 공채로 들어온 바리스타들에게는 매장 리더들의 업무 성과 기대치가 높은 편이므로 리더를 잘 만나면 많이 클 수 있는 기회가 있다.	잘못해서 앞에 승진 못하는 똥차라도 있으면 내 차례는 안 온다고 보면 되고, 리더를 잘못 만나면 클 수도 없을 뿐더러 여자들만 있어 뒷말이 심하다. 시급제 정규직이라는 포지션이 주는 애매한 연봉과 알바생과 구분없는 위치는 덤.	요즘은 매장에 슈퍼바이저 이상 직급과 본사 정규직을 내부 말고 외부로 공고하여 별도로 뽑던데 기존에 있는 사람들도 승진이 잘 안 되는데 그 점부터 개선하고 외부 인재를 영입했으면 좋겠다.
2014/7/24	스타벅스커피코리아(주)	100	70749	31719	4.0	4.0	5.0	5.0	5.0	1	2	서비스/고객지원	현직원		 26 	True	"나는 커피를 아주 좋아하고, 젊으며, 사람이 좋다. 그렇다면 경험해 볼만 한 직장."	부점장부터 신세계 계열사 임직원으로 다양한 복리후생과 혜택을 받을 수 있음.점장까지 진급하여 일한다면 리테일 영업에 관한 전반을 체계적으로 배울 수 있음.굉장히 젊고 수평적인 조직문화가 특징.현재 공격적인 매장 확대중으로 승진 기회 높음.최근 업무 프로세스 고도화로 인해 효율적인 업무 습득 가능.무엇보다도 대부분의 파트너들은 일이 좋아서 하는 경우가 많음.지역매니저(점장 바로 위 직급)의 이직률은 0%	유사 서비스직에 비해서는 높지만 대기업 계열 연봉중에서는 하위권.우리나라 인식상 남자가 일한다면 주변의 시선을 의식해야 할 경우도 있음.여자 직원이 많은 특성상 텃새나 뒷말이 많을 수 있음.	신세계 임직원 복지혜택을 가지고 있지만, 낮은 연봉으로 인해 우수 인력의 유입이 적은편임.스타벅스 인터내셔널처럼 스톡옵션 제공 등의 조금 더 다양한 직원 혜택이 필요해 보임.
2014/7/16	스타벅스커피코리아(주)	100	70749	30014	5.0	3.0	2.0	4.0	3.0	1	2	서비스/고객지원	현직원	서울	 0 	False	"스타벅스를 사랑한다면 한 번쯤 경험해 볼만한 회사."	직급에 '님'을 붙여서 부르지 않고 닉네임을 활용하여 모두가 수평적이다.하루에 기본 2잔의 파트너 음료, 한 달에 1회 복리 원두 제공함.마감근무시 택시탈 수 있음.	근무인력을 타이트하게 운영하기 때문에 보수에 비해 업무량과 강도가 높다.  교대근무를 해야하는데 스케줄이 일정하지 않아 피곤할 때가 있다.(마감 후 오픈)	고객에게 진심이 담긴 친절한 서비스를 제공하기 위해 형식적인 오피스 업무를 줄이고 각 매장 상황에 맞는 현실적인 운영이 필요한 것 같다.
2014/7/14	스타벅스커피코리아(주)	100	70749	29643	4.0	3.0	3.0	4.0	3.0	1	2	서비스/고객지원	전직원	서울	 0 	False	"매장 업무를 가이드라인에 따라 체계적으로 배울 수 있다. 일이 쉽지는 않은 편. 복지가 좋다."	바리스타 직급으로 들어가더라도 모든 업무를 굉장히 체계적으로 배워나갈 수 있다. 복지가 좋은 편. 사내 문화는 매장마다 다르나 대체로 수평적이다.	매우 바쁘다 보니 제대로 서비스하기 힘들 때가 있음. 급여가 동종업계에 비해 높은 편이 아니다. 스케줄이 불규칙적인 점 감안해야 함.	매장별로 시간대별 배치 인원 조정할 필요가 있다. 피크타임에는 가이드라인대로 친절하고 완벽한 서비스를 제공하는 것이 매우 힘들다.
2014/7/10	스타벅스커피코리아(주)	100	70749	28968	3.0	4.0	3.0	4.0	3.0	0	1	디자인	현직원	부산	 4 	False	"현재 제로섬 싸움의 커피 브랜드안에서 그마나 글로벌 네이밍을 갖고 있는 스타벅스 이지만새로 생겨나고 발전하는 다른 커피 브랜드만큼 발전해야 하는데 그렇지 못한부분이 있어서 추천하고 싶지는 않다. 다만 글로벌한 회사에서 일할수 있는 그만큼의 장점이 있다."	다양한 근무여건, 복지, 교육기회가 있다.	최근 커피 매장이 지속적으로 증가되고 있어서 이 부분에대한 고민은 필요하다	체계적인 업무 및 발전가능성을 제시했으면 좋겠다.
2014/7/10	스타벅스커피코리아(주)	100	70749	28866	4.0	2.0	3.0	4.0	3.0	1	2	서비스/고객지원	전직원		 0 	False	"대형 프랜차이즈의 운영방식이 궁금하다면, 20대라면 지원해보길 바람!"	복리후생이 좋다. 중소기업 직원들보다 복리후생은 좋은 것 같다. 20대에 또래 친구들과 일하기 좋은 것 같고 조직 자체는 젊은 느낌이다.	급여가 최저임금하고 큰 차이가 없다. 복리후생이 좋긴하지만 그래도 기본적인 급여를 무시할 수는 없다. 지점마다 근무 강도의 차이가 있다. 한적한 곳을 찾아가서 근무하는 것도 좋은 방법이다.	번화한 곳에 위치한 매장들 직원을 특별히 더 챙겨줬으면 한다.
2014/7/9	스타벅스커피코리아(주)	100	70749	28702	4.0	4.0	2.0	4.0	3.0	0	2	서비스/고객지원	현직원		 0 	False	"서비스업이고 브랜드네임이 있는만큼 손님들이 까다롭지만 승진기회도 타 회사보다 빨리 주어지고 연봉도 보통수준임."	국내 기업이지만 외국문화가 기반이라 복지를 많이 챙겨주는 편이고 승진 기회도 잘 주어지는 편이고 수평문화를 중요시 여김.	육체적 노동과 감정노동이 주를 이룸, 서비스업의 특성이지만 손님들이 매우 까다로움.	프로모션이 너무 많아짐.
2014/7/8	스타벅스커피코리아(주)	100	70749	28501	3.0	2.0	2.0	3.0	3.0	0	2	서비스/고객지원	전직원	경기	 0 	False	"아르바이트로 잠깐 일했었는데 프랜차이즈 특성상 빡세게 굴립니다."	큰 프랜차이즈 문화는 배울 수있습니다. 체계적인 시스템이 있어요.	아르바이트로 잠깐 일했었는데 프랜차이즈 특성상 빡세게 굴립니다.	급여인상이 최고로 바라는점이곘네요.
2014/7/6	스타벅스커피코리아(주)	100	70749	28005	4.0	3.0	4.0	2.0	3.0	0	2	생산/제조	전직원		 0 	False	"다른것보다 텃세가 심하다. 그게 가장 힘들다."	복지가 좋고 일이 만히 안힘들다. 씨에스쪽에 있었는데 괜찮았다.	위에도 말했다시피 편가르기가 심하다. 힘들다.	없음
2014/7/4	스타벅스커피코리아(주)	100	70749	27677	3.0	4.0	3.0	2.0	3.0	0	2	서비스/고객지원	현직원		 0 	False	"업무의강도가보기보다높은편"	입사하는데 나이나 학력  그리고 경력과 무관함  커피업계에 있어서는 좋은  복지	좋은 팀원들을 만나면 힘들어도 즐겁게 일 할 수있지만 아니라면 손님과 매장분위기로 스트레스가 커짐	융통성있는 업무
2014/7/4	스타벅스커피코리아(주)	100	70749	27586	5.0	3.0	3.0	2.0	3.0	1	2	기타	전직원	서울	 0 	False	"매장직은 카페나 음료쪽으로 관심이 있다면 경험해볼만함"	체계적인 아르바이트가 가능하니 대학생때는 꼭 한번은 아르바이트 해보길	매장관리나 업무를 선배에게 배우므로 사람에 따라 차이가 큼	인간적인 고객 응대를 가치로 한다면 매장 바리스타를 더 늘리셔야...
2014/7/3	스타벅스커피코리아(주)	100	70749	27215	5.0	2.0	3.0	5.0	3.0	1	2	서비스/고객지원	현직원	서울	 0 	False	"직장인 스케쥴을 원한다면 강력하게 비추, 그러나 불규칙한 스케쥴 속에 철저히 업무시간이 정해져 있어 내생활을 즐기기엔 아주 좋음"	몸으로 부딪혀 시작하는 것에 거리낌이 없다면 추천합니다.복리후생이 크지는 않지만, 원두를 매달 복리후생으로 제공받고, 무료음료, 슈퍼바이저 이상이 되면 해마다 2번의 성과급, 상여금 등 깨알같은 복리후생들이 있어 케어받는 느낌을 줍니다.	많은 연봉을 바란다면 비추!직장인 스케줄을 원한다면 비추!불규칙한 근무시간이 싫다면 비추!	DM에 따라 너무 다른 분위기. 좀 평균화 되었으면....파트너들의 만족도가 DM에따라 많이 다름.
2014/7/2	스타벅스커피코리아(주)	100	70749	26998	4.0	2.0	4.0	4.0	3.0	0	2	서비스/고객지원	전직원		 0 	False	"승진은 노력한다면 생각보다 빨리 될수 있음. 매장직인 경우 매장 위치나 같이 일하는 파트너에 따라 천국이 될수도 , 지옥이 될수도 있음"	승진이 빨리 되는 것 같음. 커피분야에 대해 계속해서 공부 가능 대기업 계열사라서 정직원의 경우 쏠쏠한 혜택이 있음	비정규직의 경우 급여가 너무 낮음. 업무강도는 센 편인데 그에 비해 급여가 그닥임. 매장 분위기를 많이 탐.	없음
2014/7/1	스타벅스커피코리아(주)	100	70749	26687	5.0	4.0	4.0	5.0	5.0	1	2	경영/기획/컨설팅	현직원		 3 	False	"브랜드 이미지로 환상만 가지고 자신이 뭘 하고싶은지도 모르면서 생각 없이 입사지원 하지 말것."	적당한 근무시간. 좋은 복리후생과 임직원 혜택. 자유롭고 수평적인 분위기.	일당백. 업무량 많음. 팀별로 분위기가 하늘과 땅차이. 스타벅스에 대한 깊은 이해없이 업무처리 불가.	계획적인 운영.
2014/7/1	스타벅스커피코리아(주)	100	70749	26477	3.0	2.0	2.0	2.0	3.0	1	1	서비스/고객지원	전직원	서울	 0 	False	"카페 아르바이트 해보았지만, 기대만큼 좋은 곳은 아니에요"	스타벅스라는 브랜드벨류, 근무동안 음료마실 수 있음, 푸드 및 MD도 할인된 가격에 구입가능. 신세계라는 모그룹이 버티고 있는 만큼 순식간에 회사가 문을 닫을 염려는 적음. 어떻게든 버티면 슈퍼바이저, ASM, SM으로 승진가능	생활의 균형이 무너지게 됨. 카페에서 일하는게 다 힘들다고는 하지만 특히 스타벅스는 근무 강도에 비해 급여가 매우 현실적이지 않음. 어느 경우이든 마찬가지지만 동료 파트너를 잘못만나면 매우 힘든데, 이 부분에 대해 알릴 수 있는 루트가 없음. 여자들이 많은 곳이고, 모든 경우는 아니지만 눈치와 면박, 약간의 군대식 문화가 느껴짐	DM에 따라서 밑에서 근무하는 파트너들의 만족도가 매우 달라지는 만큼 이 부분에 대해 일정한 기준을 가지고 관리해야 한다고 생각.
2014/7/1	스타벅스커피코리아(주)	100	70749	26446	4.0	4.0	3.0	4.0	3.0	1	1	서비스/고객지원	현직원	대구	 0 	False	"버티고자하는 의지"	동종업계 복지좋은곳 찾기힘듬.나이가 어느정도 있는사람들이 많은곳 그래서 좀더 진지하게 일에 임할수 있음.서비스는 어차피박봉이니 서비스업을간다면 스타벅스	페이가 약함.그에비해 일을 굉장히 많이시킴근무시간뿐만 아니라 그 외시간도 스타벅스공부해야함	밑단계부터 밟아가는 스타벅스 실근무자에게좀더 승진의 기회가 더 넓었으면(점장뿐만아니라 그이상이나 회사로의 투입이나)
2014/7/7	한국맥도날드(유)	100	3616	28067	4.0	3.0	2.0	4.0	3.0	0	1	서비스/고객지원	전직원		 0 	False	"여자가많아 늘 입조심 해야한다체력적으로 힘들고 돈도많이 안주지만여성으로써의 복지는 좋다 자기만족하지 않으면다니기 힘든회사"	여성으로써 좋은 복지안정적임청소를 잘하게됨	야간근무 필수, 체력싸움여자가많아서 입조심해야함낮은연봉	아르바이트생 시급 6000원이상 줘야한다고생각함. 정말 최저시급받기에는 일이 너무힘듬
2014/7/6	한국맥도날드(유)	100	3616	27918	4.0	3.0	3.0	4.0	4.0	1	1	서비스/고객지원	전직원	서울	 0 	False	"하는 만큼 돌아오는 곳이다"	진급을 하려면 매니저신청으로 들어와야한다. 그러면 일반 알바생처럼 처음에는 일하지만 밟아가는 승진절차가 빠르다. 누구에게나 기회가 열려있다.	매니저 진급을 하려면 교대근무를 해야한다. 24시간 가게가 오픈되어있기 때문에 가끔 밤을 지새워야하는 경우도 있다.	매니저나 아르바이트생처럼 손님과 대면하는 곳에서 마케팅적 아이디어를 뽑아내기 유리할 것이라고 생각하나 마케팅을 하는 본사와 직접 손님과 매장을 관리하는 곳과는 별개로 도는 것같다 안타깝다.
2014/7/23	(주)하나투어	100	49174	31588	3.0	1.0	3.0	3.0	2.0	0	2	영업/제휴	전직원	서울	 1 	False	"답사, 가이드 지원 등등으로 국내팀은 국내여행을 왕왕 해볼수 있다. 하지만 1년이면 가볼만한데를 다 가봐서 좀 지겨워질 수 있다. 매일 손님의 여행스케쥴을 짜는데 이것 역시 1년정도되면 지겨워진다. 연봉이 너무 낮아 싱글족이나 여자에게 추천."	1위 여행사인만큼 다양한 기업과 다양한 국적의 사람들이 찾는다. 여행상품을 싸게 다녀올수있다.	인사는 큰 실수를 하지 않는 한 공무원 호봉 올라가듯이 올라간다. 업무도 계속 똑같은 일만 하다보니 어느 정도 익숙해지면 지겨워질 수 있다. 연봉이 낮다.	늘 똑같은 일의 반복인 작업들을 소프트웨어나 시스템으로 처리할 수 있도록 만들고나면 직원들이 더 창의적인 업무를 할 수 있지 않을까 싶다. 연봉을 올리거나 여행을 갈 수 있는 기회를 더 많이 제공하면 좋을 것 같다.
2014/7/17	(주)하나투어	100	49174	30306	3.0	2.0	3.0	3.0	3.0	0	1	영업/제휴	전직원	서울	 1 	False	"여행업의 로망으로 입사하지말고, 현실을 바라보고 입사하면 좋은 회사."	사내 교육도 많고, 해외 출장 기회도 많다특별하게 잘못하지 않는다면, 승진은 꾸준히 한다.여행업을 탈피하려는 꾸준한 노력	박봉, 정체된 인사, 고질적인 문제라 어쩔 수 없는거지만, 이 부분은 개선하기도 어려운 듯	주주도 중요하겠지만 직원들에게 지금보다 좀 더 많은 혜택과 관심을 주면 좋을듯
2014/7/14	(주)하나투어	100	49174	29707	2.0	1.0	2.0	2.0	1.0	0	2	영업/제휴	현직원	서울	 0 	False	"지금의 도전 멈추지않고 싶다면 추천!!!하나투어 직원으로 살아가는 건 매일매일이 도전이다!"	글로벌을 느끼고 싶다면 추천!더이상 뉴스에 나오는 세계는 지금의 기사가 더이상 남의 일이 아니다.	평균이하의 연봉으로 끝없는 고난을 겪을수 있다. 자취생이라면 집 근처 지사를 추천한다! 하나투어는 자취생들에게 녹옥한 곳이 아니다.	회사는 아직도 배고프다. 그리고 직원들도 아직배고프다.또한 주주들도 아직 배고프다. 배당은 연 두번은 받는다.수익성만으론 얘기할수 없는 무언가가 있는곳아직 성장은 할거다. 근데 언젠간 가라앉을 곳
2014/7/13	(주)하나투어	100	49174	29408	3.0	1.0	2.0	4.0	4.0	0	1	영업/제휴	현직원	기타	 0 	False	"일하기좋고 사내문화 및 분위기가 좋은곳은 없을것 같음. 하지만 돈벌려면 다른곳 가삼."	1등기업 하나투어 명함 좋습니다.여성이 근무하기 좋은 기업	마이너스 연봉있음연봉이 사회 알바생들연봉과 비슷	급여좀 올려주십시요.
2014/7/9	(주)하나투어	100	49174	28642	2.0	1.0	4.0	3.0	1.0	0	1	경영/기획/컨설팅	전직원	서울	 3 	False	"여행을 사랑해서 여행사, 그래서 한국에서 제일 큰 하나투어. 이렇게 생각하고 입사했다간 후회. 업무가 공장처럼 반복적이며 정작 여행 관련하여 창의적인 일은 기대하기 힘듬."	-같이 일하는 사람들과 분위기가 좋은 편. 아무래도 입사가 크게 어렵지 않고 다들 연봉도 고만고만 하다보니, 서로 동병상련으로 의지하면서 버텨나가는 편-동기애와 사내커플을 복돋아주는 회사 문화. 남녀 비율이 5:5이며 서로서로 굉장히 친하게 지내도록 분위기 유도하고, 상상 이상으로 사내 커플이 많음. 사랑하고 싶으면 입사하라.-사람에 따라 다르지만 대체적으로 업무강도가 쎄지 않다.	-직원들도 매일같이 익명게시판에 남기는 글 : "낮은 연봉과 복지수준" 근데 어쩔 수 없다. 수익모델이 아직 대리점 커미션주고 고객한테 더 남겨먹는 구조이다 보니, 소비자는 똑똑해지고 하나투어는 수익 남기기가 힘들다. 대졸 공채로 대기업에 입사해서 종로 본사에 근무하지만 통장은 알바수준.-현재 부장 이상급이 예전 80년대에 작은 여행사들 문 두들기며 키워왔다. 그래서 수준이 기대 이하인 분들이 많음. -불투명한 자금상황. 겉으로는 매년 성장한다고 발표가 되는데 직원 성과급은 온데간데없다. -전문성 결여. 여행전문가가 되고 싶어서 입사했으나, 어디서나 을의 입장이고 타사에서 인정해줄만한 전문성을 갖기가 힘들다. 따라서 일하면 일할수록 하나투어 안에서만 있어야 하는 구조.-특별한 기술없이 사람이 중심인 회사라서 서로가 눈치를 굉장히 많이봄. 윗분들 눈치보고 보고서 쓰다 하루를 보내기 일쑤	-회장님이 점차 앞을 보는 능력이 떨어지는 듯. 점점 더 고질적으로 문제가 되는 젊은 세대를 어떻게 잡을 것인지 고민 필요 -직원 2천명이 넘는 기업임에도 노조의 탄생을 굉장히 두려워하는데, 자금부터 모든 것을 투명하게 할 것-신사업을 많이 펼치고 많이 망하는데, 그 후폭풍을 직원들에게 전가하지 말 것. "우리가 어려우니 힘을합쳐 으쌰으쌰 합시다" 하기보단 제대로 사업들의 흥망성쇄를 알리고 납득시킬 것.
2014/7/14	롯데지알에스(주) 롯데리아	100	78632	29558	4.0	3.0	4.0	5.0	3.0	1	2	서비스/고객지원	전직원	서울	 0 	False	"다양한 교육기회. 커피에 대한 꿈을 키우고 싶다면 롯데리아(주) 엔젤리너스와 함께!"	대부분의 동업계와 달리 아르바이트생이 교육을 통해 바리스타가 됨.이후 경력을 통해 승진기회를 얻을 수 있음때문에 함께 일하는 동료들 모두가 업무에 대한 이해도가 높음. 작은 곳 보다는 규모가 큰 지점에서 근무해 보는 것을 추천	지점마다 업무 분위기가 많이 다름. 단합이 잘 되는 곳이 있는가 하면 텃세를 부려 유명한 곳도 있음. 동업계 할인 등 복지는 좋으나 급여가 몹시 아쉬움.	직원복지에 대해 관리가 잘 안될 때가 있음. 조금더 세밀히 검토해주셨으면
2014/7/11	롯데지알에스(주) 롯데리아	100	78632	29184	3.0	3.0	3.0	4.0	4.0	0	1	서비스/고객지원	전직원	서울	 0 	False	"토종 한국 외식업 프렌차이즈 업계를 알기에 좋은 롯데리아"	한국 내 요식업 프렌차이즈로써는 탑인것같습니다. 롯데리아 외에도 TGIF, KKD, Natuur, Angel-in-us등 갖고 있어서 외식업 프랜차이즈를 이해하기에는 충분했던것 같습니다. 그리고 아무런 사회경험이 없던 상태였는데 캐셔로 뽑아주셨고 그 기대에 부응하려고 노력했었습니다.	상당히 보수적인 기업문화를 가지고 있었습니다.알바 이외에 정직원들은 연봉이 낮고 복리후생이 나쁘다는 말을 자주들었습니다. 그리고 수직적 회사 분의기로 업무의 질이 떨어집니다.	페이좀 올려주세요
2014/7/4	롯데지알에스(주) 롯데리아	100	78632	27647	2.0	4.0	2.0	1.0	1.0	0	1	경영/기획/컨설팅	전직원	서울	 2 	False	"국내 최대의 외식멀티프렌차이즈기업으로 롯데그룹의 유통망의 지원을 받아 안정적인 측면이 있음. 외식기업에 관심이 있다면 추천함."	롯데그룹의 비교적 선진적인 정책들이 강제적으로 계열사에 이식됨.5개 부문의 외식기업의 여러 경험을 얻을 수 있음. 외식기업 중 공채기준 연봉 상위권다양한 아시아 국가의 해외진출을 가속화하고 있음.	상당히 보수적인 기업문화를 가지고 있음. 자사채용과 공채출신의 신경전. 끊임없는 보고서 창출. 막무가내식 업무진행	사내커뮤니케이션 강화 및 워크앤라이프 밸런스 구축, 합병회사와 비공채출신과의 화합. 매출지상주의 탈피
2014/7/4	(주)세스코	100	71990	27607	3.0	1.0	2.0	2.0	2.0	0	2	경영/기획/컨설팅	전직원	서울	 1 	False	"외적인 기업 이미지와 실제 문화가 매우 다른 기업임."	본인의 의지가 있다면 적극적으로 업무를 배울 수 있는 기회를 부여하는 회사임. 입사 후 정리해고 등의 인위적인 인적자원 정리는 걱정하지 않아도 됨.	독특한 기업문화(가신문화로 추정됨.)를 갖고 있으며, 주요 몇몇 직책자들이 회사의 전권을 장악하고 있는 회사임. 급여 수준이 매우 낮다는 것을 감안하고 입사를 결정해야 함. (인상률 또한 매우 낮음.)	중견기업으로 성장하기 위해서는 기존의 주요 직책자들 외 외부 인사를 적극적으로 영입하고 1인 의사결정 체제에 대한 심도있는 검토가 필요할 것으로 판단됨.
2014/7/31	씨제이푸드빌(주)	100	23183	33067	4.0	4.0	3.0	1.0	3.0	1	2	서비스/고객지원	전직원	경기	 2 	False	"패밀리 레스토랑 중에서 나름 체계있는 곳"	서비스직에 대한 열정이 있다면 성장하기에 좋은 곳. 다양한 프로모션도 진행하고 홀서버나 주방보조 외에도 이벤트가 많이 진행되기때문에 경험쌓기에 좋은 곳	기존 직원들의 텃새가 너무 심하다는 점 외에는 근무환경이나 수당도 잘 챙겨주는 편(초과근무나...뭐)	특별히 없음
2014/7/30	씨제이푸드빌(주)	100	23183	32774	4.0	3.0	4.0	1.0	3.0	0	1	경영/기획/컨설팅	현직원	서울	 0 	False	"겉에서 보는 이미지로만 판단해서는 안된다.계열사마다 차이가 크다"	외식업계에서는 절대 우위를 가지고 있다.	구성원들이 직무와 조직에 대한 이해도가 낮다.	분배가 없다.
2014/7/27	씨제이푸드빌(주)	100	23183	32307	3.0	2.0	2.0	2.0	3.0	0	1	서비스/고객지원	현직원	서울	 9 	True	"외식업 트렌드를 이끌고 나가는 기업으로 외식업에 관심 있으신분들에게 추천."	대기업의 업무 프로세스 배울수 있음. 님 문화로 사원/대리 구분이 명확하지 않고 의견도 잘 들어주는 편임	여성성이 강한 기업으로 업무적인 능력보다 SOCIAL RELATIONSHIP의 능력도 있어야 살아 남을 수 있음. 외식업의 특성에 맞는 챌런지 문화와 치열한 생존 환경	개개인의 장점이나 본인의 역할을 제대로 발휘할 수 있는 포지션을 부여하는 것이 중요한 것 같습니다.
2014/7/20	씨제이푸드빌(주)	100	23183	30906	3.0	3.0	1.0	4.0	3.0	0	2	서비스/고객지원	전직원	부산	 0 	False	"미래는 밝지만 대기업의 서비스 직종인만큼 보기와는 다르게 그야말로 전쟁터. 디테일한 사무업무와 오퍼레이션을 병행하는데에 있어서 상당히 힘듦감이 있음"	국내 외식사업의 최초 브랜드로 체계적이고 다양한 교육으로 자신만의 발전과 밝은 미래에 희망을 가지고 일할수 있음. cj그룹내의 복리후생이 다양함.	외식업에 비해 연봉이 높은편이나 하는 일들에 비해 연봉은 작은편임. 박봉	체계적인 업무 분배가 필요하며 점포총관리자에게 직원급여제도를 맡기는것은 좋으나 관리자의 성향에 따라 점포별로 급여가 상의하므로, 본사자체에서 어느정도의 급여정책 매뉴얼을 정확하게 안내하여 높은 이직율을 낮출수 있는 개선이 필요함
2014/7/10	씨제이푸드빌(주)	100	23183	28920	4.0	3.0	3.0	4.0	4.0	1	2	경영/기획/컨설팅	현직원	서울	 0 	False	"외식업 최고의 회사. 단, 업무와 삶의 균형을 유지하기는 만만치 않은 회사"	외식업 최고의 회사..외식업을 배우고 싶으면...푸드빌로	업무와 삶의 균형을 유지하기는 힘들수도..단, 업무를 통해 얻는 것이 더 많은 회사	돈 잘벌고 좋은 회사로 만들어 주셔요
2014/7/7	씨제이푸드빌(주)	100	23183	28157	3.0	2.0	2.0	3.0	3.0	0	2	서비스/고객지원	전직원		 0 	False	"서비스업이 천직이라 생각하시는 분들 지원하세요."	트렌드를 주도해나가고자 하는 기업 특성상 변화에 빨라 일을 배우는 재미는 있다.서비스업 특성상 사내 젊은 사람들이 많다.	개인 시간 턱없이 부족하고 사내 분위기 자유로울 것 같지만 생각보다 그렇지 않습니다.복지 혜택은 마지 명절날 친척들이 사오는 종합과자선물세트같죠. 화려해보이지만..	불필요한 문서작업이 많다고 느꼈습니다.
2014/7/4	씨제이푸드빌(주)	100	23183	27660	3.0	2.0	1.0	3.0	3.0	0	None	경영/기획/컨설팅	전직원		 2 	False	"업무를 배우고 싶다면 ok 인간관계 건강은 포기!!"	변화무쌍 다양한 경험과 업우지식 업그레이드누릴 시간이 부족한 복지혜택	잦은 야근 군대식 상명하복일하는 사람만 계속 일함맥도날드 시급보다 낮은 급여	야근 당연한 문화 지양급여 인상
2014/7/4	씨제이푸드빌(주)	100	23183	27650	3.0	4.0	1.0	1.0	1.0	0	1	경영/기획/컨설팅	현직원		 2 	False	"언제나 온라인으로 24시간 업무를 하고 있는 느낌"	임직원카드, 해외 여행시 회사 지원가능, 좋은 건물, 여성이 누리기에 좋은 다양한 복지혜택, 여성 비율이 높고 승진등에 남녀차별은 거의 없음	부서마다 다르지만 항상 일해야하는 느낌. 일과 내일상이 분리돼있지 않음. 부서에따라천차만별. 사람이 모자라도 뽑아주지 않으며 무조건 해내라고만함	삶의 밸런스를 찾아줄수 있는 문화의 조성이 무엇보다 절실함. 절대자의 한마디에 모두가 헛된돈을 쓰지 않았으면 함
2014/7/25	유베이스(주)	100	87279	31972	4.0	2.0	2.0	3.0	3.0	0	1	영업/제휴	전직원	경기	 0 	False	"학력에 구애받지 않고 승진할 수 있는 기회는 많음, 끈기만 있다면 오래다닐수 있으나 그에따른 연봉은 기대하지 않는게..."	승진기회가 다양함, 편안한 복장, 깔끔한 사내시설	과도한업무량(많기도 많지만 앞뒤가 맞지 않는 업무지시) , 업무에 비해 굉장히 적은급여, 지연되는 인사발령	좋은사람 좋은회사 라는 타이틀에 맞게 직원들을 위한 급여체계를 개선했으면...
2014/7/18	유베이스(주)	100	87279	30539	3.0	2.0	4.0	2.0	3.0	0	1	경영/기획/컨설팅	현직원	경기	 2 	False	"아웃소싱인만큼 본사보단 각 소속되있는 사이트의 환경이 중요한곳"	월급이나 복지측면 기본은 지켜주려고 노력하는곳오래다니면 근무지를 옮겨다닐수 있음	소속되있는곳의 환경에따라 근무환경은 극과극 승진기회가 많이 없는것 같다	아웃소싱인 만큼 그 많은 직원들이 모두 떨어져 있지만 유베이스만의 소속감을 느낄수있는 기회가 많았으면좋겠다
2014/7/9	유베이스(주)	100	87279	28844	3.0	2.0	3.0	4.0	3.0	0	1	영업/제휴	현직원	경기	 0 	False	"텔레마케터로 일하고 싶은 사람들에겐 괜찮은 회사"	수평적 근무 조건, 타인과의 교류가 없어 혼자 방해받지 않고 본인의 업무를 하는 걸 좋아하는 사람에게 적합	TM이라는 업종으로 인한 심한 스트레스, 목표달성이라는 불안감이 항상 존재	별로 바라는 것은 없음,
2014/7/31	아워홈(주)	100	68269	32975	4.0	1.0	2.0	3.0	2.0	0	1	경영/기획/컨설팅	현직원	서울	 1 	False	"평범하게 직장생활하고, 평범한 월급받고, 복지는 없는 곳"	그냥 평범하게 있으면 승진은 된다. 단체급식 때문에 재정적으로는 안정적이다.	사원에 대한 복지 개념이 약하다. 명색만 대기업이지 급여수준은 높지 않다	당장 눈앞에 있는 당월 손익만 보지말고, 장기적인 비젼이 있었으면 좋겠다.
2014/7/1	아워홈(주)	100	68269	26664	3.0	3.0	4.0	3.0	3.0	1	2	서비스/고객지원	전직원	경기	 0 	False	"매출액 1조가 넘는 급식업계로 탄탄하다고 볼수 있다. 그러나 급식이외의 사업부분(특히, 식품제조)은 아직은 물음표 인것 같다."	회사 분위기, 근무강도 등 특별히 흠 잡을 것은 없는 것이 장점 같다...물론 팀, 파트 마다 특색이 있겠지만...	정규 근무시간이 1시간 더 길다. 임직원의 자사 상품 구입 혜택이 다소 낮은 편이다.	급식보다는 손수 제품과 식자재 서비스 매출 상승에 더 과감한 투자가 필요할 것 같다
2014/7/17	아웃백스테이크하우스코리아(유)	100	86465	30212	3.0	2.0	3.0	3.0	3.0	0	1	서비스/고객지원	전직원	서울	 0 	False	"서비스업쪽 가려면 경험하는것도 나쁘진 않을듯하락세이지만 과거 업계1위라는것에 대한 자부심이 있음"	열심히한다면 그에따른보상이있음(승진,급여인상)학력차별없음	스케쥴조정이 힘듦퇴근시간이 일정하지 않을 수 있음(매출안나옴 바로 퇴근)	과도한 실적 중심의 압박,운영이 문제
2014/7/27	(주)커피빈코리아	100	53841	32356	3.0	4.0	4.0	5.0	4.0	1	2	영업/제휴	전직원	서울	 1 	False	"즐겁게일할수있으나 남들쉴때 못쉼"	새로운사람을 만나는것을 즐긴다면 좋다	남들쉴때못쉰다는 단점이있다. 공휴일근무	직원들의 복지
2014/7/26	(주)커피빈코리아	100	53841	32166	2.0	2.0	1.0	1.0	1.0	0	1	기타	전직원	서울	 2 	False	"브랜드이미지에 속지말자! 보여지는 기업이미지와 정반대!"	먹는걸로 장난하지 안 한다는 오너마인드에 믿고 먹을 수 있는 회사제품과 사내식당? 발전보다는 일정하고 반복적인 근무형태를 선호한다면 여기가 그 곳!	변화가 그닥 없고, 마케팅 없고, 그들만의 리그 같은? 오픈마인드, 진취적이고 개인의 발전을 원하는 인재라면 견디기 힘든 군대식 직급형태.	조선시대 왕 아래 귀족 같은 경영진이 아니라 사원부터 모든 직급의 직원들이 아이디어를 공유하고 의견을 낼 수 있는 환경이라면 보다 더욱 큰 발전을 볼 수 있을 것 같음.
2014/7/12	(주)커피빈코리아	100	53841	29328	3.0	1.0	1.0	3.0	1.0	0	None	서비스/고객지원	전직원	경기	 0 	False	"일하다 보면 최저임금으로 최대한으로 일시키는 노예라는걸 느낄 수 있음..."	매장에서 직원들과 마음 맞으면 즐겁게 일할 수 있다?케바케이기 때문에	복지 급여 노동강도 다 좋지 못함 하지만 승진 걱정안함 나름 즐겁게 일할 수 있음	눈앞에 이익보다는 장기적으로 노력하여 이익을 추구했으면 좋겠음 좋은인력 확보 할려고 노력하는 모습이 보이지 않음
2014/7/31	(주)호텔신라	100	47377	33098	4.0	4.0	3.0	4.0	3.0	0	1	경영/기획/컨설팅	현직원	서울	 0 	False	"보수적인 곳이지만 그만큼 안정적이다"	대기업이다보니 연차, 육아휴직 등 법적으로 보호받아야 할 부분들이 잘 지켜진다	보수적이기 때문에 발전이 없는, 정체되어 있다는 느낌을 가지기 쉽다	너무 안정적인 것만 바라고 보고서만을 바란다. 중요한 던 실무이다
2014/7/14	(주)호텔신라	100	47377	29675	3.0	3.0	3.0	2.0	1.0	0	1	경영/기획/컨설팅	현직원	서울	 0 	False	"삼성그룹 내 가장 보수적인 문화로, 경직되고 답답한 분위기에서 근무할 수 있다. 면세사업이 외형적으로 확장하고 있으나, 앞으로도 지금의 상승세를 이어갈 거라고 장담하기는 힘들 것 같다."	어쨌든 삼성그룹이므로, 자부심을 갖고 일하는 사람이 있다. 호텔업/면세업 등 사업영역에 개성이 강한만큼, 이 분야에서 일을 하고 싶다면 좋을 수 있다. 또한 업계내에서는 최고 기업이기 때문에, 이직하는 경우에도 좋은 대우를 받는 것 같다.	답답하고 보수적인 조직문화. 시스템을 강조하나, 쓸데없는 곳에 돈을 쏟는 경향이 있는 것 같다. 보수 자체도 높지 않으며, 타 계열사처럼  PS,PI가 많이 나오지도 않는다.	직원들을 믿고 그들의 역량을 더욱 펼치게 하는 것이 회사의 경쟁력 강화에 보다 큰 힘이 될 것입니다.
2014/7/11	(주)호텔신라	100	47377	29107	2.0	3.0	4.0	4.0	2.0	0	1	경영/기획/컨설팅	현직원	서울	 2 	False	"면세사업부는 화요일부터 토요일 근무해서 장단점이 있음. 신입공채는 보호받으니 몇년간은 할만하고, 경력입사는 연봉계산을 잘하고 와야함."	해외업무 경력을  쌓기 좋은 곳. 특히 중국 관련 업무는 앞서 나가는 편. 본인만 조절하면 야근 많이없이 개인 생활 영위가능.	다른 삼성 계열사 대비 팀장급이 무능하고 인센티브역시 다른 삼성계열사와 비교하면 떨어짐. IT 인프라가 후짐. 임직원에대한 경영진의 믿음부족으로 외부 컨설팅 많이 받고, 각종 제약이 많은편. 복지도 좋지않음. 면세사업부는 여직원 휴게실이나 수유실도 없는 근무환경이니 겉보기와는 꽤 다른 곳.	월금 근무가 필요함
2014/7/10	(주)호텔신라	100	47377	28894	3.0	2.0	2.0	2.0	1.0	0	1	경영/기획/컨설팅	현직원		 0 	False	"급하게 성장하는 바람에 기본체계가 안잡혀 있음. 개인기 없이 인정받긴 그림의 떡."	삼성이라는 그룹이 주는 인지도 및 그룹 공통 복지혜택 정도.	낮은 급여, 복지수준. 강한 업무 강도 등등. 인금상승은 기대하지 말 것.	관계사 수준의 급여 수준 향상, 경영진의 전문성 향상 등
2014/7/31	트랜스코스모스코리아(주)	100	51105	33061	3.0	1.0	3.0	2.0	1.0	0	1	영업/제휴	전직원	서울	 0 	False	"안정적인 직장이지만 급여가 적고 발전의욕이 생기지않음"	자율적인 분위기와 편하게 근무하기는 좋으며 교육이 체계적	정말 적은 급여, 사람들이 말이 너무많고 직원들 사생활에 관심이많으며 일적으로 연관시켜 사기를꺾음	급여를 현실적으로 주고 팀원들의 사생활에 간섭할시간이있다면 사내 성희롱예방교육에 더 힘쓰시길
2014/7/10	트랜스코스모스코리아(주)	100	51105	28927	3.0	3.0	3.0	2.0	3.0	1	1	경영/기획/컨설팅	전직원	서울	 1 	False	"외국계 대기업 시스템을 배우고 싶다면 도전해볼 만한 회사 인것 같습니다."	구)데이콤에서 분사하여 일본 대기업 트랜스코스모스에서 인수한 기업입니다. 데이콤의 업무 프로세스를 대부분 가져와 사용하였기 때문에 배울점이 많은 회사 입니다.	대기업 마인드가 있기 때문에 분위기가 경직되어 있는 편 입니다.	시대가 변함에 따라 조직문화를 좀더 젋은 감각으로 변화할 필요가 있다고 생각합니다.
2014/7/8	(주)유니에스	100	87274	28549	1.0	1.0	3.0	2.0	2.0	0	1	의약	현직원	경기	 0 	False	"연봉이 적습니다. 인상도 거의 없다고 들었습니다. 야근수당 인센티브 없습니다."	사원관리가 체계적입니다. 근무시간이 적습니다. 왠만하면 칼퇴 가능합니다.	연봉이 적습니다.ㅠㅠ야근수당 인센티브 없습니다 식비도 없습니다	연봉 좀 올려주세요...
2014/7/1	(주)유니에스	100	87274	26573	3.0	3.0	4.0	3.0	3.0	0	1	경영/기획/컨설팅	현직원	서울	 0 	False	"성실히 일할 준비로 오세요."	직장내 커뮤니케이션이 좋음. 팀장마다 스타일이 다르긴하지만 각 팀에 리더들이 따로 있어서 업무에 어려움은 없음	간혹 너무 오바하는 경우도 있음. 본사에 좀 휘둘림.	본사에 너무 휘둘리지 마세요.
2014/7/6	(주)에스텍시스템	100	89310	27992	4.0	4.0	4.0	4.0	4.0	1	2	서비스/고객지원	현직원		 2 	False	"현대 사회는 나날이 흉포화,다원화 되어 범죄로부터 항상 방어를 하고 범죄예방을 해야하는 시대이다.국가적인 경찰공권력에 한계적인 인력부분과 각종 민간적인 경비 치안 부분은 오늘날 민간경비업체가 메우고있다. 우리 사회에서 없어서는 안되며 꼭 필요한 업종인것이다. 그로인해 보안경비경호 분야는 지속히 끊임없이 발전을 해왔고 앞으로도 꾸준히 전망이 있다고 여겨진다.  에스텍시스템 회사는 시실경비를 주분야로 본사의 사무직,경영 ,영업, 서비스직외에도 현장 SE(Security Enginer)로 시설경호경비 정직원 계약직 연봉직등으로 입사를 할수가있으며 전국에 1만명이 넘는 직원과 4000억대의 년 매출을 거둬들이고있는 현대 시설경비업종중 가장크고 안정적인 회사이다. 직원들의 복리 후생또한  의료비전액지원, 자녀학자금 중,고,대 지원, 사우회를 운영하며 직원들의 대출제도와 임직윈 주택대부, 회사지정 레져시설 법인회원가로 이용할수있는 복지등을 대표로 가지고있어 직원들의 회사생활에 앞날을 지원해준다. 최저임금의 적용과 노조와같은 위원회를 두고 4분기를 나누어 노조 협상을 진항하여 직원들의 복리  ,권익등을 지켜주고있다. 에스텍시스템은 호봉 승격 급여 실시제도로, 최저임금에변화에따른 시급정용과 함께 매년 일정시급이 정년까지 오르고, 매 3 년마다 정기승급이있어 계급이오르면서 수당이오르는 체계를지닌다 그래서 초봉은 적게 느껴질수있지만 그또한 동종 시설경비업무들과 준하게 받으며 오래 근무를 할수록 직원에게 유리하다.보너스는 설,추석,연말성과금등이있고 최고 각각100프로정도 넘게 받는다. 년월차 적치분 지급과, 업무고과 상하간기 받게되면 그또한 지급된다. 에스텍시스템은 8개의 계열사를두고 있는 외감대기업이며,  상장등록을 준비하고있는 큰 회사이다. 보안업에 관심이 있고 미래를 바라보는 유능하고 정신건강한 많은 젋은 인재들이 필요하다. 앞으로  상장이된다면 더욱큰 발전이 예상이 되며 직원들에 복리후생과 급여부분도 더욱 발전하리라 생각한다. 서둘러라 당신이 에스텍시스템에 주인공이 될수있는 시기는 지금이다."	급여 호봉 승격제도로 꾸준한 연봉,보너스 상승과 현 시설동종업계 최고 복리후생과 규모로 꾸준한 매출 상승과(현제 4000억준.) 8개의 계열사를둔 외감대기업.	보안업종의 특성상 업무가 24시간 365일 연중으로 돌아가야하다보니 주야교대근무를 하기때문에 자기관리가 필요한 부분. 초봉이 작을수밖에 없는 점(호봉과 정기승격실시제도로 꾸준히 연봉이 오르는 제도의 특징) 현 신입기준 연봉2000이상 수습3개월우90%	항상 초심의 미래지향적인 마음을 잊지말고 더욱 발전하여 최고의  국내 보안산업의 핵을 끊는 국내 다표 브랜드 기업으로 만들자.
2014/7/1	에스원(주)	100	65658	26727	4.0	3.0	2.0	3.0	2.0	1	1	경영/기획/컨설팅	전직원	서울	 0 	False	"보안회사 특유의 분위기와 무거움이 있다."	일단 삼성계열사다. 그건 무시 못 한다. 계열사 간에 연봉이 낮은 편이지만, 그렇게 낮은 것도 아니다. 복지는 삼성계열사 모두가 똑같기 때문에 나쁘지 않다.	지사와 본사 간에 커뮤니케이션 단절이 크다. 현장과 사무, 지원간의 커뮤니케이션 단절, 왜곡을 바로 잡아야 올바르게 갈 수 있을 것 같다. 무조건 성장이 아니라 이젠 직원들이 서로 신뢰할 수 있도록 만들어줘야 한다.	리더들을 세우는 분위기가 되길. 그저 직급 체계가 아니라 진짜 리더들이 팀원들과 함께 일할 수 있도록 분위기를 만들어줬으면 좋겠다.
2014/7/7	한국마사회	100	86726	28271	3.0	4.0	4.0	3.0	2.0	1	None	서비스/고객지원	현직원		 0 	False	"주말을 버리는 대신 복지와 급여는 좋다"	공기업답게 복지와 급여가 좋습니다. 업무강도도 다른 회사보다 널널하고 실적에 대한 압박도 다른회사에 비한다면 별로 없어요.	주말을 고스란히 반납해야해서 인간관계가 힘들어질 수 있어요. 개인의 발전가능성은 별로 없는 듯 정체됨	일안하고 월급받아가는 사람들이 많아서 그런 사람들은 정리했으면..
2014/7/2	한국마사회	100	86726	26847	2.0	5.0	2.0	2.0	2.0	1	1	서비스/고객지원	현직원		 2 	False	"꿈의알바"	월급도 다른알바에비해 상당히높고,거의 알바생들로 운영이되는회사이기때문에알바생들에게도 성과금, 건강검진,상품권등 많은혜택을주는편	주말에 일을하는단점예민해진 고객들을대하는게 쉽지않은편	정직원들이 고객의최접점에  있을순없는시스템이라실제로 고객응대.고객유치에 필요한걸 잘모르는것같음
2014/7/26	케이에이(주)	100	87378	32155	2.0	1.0	1.0	1.0	2.0	0	2	서비스/고객지원	현직원	인천	 2 	False	"정말정말 공항직을 목표로 하는 분들 모든 자기 생활 포기하고도 회사에 헌신하고픈 사람들은 바로 지원하세욧 호호"	다양한 항공사를 섭렵할수있음, 성장하는 회사, 겉에서 보기엔 멋있음	겉에서 보기에만 멋있음, 빛좋은 개살구, 나의 생활이 없는 스케줄 회사의 노예, 그에 비해 턱없는 연봉,  그리고 군대 스멜	견딜수있는 스케줄 그에 맞는 복지를 주시길 바랍니다...
2014/7/9	케이에이(주)	100	87378	28811	2.0	1.0	1.0	3.0	3.0	0	2	서비스/고객지원	전직원		 0 	False	"성장하는 회사이지만 성장가능성만보고 입사하기엔 심신이 고달픈회사"	공항서비스직에 대한 업무를 총 망라하여 배울 수 있음	복지 매우 부족하며 체력적으로 한계가 오는 수준의 업무량	일이 고달픈만큼 더 많은 복지혜택이 필요함. 사원수도 매우 모자름
2014/7/1	이트너스(주)	100	13535	26586	2.0	1.0	1.0	2.0	1.0	0	None	경영/기획/컨설팅	전직원		 1 	False	"빛 좋은 개살구입니다. 겉으로는 참 좋아보이고 시스템도 잘되어 있는듯 하지만 근무기간 중 한번도 정시퇴근 한적 없습니다. 정말 눈뜨면 일하고 잠깐 집에가서 자고 다시 나와 일하는 느낌? 물론 지사, 직무별 편차가 큽니다만.....전체적으로 참 힘들고 고단했던 회사였고 연봉은 정말 짭니다^^;"	정기적인 교육, 자기발전의 기회 제공 및 독려	연봉 정말 적음(물론 직무에 따라 다름)불합리한점을 하소연해도 고쳐지지 않음	업무때문에 바빠서 물도 못마시는데 독후감쓰라고 재촉 안했으면 좋겠음
2014/7/31	효성아이티엑스(주)	100	285	33044	1.0	2.0	4.0	3.0	1.0	0	None	영업/제휴	전직원	서울	 1 	False	"별로 추천 하고 싶지 않습니다.미래성이나 발전성이 없습니다."	출퇴근 시간 보장은 확실 신입사원 교육과정 체계적으로 잘구성되어누구나 교육만 잘받으면 잘할 수 있다	연봉인상율 및 진급이 어려움계속되는 업무 교육 및 테스트	여기에서 2년 이상 일했지만 경영진 얼굴이나 경영자 전달 사항등 한번 볼 수 없었다.신비주의도 아니고...
2014/7/17	한국전기안전공사	100	89009	30254	3.0	2.0	5.0	3.0	3.0	0	1	경영/기획/컨설팅	현직원	기타	 2 	False	"일과 직장의 균형을 찾을수 있는 사람은 추천"	인간적인 분위기가 큰 장점, 특히 직원들간의 화합이 잘됨 안정적인 재무상태와 정년 보장이 장점 가족들과의 안정적인 가정을 누릴수 있는 큰장점	보수적인 공기업낮은 급여, 특히 고졸과 대졸간의 급여차이가 없음전문성을 기를수 없는 환경나태해 질수 있음	좋은 신입들을 뽑기위해서는 고졸과 대졸의 급여 차이에 차등을 두어야 한다고 생각함.
2014/7/24	대명레저산업(주)	100	82315	31781	3.0	1.0	3.0	2.0	2.0	0	1	경영/기획/컨설팅	현직원	서울	 1 	False	"여러가지 분야에 뛰어들고있는 기업 하지만 미래는 흠.."	그래도 업계 최고의 자리를 유지하고 있기 때문에 이직시 유리 한점.	보수적인 경영진 보수적인 임원진들의 정체적인 사회 경영 문화.	좀더 유기적인 생각을 하고 보수적인 성향은 좀 버려야한다고 생각.
2014/7/11	대명레저산업(주)	100	82315	29242	3.0	3.0	4.0	3.0	2.0	1	1	경영/기획/컨설팅	전직원	서울	 0 	False	"안정적인 편. 사업장에 따라 분위기가 다를 수 있음. 본사는 야근은 없는 편"	업계 1위 회사로 복지는 괜찮은 편이고  안정적이다. 업무 강도는 낮은 편이고 일을 배우기도 괜찮음	본사 사무직 기준으로 연봉과 성과급은 낮은 편이고 분양에 대한 압박이 있을 수 있다.발령으로 인해 생활기반이 흔들릴 수 있다	서비스직을 챙겨줘야 된다고 생각하지만 사실은 사무직을 잘 해줘야한다. 사무직 인재들은 다 나가려하고 시간이 조금만 지나면 편한 서비스직은 꿀 빨며 놀고 있음
2014/7/10	대명레저산업(주)	100	82315	28885	3.0	4.0	1.0	3.0	1.0	0	2	전문직	현직원	경남	 3 	False	"예) 글로벌 제조사에서 일해보는 경험을 얻을 수 있었고 동종 업계 중 상위권 연봉을 받을 수 있다."	회사의 복지는 나쁘지 않은 거같다. 전문직인원치고 다른 직장에 비해 조금 여유로운 휴무라던지, 부대시설 이용 및 성과금과 매년 오르는 연봉은 요 근래에 찾아보기 힘든 조건의 복지라해도 무방하다. 또한 사회 초년생 같은경우 1년의 수습기간만 거치면 꽤 괜찮은 연봉을 받는다.	나이 많은 간부들의 보수적인 태도가 너무 심하다고 생각한다. 나는 대리, 주임이니까 대우를 받아야 한다 뭐 이런 마인드가 만연에 곳곳하게 깔려있어 겉으로는 대기업이지만 아직까지는 중소기업을 벗어 나지 못햇달까..식음료팀 (조리 &홀)같은 경우는 오버타임을 많이 뛰는 경우가 있고, 오버타임수당이 어느정도 제하고 나오기에 불만이 생길수밖에 없다.	인성과 능력을 두르 가추었는지 인성테스트와 사원에게 직장상사에 대해 평가를 내릴수 있는 그런 제도를 원한다.
2014/7/8	대명레저산업(주)	100	82315	28409	4.0	2.0	3.0	1.0	3.0	0	1	경영/기획/컨설팅	전직원		 0 	False	"경직된 군대문화가 본인에 맞고 레저를 좋아한다면 추천, 아니면 비추"	레저회사답게 리조트무료숙박과 레저시설무료이용의 복지는 장점본사기준 근무환경 괜찮음	경직된 상명하복식 (군대)문화, 비합리성이 기업문화에 깔려있음리조트기준 근무환경은 여성에게는 비추천(사무직,비사무직 구분없이 육체노동 해야 할 일이 많음)오너쉽이 매우 강하기떄문에 주먹구구식 비합리적 의사결정이 많음.	회사규모에 비해서 80년대 경직된 조직문화를 개선하기 위한 노력이 필요함.
2014/7/1	대명레저산업(주)	100	82315	26490	3.0	4.0	2.0	3.0	2.0	1	2	서비스/고객지원	전직원	강원	 0 	False	"높지않은 스펙으로 들어갈수있는 대기업급 기업"	복지 좋고 비젼및 전망도 좋고 사업을 확장해나가는게 눈에보임더크면 더컷지 작아지진 않음	명백한 갑과 을의 관계가 상사와 사원 사이에 공존 무시할순 없고노예근성이 있어야 다닐만함	알바생들 그만 괴롭히고 연봉좀 올려달라
2014/7/1	대명레저산업(주)	100	82315	26464	3.0	2.0	4.0	1.0	2.0	1	None	경영/기획/컨설팅	현직원		 2 	False	"오션월드 이후 이렇다할 캐쉬카우 없으며 이마저도 하향세라 비전을 잘보고판단. 분양압박 사무직도있으며 경력직은 반드시 직급 연봉 잘따지고 들어올것.  복지는 레저활동을 좋아하면 좋으나 돈으로받기 원하면 별로임. 연봉을 많이받고자한다면 다른회사추천함"	가족까지나오는 복지카드(돈은아님) 부서에따라 다르나 야근거의 없는편임본사는 퇴근이 빠른편이며 업무강도세지않음점심식대가 나옴일찍퇴근하고 자기개발따로하고싶은사람에게는 좋은환경임역삼동소재회사로 강남회사원 느낌받을수있음직급등 재편하고있는 추세여서 향후 달라질수도있음	군대식 회사문화.  곳곳에 오너의 친척일가와 아는사람 지인, 낙하산사원들이있으며 현재까지도 그렇게 채용되는사람들이많음.  (문제는 일을 잘못함 . 오너의 파워로 이런사람은 잘 건드리지않음)연봉이 작고 오너가 변경되는 과정이라 어수선하고 직급 등 체계가 잘잡혀있지않음매출이 조금이라도 떨어지면 본사,사업장 통틀어 분양압박들어옴연봉이 낮음	업장과의 커뮤니케이션이 잘 안되는편. 비발디파크에 매출이 쏠려있어 이런부분을 개선하고 레저 외 사업에 밑빠진 물붓기좀그만했으면...
2014/7/28	(주)대학내일	100	86769	32532	4.0	4.0	1.0	3.0	5.0	1	2	기타	전직원	서울	 0 	False	"대학생과 함께하는 일을 꾸준히 할 수 있음"	기업 문화가 자유로움, 수평적인 분위기, 연봉 및 복지 조건이 좋음	새로운 수익 모델 찾아야 함, 업무량이 많음	효과적인 업무 분배
2014/7/17	(주)대학내일	100	86769	30194	4.0	4.0	2.0	3.0	5.0	1	2	경영/기획/컨설팅	전직원	서울	 0 	False	"다재다능하다면 지원"	다양한 분야의 경험 가능, 유스 마케팅에 특화되어 있음	별도의 교육과정이나 케어가 부족한 편임	구성원들을 잘 케어해 주는 편.
2014/7/14	현대그린푸드(주)	100	47646	29669	3.0	3.0	3.0	3.0	3.0	1	2	유통/무역	현직원	경기	 0 	False	"아직 잘모름"	안정적인 수익구조와 업종 최고의 급여수준으로 고려되는 기업입니다	매년 성장세이고 안정적이기는하나 부가가치면에서 다소부족한 부분이 있다고 생각합니다	수익구조개선
2014/7/4	현대그린푸드(주)	100	47646	27590	2.0	3.0	2.0	2.0	2.0	1	1	경영/기획/컨설팅	전직원		 0 	False	"나름안정적이고.또한 보수적임"	안정적이고 나름괜찮은보수를 주는곳입니다현대백화점 그룹사라는 네임벨류	지방의소외감본사만좋은듯현대백화점이고싶은데 현실은 그린푸드	생각하고 업무현장 투입.전문직과의 괴리감없게사명이 너무 촌스러움
2014/7/5	(주)그린웹서비스	100	86851	27808	3.0	3.0	4.0	4.0	4.0	1	2	디자인	현직원		 3 	False	"업무마다 다릅니다. 자신이 단순 반복업무에 지원해놓고 반복되는 업무에 힘들다는건 이해가 가지않네요.예를들어 삼성의 생산 공장에 지원해놓고.. 여긴 삼성이긴한데 매번 기계처럼 반복된업무만한다고 불평하는 것과같죠. 더 대단한 포부와 용기가있으면 자신이 만족할만한 직무에 지원하세요"	사내분위기가 좋습니다. 직원간 상하간 서로 존중해주는 분위기. 능력만있으면 펼칠기회 많아요(단순반복직무 제외)	글쎄요..능력에따른 인센혜택이 조금더 많았으면좋겠네요	딱히
2014/7/28	에스피씨그룹	100	87570	32421	3.0	4.0	1.0	3.0	2.0	1	2	경영/기획/컨설팅	현직원	서울	 16 	True	"동종업계에서 경력쌓기는 최고돈주는만큼 일시키는 과도한 업무량보수적인 경영진"	경력인정동종업계 최고수준 근무환경(양재사옥에 한함)	계열사간 복지체계 상이높은 근무강도창조적, 유연한 조직문화를 지향하지만 보수적인 경영진	패밀리데이,정시출퇴근..윗분들이 지켜야 부하직원도 따라감
2014/7/23	에스피씨그룹	100	87570	31482	3.0	3.0	3.0	3.0	3.0	0	2	IT/인터넷	전직원	서울	 1 	False	"조금은 정체되어있음"	프랜차이즈 그룹이라 일반 기업과는 좀 다른 문화가 있음. 신규사업들이 활발하게 이루어 지금 있음	부서간 알력이 좀 있고 경력직 직원들도 많아서 정치적인 분위기가 다소 있음	소통
2014/7/2	에스피씨그룹	100	87570	26920	3.0	4.0	5.0	1.0	2.0	1	1	기타	현직원	서울	 0 	False	"경력직이 경험을 쌓고싶어 온다면 비추, 현재의 상태에서 만족하고 다닐생각이라면 추천.야근이 심하지 않고 자기개발할 시간이 있어 다음 도약을 위해 능력개발 및 준비하기 좋다."	야근이 적고 퇴근 후 다른업무를 볼 수 있다. 연봉이 높은편이고 부수적으로 인센을 받을 수 있다.개인이 필요한건 왠만하면 사주는 분위기이고, 다양한 계열사들에서 혜택을 볼 수 있다.	내가 업무를 통해 능력을 키울 수 있는 환경은 아니고, 일이 업체를 통해 하는 일이많아 적은 경력들은 실무를 배우기 힘들다.와서 스스로 노력하고 개발해야 다음 회사를 가더라도 연차에 부끄럽지 않을 것.	사람 뽑을 때 레퍼런스 검증하고 뽑았으면.. 인력관리를 잘해야 될 것.
