date	cname	industry_id	cid	cmid	possibility	pay	balance	culture	management	recommend	expect	job_kind	current	area	helpful_count	is_best	subject	good	bad	hope
2017/7/30	스타벅스커피코리아(주)	100	70749	540437	4.0	4.0	3.0	4.0	4.0	1	2	서비스/고객지원	전직원	광주	 0 	False	"가족같은 분위기. 기업 특성상 여자 근무자들이 많았지만 전부 진취적이고 맡은 일 최선을 다 함."	아르바이트라고 하기에는 많은 복지가 있음.큰 일이 아닌이상 휴가나 휴식에는 터치하지 않음.	서비스직 특성상 진상 고객님들이 많음.cs중요시 함.	직원복지에 있어서는 정말 다른 아르바이트에 비교할바 없음.
2017/7/28	스타벅스커피코리아(주)	100	70749	540035	4.0	4.0	2.0	3.0	2.0	0	1	서비스/고객지원	전직원	서울	 0 	False	"외국계의특성과 한국기업의 특성이 함께 공존"	근무시간외 수당이 1분단위로도 책정이 되있어서 근무외 수당은 칼같이 준다그외 원두복지 직원할인, 음료2잔무료 등 알바인데도 복지가 아주 잘 되어 있다또 아르바이트인데도 직원대우를 해주고 그만큼 직원처럼 일해야한다위생에 대한것 하나는 업종에서 최고임	매장에 인원이 항상 부족첨에 들어가면 한달내내 로테이션 없이 야간당첨5시간씩일하다 2주차부터는 7시간이 일주일에 한두번 있다 3주차부터는 세네번으로 바뀜.. 5시간이 아님 7시간일한다생각하고 가야함일에 비해 시급이 짜다설거지 엄청엄청 함..외울거 많음..동종업계에서 젤 힘든 알바였음선임들마다 가르치는 방법이 달라서 맞게해도 방식이 다르다고 혼남..ㅜㅜ	매장에 인원 좀 많이 보충했으면..시급을 좀더 올려주거나 일을 좀더 분배해주거나 했으면..
2017/7/28	스타벅스커피코리아(주)	100	70749	539845	4.0	2.0	2.0	4.0	3.0	0	2	서비스/고객지원	전직원	부산	 0 	False	"사람만나는게 좋고 서비스 직에서 경험을 쌓고 싶다면 추천"	시스템이 체계적이고 앞으로 서비스 직에서 일을 하고 싶은 사람이나 퇴사하고 카페를 운영해보고 싶다면 스타벅스에서 경험을 쌓아보는 것을 추천	매장마다 다를 수도 있지만 바쁘고 큰 매장일수록 한사람당 해야하는 일이 너무 많고, 근무시간 외 연장수당을 받지않고 일을 해야 할때가 많았음	직원들에 대한 복지증진과 직원들에게 너무 서비스 정신을 강요하지 않았으면 함
2017/7/26	스타벅스커피코리아(주)	100	70749	539005	4.0	4.0	3.0	3.0	4.0	1	1	서비스/고객지원	전직원	서울	 0 	False	"서비스에 대해 정확히 배울 수 있는 곳 사람만나는거 좋아한다면 추천."	아르바이트생부터 점장까지 거의 모든 복지가 비슷함. 좋음	정말 고객이 왕을 몸소 느낄 수 있는 곳..일하는 사람은 ......	근무시간내에 인원좀 많이 늘려주세요 ㅜㅜㅜㅜㅜㅜㅜ힘듭니다아
2017/7/25	스타벅스커피코리아(주)	100	70749	538314	2.0	5.0	5.0	3.0	2.0	1	2	서비스/고객지원	전직원	서울	 1 	False	"아르바이트생이어도 복지가 괜찮은 회사"	1. 퇴근 시간을 잘 지켜주고 센싱 등록이라 오히려 마음이 편안함2. 알바생이어도 복지가 좋음. 하루 음료2잔 제공, 오픈조일 경우 조식 제공, 크리스마스 다이어리 제공3. 닉네임으로 근무4. 업무 중 쉬는시간 있음5. 사물함 제공	1. 점장, 부점장끼리 사이가 안좋으면 같이 일할 때 가시밭2. 다음주 스케줄 진짜 늦게 공지해주는 관리자 만나면 불편함3. 해야할 일은 많은데 인원 부족한 시간대 근무하면 힘듦4. 처음 일 시작할 때 외워야할게 산더미5. 근무복장인 검정바지, 검정운동화(밑창 하얀거 안됨) 구입해야 함6. 연장근무 포함 하루 8시간 계속 서서 일하면 퇴근할 때 발바닥이 무지 아픔	관리자끼리 사이가 좋은건 바라지도 않고 흉 좀 안봤으면 좋겠다
2017/7/23	스타벅스커피코리아(주)	100	70749	537530	4.0	3.0	1.0	3.0	3.0	1	1	서비스/고객지원	현직원	서울	 0 	False	"인센티브(상여)는 챙겨주려고 하는편이나 최저임금에 비해 높은 노동을 요구함."	인센을 잘 챙겨줌. 조식(간식)지원. 스벅30%할인. 슈퍼바이저부터 신세계임직원할인대우	부점장부터 상여를 많이 준다고하지만 급여가 턱없이 적음.(부점장170 점장200정도) 타 업종에 비해 일이 많고 퇴근 후 공부하는 경우가 많고, 업무가 많아 퇴근처리 후 진행하기도 함. 교대근무지만 스케쥴이 1주일마다 나올뿐만 아니라 마감 다음 오픈하는 경우도 있음	매장 직원들은 부품이 된 느낌. 직원들의 요구사항을 들어주고 개선한다면 퇴사율도 낮아질것.
2017/7/23	스타벅스커피코리아(주)	100	70749	537522	3.0	4.0	4.0	1.0	3.0	0	1	서비스/고객지원	전직원	서울	 1 	False	"군대같은 시스템, 아르바이트생으로 살아남기 힘든곳"	하루 한잔 음료지원이 되는것과 시급이 높은점. 유니폼이 예쁘다.	너무 빡빡하고 직원들간의 정이없음, 아르바이트생을 무시하는 직원 대다수	지금은 어떨지모르지만 바리스타들의 텃세는 없어져야됩니다
2017/7/21	스타벅스커피코리아(주)	100	70749	537024	2.0	3.0	3.0	3.0	1.0	0	2	서비스/고객지원	현직원	경남	 1 	False	"일 강도에 비해 돈을 너무 적게 준다 내부 복지는 어느정도 갖춰 놨지만 그거 보고 다닐만한 직장은 아니다"	하루 음료 2잔 무료 음료 30퍼센트 할인 등등 복지가 있지만 차라리 돈을 많이 줬으면 좋겟다	근무 강도가 굉장히 쎄다일반 바리스타 경우 5시간 근무에 30분 휴식인데 나머지 4시간 반 동안 한번도 앉아서 쉴 수 없다. 일이 끝나고 나면 모자와 등에 소금이 낄 정도로 힘들다.그리고 월급은 80만원정도로 너무 적다.여초 직장답게 텃세가 심한 매장도 적지않은듯하다	일이 빡센만큼 돈을 더 많이 줬으면 합니다.그리고 유능한 직원을 면접 한번으로 승진 탈락 시키지 말고 평소에 점장 및 지역담당매니저를 통한 꾸준한 평으로 정당하게 평가 하길 바랍니다.
2017/7/20	스타벅스커피코리아(주)	100	70749	536280	4.0	4.0	4.0	3.0	3.0	1	2	서비스/고객지원	전직원	경남	 2 	False	"아르바이트부터 시작했는데 아르바이트때는 점장이나 매니저잘만나면 좋은아르바이트. 진상손님많음."	근무스케줄이 유동적이라서 좋음. 아르바이트생도 인센티브 / 명절인센티브 줌. 진짜 윗사람만 잘만나면 좋은직업. 진상손님은 많지만 기업에서 직원들에게 대우를 잘해주는편.	직급올라갈수록 내가 원하는곳에서 일을 못할가능성이 많아짐.진상손님 진짜많음.	근무지역 조정과 육아휴직 후 복직까지의 제도가 좀 개선되었으면.
2017/7/17	스타벅스커피코리아(주)	100	70749	534785	3.0	4.0	3.0	3.0	3.0	0	None	서비스/고객지원	현직원	서울	 0 	False	"복지는좋은기업 하지만 바리스타는 딱 아르바이트수준까지만 하는것이좋음"	챙길수있는건 다 챙겨줌 타경쟁사에 비해 주휴수당 성과급등 맏을수있음	지점마다 바쁨의정도가다르고 근무시간이 고정적이지않음딱 아르바이트수준외울게 많음	매장투입전 교욱시간짧음 매장에서교육보다 이전교육시간을늘리면좋을듯
2017/7/16	스타벅스커피코리아(주)	100	70749	534389	3.0	3.0	3.0	3.0	3.0	1	1	서비스/고객지원	전직원	서울	 0 	False	"주5일아르바이트로 시간이 많은 사람이 다니기 좋음월급은 그만큼 작고 음료를 마실수있음"	음료를 마실수 있음 비교적 께끗한 업무환경외국에서 알바할때좋은	월급이 많지 않음 사람이 항상 많음 진동벨안써서 목아플때가 많음	차라리업므시간늘리고 월급많이주는게 더좋을거같음하루5시간으론
2017/7/15	스타벅스커피코리아(주)	100	70749	534229	5.0	4.0	3.0	4.0	4.0	1	2	서비스/고객지원	전직원	부산	 0 	False	"알바는 아닌데 알바같으나 어릴 때 경험해봤음하는 직종. 복리후생 짱 좋음"	복리후생이 진짜 좋음. 신세계꺼라서 수퍼바이저 달면 신세계 계열사 15%할인 들어가고, 신세계포인트도 줌. 생일 때 케잌도 주고 하여튼 뭐 많음커피 좋아하는 사람은 진짜 커피제대로 배울 수 있음.5시간 일하면 무조건 꼭 30분 쉬어야함. 의무 쉬는시간이 있음.	다른 회사들처럼 같이 일하는 사람 잘못 만나면 진짜 고생하고, 간혹 손님텃세, 등 진상손님 등 서비스 직종의 단점.그리고 처음에 바리스타로 들어가면 내가 청소부인지 바리스타인지 모름.그래도 본인의 능력에 따라 빠르게 승진 가능	경영진은 최선을 다하고 있는 듯. 단, 간혹 내가 소모품처럼 느껴질 때도 있으나 이건 어쩔수 없는 듯.
2017/7/13	스타벅스커피코리아(주)	100	70749	533446	4.0	3.0	4.0	2.0	3.0	1	1	서비스/고객지원	전직원	서울	 0 	False	"서비스직이 맞는 사람이라면 아주 즐겁게 일할 수 있다. 왜냐하면 스타벅스는 다른 커피집과는 달리 서비스 교육과 서비스를 중시한다."	아르바이트, 직원, 부점장, 점장 모두가 서로를 외국식으로 부르는데, 다른 곳보다는 수평적으로 일할 수 있다. 직원들이 밝고 친절한 서비스를 제공하기 때문에 거의 왠만한 손님들도 친절히 받아준다.	서비스업과 커피제조 말고도 할 일이 많은데, 겉모습만 보고 무턱대고 들어왔다가는 실망이 아주 크다. 수평적이라고 한들 수직적인 문화가 있다. 아르바이트생에게는 비교적 월급이 많지만, 직원들은 월급이 너무 작다. 사생활 이야기를 많이 나누기때문에 한번 찍히면 나무 힘들다.	큰 기대를 하지 않고 일을 해서 그런지, 복지의 경우 마음에 들었다. 꼭 하나 말하보자면, 손님들도 손님이지만 직원도 인격체라는 것을 알아줬으면 좋겠다.
2017/7/12	스타벅스커피코리아(주)	100	70749	532786	3.0	3.0	3.0	3.0	3.0	1	1	서비스/고객지원	전직원	대구	 0 	False	"깔끔하고 좋습니다. 음악도 있고 마실 것도 있고 다양해요."	근무 환경이 쾌적합니다. 서비스가 워낙 잘되어 있어서 항상 기분좋은 곳이죠.	쉬는 시간이 없습니다. 계속 서서 일해야 하며 커피타는 것도 어려워요	월급 많이 주세요 다른 회사랑 비교가 안되게끔 많이
2017/7/11	스타벅스커피코리아(주)	100	70749	532573	3.0	4.0	2.0	3.0	3.0	0	2	서비스/고객지원	전직원	서울	 0 	False	"외식업 시스템에 대해 자세하고 세밀하게 배울 수 있음"	동종업계 대비 복지 좋음 직원을 생각하는 기본적인 마인드가 있음	좋은 복지 만큼이나 철두철미한 업무와 노동강도는 높으며 보수적인 분위기	직원들도 업무적인 부분에서의 발전 뿐만 아니라 개인 역량 강화도 함께한다면 좋겠다
2017/7/11	스타벅스커피코리아(주)	100	70749	532272	3.0	4.0	3.0	3.0	3.0	0	1	서비스/고객지원	전직원	서울	 0 	False	"고객을 최고로 대우하지만 실제 아르바이트생에겐 열악한 환경 바쁜 시간"	고객을 위한 청결, 깨끗함. 스타벅스 브랜드 이름이 주는 자신감(?), 동종업계에 비해 많이 주는 복지 혜택	고객을 왕으로 여기는 만큼, 회사 자체가 고객편. 불규칙한 생활 패턴, 정신 없는 환경에 비해 열악한 급여	페이를 올려주어 직원들도 편하게 일할 수 있는 환경 마련. 혹은 한명이라도 더 직원을 고용
2017/7/6	스타벅스커피코리아(주)	100	70749	530402	2.0	2.0	2.0	3.0	2.0	0	1	서비스/고객지원	전직원	서울	 0 	False	"루틴이 정해져있어서 일을 배우기는 어렵지않지만 잡다한 일의 양이 많고 그만한 보상이 없는 느낌"	하나부터 열까지 매뉴얼화되어있어서 경력이 없어도 일을 배우기 쉬움. 자잘한 복지 있음. 직영 시스템이라 월급은 십원 단위까지 빼먹지 않고 날짜시간 맞춰서 꼬박꼬박 지급됨	루틴을 다 익히고 난 이후에는 개인적으로 성장할만한 경험이 없음. 점장급도 새벽까지 매장에 매달려야 하는 구조. 일의 강도에 비하면 결코 높지 않은 보상. 수평적인 문화라고는 하지만 사람에 따라 다름.	사업에 선택과 집중을 바랍니다. 일선에서 새벽까지 일하는 직원들에게 좀 더 괜찮은 동기부여와 보상이 필요합니다.
2017/7/4	스타벅스커피코리아(주)	100	70749	529625	3.0	3.0	2.0	4.0	2.0	0	None	서비스/고객지원	전직원	서울	 0 	False	"대기업 계열사라 노동법은 지킨다. 동종업종에 비해서 복지는 괜찮은 편."	대기업 계열사라 누릴 수 있는 혜택, 아직까지는 먹혀주는 이름빨. 청결에 엄청나게 신경을 써서 소비자로 돌아서도 믿을 수 있다는 신뢰감. 복지가 동종업종에 비해서 괜찮다고 들음.	생각보다 체력적으로 힘들고, 불규칙한 생활때문에 건강 해치기 딱임. 회사는 무조건 고객편이라 죽어나가는건 매장 직원. 업무강도애 비해 낮은 급여.	고객의 소리에 귀를 기울이는건 매우 중요하지만 어느 선이 있었으면. 업무강도에 맞는 페이라면 인원부족에 시달리진 않을듯.
2017/7/3	스타벅스커피코리아(주)	100	70749	528925	3.0	2.0	1.0	1.0	2.0	0	None	서비스/고객지원	전직원	서울	 1 	False	"자신의 삶을 버려야 일할 수 있는곳3교대 특성상 몸 망가지는거 각오"	애써 말하면 복리후생밖에 없음.. 피드백에 멘탈이 쎄진다?	점장 자격이 없는 사람이 점장인 경우가 많음추가근무 돈 안줌스케쥴 자비없음	워킹아워 조절좀 해주세요보여주기식 이벤트좀 작작하세요
2017/7/3	스타벅스커피코리아(주)	100	70749	528856	4.0	4.0	4.0	4.0	4.0	1	1	마케팅/시장조사	전직원	서울	 0 	False	"좋다. 직원에 대한 배려가 좋고 교육을 많이 하는거같다. 고객의 만족도를 항상생각한다."	교육을 자주 하려는거 같은 느낌이다. 직원의 복지에대해 상당히 생각하려는 느낌이 강하다.	근무시간을 유동적으로 조절했으면 좋겠다. 복지를 조금 더 신경써줬으면 좋겠다.	항상고생이 많으십니다. 그리고 직원들에 대해서 조금 더 생각해줬으면 좋겠습니다.
2017/7/30	한국맥도날드(유)	100	3616	540337	2.0	2.0	5.0	5.0	2.0	1	2	생산/제조	전직원	경북	 0 	False	"아르바이트가 좀 힘듬 같은 또래다 보니까 재미있음!!!"	같은 또래다 보니까 재미있음!!! 대기업이다 보니까 임금 꼬박꼬박 잘나옴.남녀 비율 좋음 ,자기가 원하는 시간에 아르바이트 가능	일이 좀 힘듬, 런치때 바쁨, 2~3달 아르바이트는 잘 안 받아줌 !!	바라는 점 따로 없음 . 최저 임금 말고 최저임금 +를 줬으면 좋겠음
2017/7/28	한국맥도날드(유)	100	3616	539840	4.0	4.0	3.0	4.0	4.0	1	1	생산/제조	전직원	서울	 0 	False	"알바했던곳 중에 제일 괜찮았던 곳. 체력적으로 힘들때도 있지만 근무하는 사람들이 좋아서 재밌었음."	1분 단위로 시급줌, 주휴수당, 야근수당 모두 줌, 가족같은 좋은 분위기, 근무하고자 하는 요일과 시간을 계속 변경할 수 있으므로 학생들이 아르바이트 하기에 최고임.	정규직(매니저)일 경우 교대근무를 해야함.(하루8시간 근무) 교대근무 패턴이 매번 다르므로 힘들어서 퇴사하는 매니저도 있음. 하루종일 서서 근무 하므로 최소한의 체력이 뒷받침 되어야 함.	맥도날드 외국계기업 그대로 갔으면.. 한국기업에 팔지 않았으면..
2017/7/27	한국맥도날드(유)	100	3616	539498	5.0	4.0	4.0	1.0	3.0	0	1	서비스/고객지원	전직원	경기	 0 	False	"열심히 하면 승진이 빠름 스케줄을 짤 수 있다는 장점이 있지만 사람들 때문에 조금 힘들고 일한 것에 비해 급여가 너무 적음"	열심히 하면 승진이 빠르고 스케줄을 직접 짤 수 있어서 투잡을 뛰거나 학교를 다니면서 일할 수 있음 그리고 칼퇴	매장마다 다르긴 하지만 같이 일하는 사람들이 남일에 관심이 많고 맥날 자체가 좁아서 소문이 막생김 일은 힘든데 힘든 만큼 돈은 안들어오고 정신적 스트레스 쩜	직원들의 불만을 들으면 해결해주고 남일에 관심좀 안가졌으면
2017/7/27	한국맥도날드(유)	100	3616	539197	4.0	4.0	3.0	2.0	3.0	1	2	서비스/고객지원	전직원	서울	 0 	False	"시스템이 철저함. 고객 관리가 매우 좋음. 서열문화가없음."	대기업이라 돈가지고 장난칠일 없음. 시간엄수. 시간이자율	시간이 자율이지만 그시간을 5분이라도 못지키면 1시간을 날림	지금처럼 쭉 하면 될것같음. 보편적이고 이상한 중소기업보다는 훨씬 나은 시스템
2017/7/22	한국맥도날드(유)	100	3616	537268	3.0	3.0	3.0	3.0	3.0	1	1	경영/기획/컨설팅	전직원	대전	 0 	False	"외국서비스 요식업계 중 괜찮다고 생각합니다."	연봉이 쌔며 소비자들이 제일 선호하는 햄버거 업계이다.	그만큼 일이 많고 항상 머리를 쥐어짜내야 하는 어려움으로 인한 피곤함	현 시스템 그대로 갈 수 밖에 없다. 햄버거를 먹으러 오는 사람은 계속되기 때문에.
2017/7/15	한국맥도날드(유)	100	3616	534105	5.0	3.0	1.0	3.0	2.0	0	None	서비스/고객지원	현직원	대구	 0 	False	"어린나이에 매니저진급이 가능함 알바를하다가 진급을하면 학벌안봄 연장근무가 잦음 업무가많음 3교대여서 힘듬"	나이를 딱히 보지 않고 업무능력도가 좋으면 진급이 빨라질수있음	진급하면 할수록 연장근무가 길어짐 시간은 주어지나 그 시간안에 못하면 끝없는 연장근무	IT계열이 너무 약함 맥도날드꺼만 사용하게해서 비효율적일때가 많음
2017/7/13	한국맥도날드(유)	100	3616	533439	4.0	4.0	4.0	4.0	4.0	1	2	서비스/고객지원	전직원	대전	 0 	False	"업무 시간에 비해서 급여가 적고 매일 햄버거를 먹어야 하지만 업무량은 적당해서 좋았습니다"	매니저분들과 아르바이트생들 사이에서 관계가 원만하며 서로 가족같은 분위기로 지낼수 있어서 좋습니다	매일 식사가 햄버거로 주어지기 때문에 건강상에 문제가 생길 수 있을거 같다는 단점이 있습니다.	아르바이트생들을 위한 식사개편 문화가 조금더 발전 했으면 좋겠습니다.
2017/7/12	한국맥도날드(유)	100	3616	532865	4.0	3.0	4.0	3.0	3.0	1	1	서비스/고객지원	전직원	경기	 0 	False	"자유로운 스케쥴 조정 및 신청으로 학업과 병행하기 편하며 첫 경험 아르바이트로 추천함."	자유로운 스케쥴 조정 및 신청으로 대학생들은 학교 다니면서 일하기가 좋고, 누구에게나 열려있는 승진의 기회가 장점. 채용시 나이, 성별로 차별하지 않음. 매장마다 상이하지만 대부분 자유로운 분위기. 외국계 대기업답게 주휴수당, 연장수당, 야간수당은 누락없이 정확하게 나옴.	매출이 줄어들거나 손님이 없어서 비교적 업무강도가 쉬워지면 스케쥴마감시간 전에도 퇴근시킴. 서비스업의 특성상 어쩔수 없으나 진상손님이 너무 많음.	지역마다 상이하나 내가 다녔던 지역은 라인이 있었음. 제발 윗물부터 똑바로 행동하시길...
2017/7/4	한국맥도날드(유)	100	3616	529170	3.0	3.0	3.0	3.0	3.0	1	2	서비스/고객지원	전직원	부산	 0 	False	"외국계회사라서 복지가 잘 되어있습니다"	스케쥴 조정 잘되고 체계가 잡혀있고 월급 제때제때 나오고 햄버거가 맛있다 휴무시간도 준다	퇴직금 못받게 할려고 시간 자른다 한시간 일했는데 휴식 보낸다 연장업무 자주있다	퇴직금이나 주휴수당 안줄려고 수 안썼으면 좋겠다 유니폼 너무 촌스럽다
2017/7/2	한국맥도날드(유)	100	3616	528585	4.0	4.0	4.0	4.0	4.0	1	2	서비스/고객지원	전직원	부산	 0 	False	"글로벌 기업이라는 자부심과 함께 직원에 대한 복지가 좋음"	글로벌 기업이라는 자부심과 함께 직원에 대한 복지가 좋음	최저임금의 고정관념. 그 이상의 급여를 받기 힘듬. 라이더들에게는 좋음	글로벌기업 답게 앞으로도 직원 복지에 힘을 더 써주십시오.
2017/7/25	(주)하나투어	100	49174	538089	3.0	1.0	4.0	3.0	1.0	0	1	영업/제휴	전직원	서울	 0 	False	"1등 여행사라는 자부심을 가지고 다닐 수 있는곳기대를 많이한만큼 실망이 배가 될 수 있는 곳"	팀 분위기에 따라 다르긴하지만 대부분 연차사용이 자유로움	연봉이 제일 단점야근수당, 식대 없으며 혼자서 살기에는 그럭저럭 살 수 있는 정도의 월급잦은 인사발령	퇴사자가 증가하는 이유에 대해 고민했으면. 귀와 눈을 열었으면.
2017/7/17	(주)하나투어	100	49174	535010	4.0	4.0	5.0	5.0	2.0	1	2	영업/제휴	현직원	기타	 4 	False	"국내 1등 여행사로서 가장 체계적인 여행업 구조를 가지고 있고 국내전반의 여행업을 배우기에 최고의 직장!"	휴양관련 복지혜택 많음(직원항공권 스페인,이탈리아20만원에 왕복가능)호텔사업도 병행하여 국내호텔 및 외식 특가이용가능(모텔비보다저렴)여행상품 직원 특가나올때 패키지 저렴하게 이용가능눈치 안보고 쓸 수 있는 연차여성들의 출산 및 육아휴직보장/ 남성도 육아휴직 사용가능살고있는 지역 위주 거점 근무 가능조건에 따른 재택근무 가능팀에 따라 다르지만 야근이 드물다팀에 따라 다르겠지만 즐거운 회식문화 즐거운 조직문화각 회사마다 불만은 많겠지만 그래도 국내에서 1등여행사답게체계적으로 직무들이 잡혀있다	조직이 커서 비효율적 운용이 되는 곳들도 있음또한 책임자가 너무 정책을 많이 바꿔서 거래처들의 반발을 살 때가 많다책임자가 라인세우기를 하는 모습이 생김본부에 따라 다르지만 본부파워가 좀 다름관리자들이 실무자들의 실무일을 잘 모를때가 많음여행업계에선 2등기업과 두배세배차이날정도로 격차가 크지만직원들에 대한 투자보다는면세점, 호텔사업, 외식업, tv프로그램투자 등 너무 많은 사업을 하려함	직원들도 회사 발전 매우 좋아하지만신사업투자를 90 직원에대한투자를 10으로 하지말고50대50의 균형있는 발전을 추구한다면더욱 좋은 기업으로 발전할 수 있을 것이다
2017/7/6	(주)하나투어	100	49174	530584	3.0	2.0	2.0	3.0	2.0	0	1	마케팅/시장조사	전직원	서울	 2 	True	"여행업게 big2 중 하나로써 자부심을 가지고 다니기 충분하다"	직원 할인을 통해 항공권을 싸게 구입가능함. 성수기 제외하고 야근이 적음.	수직적인 회사분위기가 잔존. 가끔 업무가 과도할때가 있음	명절 떡값이 좀더 올랐으면 좋겠습니다
2017/7/6	(주)하나투어	100	49174	530505	3.0	2.0	3.0	2.0	1.0	1	1	영업/제휴	전직원	서울	 0 	False	"국내 여행사 빅2중 하나로써 여행업무의 최고봉이라 볼수있다"	큰 회사인만큼 여행업계에서는 자부심을 충분히 느낄수 있음. 야근도 그리많지않고 성수기에 한해 종종 있다.	명절 상여금이 몇년째 잘안오르고 있다. 아직은 수직적인 기업문화. 낮은연봉	사원들에게 금액적으로 적당한 포상이 이뤄진다면 더욱 업무효울이 오를듯
2017/7/28	롯데지알에스(주) 롯데리아	100	78632	540023	4.0	5.0	4.0	1.0	1.0	1	1	서비스/고객지원	전직원	서울	 0 	False	"평생직장은 아니더라도 할만 함 괜찮은 것 같음"	봉급 밀리지 않고 확실하게 줌. 아침 점심 저녁 챙겨줌.대기업 프렌차이즈라 그런지 야간수당 주휴수당 등등 확실히 챙겨줌야근따위 없음	직원들과 아르바이트 간의 군기가 있음.솔직히 직원이나 아르바이트나 하는 일은 똑같은데 그냥 똥군기같음	내가 하는 곳만 이러는 지는 모르겠는데 씨씨티비로 감시하며 잔소리하는 점장님 너무 극혐임
2017/7/18	롯데지알에스(주) 롯데리아	100	78632	535116	4.0	3.0	3.0	5.0	5.0	0	1	서비스/고객지원	전직원	서울	 0 	False	"동종업계 비슷하거나 조금 낮은 연봉그 외 롯데리아라고 한다면 어르신들 사이에서 압도적으로 명성있음"	주휴수당은 확실히 챙겨주며 누구나 알고 있는 브랜드 이미지덕에 꾸준한 고객이 유치됨	어수선한 분위기 내에서 감사나 점검이 나오면 당황하는 경우가 발생또한 위생관리가 잘 되고 있지만 낙후된 시설을 갖춘 매장도 더러 있음	유니폼 선택에 자유가 있으면 좋을 것 같다. 무조건 어린 친구들만 채용하거나 알바로 뽑지 말고 다른 외식업계 경험이 있는 사람을 우대해줬으면 좋을 것 같다
2017/7/10	롯데지알에스(주) 롯데리아	100	78632	531832	3.0	3.0	3.0	3.0	3.0	0	1	생산/제조	전직원	경기	 0 	False	"사람들에 따라 다르다고 생각합니다 점포마다 차이가 있습니다"	수당이런면에서 좋습니다 서비스에 대한 지식을 배울수도있고 많은 경험을 하기에는 좋은 ㅈ아르바이트입니다	단점은 힘들수도잇고 컴플레인 은근많을경우 스트레스를 받스비다	아르바이트생을 위해 복리후생이 조금이라도 있으면 좋겠네요 대기업이니깐
2017/7/7	롯데지알에스(주) 롯데리아	100	78632	531115	4.0	2.0	2.0	2.0	2.0	0	None	생산/제조	전직원	광주	 0 	False	"최저시급주네요 그냥 남자는 햄버거 만들고 여자는 포스보고 커피마들고 아이스크림만들고 주뮨받고 앞에 쓸고 화장실청소하고 등등일함"	친한사람들끼리 하면 편함 친구들끼리 같이 지원해서 일하면 진짜 재밋음 글고 모르는사람이랑해도 금방친해져서 그점은 잼슴 한달에 한번 회식있고 매장마다 차이점은 밥먹을때 가격한도를 정해놔서 돈에 맞춰서 급식을 먹을수있음	매니저성격에따라 매장 분위기 좌우함 근무복 총촌스럽고 매장안에는 버거 조립때문에 에어컨 가동 안되서 너무 더워요 바닥도 미끄러워서 조심해야되고 마감칠때 기름 빼는거랑 청소하는거 진짜 다칠수도있으니까 조심하셔야됩니다.	매니저좀 잘뽑으세요 본사에서 교육받은분이 내려오는거 맞나모르겠어요 햄버거랑 주문잘받는거 말곤 그냥 알바랑 똑같아요
2017/7/6	롯데지알에스(주) 롯데리아	100	78632	530619	3.0	3.0	4.0	1.0	1.0	0	1	서비스/고객지원	전직원	전북	 0 	False	"그냥저냥 할 곳 없을 때 알바하기 좋은 곳. 그 이상도 이하도 아님"	면접과 채용되기까지가 쉽다. 주휴수당 받을 수 있다. 근무일을 내 일정에 맞출 수 있다.	텃세..ㅎ할 말 많지만 하지 않겠음. 매장마다 다르겠지만 상당히 비위생적이었음.	가격에 비해 내용물이 너무 부실함.. 가격을 내리거나 음식을 풍성하게 내놓았으면
2017/7/30	(주)세스코	100	71990	540448	3.0	1.0	3.0	1.0	1.0	0	None	영업/제휴	현직원	서울	 1 	False	"무덤덤하게큰 뜻을 갖지않고 다닐수 있는 회사업무강도가 세지않아서 좋음"	회사 1층 카페가 싸다 . 싸다....싸다..... 없음재 입사가 가능하다 (관리 허술의 극치)	고정층 외엔 신입사원이다.(그만큼 윗사람들이일을 안함) 본사 인원이 너무 자주 바뀌어 담당자를 찾기가 어렵다 (퇴사율 최고)월급이 자주 틀리게 나오며 내역에 대한 상세한 설명을 꺼려 한다 (쉬쉬하는 문화, 인사실은 질문하면 싫어함)	오래된 과,차장급 업무평가 필요7-8년정도 된사람들은 재평가해볼필요
2017/7/29	(주)세스코	100	71990	540242	1.0	1.0	1.0	1.0	1.0	0	None	서비스/고객지원	현직원	경기	 10 	False	"다닐수록 자존감떨어지고 자괴감만커지는회사 별한개도아까운회사"	주5일(그것마저 생산성이란 회사방침으로 주말근무까지해야할판),회사차지원 끝	꼰대기업문화,영업강요,잡무많음,쓸데없고 중복적인보고라인,오래되고 멍청한 말단하급관리자 월급루팡들이 사원들의견은 묵살, 수당없는 조근야근, 내가할거해도 쉬고있는꼴을 못봄,일을할수록 지침. .	사원들은 한없이 나가는데 관리자들소리만들으니 원인이파악안되지 사원들목소리에 귀기울여야함 본사 지사 다른세상, 오래된사람들은 전보좀시키길. . 고여서오래된곳은 썩기마련
2017/7/29	(주)세스코	100	71990	540177	3.0	3.0	2.0	2.0	2.0	0	1	IT/인터넷	현직원	서울	 0 	False	"업계 1위를 유지하고 있지만 빠르게 성장한만큼 내부 체계가 부족합니다."	업계 1위라는 타이틀과 기업 이미지가 좋은 편입니다.	외부적으로는 좋은 평가를 받고 있지만 내부에서는 낮은 평가를 받고 있습니다. 여러모로 체계가 부족합니다.	급격한 성장보다는 내실을 다지는 것이 중요해보입니다.
2017/7/26	(주)세스코	100	71990	538905	1.0	1.0	1.0	1.0	1.0	0	None	서비스/고객지원	현직원	충북	 7 	False	"직원 복지 거의 없고 연봉이 너무 낮음, 시간외 근무도 너무 많음"	회사 자체는 안정적인라 짤리지 않는다면 계속 다닐수 있음	신입이든 경력자든 급여에서 큰 차이가 없고 몇년이 지나도 같은 일을 반복하는 일임	쓸데없는 프로그램들만 만들지 말고 직원 복지좀 신경쓰시길
2017/7/21	(주)세스코	100	71990	537056	1.0	1.0	4.0	1.0	1.0	0	None	인사/총무	현직원	서울	 8 	False	"별 하나도 주기 싫은 회사.부서마다 업무강도 너무 차이가 큼. 10년전 입사자 빼고는 새로 들어와서 버티기 힘듬"	업계 1위이고 세스코란 이름때매 경력사항에 추가하기는 좋음	복지 제로, 연봉 낮음, 말도 안되게 수직적인 구조, 법적으로 없는 것도 있다고 우겨서 법적인일은 진행이 안되서 계속 문제가 생기는 회사. 특히 기획 포지션은 중간에 정신병 걸림	제발 직원말을 끝까지 듣고 대답 좀 하세요. 본인들 하고 싶은데로 예단하지말고! 당신들때매 직원들이 계속 나가는 겁니다. 퇴근 할때 눈치 주지마세요! 야간,휴일근로수당 미지급으로 신고해버리기 전에!
2017/7/20	(주)세스코	100	71990	536474	1.0	1.0	2.0	1.0	1.0	0	None	IT/인터넷	전직원	서울	 4 	False	"낮은연봉, 무능력한 과장급들, 정치스트레쓰가 만들어낸 최악의 업무환경. 신입으로는 절대 비추천"	사옥이 깨끗함. 사내식당 시설 깔끔. 고덕천이 걷기가 좋음.	낮운 연봉. 이해할 수 없는 경영시스템. 포괄임금제. 복지없음. 꼰대의 끝을 보여주는 실장급 이상 임원들. 굉장히 높은 퇴사율과 끈질기게 다니는 무능력한 과장급들.	본사직원들의 불만에 눈닫고 귀닫지말고 듣는척이라도 해줬으면.
2017/7/19	(주)세스코	100	71990	535678	1.0	2.0	3.0	1.0	1.0	0	1	영업/제휴	현직원	경기	 3 	False	"직원을 아끼지 않는 회사, 오로지 회사의 성장만을 우선시 하는 회사!"	월급이 미리거나 직원을 자르지는 않음 하지만 대부분 지쳐서 나감, 회사차를 지원해서 출퇴근시 활용가능	시장에서는 경쟁보다 내부 경쟁이 치열한 회사 그사이에 직원들은 많은 스트레스 받음본사에서 현장과 소통하지 않음, 현장감 없는 정책 추진	제발 형식적으로가 아닌 직원들의 말에 기울려주세요. 직원들의 사기가 좋아야 본사 정책도 성공할 수 있습니다.
2017/7/5	(주)세스코	100	71990	530168	3.0	2.0	2.0	2.0	2.0	0	None	경영/기획/컨설팅	전직원	서울	 7 	True	"독보적인 위치로 안정적이나 사내문화가 중소기업 급 종합적으로 좋다고 말하기가 좀 그럼."	재무상태가 건전해서 짤릴걱정은 없음 하지만 건전한 만큼 직원복지에 힘쓰는 것 같지는 않음 그냥 그럼	규모에 비해 연봉이 적고 사내 정치 심함. 허리라인 부족으로 일 배우기도 쉽지 않고 사내 프로세스가 적절하지 않음	직원에게 신경좀 쓰고 주는 만큼 일한다는 것 잊지 말아줬음 하자 조금 주고 일은 열라 시킬려고 하니까 자꾸 나가는거다
2017/7/5	(주)세스코	100	71990	529687	1.0	1.0	1.0	1.0	1.0	0	1	인사/총무	전직원	서울	 5 	False	"속빈강정, 겉만 번지르르, 수직적인 구조와 전근대적 오너마인드, 업무강도 낮고  부서별 편차 심함  사내정치 심함 낮은연봉과 복지 무"	인지도, 깨끗한 신사옥이라 처음오면 좋은 인상을 받을수도 있음	기업자체의 컨텐츠가 허술하고 주먹구구식 경영, 겉만번지르르하게 포장하는 기업 직원들의 고혈을 짜서 오너일가가 다 가져가는 방식	사내정치 심하다 경영진이 가장 큰 문제이고 기업의 과대포장에만 심혈을 기울이지말고 내실을 다지길바람
2017/7/31	씨제이푸드빌(주)	100	23183	540694	4.0	3.0	4.0	3.0	4.0	0	2	서비스/고객지원	전직원	서울	 0 	False	"문화마케팅으로 일군 대외적 이미지와는 조금 다른 근무환경과 문화"	누구나 아는 기업의 부서라 주변에 이야기하면 다들 좋은 직장이라고 생각함	전문적 지식을 갖추지 못한 상사들로 인해 조금 어려움이 있었다 또한 직원을 소중히 여겼으면 하는 생각..	현장에 투입 되기전 철저한 교육이 필요하다는 생각을 해보았다
2017/7/17	씨제이푸드빌(주)	100	23183	534578	1.0	2.0	1.0	1.0	1.0	0	1	영업/제휴	전직원	해외	 2 	False	"미국에서 헬조선을 느낄수 있었던 기업"	장점이라면 의료보험이 다른회사보다 지원을 많이 해줬고 연차 맘대로 쓸수있었음. 자기개발하고 싶다면 온라인 강의 일년에 1000불이내 쓸수있다는거정도.	모든 일들이 비효율적으로 돌아감. 한국의 대기업을 생각하고 입사했다간 낭패. 개낭패. 미국에선 걍 중소기업임. 돌아가는 꼬라지도 노답임.  참 안타까움.	미국에서 살아남고 싶으면 미국문화를 좀더 받아드리고 미국사람들의 생각을 존중해줘야 한다고 생각함. 한국식으로 운영하고있기때문에 성장이 매우 더딤.
2017/7/14	씨제이푸드빌(주)	100	23183	533653	3.0	4.0	2.0	3.0	2.0	0	1	생산/제조	전직원	충북	 0 	False	"계열사 중 상위권은 아니나 cj문화를 알수 있는 기업이라고 생각합니다 좋지도 나쁘지도 않은 기업이라고 생각합니다"	cj계열사 답게 복지 정말 좋다고 느낌퇴사하였지만 복지하나만큼은 인정	평가를 잘 받아야 근속년수도 길어지고 자기발전이 꾸준히 되어야 함 좀 힘들지도	현장의 소리를 들어주세요 퇴사자가 많다는 건 이유가 있는겁니다..
2017/7/2	씨제이푸드빌(주)	100	23183	528443	1.0	1.0	1.0	1.0	1.0	0	None	디자인	전직원	서울	 2 	False	"씨제이라는 그룹사안에 포함되어 있으나 계속된 적자로 유명무실한 중소기업과 다를바 없는 구조와 인프라로 이루어진 회사. 그룹사의 우산효과가 아니였더라면 진작에 계열사 흡수 혹은 존재 자체가 불투명했을 곳."	결국 푸드빌도 씨제이라는 타이틀을 달고 있기에 네임드 브랜드의 업무를 다양하게 진행 가능하고 관련 포트폴리오가 풍부하게 생성된다. 타 기업으로 이직하기 위한 발판이 되는 회사.	디자인 경영을 한다는 미명 아래 상품이나 인테리어나 마케팅이나 각부서 프로젝트를 어느 파트이든 디자인팀에 귀속시키고 연관지어 책임을 전가함으로 과부하의 업무가 걸린다. 인원은 매우 늦게 보충하거나 아예 않으며 이에 반해 씨제이에 걸맞는 높은 퀄리티를 요구하다가 언론에 대서특필된 소속 제과브랜드의 디자인 카피사건을 터뜨리기도 하였다. 보고를 위한 보고의 보고라인이 겹겹이 있으며 이에 맞추어 일정이 무리하게 진행되다가 터지면 후발단계인 디자인팀이 뒤집어쓰는 경우가 많다. 기준이 전혀 없는 인사팀으로 인해 사람에 따라 인정받는 연차와 직급과 연봉이 천차만별이라 입사시 협상을 잘해야한다. 디자인 직군과 그외 직군의 동일연차 비교시 더 낮게 차등을 두며 출장등 시장조사 기회 없이 소모품으로만 사용한다. 계열사인 제일제당과 비교하였을 때 디자인적으로 차별화되어있다는 자부심을 느낄 만큼 퀄리티가 따라주지 않지만 업무능력보다는 정치로 돌아가기 떄문에 소위 말빨로 있어보이게 하는 디자인이 더욱 중시된다. 여자가 많아 입조심을 해야 살아남는 분위기에 지금은 어찌 변했는지 모르지만 디자이너로서는 미래가 보이지 않는 기업.	씨제이라는 타이틀이 부끄럽지 않게 말로만이 아닌 정열창의 진짜 기업문화를 보여주었으면 좋겠습니다. 문화를 만드는 기업으로서의 자부심이 디자이너로서 일하는 큰 가치일텐데 실상 겉모습만 보고 입사하였다가 이도저도 아닌 한국 기업의 모든 치부를 느끼게 됩니다. 문화를 만드는 자부심을 살려주세요.
2017/7/27	유베이스(주)	100	87279	539491	5.0	5.0	2.0	5.0	4.0	0	1	서비스/고객지원	전직원	경기	 1 	False	"기계과 되는 경험을 할 수 있다. 반복되는 업무. 적성에만 맞으면 좋은 직장"	월급 밀릴일없고 공휴일 다 쉼. 야근 거의 없음 칼퇴근 가능	쉴새없이 콜을 돌려야한다. 콜수의 압박. 쉬는시간 갖기 힘들다	콜업무의 특성은 알겠지만 사람은 기계가 아니다
2017/7/10	유베이스(주)	100	87279	531687	2.0	2.0	3.0	2.0	2.0	0	1	서비스/고객지원	전직원	경기	 2 	False	"아르바이트 하기엔 좋은 회사오래 일 하기엔 힘든 회사"	쾌적한 환경칼퇴근 가능추가 근무수당 꼬박 나옴각자 업무라 눈치 안봄업무 쉬움, 반복업무	감정노동이라 업무강도가 쌤입사율,퇴사율이 높음, 사람 회전력이 빠름(거진 아르바이트 생이라 1년이상 근무자 찾기힘듬) 1년이상 근무해도 근속수당 없음 오래해도 급여는 똑같음거진 최저시급에서 주는거라 추가수당 적음경력 쌓여봤자 서비스 직이라 쓸대가 없음.	일의 강도에 맞는 급여를 줘야 합니다.사람 물갈이 보단 기존 직원들을 우대해줘야 합니다.
2017/7/5	유베이스(주)	100	87279	529672	1.0	1.0	1.0	3.0	1.0	0	1	서비스/고객지원	전직원	경기	 1 	False	"입사와 퇴사가 쉽고 능력보다 인맥이 많고 무조건 오래버티면 승진되는 곳"	다양한 사람들과 친해질수 있고 너무 깊이 빠져들지만 않는다면 전화업무가 재미있음	매일 모르는 사람에게 듣는 욕 ㅋ 콜 받으라고 소리치는 지겨운 외침에 스트레스 만땅임	제발 능력으로 승진시켜줬으면 함...... 일처리 제대로 못하는 팀장때문에 선임들만 고생함
2017/7/26	아워홈(주)	100	68269	538771	2.0	2.0	2.0	5.0	3.0	0	None	연구개발	전직원	경기	 0 	False	"업무강도가 너무 높지만 그에 대한 보상이 적은편인 것 같음"	팀마다 다르겠지만 팀원들 사이의 분위기가 매우 좋음. 일 배우기는 좋을듯. 복지가 나쁘지 않음	업무강도가 높은데 연봉은 타기업에비해 적은 편. 회의가 많고 애근도 많지만 야근수당 없음. 연차쓸때 눈치보이지만 연차소진 강요함	딱히 없지만 복지에 좀 더 신경을 써줬으면 좋겠습니다.
2017/7/25	아워홈(주)	100	68269	538490	3.0	2.0	4.0	2.0	2.0	0	1	경영/기획/컨설팅	현직원	서울	 0 	False	"종합식품회사로 전반적인 회사 시스템이 갖춰진 회사이다.범 엘지계열이며, 관리자들은 엘지입사 멤버들이 대부분임"	업무강도는 보통수준이며, 복지제도는 동호회활동을 지원해주거나 경조금제도가 괜찮은 편임	급여는 그냥 굶어죽지않을 수준이며, 인재육성을 위한 교육체계는 있으나 본인이 알아서 잘 커야함	회사에서 일하는 사람들이 일 좀 할수있게 도와주었으면 좋겠음
2017/7/18	아워홈(주)	100	68269	535201	3.0	3.0	3.0	2.0	3.0	0	1	영업/제휴	현직원	기타	 0 	False	"부서에 따라 다르겠지만 큰 무리없이 다닐 수 있는 회사다만 직급 피라미드가 너무 심각함"	부서에 따라 다르지만 휴가를 최대한 보장해줌여성들경우 육아휴직도 잘쓰게 해줌업무도 본인 스타일에 따라 진행가능	직급 피라미드 현장이 심각사원급 대리급 직원 관리를 너무 못함이직 또는 퇴직율이 높음	사원/대리급은 과장급이아닙니다.입사 1-3년차에 과장급 능력을 바라는건 너무하다는 생각이듭니다.
2017/7/14	아워홈(주)	100	68269	533810	4.0	4.0	3.0	4.0	3.0	1	1	금융/재무	전직원	서울	 1 	False	"장점 엘지에서 분사후 꾸준한 성장으로 회사규모가 크고 안정적이다. 비교적 사람들의 분위기가 좋고 복리후생이 괜찮은편.단점 사무직 급여수준이 경쟁사 대비 낮은편"	엘지에서 분사후 꾸준한 성장으로 회사규모가 크고 안정적이다. 비교적 사람들의 분위기가 좋고 복리후생이 괜찮은편예를들어 경조사비 타사대비 많음. 여성 직원이 많다보니 육아휴직 후 복직 괜찮은편	출근 8:30 퇴근 18:30 으로 일반적인 타사보다 1시간 많음	직원들이 정말 즐겁게 일하는곳. 자부심을 느낄수 있는 곳을 만들어주시길
2017/7/9	아워홈(주)	100	68269	531662	2.0	3.0	3.0	2.0	1.0	0	1	서비스/고객지원	전직원	경기	 0 	False	"영양사가뭔지제대로알게해주는곳 영양사연봉이그나마괜찮은편"	정확한월급 다양한교육을실시하려고함발주시스템도괜찮음. 강남에본사가있음ㅋ	비합리적인인사.원거리발령.복불복점포발령으로 개인고과가좌지우지.위탁사갑과 을의 관계에서무지힘듦	지금퇴사해서그다지관심없음.1등하는위탁급식되길앞으로도수고하세요
2017/7/4	아워홈(주)	100	68269	529366	3.0	2.0	1.0	2.0	1.0	0	None	미디어/홍보	전직원	서울	 1 	False	"오너 입맛에 따라 제품을 만드는 식품회사. 정치를 많이 하는 회사. 여자가 다니기에는 나쁘지 않음."	그래도 LG계열쪽 회사라는 점. 출산휴가, 육아휴직은 편하게 쓰는 편. 경조금을 많이 준다.	일하는 사람보다 정치하는 사람이 많다. 긴 근무시간도 단점. 근무시간에 비해 급여가 적다. 오너에게 현실적인 조언하는 사람은 한명도 없는 듯	8시간만 근무하게 해주세요. 퇴근시간 앞당겨주세요.
2017/7/17	(주)커피빈코리아	100	53841	534731	4.0	2.0	1.0	2.0	2.0	0	1	서비스/고객지원	전직원	경기	 0 	False	"특수지역에 근무해서 출근이 힘들었음 따로 비용은 택시비만 지원되었음."	커피를 하루에 한잔씩 제공받을수있고 시급이 타 아르바이트보다 높았다	연차가 너무 적었고 월급에 비해 해야하는 일이 너무 많았다	한달에 한번씩 오시는 차장님이 너무 무서웠다 엄격하시다
2017/7/8	(주)커피빈코리아	100	53841	531371	3.0	2.0	1.0	2.0	1.0	0	1	서비스/고객지원	현직원	서울	 0 	False	"커피일을 처음하는 입장에선 좋은 편. 열정페이로 유명한 커피바닥에선 그래도 최소한은 해주는 편이니까 나쁘지않음. 하지만 오래일해서 좋은 꼴 보는 회사가 아님."	근로계약서에 기간제한이 없음점장이라고 갑질하는 매장은 흔하지 않음(경험상)	점장달아도 스타와 급여에 큰 차이가 없음윗선은 윗선대로 아래직원들은 그대로 눈치봐야함. 새우 등 터지는 꼴 많이 봄.연차도 마음대로 못 씀매장에 오래 근무한 사람들 줄줄이 퇴사하는 덴 이유가있음	최고의 서비스를 원하면 급여를 올려줬으면신입스타뽑을 때 좀 정상적인 인간을 뽑아줬으면
2017/7/6	(주)커피빈코리아	100	53841	530649	3.0	3.0	3.0	2.0	2.0	1	1	서비스/고객지원	전직원	서울	 0 	False	"본사에서 관리하기 때문에 관리가 체계적이다"	다른 프랜차이즈에 비해 음료 퀄리티가 좋은 편이고 매장 운영이 잘 되는 것 같다. 급여 계산이 정확한 편이다.	근무한지 오래되서 기억은 잘 나지 않지만 겨울철 매장 시설 관리 부분이 미흡했던 것 같다.	타 브랜드에 비해 음료의 다양성이 부족해 보인다.
2017/7/5	(주)커피빈코리아	100	53841	529667	4.0	2.0	5.0	4.0	3.0	1	1	생산/제조	현직원	서울	 2 	False	"커피회사를 원한다면 나쁘지 않은 곳. 직원 관리가 체계적으로 되어있다. 다른 국내 커피회사에 비하면 안정성이 높다"	업무분담 체계가 확실해서 내가 하지 않아도 될 일을 떠맡는 일은 없다. 자기 시간 활용하기 좋다.	복지 제도가 다양하다고 하지만 쓰는 모습을 본 적 없음. 좋지 않은 연봉. 근속연수 길지 않음	직원들의 불만을 해결해주는 회사가 되었으면 함. 프로 직원들이 다 나가고 계속해서 신입만 뽑으면 결국 회사 손해.
2017/7/26	(주)호텔신라	100	47377	539072	3.0	3.0	3.0	3.0	3.0	1	1	서비스/고객지원	현직원	서울	 1 	False	"사업부마다 차이는있지만 상위층 사람들을 만나고 경험할수있음"	복리후생이좋음 육아휴직2년 을 사용할수있음 눈치보지않고 사용할수있다	사업부마다다르지만 정규인력최소화 및 외주직원들 고용으로인한 업무 과중	브랜드에 걸맞게 아웃소싱은 이제그만했으면합니다 최상의서비스를 제공해야하는 곳에서 아웃소싱을 통해 무너지지않게
2017/7/20	(주)호텔신라	100	47377	536539	3.0	4.0	3.0	3.0	3.0	1	2	유통/무역	전직원	서울	 0 	False	"많은 경험을 쌓을 수 있고 다양한 업무를 배우기에 괜찮다"	연차자유롭게 쓸 수 있음, 복지가 정규직들과 동일함, 구내식당 밥 맛있음	계약직과 정규직 사이에 알게모르게 넘을 수 없는 선이 있다	계약직들을 위한 좀 더 나은 환경을 만들고 차별두지 말았으면 좋겠습니다
2017/7/19	트랜스코스모스코리아(주)	100	51105	535797	3.0	3.0	4.0	3.0	2.0	0	1	서비스/고객지원	전직원	서울	 0 	False	"첫 직장으로 나쁘지 않음, 하지만 오래 바라보고 일할 곳은 아님"	야근을 하게 될 경우 연장수당을 칼 같이 챙겨줌. 출퇴근 시간이 보장되어 있음. 워라밸 나쁘지 않음. 동료들이 착하고 텃세같은 것이 없는 편.	근무했던 부서는 정치질이 매우 심했음. 흔히 말하는 라인을 잘 타지 못하면 가차없이 전배 당하거나 제 발로 나가게 만드는 회사였음. 업무 자체가 형식적이고 틀에 박혀있기 때문에 내가 발전할 가능성이 없음. 연봉 적음.	전배를 보내는 사유가 타당성 없을 때가 많음. 윗선에 찍히면 살아남기가 힘든 점이 매우 단점이다.
2017/7/5	트랜스코스모스코리아(주)	100	51105	529951	3.0	3.0	5.0	3.0	4.0	1	2	서비스/고객지원	전직원	서울	 0 	False	"홈플러스 콜센터 알바로 하기에는 나름 다닐만 한 곳이다."	월급이 꼬박꼬박 잘 나옴. 알바생들 수당을 잘 쳐주는 편. 교육이 체계적이어서 처음하는 사람도 차근차근 배울 수 있음. 관리자들이 인간적임-2016년 기준	정직원이 되기에는 글쎄... 들쭉날쭉한 스케줄 근무에 알바보다도 어쩌면 돈을 더 못버는 경우도 생김.	저는 계약직으로 일했었지만 정직원들 처우 개선을 해주길 바랍니다. 알바생들보다 중요한 게 정직원인데 정작 소중한 사람 생각못하는듯
2017/7/7	씨제이푸드빌(주) 빕스	100	91680	530787	4.0	4.0	4.0	5.0	4.0	1	1	서비스/고객지원	전직원	서울	 0 	False	"첫알바로 괜찮다. 야근수당 초과수당 다 잘쳐준다. 사람들도 좋다."	출퇴근을 지문으로 찍어서 기록이 정확하고, 알바비도 정확하게 들어온다. 빕스 알바할인되서 좋다	지점마다 다른데 가끔 답답한 매니저나 점장님 만나면 일이 너무 힘들어진다	요새 빕스가 많이 망해가는거같던데 첫알바치곤 좋은 추억을 갖고 있어서 개인적으로 옛날처럼 빕스가 더 흥했으면 좋겠네요
2017/7/22	(주)유니에스	100	87274	537298	1.0	1.0	2.0	1.0	2.0	0	1	서비스/고객지원	현직원	서울	 4 	False	"퇴근시간이 대체로 지켜지는 편인듯 상사에게 한번씩 깨지는건 당연하고 고객한테 당하는게 더 스트레스 임금대비 기업이 바라는 수준이 높은편"	대한항공 건물에서 밥이 나오기 때문에 점심이 괜찮음 입사가 쉬움 와서 버티는건 자기 몫	캐쥬얼정장도 못 입게함 굉장히 보수적이고 업체자체에서 대한항공 눈치를 많이봄 밥도 대한항공직원들 다먹은다음에 먹으라하고 교육생때 너믄 다그침	너무 방대한 교육내용. 짧은 기간 내에 너무 많은 내용을 숙지 시키고 익숙하지 않은게 당연한데 사고쳤다고 혼내고 사고친 내용을 소문냄 업무 전에 여유있는 실습기간 필요 강사를 다그친다고 될게 아님
2017/7/8	(주)에스텍시스템	100	89310	531275	1.0	3.0	1.0	1.0	2.0	0	1	서비스/고객지원	전직원	서울	 0 	False	"진짜 최악중최악. 팀장이 사원한테 뇌물이랑 선물 쳐받고 나이많은 사원한테 팀장도 꼼짝못함."	일은 정말편함. 일하는데마다 다르기는하지만 본인이 일했던곳은 매우편했음. 이게 끝	아랫사람한테 욕은 기본이고 자기네들도 그랬기떄문에 남한테 욕하는게 너무 당연하다고생각함. 군대서 짬은못박겠고 오랫동안 일한 짬밥으로 남갈구고 싶으면 추천할정도	진심 보안이라는 이름가지고 신입들 일하는거 등쳐먹을생각하지말고 양보다는 질로 사람뽑았으면 좋겠음
2017/7/8	(주)에스텍시스템	100	89310	531160	5.0	3.0	1.0	1.0	4.0	1	1	서비스/고객지원	현직원	서울	 19 	True	"사업장 마다 근무난이도 및 업무환경 복지(식사등)조건이 다름 신입사원의 경우 단순 업무로(고객응대, 출입통제, 순찰)업무가 어렵진않음(개인차있음)사업장 관리자의 경우 영업, 서류관리, 사업장 인원관리(근무상태, 피복, 인원숫자)가 주업무주야 교대근무(호불호갈림)승진때마다 급여가 많이 달라짐 승진으로 인한 급여상승 직책수당 있음."	철저히 자기능력형 승진 및 진급 멍청하고 일안하면 평생 10년 일반사원 자신이 노력하며 똑똑하게 일하면 빠른진급. 칼퇴근, 칼월급 일반 파견직들과 달리 에스텍 시스템 정규직 채용이고 사업장 철수시 타 사업장 이동으로 해고가 없음. 못배운것치고 적잔게 주는 월급 물론 신입사원은 최저임금 이지만 주간팀장 2016년 기준 연봉3500~3800정도 알고있음. 자녀 대학학자금 지원	야근 근무로 인한 건강과 삶의 균형이 망가짐. 약속잡기 힘듬. 신입사원들의 기본급 상승여부가 많이 어려움. 파견직의 현실 최저임금이 7%오른다고 계약선에서 계약료를 7% 올려주지 않음 3%~5%만 올려줘도 감지덕지 해야하는 실정 이로인해 신입사원들의 월급이 많이 오르기 힘듦 기본급은 상승하나 시급외 수당에서 줄이는 수밖에 없음. 장점이자 단점인 진급만이 살길임. 남자들이 대부분인 직장이며 사업장 마다 다르긴 하나 군대적인 문화가 없잔아 있음 하지만 타직장도 경험해 본 사람으로 윗사람 만나기에 따라 다름. 육체적 노동은 공장등 기술직에 비해 적음 서서근무하는 사업장이 대부분으로 서서 주변경계 및 고객응대 출입통제가 주업무 필자기준 육제적 난이도는 낮은편. 정신적 스트레스가 심함.단순 알바형식으로 입사시 많이 힘들수도 있음.	사업장별 실태확인으로 인한 사원들의 에로사항 개선을 부탁드림니다.
2017/7/5	(주)에스텍시스템	100	89310	530193	2.0	2.0	1.0	1.0	1.0	0	1	서비스/고객지원	현직원	경기	 0 	False	"군대 시즌2. 사업장 별로 업무환경, 복지후생, 급여, 사내문화 등 천차만별.사업장 별로 별개의 회사라고 해도 될 정도."	아르바이트라고 생각하면 나쁘지 않음. 식대, 교통비까지 급여외로 지원되는 사업장일 경우. 실수령액이 200 정도 된다고 봄. 대기업 사옥, 연수원, 생산단지, 박물관, 코엑스 등등 사업장 별로 업무환경이 너무 많이 차이가 나기 때문에 처음 면접보러 갔을 때 일할 사업장이 어떻게 돌아가는지 알아두는게 좋음.	팀장 정도 달아야 자기 삶 돌아볼 여유 생김. 근데 팀장 달려면 10년 정도 다니는건 기본 줄도 겁나 잘 타야함. 평생직장으로 비전 없음. 장점이자 단점은 환경이 사업장 별로 복불복이란 것. 식대, 교통비까지 고객사(사업장)에서 지원해주는 곳도 있고 자기돈으로 끼니 해결해야 하는 곳도 있음. 진짜 뭐 같은 곳이면 170조금 넘는 월급으로 밥값, 차비까지 내고 정작 쓸 돈은 150. 평균연령, 사내문화, 업무난이도 등등 천차만별. 사업장만 좋은 곳이라면 등록금, 유학자금 등 자기개발을 위한 목돈 마련 목적이라면 나쁘지 않은 선택.. 취업 목적이라면 비추.	사업장 간의 인사 이동 및 교류가 신규 관리자 선발 외에는 거의 없고특히 관리직들의 경우엔 쉽게 나태해지는 경우가 많음. 정기적인 사업장간 인사 이동, 교류 및 관리직 검증이 필요함.
2017/7/1	(주)에스텍시스템	100	89310	528258	3.0	3.0	1.0	1.0	1.0	0	1	서비스/고객지원	전직원	서울	 1 	False	"군대적 문화로 나이가 많아도 먼저 들어온 사람에게 선배대우 해드려야함"	칼퇴는 가능하나 정말 딱 일 끝나는 시간 옷갈아입고 청소 하다보면 퇴근시간 훌쩍 넘음	윗사람들의 갑질이 심함 무조건 자기들 말만 옳고 그름 군대라고 생각하면 딱 맞음	수평적으로 유지 했으면 좋겠음 ...............
2017/7/14	에스원(주)	100	65658	533668	3.0	3.0	3.0	1.0	1.0	0	1	연구개발	현직원	서울	 1 	False	"경직된 기업 문화와 연구가 외면 받으며 잘못된 경쟁의식이 있는곳 관리직들의 보수적 성향으로 인해 신기술 적용이 힘듬"	안정된 수익 구조로 인해  인센티브등을 고정적으로 받을 수 있우며  욕심을 버리면 오랬동안 다닐 수 있는 회사	보수적이고 경직된 기업 문화 연구를 외면하고 교육의 기회가 적어  연구직자들을 무능력 하게 만듬  그리고 경쟁등으로 인해 동료간 융합이 힘듬	단기적 성과도 중요하지만 장기적 관점에서 연구 개발을 할 필요가 있으며 경쟝적 구도 보다는 상생적 업무 분위기 조성이 필요함
2017/7/3	에스원(주)	100	65658	528915	3.0	3.0	3.0	3.0	3.0	1	2	서비스/고객지원	전직원	경기	 0 	False	"보람을 느끼면서 할수있으나 체력이 뒷받침 되어야함"	대기업이다 보니 기반이 탄탄한건 부정할수없다고 생각하고 동종업계 1위로 관심이 있다면 자부심을 가지고 다닐만합니다	온전한 자기생활은 사실상 불가능에 가까움 가정이 있다면 괜찮지만 운전말고 여러모로 피곤한 일이 많음	딱히 바라는건 없고 더욱 서비스업이 발전하기 위해서 서로 의사소통이 잘되어야한다고 생각합니다.
2017/7/31	한국마사회	100	86726	540795	1.0	5.0	4.0	2.0	2.0	0	1	서비스/고객지원	전직원	서울	 1 	False	"월급이 많지만 그것 이외에는 별로 추천하고 싶지 않음."	아르바이트 치고 월급을 많이 줌, 복지가 좋다. 이게 최대 장점. 이거 하나 보고 온다고 해도 과언이 아님	그러다 보니 장기 근속자가 많음. 아르바이트면서 텃세 부리는 것도 웃기고 직원들은 일을 안함.	직원들이 80번대 사번이 많은데 그 때에나 통용될 주먹구구식 운영 방식을 좀 버렸으면 좋겠음.
2017/7/28	한국마사회	100	86726	539830	2.0	4.0	3.0	3.0	2.0	1	1	서비스/고객지원	전직원	광주	 0 	False	"스트레스 많이 받지만 최저시급보단 많이주고, 상여금 챙겨줘서 좋다."	보수가 적지 않고, 다양한 경험을 할 수 있어서 좋다. 공기업이니 만큼 무리한 요구나 대우받지 않는다.	돈과 관련된 업무를 주로 하기 때문에, 아니면 손익보는 고객이기 때문에 고객 관리가 어렵다.	아르바이트생에게 국민연금 고지되도록 놔두는건 너무 무책임하다.
2017/7/21	한국마사회	100	86726	536802	3.0	4.0	4.0	3.0	1.0	1	None	서비스/고객지원	현직원	경기	 0 	False	"대학다니면서 용돈벌이하기 좋은 곳 취업전까진 다니기 좋음"	다른알바에 비해서 돈을 많이줌. 다른 주말알바생들과 비교했을때 많이받음. 상여금도있음	알바인데도 정직원처럼 요구하는것이 많음.. 고객들의 막말도 버티기 힘듬. 전에 성희롱 당한 알바생을 봤는데 조치도 별로	제발 모니터링 좀 적당히 해주셨으면... 모니터링을 돌린다고 서비스가 나아지는게 아닙니다
2017/7/20	한국마사회	100	86726	536388	4.0	5.0	3.0	5.0	4.0	1	2	서비스/고객지원	전직원	인천	 0 	False	"근무 환경이 좋으며, 일하는 시간에 비해 급여가 좋은 편입니다단기간 할것으로 추천 합니다"	근무환경 , 복지 , 편의시설 등. 계약직인데도 불구하고 대우 조건이 좋은편임. 근무가 어렵지 않아 근무자들의 인상이 밝음	업계 특성상 항시 주말 출근에 야간경마 진행 시 늦게 일이 끝나 개인적인 생활이 힘듬. 또한 사람을 직접 상대하는만큼 사람 상대하는 스트레스 항시 존재함	일인당 맡아야 하는 구역이 너무 넓습니다. 추가 인원을 더 배치하여문제 발생시 즉각 대응 가능할 수 있도록 부탁 드립니다
2017/7/1	한국마사회	100	86726	528320	2.0	4.0	3.0	3.0	1.0	1	None	서비스/고객지원	전직원	서울	 0 	False	"합법적 도박을 운영하는 곳이라 매우 안정적"	정직원으로 들어가면 좋다. 경마 특성상 주말이 가장 바쁜데 알바들이 일을 거의 다한다고 보면된다. 알바는 2명이 할 일을 한명이 한다면 정직원은 1명이 할 일을 2명이 한다고 보면 된다.	주말근무, 도박꾼들 대응이 힘들다. 남들 다 쉬는 주말에 일하는거, 말 안 통하는 도박꾼들한테 친절하게 대응하는거 쉽지 않다.	효율적 경영을 했으면 좋겠다. 다른 레져거리가 늘어나는 상황에 현실에 안주하면 안 된다.
2017/7/26	세일즈웍스 코리아(유)	100	90449	539086	2.0	1.0	3.0	4.0	3.0	0	1	마케팅/시장조사	전직원	서울	 1 	False	"하는만큼, 배우는 자세가 곧 자신의 급여로 직결되는 인센티브제 회사"	자신이 하는 만큼 기대할 수 있는 100프로 인센티브제도	인센티브제도가 양날의 검이다. 자신에게 돌아오는 장단점이 있지만, 자신없다면 비추천한다.	회사 분위기는 좋습니다. 더욱 발전해나가시길 바랍니다.
2017/7/22	세일즈웍스 코리아(유)	100	90449	537177	5.0	4.0	5.0	4.0	5.0	1	2	경영/기획/컨설팅	현직원	서울	 0 	False	"경력쌓기 좋고 많은것을 배우고 누구에게나 기회가 있는 회사."	먼저, 외국계 기업답게 서열에 관계없이 존댓말을 하며 서로 존중 하는 곳입니다. 평균연령대가 낮기 때문인지 활발한 분위기에 업무를 할수 있고 많은 회사들과 다르게 많은 좋은 사람들과 근무 할 수 있는 곳. 또한, 영어지원비 지원과 의료비 지원, 연차를 미리 쓸 수 있는 제도 (회계년도 별 선지급)등 여러 복지를 가지고 있는 회사.  업무공간에 음악이 나오는 회사, 테라스가 있어 휴식공간도 있는 회사.	건물에 흡연장소가 따로 없는 부분이 단점이라면 단점입니다.	각 경영진에게 조금더 권한과 힘을 주었으면 좋겠습니다.
2017/7/19	세일즈웍스 코리아(유)	100	90449	535604	4.0	3.0	3.0	4.0	4.0	1	2	마케팅/시장조사	현직원	서울	 3 	False	"외국계 기업의 메리트를 그대로 가지고 있다.자신의 정당한 노력과 뒷받쳐주는 팀원만 있으면 파격적인 승진이 가능하다."	세일즈 회사다보니 분위기가 서로 독려하며, 비교적 젊은 편이다. 하는 만큼 가져가기 때문에 목표달성 시 성취감을 느낄 수 있다.	반면에 100퍼센트 성과제다보니 안정적인 임금을 유지하기 어렵다. 또한 야외활동이 잦다보니 체력적으로 힘이 든다(겨울 및 여름)	어느정도의 복지가 있었으면 좋겠다.(팀전체로 쓰는 유류비 등)
2017/7/17	세일즈웍스 코리아(유)	100	90449	534908	2.0	1.0	2.0	3.0	2.0	0	None	영업/제휴	전직원	서울	 3 	False	"분위기가 자유로운곳이며 젊은 친구들이 많습니다."	팀장과 잘 소통만 되면 괜찮음지인 pr을 잘한다면 빠르게 성장할 수 있음해외에 지사를 둔 회사라서 해외로 갈 경험도 있음주급제 입니다.	풀커미션 제도라서 실적압박이 어마어마합니다.주급제라서 이번주에 잘 못하면 다음주에 0원을 받을수도 있음.팀장이 갑질을 하면 돈을 못 벌 수도 있음	팀원들에게 너무 뭐라고 안했음 좋겟습니다~
2017/7/13	세일즈웍스 코리아(유)	100	90449	533331	2.0	1.0	1.0	4.0	1.0	0	None	영업/제휴	전직원	서울	 3 	False	"다단계의 정의를 어떻게 내리느냐에 따라 다르지만 어느정도 피라미드의 구조를 가지고 있음. 영업사원들의 열정과 고생에 비해 성과가 적음.외국계 기업이기 때문에 외국의 특이한 시스템을 가져와서 한국에 접목 시킴. 젊은 나이라면 도전해보고 많은 것을 배울 수 있음."	탄력적인 근무 가능. 함께 일하는 사람들이 열정적이고 좋은 사람들과 경험을 많이 얻을 수 있다.행인이나 처음보는 사람들을 만나 영업하는 만큼 정식적 육체적으로 피곤하기때문에 맨탈이 강해지고 언변과 세일즈 스킬등 다양한 경험가능.	퇴근 후의 생활을 보장해 주지 않는다. 매일매일 그날의 피드백을 팀장선에 올려야하고 그날 성과가 좋지 않으면 자정이 넘어선 시간이나 다음날 출근 전까지 sns피드백을 받아야 한다. 강제는 아니라지만 안하면 안되는 분위기..	좋은 시스템을 가지고 와서 마음데로 운영하지 마시길.. 좀더 정직하게 자신보다는 회사 회사보다는 직원을 생각해주기 바람.
2017/7/26	케이에이(주)	100	87378	538729	1.0	1.0	1.0	1.0	1.0	0	None	서비스/고객지원	전직원	인천	 4 	False	"공항가면 눈에 제일 뛰는 유니폼을 볼 수 있으나, 성장하기에 버거운 기업"	취준생 대학생들에게 입사하기 추천합니다. 대부분 외모를 1순위로 2순위는 토익점수, 3순위는 면접시 눈에 뛰지 않고 무난하게 본다면 100% 합격. 단, 면접시 지원한 여성분들은 20대 초반이면 100% 가능하다고 봅니다.	대부분 여자들만 있는 서비스업 회사다 보니 파벌이 매우 강함끼리끼리 모이면 상대방 욕하기 바쁨월 실수령 급여 150만원이며 인상예정 없음.더구나 비행기 할인 혜택, 복지혜택 없음.	연봉 인상, 근무 복지여건 부탁드립니다.
2017/7/25	케이에이(주)	100	87378	538346	1.0	1.0	1.0	2.0	1.0	0	1	서비스/고객지원	전직원	인천	 1 	False	"신입이 경험으로 한번쯤은 다녀볼만 회사"	일이 재밌다 어릴때 한번쯤은 해볼만한 경험이다유니폼이 이쁘다 공항에서 일하는 로망의 환상을 깨준다 동기들을 잘 만나서 좋았다 야간 근무시 호텔제공	복지 급여가 일에비해 낮다 여자들의 군대문화가 있다 적성에 맞는 사람이 일을 하는것을 추천합니다	업무 강도를 낮춰주거나 복지를 늘려줬으면 좋겠다
2017/7/21	케이에이(주)	100	87378	536957	1.0	2.0	1.0	1.0	1.0	0	1	서비스/고객지원	전직원	인천	 2 	False	"근무환경이 좋지 않습니다. 스케쥴을 몇분전에 잡아주는 클라스 군기도 쎄고 체력 강한사람도 힘듭니다."	공항에서 근무한다. 유니폼을 준다. 이정도가 다입니다.	장점을 제외한 나머지가 다 스케쥴을 엉망으로 잡음 군기도 쎔	스케쥴을 제대로 잡아줬으면 하는 바람 수직적인 문화도 고쳐주길
2017/7/15	케이에이(주)	100	87378	534128	1.0	1.0	1.0	1.0	1.0	0	None	교육	전직원	인천	 1 	False	"여러곳 이직을 해보았지만 비전은 그렇게 커보이지 않는 기업같네요"	아시아나 아웃소싱이라 그런지 체제는 잘 잡혀있다고 생각합니다.	승진은 힘들고, 오래다닐만한 기업은 아니라고 생각합니다. 사람마다 다르겠지만 이점보다는 본인이 보람을 느끼며 다닐만한 곳은 아니라고 생각합니다.  경력 쌓고 이직하기 좋은 기업	급여, 근무환경을 신경써주셨으면 합니다.
2017/7/14	케이에이(주)	100	87378	533820	1.0	1.0	1.0	1.0	1.0	0	1	서비스/고객지원	현직원	인천	 1 	False	"처음 지상직 업무를 배우고 싶다면 들어와보는 것 도 추천합니다. 하지만 여초회사의 특징인지 군기가 쎄여..."	숙소를 제공해 줌...아시아나 유니폼을 입음...그거밖에 없는 것 같은데 잘 모르겠다 장점	군기가 진짜 쎄고 일이 너무 많음. 처음에 들어가면 먼저 기 잡을려고 하는 것 같이 잡는 느낌	복지를 좀 늘려줬음 좋겠다. 일을 너무 많이 시켜서 피곤함
2017/7/13	케이에이(주)	100	87378	533121	2.0	1.0	2.0	3.0	1.0	0	None	서비스/고객지원	전직원	인천	 3 	False	"어릴 때 아무 생각 없이 놀면서 일하기에 최적화 된 회사미래 생각 안하면 그냥 학교처럼 재밌게 다닐 수 있음ㅋ1년 일한 사원이 10년 넘기 일한 대리 과장보다 월급 더 많이 받을 때도 많음^^ 연장근무잼ㅋ"	스케줄 근무라 쉬는 날 몰아서 여행 다니기 좋음 (내 돈으로) 머리 쓸 일이 크게 없음 공부 안해도 됨말 그대로 생각없이 편하게 다녀도 되는 회사	칼퇴는 절대 못함ㅋ 살인스케줄 근무 플러스 쓸데없는 것에 목숨거는 중2병 상사들이 많음 1년 일하나 10년 일하나 월급은 비슷비슷~	의미가 없다ㅋ 무슨 불만을 제기해도 바뀌는건 없음~~~~~~
2017/7/5	케이에이(주)	100	87378	530083	1.0	2.0	1.0	1.0	1.0	0	1	서비스/고객지원	전직원	인천	 2 	False	"빛 좋은 개살구. 공항에서 일하는 좋은 면만 보고 입사한다면 금방 사직서를 제출하게 될것임"	지상직업무를 경험하고자 한다면 그것만으로는 좋다고 할 수 있음 연차가 생기면 중간중간 쉴때 여행 가기엔 괜찮음 숙소 제공을 해줘서 굳이 공항 근처에 집안구해도 돼서 좋음	선후배간의 군기가 쎄고 개인주의적 성향을 가지고 있다면 적응하기 힘들 수 있는 회사 문화를 가지고있음회사의 규모는 점점 커지고 있는 추세라서 그만큼 업무도 매우 많음 그런데 체계는 잡혀있지 않아서 일하는 사람들이 고생임승진의 기회가 업무로 결정되는 것이 아니라 그냥 오래 다니면 올라감 그래서 윗사람이라고 다 일잘하는거 아니고 잘 아는것도 아니다 배울게 없음 물론 사람마다 다르지만..	무조건 항공사 조업만 따올게 아니라 직원 복지도 그만큼 고려해줬으면 좋겠음 그리고 회사 사이트좀 만드세요
2017/7/1	케이에이(주)	100	87378	528368	3.0	3.0	3.0	4.0	3.0	1	1	서비스/고객지원	전직원	인천	 1 	False	"이직률이 높은 이유는 공항에서 유니폼입고 일하는 로망때문임아무런 환상없이 무거운 짐나르고 뛰어다닐수있는 튼튼한 체력과 이상한 손님들 만나도 아무렇지 않을 정신력가지고 열심히 일할 자신 있으면 여자가 다니기 좋은직장"	초과수당, 식권, 교통비, 유니폼, 지급 야간근무시 공항근처 숙소 제공 등	월급이 낮고 잘 안오름...외에는 오래되서 좋은 기억만 나네요	공항서비스직의 업무 강도에 비해 급여가 아쉬움
2017/7/23	이트너스(주)	100	13535	537581	2.0	3.0	2.0	1.0	1.0	0	1	인사/총무	전직원	경기	 2 	False	"삼성이 있어야 이 회사도 있다. 물론 자체 사업을 하고 있지만, 삼성과 관계가 끝나면 회사의 인력 규모가 현저하게 줄어들수 밖에 없다."	삼성 업무 지원의 경우는 통근과 식사는 삼성직원과 똑같이 지원 받고 있다.	사원급들을 쥐어짠다. 질문만하고 듣지를 않는다. 이직률이 높다. 채용수가 많은 것은 to가 늘어나서가 아니라 인력 충원 때문이다.	보여주기식 행정 좀 하지 말았으면 좋겠다. 업무 보다 잡다한 회사에서 시키는 것이 업무의 몰입도를 방해한다.
2017/7/18	이트너스(주)	100	13535	535470	3.0	4.0	2.0	3.0	4.0	1	1	금융/재무	전직원	서울	 0 	False	"젊은 기업답게 조직구조가 수평적인 구조로 의견반영이 잘 된다."	사무실 환경이나 분위기가 쾌적하다.  너무 딱딱하지 않은 분위기여서 근무하는데 용이하다. 복리후생 부분이 잘 되어 있다.	야근이 너무 많다. 급여 부분이 근무시간에 비해서 아쉽다.	정년이 보장되는 기업구조로 탄탄하게 가는 방향으로 안정화가 더 필요하다.
2017/7/18	이트너스(주)	100	13535	535450	1.0	3.0	2.0	2.0	2.0	0	1	서비스/고객지원	전직원	경기	 1 	False	"하는 일에 비해 연봉을 잘 쳐주고 업무강도가 쎄지 않음"	하는 일에 비해 연봉을 잘 쳐주고 업무강도가 쎄지 않음	업무강도가 쎄지 않은 만큼 물경력 남는게 없는느낌 아무생각없이 다니게 됨	주인의식을 가지라고 하는데 주인의식을 가질만큼의 연봉인상을 해주길
2017/7/7	이트너스(주)	100	13535	530924	3.0	3.0	3.0	3.0	3.0	0	1	인사/총무	현직원	경기	 0 	False	"삼성전자의 분사로 삼성의 혜택을 어느정도는 받을순 있는 회사임"	삼성전자 분사로 복지가 좋은편임 중견기업급에선 만족할수준	단순업무, 다른직장으로 이직시 배운게 없음. 수평적인 업무, 커리어를 쌓기에는 많이 부족한 부분	직원들에게 조금더 신경써주길. 대기업을 따라갈려기 보단 자신만의 생각으로 복지를 조금더 늘려주면 좋을것같음.
2017/7/28	효성아이티엑스(주)	100	285	539897	2.0	2.0	4.0	3.0	2.0	1	None	서비스/고객지원	전직원	서울	 0 	False	"콜센터에서 잠깐 일을 했었는데 만족스런 분위기에 좋았음"	수평적이고 칼퇴가 가능하다는 점. 직원들을 프리하게 두는 느낌	콜수에 관한 압박이 그래도 있음. 감정 노동자의 힘듬은 다 같을듯	교육1주일동안 너무 많은 것을 가르키고 그것을 따라오지 못하는 경우도 있는듯
2017/7/10	효성아이티엑스(주)	100	285	531988	4.0	3.0	2.0	1.0	3.0	0	1	서비스/고객지원	전직원	서울	 0 	False	"콜센터였기에 방해 받지 않고 혼자 일 할 수 있어 좋지만 낮은 연봉에 어려운 프로그램 공부할게 많음"	Cs 특성상 자유시간이 많고 자기 할 일만 하면 됨 연차 눈치 없이 쓸 수 있음	단순 보고를 위한 팀장에게 올리는 보고가 너무 많아 비효율적 .여자가 많아 기싸움 같은것이 존재함스케줄 근무	합리적인 보상 체계가 더 구체적으로 존재했으면 좋겠다신입직원 교육 기간이 더 늘어났으면 좋겠다
2017/7/4	효성아이티엑스(주)	100	285	529568	1.0	1.0	1.0	1.0	1.0	0	None	서비스/고객지원	전직원	서울	 0 	False	"그냥 대기업인척 하는 기업 복지랄것도없이그냥 기본만함"	월급재때 들어옴  그거말곤없음 후	체계적이지못함. 매일깨지는상사를보고있노라면 내가노력하면 저사람대신 내가깨지겠구나 자괴감이든다 cs엉망 본사에 전화하는건 극도로싫어하면서 엄청보수적으로 까라면 까 이런식 있으나마나한 연차 연차를쓰면 실적은바닥이됨 그래놓고 지들은쉼	홈페이지에 고발하라고 메뉴만 만들어놓고해결못해주실꺼면 만들지를마세요 굶어죽어도 다신 안갑니다 그회사는
2017/7/29	한국전기안전공사	100	89009	540219	2.0	1.0	3.0	3.0	1.0	0	None	엔지니어링	전직원	경남	 0 	False	"낮에 개인시간을 많이 가지고 싶은 사람들에겐 추천밤에 개인시간을 많이 가지고 싶은 사람들에겐 비추천"	1. 90%이상이 현장근무이므로 맘편하게 근무할 수 있다.2. 연고지 근처 배치	1. 필요없는 간부가 너무많다.(월급루팡)2. 야근해도 전혀 추가수당이 없다.3. 실적의 압박.(비가오나 눈이오나 나가서 일을 해야함)4. 이름은 공사인데 월급은 공단급.	1. 본사 근처지역만 챙기지 말고 다른 지역도 좀 챙기면 좋겠다.2. 인간적으로 월급 좀 올리자.
2017/7/29	한국전기안전공사	100	89009	540207	3.0	2.0	2.0	2.0	2.0	0	1	생산/제조	전직원	서울	 0 	False	"전기전공을 살려 일할 수 있지만 단순 반복업무와 과도한 업무량으로 회의감이 들 수 있음"	전기전공자가 주가 되어 일할수 있는곳개인 업무처리로 비교적 시간 활용이 자유로움	집집마다 방문해서 점검하다보니 체력과 정신적으로 지침급여 낮음	업무강도를 낮춰야 점검에 대한 충실도가 높아질듯
2017/7/17	한국전기안전공사	100	89009	535030	3.0	1.0	2.0	1.0	1.0	0	1	엔지니어링	현직원	서울	 3 	False	"자기연고지에서 아무생각없이 단순반복업무하며 지내고 싶다면 딱"	연고지근무가능나름 휴가 자유로움출퇴근 자유로움부서간갈등은있으나 직원간 갈등은없음혼자서 일해서 자유로움	엄청난군대문화술강요함꼰대가많음업무하다보면회의감듬뭐하나싶음급여가적음부서간갈등이엄청심함	참 발전할게 많은 회사인데 왜이리 퇴보하는지 이해가안됨점검업무는 점점 없애고 진단 및 인증 검사를 살려야함부서간 갈등이 극에달하고 점검부 불만이 엄청많다는걸 알아야함
2017/7/17	한국전기안전공사	100	89009	534702	1.0	1.0	1.0	1.0	1.0	0	1	IT/인터넷	현직원	부산	 0 	False	"아주 좋은 회사 IOT 기반 사업을 펼쳐 미래가 밝은 회사"	현장직이라 밖에서 눈치업이 일한다. 무엇보다도 자유로운 출퇴근시간	잔돌린다. 술못먹으면 가지마라. 다음 날 출근해서 토만하는데 그러다 훅간다	술좀그만먹이고 차량지원좀 부탁드립니다.
2017/7/10	한국전기안전공사	100	89009	531793	4.0	3.0	4.0	3.0	3.0	0	1	생산/제조	전직원	서울	 1 	False	"전기 전공자에게는 다닐만하지만 급여가..."	초반 점검직만 버티면 나중에는 배울것이 많은 회사 외근이 많아 자유로운편업무강도는 낮음	연봉이.... 너무 적음 점검직에 대한 대우가 좋지 않음	직원들의 연봉을 좀 높여 주어야 퇴사율이 줄어들듯
2017/7/26	대명레저산업(주)	100	82315	539067	3.0	3.0	2.0	1.0	2.0	0	1	서비스/고객지원	전직원	강원	 1 	False	"군대같이되어있는곳 /기숙사 내에서도 눈치봐야하는 곳/ 이상"	복리후생은 잘되어있다고 생각합니다 가족들이 놀러올수있게 방을 제공함	눈치를 많이봐야합니다 기숙사내에서도 쉬고싶은데 쉬는공간이라 많이 느껴지지않음	기숙사를 자기가 원하는사람 혹은 2인1실정도로 해주셧으면함
2017/7/25	대명레저산업(주)	100	82315	538510	2.0	2.0	1.0	1.0	1.0	0	2	서비스/고객지원	전직원	강원	 1 	False	"군대같은 회사 /말많은 사람들 / 근무 외 시간에도 눈치봐야함"	복리후생이 타 회사들보다 매우좋음기숙사비가 저렴함상여금이있음	기숙사 꾸짐 , 근무 외 시간과 기숙사에서 내리갈굼선임이 짱	기숙사 2인 1실 , 주 5일눈치안보는 칼퇴근상여금 더 줬으면 한다
2017/7/9	대명레저산업(주)	100	82315	531438	3.0	4.0	4.0	3.0	5.0	1	1	서비스/고객지원	전직원	강원	 0 	False	"처음 아르바이트를 하는 사람에게도 어려움없이 즐겁게 할수있기때문에 추천하구요! 직원의 복지도 서비스도 좋아요!"	고객분들에게 서비스를 잘해서 칭찬을 들으면 그에맞게 다양한 혜택도 주고 실수해도 잘할수있다고 다그치지않아서 좋아요!	기숙사정비와 수도권차량운행등을 조금더 보안해 주시면 감사하겠습니다.	지금처럼 아르바이트생들에게도 차별없이 대해주시면 감사하겠습니다!
2017/7/25	피알원(주)	100	87461	538256	3.0	2.0	1.0	3.0	3.0	1	1	미디어/홍보	전직원	서울	 0 	False	"부서별로 편차가 크고 어떤 팀을 만나느냐에 따라 좌지우지 된다."	한달에 한번 금요일 5시 퇴근이고 기업 문화가 좋다. 직원들을 위해 신경을 많이 써준다.	야근이 많다. 야근 수당을 안준다. 팀을 잘못 만나면 회사 생활이 너무 고통스럽다. 좋은 팀 만난 사람들이 부러울뿐	직원들의 불만을 듣지만 말고 근본적인 해결을 위해 힘써줬으면 좋겠다.
2017/7/31	(주)대학내일	100	86769	540793	3.0	4.0	3.0	4.0	3.0	1	2	디자인	전직원	서울	 1 	False	"사내 분위기도 좋고 바쁘지만 경험을 쌓을 수 있는 좋은 기회였음."	복지도 괜찮고 사내 분위기가 원만함. 다들 젊고 생각이 깨어있으심.	특성상 야근이 많고 부서마다 차이가 있겠지만 주말근무도 잦음. 연차는 따박따박 나오지만 일이 많다보니 쓰기가 어려움.	인력을 좀 더 늘려보는건 어떤가 싶음.
2017/7/24	(주)대학내일	100	86769	537895	5.0	5.0	4.0	5.0	5.0	1	2	마케팅/시장조사	현직원	서울	 2 	False	"매우 자유로운 기업 문화, 직급에 따른 차이는 있지만 모든 사원들이 서로 자신의 업무를 성실하게 처리하며, 상호 호칭 또한 '~님'이라고 부르며 밝고 즐겁게 일한다."	기업의 문화가 좋다, 자신이 일한 만큼 능력만큼 연봉을 받아갈 수 있다. 연한에 따라서만 승진하는 문화가 아니다. 능력 있는 사람, 그리고 열심히 일하고 싶은 사람에게 추천	야근이 많을 경우가 많다. 인센티브에 따라 자신의 연봉이 달라진다. 때문에 일과 라이프간의 균형이 무너질 걱정이 살짝 들 수도 있다.	경영진에게 바라는 점은, 인센티브로 인한 업무량 과중에 관한 케이스들을 미연에 방지해줄 수 있도록 해주었으면 좋겠다.
2017/7/21	현대그린푸드(주)	100	47646	536734	2.0	3.0	2.0	2.0	4.0	1	1	유통/무역	전직원	경기	 0 	False	"딱딱한 군대문화의 표본. 변하려고 노력하고 있는 것 같으나 아직은 불확실함. 업계 특성상 야근과 업무량 많음. 그에 비해 연봉은 작다. 팀에 따라 분위기가 천차만별"	현대 계열사라는 장점. captive가 강하기 때문에, 수익면에서는 크게 문제될 것이 없지만 이것이 또 한 단점으로도 작용함. 업계중에 연봉 쎈 편.	식품, 식자재 업계가 그렇듯이 야근과 업무량 심각함. 현대 계열사 거래처가 주이기 때문에 회사 자체가 크게 도전하려는 의지가 박약.	현대 계열사라는 타이틀에 머물지 말고 조금더 적극적인 수익성 개선을 위한 노력을 한다면 좋을듯
2017/7/26	던킨도너츠(주)	100	92793	538629	2.0	3.0	3.0	5.0	5.0	1	1	전문직	전직원	경기	 0 	False	"프랜차이즈의 성공적인 예, 아르바이트 추천"	위생,메뉴,장치 매뉴얼이 잘되어있어 체계적이다spc프랜차이즈여서 지속적으로 메뉴변경이 되고관리시스템이 좋다	직영과 달리 가맹점일 경우 관리가 제대로 안되는 경우가 있다. 가맹점주의 운영방식에 따라 직영서비스를 따라 갈 수 없는 지점이 발생한다는점이 단점이다.	가맹점의 경우 본사에서 주기적으로 나오지만 관리되지않는부분들을 확실히 개선하는 방법이 필요하다고 생각합니다.
2017/7/17	던킨도너츠(주)	100	92793	534701	3.0	3.0	2.0	2.0	3.0	0	1	생산관리/품질관리	전직원	서울	 0 	False	"업무가체계적이고, 규칙적이다.메뉴얼화되어 있어 일하기 편하다"	자기일만 열심히 한다면 눈치볼 필요가 없다.업무가 체계적이고, 규칙적이다.	단순보고를 위한 문서작업이 많아 비효율적이다 복지제도가 다양하지만 실제로 쓸수 없다 출근시간은 8시인데 퇴근시간은 늦다 연봉이 많다지만 시급은 형편없다 승진이 힘들다	신규 사업 추진에 적극적인 투자 의지를 보여줬으면 한다.직원들의 불만을 듣지만 말고 해결책을 마련해줬으면군대 문화를 줄여줬으면 좋겠다.
2017/7/17	던킨도너츠(주)	100	92793	534596	3.0	5.0	3.0	4.0	4.0	1	1	서비스/고객지원	전직원	서울	 0 	False	"모지점 아르바이트였지만 대우가 좋았음"	공휴일에 지점이 통째로 쉬고 추석에는 참치올리브세트도 챙겨줬음 다만 던킨이어서기보다는 모조합에서 운영해서 그런듯	고객들을 위해 솔직하고 깨끗하게 운영했으면 함 지금도 그러는지는 모르겠음	조합운영지점이라 점장보다는 개별고용된 매니저가 더 열심히 함
2017/7/13	던킨도너츠(주)	100	92793	533279	3.0	2.0	2.0	2.0	2.0	0	1	서비스/고객지원	전직원	서울	 0 	False	"직급만 매니저고 아르바이트와 다를 게 없다"	10개월 후에 정규로 전환된다는 거정규 전환시 복지 혜택 (연차수당, 상여금, 휴가비, 복지포인트)오픈만 하면 3시 또는 4시에 끝남	정규 전환을 생각하고 입사하지만 그 기간까지 버틸 수 있을지가 의문수당이 붙는 다곤 하지만 계산해보면 최저에 가까움	매장교육 지원 필요제대로 된 교육 없이 무작정 일부터 시작하는 거는 아니라고 봄휴식 공간 필요
2017/7/13	(주)그린웹서비스	100	86851	533537	1.0	1.0	3.0	1.0	1.0	0	None	IT/인터넷	전직원	서울	 8 	False	"자회사중의 자회사. 창의성 제로, 생각없이 다니기 좋은 회사"	건물 깨끗함, 휴게시설 좋음. 근데 어메니티 말고 장점이 없는 회사.	일이 단순하며 모회사에서 떨어지는 일들 치우기 바쁨. 맨날 일이 바뀌고 어수선한데, 그게 다 잡일이라 의욕상실. 연봉도 짠데 연차 쌓여도 물경력이고, 평가도 불분명함. 보상도 별로라는 것.무엇보다 창의성을 추구하고 일에서 뭔갈 배우고 싶어하는 사람이라면 발도 들이지 말것을 추천함.  복지나 분위기는 파트마다 분위기 다 다름. 파트 잘못걸리면 보고도 많고 야근수당도 잘 못 올림. 실제로 들어가보니 잡플래닛 후기중 장점은 반만 맞았음. 단점은 다 실화임	조직장들끼리만 소통하는 회사. 평사원은 바라는게 없습니다.
2017/7/7	(주)그린웹서비스	100	86851	530774	1.0	4.0	1.0	1.0	1.0	0	1	서비스/고객지원	현직원	서울	 4 	False	"일만 해서는 안되는 기업. 개인주의 심한 사람이면 친해지기 어려울것"	네이버 자회사의 자회사라 복지 탄탄함, 지하철역과의 접근성 좋음, 회사 건물 및 근무환경 쾌적, 업무 자체는 배우고 나면 어려움이 없음	대기업 포털 사이트 관리 일이 주된 목적이다보니 입사하면 이것저것 신입을 위한 교육이 많음. 체계도 정확히 잡혀있어서 좋으나 뭐 하나를 하더라도 다 결재를 올리고 메일을 보내며 공유해야 한다는 점이 거슬림.많은 평가에도 있다시피 파트별로 조직이 운영되는데 사람이 많아서 파트도 엄청 많음 (그래서 파트마다 분위기도 다름)술을 너무 많이 먹이고 회식이 잦고 개인주의적 성향의 사람이라면 절대 힘들어서 못 다님일이 쉽다고, 복지가 좋다고 참을 수 있는 정도의 회식이 아님일 끝나면 모여서 놀러가는 일이 많고, 서로 너무 뭉쳐다니다보니 파벌있고 사생활 간섭 매우 심함일만 하려고 다니는 사람이라면 비추 어울리기 좋아하고 처음보는 사람들이랑 노는게 좋은 사람이라면 추천정말 대학의 연장선 같은 느낌 ㅇㅇ+ 상하반기 나눠서 평가를 함 평가 체계도 불분명... 잘 어울리고 놀 줄 아는 사람이 평가 잘 받음	사내에 협동도 중요하지만 (업무 자체는 그리 협동심이 필요한 업무가 아닌걸로 보임) 협동 위주의 운영보단 업무적인 부분에서 열심히 하는 사람들도 알아봐 주셨으면 좋겠네요 누군 일하고 누군 놀고.. 흠
2017/7/17	한국피자헛(유)	100	2927	534994	3.0	2.0	2.0	2.0	2.0	0	None	서비스/고객지원	전직원	경기	 0 	False	"우리나라 대표 피자집에서 일한다는 자부심이 들음"	알려져 있는 기업인 만큼, 시급이나 정책면에서는 정직함.	역시 프랜차이즈이기 때문에, 지점 별로 분위기나 근무 조건이 조금씩 다를 수 있음. 사장님을 잘 만나야함.	조금더 강력한 마케팅과 서비스를 통해 우리나라 1등 피자브랜드가 되길
2017/7/13	한국피자헛(유)	100	2927	533223	3.0	3.0	3.0	3.0	3.0	0	1	서비스/고객지원	전직원	전남	 0 	False	"다른알바에 비해 높은시급,자유로운 스케쥴시간대에맞춰서 일할수있음"	체계적인 근무시간관리.대학생활하면서 시간표에맞춰서스케쥴가능	잦은 조퇴.점장들의 간섭,직원들교체가많이일어나서 오래일한사람들이힘듬	아르바이트근무자들에대한 이해와 관심,휴계시설 노후화에대한 대책
2017/7/4	한국피자헛(유)	100	2927	529177	3.0	2.0	3.0	2.0	3.0	0	None	서비스/고객지원	전직원	부산	 0 	False	"피자 업계에서 점차 하락세를 보이며 가격 내리는거 말고는 뚜렷한 해결책을 보이지 않음"	본사에서 터치가 심하지는 않은편인것같고 매장내 분위기가 좋았음 (분위기는 매장별로 다르겠지만) 매장 청결에 상당히 신경쓰는편	퇴직금이 적다고 알고있고 고객에게는 신경을 많이 쓰지만 직원에게는 그만큼 신경을 쓰지 않는 느낌	획기적인 신메뉴가 개발되었으면 좋겠고 비슷한 재료로 비슷한 피자메뉴들만 출시되는 듯한 느낌입니다
2017/7/1	삼성웰스토리(주)	100	88148	528279	1.0	2.0	2.0	1.0	1.0	0	1	생산관리/품질관리	현직원	경북	 4 	False	"무늬만 대기업 현장 직원들만 죽어남...인력효율화  원가절감등등 음식적인것도 그닥 배울건...글쎄"	월급 따박따박나오는거? 그거하난 좋다 보너스가 점점 줄긴 하는데...그래도 준다ㅡㅡ	음식에대해서 발전시키기보단  사내정치 판치고 윗사람 말한마디에 굽신굽신...좋은 의견이 있어도 경력이 부족하면 의견 자체를 무시해버림	일은 현장에서 다하고 뽀너스 잔치 승진은 인사에서 다해먹음
2017/7/30	에스피씨그룹	100	87570	540345	3.0	3.0	1.0	1.0	1.0	0	1	서비스/고객지원	현직원	서울	 2 	False	"매우 수직적인 분위기 대기업이지만 중소기업처럼 체계없이 일한다는 느낌"	연차를 쓰라고 권장하지만 연차때도 일하는 모습을 볼수 있음	단순보고를 위한 문서작업이 너무 많음 쉬는날에도 오는 연락	가족경영의 끝판왕 가맹점과의 상생은 힘들꺼라고 생각해봄
2017/7/27	(주)한국코퍼레이션	100	63215	539345	1.0	1.0	4.0	1.0	2.0	0	1	서비스/고객지원	전직원	서울	 0 	False	"인바운드 적성에맞다면 여자가다니기 좋은회사이나 급여는기대말기"	서울신용보증재단 아웃소싱으로 다녔어요. 2년서부터연차가 발생되긴하는데 눈치없이쓸수있고 육아휴직도 자유로와요 6시칼퇴근이고 점심시간외 25분별도 휴식시간도있어요 회식이나 워크샵없음 부서분위기는 화기애애상사와 수평구조이고 사람들이좋음	하는일이 단순상담이아니고 금융권지식부터 세금관련까지 알아야하는게 너무많음. 1통화 통화시간10분이상 다반사담당자연결이 업무의 대부분 비젼이없음업무테스트 한달에한번보는데 실무와관련없이 어려움	현실적인 급여인상으로 내가알바인가 하는 생각안가질수있도록 인센도 동기부여될수있게 인상되길
2017/7/23	(주)한국코퍼레이션	100	63215	537569	2.0	2.0	3.0	3.0	2.0	0	None	영업/제휴	전직원	서울	 1 	False	"모 IT기업 제품 판매 및 인아웃바운드를 했었음.개인의 발전의 가능성이 거의 없으며 비전 또한 부족."	연차 사용 자유로우며 ( 팀원과 합의시) 안마서비스도 있으며 퇴근 자유로움점심값 아낄 수 있음 (건물내 식당있으며 5천원 이하로 가능)냉/난방 시설이 좋음.	실적업무 압박이 있으며 교육자료 또한 부실함. 개인이 알아서 터득해야 하는 부분 있음.급여가 적음.	급여 향상과 업무에대한 압박이 줄었으면 합니다.
