date	cname	industry_id	cid	cmid	possibility	pay	balance	culture	management	recommend	expect	job_kind	current	area	helpful_count	is_best	subject	good	bad	hope
2014/4/30	스타벅스커피코리아(주)	100	70749	10442	4.0	3.0	3.0	4.0	3.0	0	2	서비스/고객지원	현직원	강원	 0 	False	"기초가 탄탄해야 버틸 수 있다!"	나름 괜찮은 복리후생과 커피를 알아감에 따라 느끼는 즐거움.	아무래도 연봉이 좀 낮은편이다. 돈을 벌려고 들어왔다면 다른 곳을 알아보는것도 좋을지도	연봉을 올려주십시오! 더욱더 좋은 서비스를 제공하게 될것입니다!
2014/4/25	스타벅스커피코리아(주)	100	70749	8578	3.0	1.0	4.0	4.0	2.0	0	2	서비스/고객지원	전직원	경기	 0 	False	"수평적인 문화. but, 매장직의 경우 지역매니저를 잘 만나는 행운이 있다면."	합리적인 시스템, 수평적인 문화, Can learn Global standard of Coffee and tea	박봉. 서비스직군이 평균적으로 낮지만, 좋은 서비스가 나오려면 좋은 임금이 필요하다.	좋은 서비스는 좋은 임금에서 출발합니다.
2014/4/23	스타벅스커피코리아(주)	100	70749	7901	3.0	3.0	4.0	5.0	4.0	1	2	서비스/고객지원	전직원		 0 	False	"동종 업계에서 최고의 업무 시스템과 사내 문화"	체계적인 시스템과 매장 관리와 수평적인 사내 문화	갈 수록 강화 되는 인건비 축소 압박	일선의 파트너들에게 업무 부담을 줄여줬으면
2014/4/22	스타벅스커피코리아(주)	100	70749	7797	3.0	4.0	1.0	2.0	1.0	0	1	경영/기획/컨설팅	전직원		 1 	False	"업무의 극한을 경험했다."	글로벌 이미지로 인해 충성고객이 많다.	부서간 communication이 원활하지 않다.	정당한 인사평가가 이루어졌으면....
2014/4/17	스타벅스커피코리아(주)	100	70749	1071	3.0	4.0	3.0	2.0	3.0	0	1	서비스/고객지원	현직원	서울	 0 	False	"할것이 매우 많은 회사"	자유로운 기업문화	권위적인 일부 사람	일하기 즐거운 회사였으면합니다.
2014/4/17	스타벅스커피코리아(주)	100	70749	1072	4.0	2.0	3.0	3.0	4.0	1	2	서비스/고객지원	현직원	서울	 0 	False	"인생을 바쳐야할.."	장기근무가능 승진체계	불규칙한 싱활패턴	남자직원들이 돔더 일하기 편한 직장이 됐으면...
2014/4/17	스타벅스커피코리아(주)	100	70749	1073	5.0	3.0	3.0	5.0	1.0	1	2	서비스/고객지원	현직원	서울	 0 	False	"내 인생의 한 획을 그어주었다"	복리후생이 잘 되어있은  것 같다.	단점... 진상고객응대하기가 불편하다	인원수를 늘려주던가 일하는시간을 늘려주던가...
2014/4/17	스타벅스커피코리아(주)	100	70749	1066	5.0	3.0	3.0	3.0	2.0	1	2	서비스/고객지원	현직원	경기	 0 	False	"미래보장이 탄탄한 회사. 복리최고"	데이터의 방대함과 업무의 자율성	업무 강도에 비해 상대적으로 낮은 보수	매출도 좋지만 근무환경에 더 더 신경썼으면
2014/4/17	스타벅스커피코리아(주)	100	70749	1067	3.0	5.0	3.0	4.0	3.0	1	2	서비스/고객지원	현직원	서울	 0 	False	"커피를 알게 해 준 회사"	자유로운 분위기와 끈끈한 팀워크	일 하는 사람들만 일을 함	2-3년 전 처럼 매출보다는 고객을 생각하는 이벤트를 많이해 줬으면 좋겠음
2014/4/17	스타벅스커피코리아(주)	100	70749	1068	5.0	5.0	5.0	5.0	5.0	1	2	서비스/고객지원	현직원	경남	 0 	False	"나에게 재기할 수 있는 용기를 준 회사"	후생복리	낮은 연봉	
2014/4/17	스타벅스커피코리아(주)	100	70749	1069	4.0	4.0	4.0	4.0	4.0	1	2	서비스/고객지원	현직원	서울	 0 	False	"복리가 잘되어있는 점이 맘에든다"	파트너들 간의 소통이 빨리빨리 이루어진다	손님들과의 마찰을 피할 수 없다	직원들의 고충을 잘알고 해결점을 빨리 찾아줬으면 한다
2014/4/17	스타벅스커피코리아(주)	100	70749	1070	4.0	3.0	4.0	5.0	3.0	1	2	서비스/고객지원	현직원	서울	 0 	False	"복리후생이 좋고 새로운업무들이 지속적으로 나온다"	수평적 조직 문화와 복리후생	낮은 연봉	너무힘들지 않게 사람들이 많았으면 함
2014/4/17	스타벅스커피코리아(주)	100	70749	1059	5.0	4.0	3.0	3.0	4.0	1	2	서비스/고객지원	현직원	대구	 0 	False	"직원이 아닌 서로를 파트너라 부르며 존중하며 함께 가는 회사"	수평적 조직 문화, 남녀평등, 학력 지연 나이 무관	언제 발생 할 지 모르는 사건 사고 (화재, 도난, 컴플레인 등)	
2014/4/17	스타벅스커피코리아(주)	100	70749	1060	3.0	4.0	4.0	3.0	4.0	1	2	서비스/고객지원	현직원	서울	 0 	False	"내가 이 회사의 자부심이다"	직원 복리 후생이 좋음	업무 강도가 높음	바쁜 매장에는 인원 충당 더 해 줬으면
2014/4/17	스타벅스커피코리아(주)	100	70749	1061	5.0	4.0	3.0	4.0	4.0	1	2	서비스/고객지원	현직원	인천	 0 	False	"즐겁게 일할 수 있다"	파트너쉽	감정노동에 따른 대처(but 현재 노력중)	파트너들을 좀 더 믿어주고 누구에게나 즐거운 회사가 되었으면 좋겠습니다
2014/4/17	스타벅스커피코리아(주)	100	70749	1062	3.0	1.0	2.0	1.0	3.0	0	2	서비스/고객지원	현직원	경기	 0 	False	"일상의 즐거움"	휴일의 자율성	상대적으로 낮은 보수, 불규칙적 근무 시간	매출도 좋지만 인거비에 다 투자하길
2014/4/17	스타벅스커피코리아(주)	100	70749	1063	3.0	3.0	3.0	3.0	3.0	1	2	서비스/고객지원	현직원	경기	 0 	False	"즐거운 마음으로 일하는 회사"	복지가 좋아요	근무 시간의 압박	
2014/4/17	스타벅스커피코리아(주)	100	70749	1064	4.0	3.0	2.0	4.0	2.0	1	1	서비스/고객지원	현직원	경기	 0 	False	"서비스업이 무엇인지 알려준 회사"	복리후생 업무조건	낮은수입 자주변하는 근무 시간	매출만 보지말고 직원들의 업무 강도를  낮췄으면
2014/4/17	스타벅스커피코리아(주)	100	70749	1065	2.0	2.0	3.0	3.0	3.0	0	1	서비스/고객지원	현직원	서울	 0 	False	"역시 서비스직은 힘들다"	수평적 조직문화	낮은 연봉	근무 시간에 비해 쉬는시간이 적다
2014/4/17	한국맥도날드(유)	100	3616	6806	2.0	3.0	3.0	3.0	2.0	1	2	서비스/고객지원	현직원	경기	 0 	False	"내능력을 인정해 주는 회사"	상급자와의 솔직한 대화가능	실제 근무 시간과 표면적 근무 시간이 다름	직원들의 복지혜택에 좀 더 신경써 주시길 바랍니다.
2014/4/17	한국맥도날드(유)	100	3616	6807	5.0	1.0	1.0	2.0	2.0	0	2	서비스/고객지원	현직원	전북	 0 	False	"잘 갖추어지 시스템 배울점이 많은 것"	교육 시스템이 잘 갖춰짐	과다한 업무부담 연장근무에 대한 적절하지않은 보상	연장근무수당을 제대로 지켜주세요. 신청하라고 하는 제도가 있지만 서로 눈치보느라 신청할 수없는게 문제입니다
2014/4/28	(주)하나투어	100	49174	9325	3.0	2.0	3.0	4.0	2.0	0	1	영업/제휴	전직원		 1 	False	"여행이 취미이기 때문에 지원하는 것은 다시 생각해봐야함. 향후 여행업에 대해 비전이 있다고 판단하거나 여행업 전반에 대한 실무를 익히고자 하는 사람에게는 추천."	업계 1위의 기업인 만큼 여행업을 선도하는 분위기.사내공모를 통한 부서이동 (여러 실무 경험을 쌓을 수 있음)9 to 6 근무 시간, (실질적으로 업무에 따라 지켜질 때가 있고, 지켜지지 않을 때도 있음) 해외 출장 기회 (국외여행 인솔자로서 고객들을 모시고 나가서 현지 가이드와 함께 전반적인 케어업무)	업무 강도 대비 박봉.수수료로 수익을 내는 구조이며, 여행업 특성상 많은 수익이 남지 않지만 어쩔 수 없이 사람이 많이 필요하기 때문에 발생하는 항아리 구조.적은 권한 대비 막중한 책임.항공+현지행사+호텔+사람 등의 무형의 복합물로 이뤄진 상품이기 때문에 주먹구구식이 될 때도 많으며,컨트롤 할 수 없는 일에 따른 스트레스가 종종 있음	만족도 높은 회사를 만들고 싶은 경영진의 의도와 현장의 괴리감이 클 때가 많음.
2014/4/27	(주)하나투어	100	49174	8991	3.0	2.0	4.0	4.0	2.0	1	2	영업/제휴	현직원	서울	 0 	False	"연봉은 실망스럽지만 업무나 기업문화는 빡빡하지않다. 다만 직무나 부서에 따라 업무강도가 크게 차이가 있다. 유연한 조직구조로 인해 (좋은말로 하면) 부서이동의 기회가 많다."	해외출장 기회(하지만, 업무의 연장일 뿐더러, 혼자 다녀오고, 가정이 생기면 바로 단점으로 돌변)다양한 부서체험 가능초년생에게는 업무를 배울수 있는 기회와 책임이 부여된다.	연봉 및 복지 , 단순한 업무 내용 - 크게 전문적이지 않다.시스템으로 돌아가 직원의 중요성이 부각되지 않는다.	주식에만 신경쓰시지마시고 연봉이 아니면 직원복지라도 신경써주시길
2014/4/26	(주)하나투어	100	49174	8836	4.0	2.0	4.0	4.0	3.0	1	2	영업/제휴	현직원	경기	 0 	False	"여행이좋고 서비스업이 맞다면 추천하나투어의 네임밸류만 보면 안됨"	업계1위 해외출장의기회가 좋은기회이나 호불호가 갈리는듯자유로운 사내분위기 캠퍼스분위기남 혼성비가 반반이며 대체로 나이가젊은편	실제통장에찍히는 급여가 하나투어의 네임밸류치고는적음폭탄돌리기식의 인사평가	급여올려주세요
2014/4/26	(주)하나투어	100	49174	8712	2.0	2.0	4.0	4.0	2.0	1	2	경영/기획/컨설팅	전직원		 0 	True	"향후 회사 비젼 있음. 하지만 여행업의 수익구조상 직원들에게 금전적 혜택을 많이 주지는 못함.업무과 삶의 균형있는 생활은 가능함."	분위기가 좋은편이며, 자유로운 편이다.성장률도 좋음. 특정부서만 제외하면 야근이 없는 편임.	복지, 급여 등 부족.회사가 급성장하여 직무, 교육 등에 대한 체계가 짜임새 있게 짜여져 있지 않음	
2014/4/22	(주)하나투어	100	49174	7756	4.0	2.0	3.0	4.0	4.0	1	2	경영/기획/컨설팅	전직원	서울	 0 	False	"대한민국 최대 여행제조업"	업무든 업무 외적이든 닥치는대로 배울 수 있다. 관료주의가 상대적으로 작고, 활동적인 조직문화	구조적인 문제에서 기인하는 저임금과 외부환경변화에 취약	글로벌 직원은 글로벌 급여로부터 시작됩니다.
2014/4/17	(주)하나투어	100	49174	2824	3.0	2.0	3.0	3.0	2.0	0	2	영업/제휴	현직원	경기	 0 	False	"아직 고민중"	자유로움	낮은 연봉, 미래의 불확실성	확고한 비전
2014/4/17	(주)하나투어	100	49174	2823	3.0	3.0	3.0	2.0	4.0	0	1	경영/기획/컨설팅	현직원	부산	 0 	False	"인생의 첫 발을 디딜수있게 해준 회사"	젊은 회사 및 업무의 자율성	낮은 연봉 및 동기부여가 전혀되지 않는 성과급제도	직원들 애사심과 열의를 위한 연봉인상
2014/4/17	(주)하나투어	100	49174	2825	2.0	1.0	2.0	2.0	2.0	0	2	서비스/고객지원	현직원	강원	 0 	False	"별로 나와 맞지않는 직업인  것 같다 기대와 달리 너무 박봉이고 일이 많다"	여행을 갈수 있는 장점이 있다 여행계획을 세우고 손님께 여행을 전달	업무 강도에 비해 상대적으로 낮은 보수및 개인적인 시간이 별로 없다	직원들의 근뮤 환경 및 만족도를 높이는 방안이 강구되었으먄 한다 재톡만 하는 것이 아니라 직원들의 현장도 같이 체험하길
2014/4/17	(주)하나투어	100	49174	2822	4.0	3.0	4.0	4.0	4.0	1	2	IT/인터넷	현직원	서울	 0 	False	"첫 직장으로서 좋은 회사"	여러가지를 배울 수 있는 생활	타지역의 악화가 미치는 영향	더욱 더 번창하세요
2014/4/17	(주)하나투어	100	49174	2820	3.0	3.0	2.0	3.0	3.0	0	2	서비스/고객지원	현직원	경기	 0 	False	"좋아하는 것과 업무는 다르다"	자기계발에 도움	업무량이 과다하다	복지에 조금더 신경써주시고 업무시간이 너무 많아요
2014/4/17	롯데지알에스(주) 롯데리아	100	78632	660	4.0	3.0	3.0	4.0	3.0	0	1	서비스/고객지원	현직원	부산	 0 	False	"새로운 인생의 전환점이 된 회사"	주오일제 근무와 급여 등	심야근무로 인한 피로누적	급여를 조금만 더 올려주세요
2014/4/17	롯데지알에스(주) 롯데리아	100	78632	659	4.0	5.0	1.0	2.0	4.0	0	2	서비스/고객지원	현직원	경기	 0 	False	"힘들었을때 옆에더 도움이되어준 사람들"	하는일에 비해 초봉이 쎄고 면자 또한 고민 중일듯	월급은 초봉은 높으나 월급 책정이 이년에 한 번씩함	매출에 따라서 기분 조절 좀 하셨으면
2014/4/17	롯데지알에스(주) 롯데리아	100	78632	655	4.0	4.0	2.0	4.0	3.0	1	2	서비스/고객지원	현직원	광주	 0 	False	"하고싶은일을직업으로삼는 회사"	동종업계 복지혜택높음	업무 강도에 비해급여낮음 타지발령이잦음	회사가힘들다고하기전에 직원들도힘든점을알아줬으면 좋겠이겠다
2014/4/17	롯데지알에스(주) 롯데리아	100	78632	658	4.0	2.0	3.0	4.0	3.0	0	2	기타	현직원	서울	 0 	False	"인생을경험하게 해 준 회사"	자유로운분위기	업무 강도에 비해 낮은 보수	매출도 많은데 직원급여를 인상했으면 좋겠다
2014/4/17	롯데지알에스(주) 롯데리아	100	78632	657	4.0	3.0	5.0	5.0	2.0	1	1	기타	현직원	부산	 0 	False	"기대치가 높았으나 생각보다 별로인회사"	하고싶은 일을 할 수이었고 사람들간의 친밀도가높아서 스사내에 분위기가 편안하다	월급이작고 성과금 제도가 잘되어있지 않다	매출이 좋으면 좋은만큼 안좋은 부분도 있는데 너무 좋은부분만 있도록 강요하지 말았으면 합니다 . 월급도 조금 주면서
2014/4/17	롯데지알에스(주) 롯데리아	100	78632	656	5.0	2.0	3.0	3.0	3.0	0	2	서비스/고객지원	현직원	전북	 0 	False	"커피에 대해 더 알려준 회사"	커피에 대해 잘 모르는 사람도 받아준다	업무에 비해 적은 보수	근무 시간좀 줄여주세요
2014/4/17	롯데지알에스(주) 롯데리아	100	78632	654	4.0	4.0	2.0	4.0	4.0	1	2	서비스/고객지원	현직원	서울	 1 	False	"사회 생활을 잘 배울수있는 회사"	복리후생좋음, 여성의경우 출산후 복직가능등	과도한 업무에 비해 낮은 보수, 수직적관계	영업의 경우 식사제도개선
2014/4/17	(주)세스코	100	71990	1002	2.0	1.0	4.0	4.0	3.0	0	1	기타	현직원	경기	 1 	False	"많은 만남과 보람찬하루"	업무시간의 유동성관 자율적인 업무처리	낮은 연봉과 적은량으 성과금	연봉 좀 상향해주면 좋겠어요
2014/4/17	(주)세스코	100	71990	1003	3.0	3.0	3.0	3.0	2.0	1	2	기타	현직원	경기	 1 	False	"생활비 벌어오는 곳"	주5일 토요 근무수당	적은 연봉 야근수당없음	일선에 일하는 사람들을 더 챙겨야합니다
2014/4/17	(주)세스코	100	71990	1001	3.0	2.0	2.0	3.0	2.0	0	2	서비스/고객지원	현직원	서울	 1 	False	"내부부실"	독보적인 시장과 데이터	낮은 연봉,	연봉과 휴가일수
2014/4/30	씨제이푸드빌(주)	100	23183	10145	3.0	3.0	1.0	3.0	1.0	0	1	서비스/고객지원	전직원	부산	 6 	False	"'젊어서 고생은 사서도 한다.를 실천하고 싶다면 들어가세요.' 직속상사를 잘 만나서 많은 것을 배웠지만, 기업자체는 외부에서 보는 것과 천지차이입니다. 특히 해외파트는 더욱 비추입니다. 좋은 회사로 생각하고 지속적으로 근무하시는 분이 있겠지만, 특히 매장관리로 들어가신다면 '점장'이 본인이 올라갈 수 있는 최고의 자리임을 알고 시작하시기 바랍니다."	나름 대기업이라는 복지. 그 중 CJ 임직원 카드는 최고입니다. 직급(000팀장님) 대신 000님 이라는 호칭으로 부르는 기업 문화는 칭찬하고 싶습니다.	한국의 조직 문화의 모든 단점들을 가지고 있습니다. 지문이 없어지도록 손을 비벼대는 자들은 빨리 승진하죠. 현장 경험도 없는 사람들이 현장 업무를 지시합니다. 현장 상황에 전혀 맞지 않는 마케팅, 규율 등. 매출이 안나올 수 밖에 없게 경영하면서 현장업무자에게 매출압박은 하루하루 가중되죠. 초과근무 수당은 있지만 결제는 올릴 수 없는 것이 현실. 겉만 번지르한 해외진출. 속은 시스템과 지원의 부재와 해외 주거,근무환경은 180도 개선이 필요합니다.	현장 상황에 맞는 경영, 지점 별 장점을 살릴 수 있는 개별 마케팅 및 교육부서가 지역에도 필요 할 것입니다. 현장과 동떨어진 관리만 지속한다면 큰 성장을 이룰 수는 없을 것입니다. 인재는 학벌로 보는 것이 아님을 명심하시기 바랍니다. 대기업이니 기본정도는 하시겠지만, 글로벌 기업으로 성장하실려면 몸집을 키우는 만큼 속도 꽉 채우실 수 있길 바랍니다.
2014/4/29	씨제이푸드빌(주)	100	23183	9818	3.0	4.0	2.0	2.0	2.0	0	None	서비스/고객지원	전직원	서울	 0 	False	"회사원하기 좋은곳"	평준화된 연봉 외식업의 시스템과 체계화	잦은 트렌스퍼 와 국회의사당을 방불케 하는 정치인들	현장에 답이 있습니다.
2014/4/27	씨제이푸드빌(주)	100	23183	8930	4.0	3.0	1.0	3.0	3.0	1	1	경영/기획/컨설팅	현직원	서울	 0 	False	"외식에 뜻한 바가 있다면!!전천후 경험을 쌓을 수있음"	직원복리후생,여성근로자에 대한 차별적음	조직이나 인사가 급변, 불필요한 근로시간 연장	조직을 이해못하는 인사 개선,스마트한 근로관리(트렌드를 중요시하니 시장조사할 시간적 여유가 없음,인터넷써칭으로대체)
2014/4/26	씨제이푸드빌(주)	100	23183	8850	5.0	3.0	1.0	3.0	3.0	1	1	교육	전직원	서울	 6 	True	"대기업의 업무프로세스를 배울 수 있습니다. 과거보다 외식업에 대한 트렌드를 이끌고 있는 곳이라 외식업에 인생을 걸고싶은 분은 지원해 보세요."	외식업이다보니 젊은 인재가 많아 활기참	상급자들에게 보고하기 위한 문서작업이 지나치게 많음.업무강도가 셈일찍 퇴근하면 일이 없다고 생각함일이 없어도 상사들은 저녁 먹고 늦게까지 일해야 그게 조직원의 자세라고 생각	진짜 스마트한 사림을 붙잡는 것은 합리적인 조직문화입니다.상사를 위한 톱니바퀴라고 스스로를 생각하게 하는 순간 인재들은 떠나고갈 곳 없는 이만 가늘고 길게 갈 것입니다. 정신교육보다 좋은 조직문화를만들어 진짜 트렌드를 이끌어 주세요. 푸드빌을 머무 사랑하는 일인.
2014/4/23	씨제이푸드빌(주)	100	23183	7923	3.0	3.0	2.0	3.0	2.0	0	1	서비스/고객지원	현직원	서울	 0 	False	"값진경험과 몸을 맞바꿨다"	다른 외식업체에 비해 좋은 대우와 능력급 승진	힘들고 힘들다 여자사이의 텃세 상상도 못하는 업무량과 진상	처우개선이 이루어져야 인력난이 없을 것입니다. 품질팀 이상한 토핑 좀 그만 만들어요
2014/4/17	씨제이푸드빌(주)	100	23183	5331	3.0	2.0	2.0	3.0	3.0	0	1	서비스/고객지원	현직원	제주	 0 	False	"회사가 어떻게 돌아가는지에 대해 배우고 알게 해준곳"	방대한 자료와 체계적인 업무 교육	많은 사람들이 일하는 만큼 아르바이트생들이 자주 바뀐다	근무환경이 개선될 필요가 있다
2014/4/17	씨제이푸드빌(주)	100	23183	5330	4.0	2.0	4.0	3.0	3.0	0	2	서비스/고객지원	현직원	경북	 0 	False	"할 수 없이 시작했지만 재밌는 곳"	사회 생활에 잘 적응 할 수 있는 시작하기 좋은 회사	낮은 연봉과 업무의 힘듬	직장 내 근무자들은 생각해주고 일은 추진했으면
2014/4/17	씨제이푸드빌(주)	100	23183	5328	4.0	3.0	3.0	4.0	4.0	0	2	서비스/고객지원	현직원	충북	 0 	False	"내 꿈의 디딤돌을 놓아준 회사"	다양한 복지혜택과 쾌적한 근무환경	낮은 연봉 및 직업 특성상의 휴일제도	직원들의 근무 환경에 대한 개선이 필요
2014/4/17	씨제이푸드빌(주)	100	23183	5329	3.0	3.0	3.0	3.0	3.0	0	1	전문직	현직원	서울	 0 	False	"내가 좋아하는 일"	한 만큼준다	일의 기복이 심하다	보너스
2014/4/17	씨제이푸드빌(주)	100	23183	5327	3.0	3.0	3.0	3.0	3.0	1	1	서비스/고객지원	현직원	전북	 0 	False	"학생이 하기에 보수가 좋다"	내시간를 조절할 수이었다	너무 힘들어서 하기힘들다	점심밥을 맛있게 해주었으면 좋겠다
2014/4/17	씨제이푸드빌(주)	100	23183	5326	3.0	3.0	3.0	3.0	3.0	0	None	경영/기획/컨설팅	현직원	서울	 0 	False	"돈이 적음"	돈이 적어요	월급이 적음	월급 인상
2014/4/17	씨제이푸드빌(주)	100	23183	5325	2.0	2.0	3.0	3.0	2.0	0	2	서비스/고객지원	현직원	경남	 0 	False	"다른곳에 비해 대우가 좋음"	휴무가 많은거에 비해 월급이 적진 않음	개개인의 경력은 존중하지만 차별이 심함	직원들의입장을생각하고 객관적으로봐줬으면
2014/4/17	씨제이푸드빌(주)	100	23183	5324	3.0	2.0	3.0	4.0	3.0	1	2	서비스/고객지원	현직원	서울	 0 	False	"나의 식품과 외식업에 관한 관심을 확신으로 바꾸어준 회사"	자유로운 분위기, 직원 멤버십	낮은 연봉과 장시간 서서 일해야 한다는 단점	매출이 오르고, 출점과속화가 계속되고 있는데 성과금이나 연봉에 반영이 안돼고있다.
2014/4/17	씨제이푸드빌(주)	100	23183	5323	4.0	2.0	1.0	2.0	3.0	0	1	서비스/고객지원	현직원	서울	 0 	False	"짜증나는 회사생활."	35% 할인밖에 없움	업무 강도 및 연봉	직원은 노예가 아니다
2014/4/17	유베이스(주)	100	87279	1835	5.0	3.0	3.0	4.0	3.0	1	2	영업/제휴	현직원	서울	 0 	False	"기회를 잡게 해 준 회사"	체계적인 회사 다양한조직문화	낮은 연봉	관리자급여고 신경써주었으면
2014/4/17	유베이스(주)	100	87279	1830	4.0	3.0	4.0	4.0	3.0	1	2	영업/제휴	현직원	인천	 0 	False	"조른회사 좋은사람"	직원 복지혜택	낮은 얀봉	급여를 좀 더 올려주셨으면
2014/4/17	유베이스(주)	100	87279	1829	5.0	3.0	2.0	2.0	3.0	1	1	영업/제휴	현직원	인천	 1 	False	"이젠내삶의중요한한부분"	자율적인복장	업무 강도에 비해 상대적으로낮은 보수, 먼지가많은실내업무환경	인테리어부분말고 직원들의근무환경에 신경좀썼으면..건조한환경이나 미세먼지 등
2014/4/17	유베이스(주)	100	87279	1834	2.0	3.0	2.0	2.0	4.0	0	2	서비스/고객지원	현직원	경기	 1 	False	"그냥 맨날야근야근야근…"	인센티브 제도가 맘에 들어요	특근보수가 너무적어요	후처리 시간좀 늘려주세요
2014/4/17	유베이스(주)	100	87279	1833	3.0	3.0	3.0	3.0	3.0	0	1	기타	현직원	서울	 1 	False	"갈수록 힘든 회사"	복지시설	업무 강도에 비해 낮은 보수	억압해서 일 시키지마라
2014/4/17	유베이스(주)	100	87279	1832	3.0	3.0	3.0	3.0	3.0	0	1	영업/제휴	현직원	인천	 0 	False	"육아휴직을 준 회사"	육아휴직이 있고 인센티브가 있어 좋다	너무 일이 많고 스트레스를 많이 받는다	고객센타의 특성상 친절해야하지만 억지 주장이 심한 고객에 대한 조치도 필요할꺼 같아요
2014/4/17	유베이스(주)	100	87279	1831	3.0	3.0	3.0	3.0	3.0	0	1	영업/제휴	현직원	인천	 1 	False	"육아휴직을 준 회사"	육아휴직이 있다는 것	진상이 많다	불쾌한 고객에 대한 방패막이 필요해요
2014/4/17	유베이스(주)	100	87279	1828	4.0	3.0	3.0	2.0	3.0	0	2	서비스/고객지원	현직원	경기	 1 	False	"체계적인 운영을 하는 회사"	인트라넷으로 편리한 정보를 얻을 수 있다	운영지역별로 직원 편의시설이 다르다	소수 직원이 근무하는 지역의 편의시설도 신경써 주셨음 좋겠습니다
2014/4/30	아워홈(주)	100	68269	9961	3.0	2.0	3.0	3.0	2.0	0	1	유통/무역	전직원		 0 	False	"식품 유통업에 종사하고 싶은 사람이면 지원해볼만 합니다."	업무강도가 아주 많지는 않고 갑의 위치에 있는 경우가 많아 영업하기가 수월함.	오너의 입김이 너무 세고 주력인 급식업이 이미 정체기여서 회사의 장래성이 좋지 않습니다.	이미 퇴사는 했지만 회사가 계속 번창하시길 바랍니다.
2014/4/17	아워홈(주)	100	68269	1256	5.0	5.0	5.0	5.0	5.0	1	2	서비스/고객지원	현직원	경기	 0 	False	"인생에 돈주고도 못할 경험을 준 회사"	높은 급여와 자율성보장	특별한 단점은 없고 인원 관리가 힘듦	미래가치에 비중을 두고 운영
2014/4/17	아워홈(주)	100	68269	1255	4.0	3.0	4.0	4.0	4.0	1	2	기타	현직원	서울	 0 	False	"오랫동안 꿈꿔온 회사"	대기업	월급이 적음	
2014/4/17	아워홈(주)	100	68269	1257	4.0	4.0	4.0	3.0	3.0	1	1	경영/기획/컨설팅	현직원	경기	 0 	False	"나의 커리어를 업그레이드 한 회사"	다양성	투자 유연성	사기 진착이필요
2014/4/17	아워홈(주)	100	68269	1254	3.0	2.0	3.0	3.0	3.0	0	2	전문직	현직원	서울	 0 	False	"경험으로 나를 성장시킨 회사"	운영의 시스템화를 통한 효율 증대	업무 강도에 비해 낮은 보수	직원의 근무 만족도에도 신경썼으면
2014/4/17	아워홈(주)	100	68269	1253	5.0	4.0	4.0	3.0	3.0	1	2	서비스/고객지원	현직원	서울	 0 	False	"IMF때도 월급걱정없이 내 사회초년을 책임져준 회사"	주도적으로 일을 추진할 수 있는 환경	시장의 포화상태에 따른 경쟁구조내 타이트한 운영관리	철저한 시장분석 허황된 사업에 투자자제
2014/4/28	아웃백스테이크하우스코리아(유)	100	86465	9329	5.0	2.0	1.0	2.0	1.0	0	None	서비스/고객지원	전직원	경기	 0 	False	"능력과 열정이 있으면, 충분히 승진기회있음"	학벌같은 스펙을 보지않고, 개인의 능력을 중시함	낮은연봉과, 외식업계의 정체로인하여 승진기회축소	새로운 시장확대및 기존 직원들에게 좀더 높은 급여와 좋은 복지를.무분별한 행사로인한 직원들의 혼란야기,퇴사 당시 동시 진행된 이벤트만 5가지임.
2014/4/17	아웃백스테이크하우스코리아(유)	100	86465	67	5.0	4.0	3.0	3.0	2.0	0	1	서비스/고객지원	현직원	서울	 0 	False	"나를 깨우치게 한 회사"	권한 위임과 자율성	성과차에 따른 하위 그룹의 인센티브 차이로 인한 괴리감	현실 직시하고 현명한 의사결정을 하기 바람
2014/4/23	(주)커피빈코리아	100	53841	8093	3.0	2.0	3.0	3.0	2.0	0	None	경영/기획/컨설팅	현직원	서울	 2 	False	"오너기업의 명확한 한계를 보여주는 기업"	비교적 연령대가 젊은 편이라 경직되어 있지는 않음.부서별 편차가 매우 크지만 일부부서를 제외하고는 업무강도는 낮은편.	장점이 그대로 단점이 되는 기업.젊은 연령대에도 불구하고 오너, 임원에 의해 전적으로 좌지우지됨.부서별 업무강도가 커도 너무 큼.	전형적인 오너기업의 한계를 명확히 보여주는 지라,전할 말이 없음.. 전해도 바뀔 일이 절대 없을 듯
2014/4/17	(주)커피빈코리아	100	53841	2293	4.0	1.0	1.0	2.0	1.0	0	1	서비스/고객지원	현직원	경기	 1 	False	"적성에 맞는 일을 찾았다는 느낌을 알게 해준 직장이다"	커피업계에서 잘 나가는 브랜드를 경험할 수 있다는 것 하나. 그리고 시스템을 배울 수 있다는 것이 좋다.	낮은 연봉과. 생활리듬을 깨는 스케줄 변동. 직장 동료 선후배 간의 텃새.	좀 여우 있게 스케줄 나오도록 인원 더 보충 아니면 시스템 전환
2014/4/17	(주)커피빈코리아	100	53841	2292	2.0	1.0	1.0	3.0	2.0	0	1	서비스/고객지원	현직원	서울	 0 	False	"기대치가낮았지만 더 낮아지는곳"	비싼음료 pt로시음할 수있다는 것	업무 강도에 비해 현저히 낮은 월급과 그외 갖가지 스트레스동반	기존 직원들에게 대우를 잘해 줬으면 좋겠다 처우가 너무 안좋은거같다
2014/4/17	(주)커피빈코리아	100	53841	2291	3.0	3.0	2.0	2.0	2.0	1	1	서비스/고객지원	현직원	서울	 0 	False	"서비스 마인드를 심게해 줌"	복지	박봉	근무환경 개선
2014/4/28	(주)호텔신라	100	47377	9095	4.0	4.0	3.0	3.0	5.0	1	2	유통/무역	현직원	경기	 2 	False	"한번쯤 일해 볼만한 회사"	의사결정능력과 경영진의 능력.삼성그룹의 복지와 교육혜택	삼성그룹의 전반적인 문제인 관리적인 조직문화,실적에 비례되는 성과측정 및 보상의 문제	혁신적인 마인드가 필요
2014/4/17	(주)호텔신라	100	47377	3099	5.0	4.0	3.0	5.0	5.0	1	2	서비스/고객지원	현직원	서울	 0 	False	"생각지도 못한 생활을 부여해준곳"	연봉 인지도 복리후생	많은 야근 부서이동	
2014/4/17	(주)호텔신라	100	47377	3098	4.0	3.0	3.0	4.0	4.0	1	2	전문직	현직원	경기	 0 	False	"기대치를 채워준 회사 하지만 더 발전이 필요하다"	권위적이지않은 조직문화	체계적 프로세스가 아직 덜 잡힌듯	
2014/4/17	(주)호텔신라	100	47377	3094	5.0	4.0	5.0	5.0	5.0	1	2	서비스/고객지원	현직원	서울	 0 	False	"직원들과의 관계가 좋음"	칼퇴근 가능 상사와의 불화가 없음	연봉인상률이낮음	연봉인상해 주세요
2014/4/17	(주)호텔신라	100	47377	3095	4.0	2.0	4.0	4.0	3.0	1	2	서비스/고객지원	현직원	서울	 0 	False	"나에게 Vip의 세계를 알려준 회사"	깔끔한 복장 규제, 인권보장	하루종일 서있어야 되는 것에 비하면 보수가 적긴하다 가끔 야근하면 새벽까지 하는 점이 힘들다	식당에 좀 더 다양한 메뉴 만들어줬으면 좋겠다
2014/4/17	(주)호텔신라	100	47377	3097	4.0	4.0	3.0	3.0	3.0	1	2	서비스/고객지원	현직원	대구	 0 	False	"직원들을 생각해주는 회사"	복리후생이 좋은거 같다	업무시간 입니다	
2014/4/17	(주)호텔신라	100	47377	3096	3.0	3.0	3.0	2.0	2.0	0	1	서비스/고객지원	현직원	서울	 0 	False	"업무비중이 높은데 비해 그에다한 보상은 제로"	복지제도	낮은 보수,관리자의 낮은역량	직원들에 대한 관심
2014/4/17	트랜스코스모스코리아(주)	100	51105	2594	4.0	2.0	2.0	3.0	3.0	0	1	서비스/고객지원	현직원	경기	 0 	False	"고생 대비 임금이 짠 회사"	좋은 직장 동료	낮은 보수	임금이 다른 곳에 비해 부족하고, 식사시간도 너무 차이가 큽니다
2014/4/17	트랜스코스모스코리아(주)	100	51105	2593	3.0	3.0	3.0	3.0	3.0	0	1	영업/제휴	현직원	부산	 0 	False	"근무환경이 너무너무 안 좋음"	철저한 정보보안	낮은 급여	근무환경 개선
2014/4/17	트랜스코스모스코리아(주)	100	51105	2592	3.0	1.0	3.0	3.0	2.0	0	1	영업/제휴	현직원	경기	 0 	False	"업무량에 비해 급여가 불만족"	동료간의 친밀함	업무량에 비해 급여 적음	급여인상..
2014/4/17	트랜스코스모스코리아(주)	100	51105	2591	3.0	3.0	3.0	3.0	3.0	0	2	영업/제휴	현직원	경기	 0 	False	"이직을 하고싶다"	인센티브	업무 강도에 비해 보수가 낮고 조직문화가 강압적임	수평적 조직문화를 만들었으면 합니다
2014/4/17	트랜스코스모스코리아(주)	100	51105	2590	3.0	3.0	3.0	3.0	3.0	1	1	영업/제휴	현직원	서울	 0 	False	"상담사들에게 연봉직,비전등은 제시해 주지만 경력에 대한 승진은 잘 고려되지 않음"	선임직급 이상에게 연봉으로 급여 전환하여 연차수당 연장근무 수당 등이 급여면에서 높아짐 잦은 타 부서 발령으로 다양한 업무 경력	성과급이 적고 복리후생 부족	상담 상면 환경 개선이 필요하며 임금 인상 필요 경력자에 대한 보직자가 아니더라도 승진 적용
2014/4/17	트랜스코스모스코리아(주)	100	51105	2589	1.0	1.0	2.0	1.0	2.0	0	None	서비스/고객지원	현직원	경기	 0 	False	"체계가 안잡힘 회사는 직원이 힘들다"	직원터치 없는 편안함	비 체계적, 회사의 책임 회피	직원들 복지에 더 관심을 가져줬으면
2014/4/17	(주)유니에스	100	87274	1815	4.0	4.0	2.0	3.0	2.0	0	1	기타	현직원	인천	 1 	False	"그냥 당장 갈수있는데가 없어서 머무르는곳"	유니에스 라는 회사는 직접고용이 아닌 용역업체이며 그 곳에서 배정한 인천공항 보안업에 종사하고 있다. 일은 매우 편하며 신경쓸게 없어서 좋다.	단점이라면 편하고 좋은대신 급여가 많지 않다는 것이 제일 큰 단점이다	뭐 다른회사에서 일해본적이 없고 이곳이 처음이라 모르겠지만 진급하는 사람들을 보면 일을 잘하는 사람보단 그외적인 것으로 되는사람이 대부분인 것 같다. 그런사람이 간부가되다보니 직원보다 일을 모르고 밑에 직원들이 피곤해지는 경우가 많다. 비리가 없어졌으면 한다.
2014/4/17	(주)유니에스	100	87274	1814	3.0	2.0	1.0	3.0	2.0	0	1	IT/인터넷	현직원	서울	 0 	False	"내 인생의 첫 직장 내모든것의 처음이자 시작인곳"	공부할 수 있는 장비 가많은 곳 하지만 자율적 이어야 됨	낮은 연봉 성과급 부재 업무 강도를 못따라가는 수입	근무환경 개선 휴가 및 여유시간 이 좀 더많았으면 함
2014/4/17	(주)유니에스	100	87274	1813	1.0	1.0	1.0	1.0	1.0	0	None	서비스/고객지원	현직원	서울	 0 	False	"복지가 안 좋은 더 같다"	연령대가 비슷한점이 좋다	투명하지도 않은  것 같다	직원을 생각하는 제도를 만들어라
2014/4/17	(주)유니에스	100	87274	1812	2.0	2.0	3.0	3.0	1.0	0	2	기타	현직원	경기	 0 	False	"요구하는  것이 많은 회사"	승진기회가 많다	업무 강도  높음	회사복지가 좋아졌으면
2014/4/17	(주)유니에스	100	87274	1811	3.0	3.0	2.0	3.0	3.0	0	1	특수계층/공공	현직원	인천	 0 	False	"나름 이 업계에서는 튼튼한 회사"	망하지는 않을 것 같음..	업무 강도에 비해 상대적으로 낮은 월급과 수직적 직장문화	많은걸 바라진 않지만...최소한 명절에는 젤 저렴한 선물세트보단 단돈 오만원이라도 실용적인걸 주셨음...싸고 무겁기만
2014/4/29	(주)에스텍시스템	100	89310	9620	3.0	3.0	3.0	3.0	2.0	1	1	서비스/고객지원	전직원	서울	 0 	False	"SE직군의 경우 입사가 어려운 회사가 절대 아닙니다."	잘 짜인 시스템. 안정적인 수익구조. 연차가 쌓일 수록 향상되는 복지.	낮은 연봉. 사업장마다 분위기가 다르기 때문에 사람을 잘 만나야함. 군대식 조직문화. 높은 이직률.	사람이 상품인 회사입니다. 불필요한 비용을 줄여 수익률을 높이는 것도 좋지만.. 사람에 대한 투자를 너무 줄이지 말아주세요.
2014/4/29	에스원(주)	100	65658	9429	2.0	1.0	2.0	2.0	2.0	0	None	서비스/고객지원	전직원		 0 	False	"추천하고 싶지 않습니다."	이 기업의 장점이라고 하면, 그저 좋은 경험 해볼 수 있다는 정도일 것 같습니다.	일단 복지 후생이 그렇게 좋지 않고, 급여가 너무 짭니다. 그래서 매우 힘듭니다.	인력이 많이 필요하다면 그에 해당하는 비용을 많이 지불해야 합니다.
2014/4/17	에스원(주)	100	65658	1388	3.0	5.0	3.0	4.0	3.0	1	2	IT/인터넷	현직원	서울	 0 	False	"일에 집중할 수 있도록 복지가 좋은 회사"	자율적인 조직문화	조직긴 업무의 협업 부족	개개인의 역량을 최대한 발휘하도록 근무환경에 힘써주세요
2014/4/17	에스원(주)	100	65658	1389	4.0	4.0	4.0	4.0	4.0	1	2	서비스/고객지원	현직원	강원	 0 	False	"내 인생의 새로운 경험을 주었다"	자부심을 가질 수 있이다	주/야 교대로 인한 육체피로	
2014/4/17	에스원(주)	100	65658	1390	4.0	3.0	4.0	3.0	4.0	0	2	엔지니어링	현직원	경기	 0 	False	"직접 직면함으로 일을 가르치는 회사"	시장이 잠재력이 커 성장 가능성이 높다	타 계열사에 비해 보수나 성과급이 작다	업계 특성에 맞춘 지원 필요
2014/4/17	한국마사회	100	86726	6799	5.0	5.0	5.0	5.0	5.0	1	2	경영/기획/컨설팅	현직원	서울	 0 	False	"흥미롭고 새로운 경험을 할 수 있는 회사"	수평적인 조직문화와 충분한 급여	업종이 사행산업이라는 점	근무환경도 신경써주세용
2014/4/17	한국마사회	100	86726	6801	3.0	3.0	3.0	3.0	2.0	0	1	서비스/고객지원	현직원	인천	 0 	False	"알바의 천국과 지옥"	약간 늦은 출근시간	친절과 돈 실수에 대한 스트레스	근무환경 개선
2014/4/17	한국마사회	100	86726	6800	2.0	3.0	2.0	3.0	3.0	0	None	서비스/고객지원	현직원	인천	 0 	False	"일용직이 힘들다는 것을 느끼게해주네요"	명절때 챙겨주는  선물	계약직이너무많아요	계약직을 조금이라도더생각해 주세요
2014/4/17	한국마사회	100	86726	6798	3.0	2.0	3.0	2.0	1.0	1	2	서비스/고객지원	현직원	서울	 0 	False	"인생의 또다른 친구"	늦은출근시간과 아줌마들과의 수다	근무 시간 조작으로 4대보험과 퇴직금 안주는 속임수	현정부의 시간제 일자리 창출에 따른 이해도
2014/4/17	한국마사회	100	86726	6797	5.0	5.0	5.0	5.0	5.0	1	2	경영/기획/컨설팅	현직원	경기	 0 	False	"회사와 사원이 함께 더불어 살아가는 회사"	자율성 수평적 조직문화 청렴	사람들의 경마에 대한 편견	
2014/4/17	케이에이(주)	100	87378	2340	5.0	2.0	3.0	3.0	2.0	1	2	서비스/고객지원	현직원	서울	 0 	False	"새로운  시작"	내가 할일만 잘하면 아무 문제가없 다	업무 강도에 비해 낮은 보수	보너스좀 주세요
2014/4/17	효성아이티엑스(주)	100	285	7504	3.0	2.0	3.0	3.0	2.0	0	1	영업/제휴	현직원	경기	 0 	False	"내 인생의 유일한 길이자 올가미"	짜임새 있는 복리후생 등	업무 강도 대비 낮은 급여	직원 입장에서 생각했으면
2014/4/17	효성아이티엑스(주)	100	285	7503	3.0	2.0	5.0	3.0	3.0	1	1	영업/제휴	현직원	경기	 0 	False	"단시간 근로자로서 적정의 직장"	근로시간이 최고다 주5일 근무에 하루 4.5시간이고 보수도 괜찮은 편이다	성과급이 낮고 보너스도 없다	보너스 주세요
2014/4/17	효성아이티엑스(주)	100	285	7502	3.0	4.0	3.0	3.0	3.0	1	1	영업/제휴	현직원	인천	 0 	False	"다른회사보다 급여좋은이상"	급여조건과 대우조건들	실적 안나오면 연장근무	실적도좋지만계속연장근무는 일효율이없어요
2014/4/17	효성아이티엑스(주)	100	285	7501	3.0	2.0	3.0	3.0	3.0	0	1	서비스/고객지원	현직원	경기	 0 	False	"집보다오래있는곳"	근무건물	낮은성과급	갑사에 안졌음좋겠다
2014/4/17	효성아이티엑스(주)	100	285	7499	4.0	3.0	3.0	4.0	3.0	1	2	영업/제휴	현직원	서울	 0 	False	"아웃소싱업체의 최고"	다양성 및 성장 가능성	낮은 연봉	직원들의 근무환경을 신경써주셨으면
2014/4/17	효성아이티엑스(주)	100	285	7498	3.0	1.0	5.0	3.0	3.0	1	1	영업/제휴	현직원	경기	 0 	False	"기대치를 채워준 회사"	정규직이며 월급도 제 때나오며  장기간 근무가능함	낮은 연봉	직원들의 근무환경및 월급 인상
2014/4/17	효성아이티엑스(주)	100	285	7496	3.0	3.0	3.0	2.0	3.0	0	1	경영/기획/컨설팅	현직원	서울	 1 	False	"직원 복지와 급여가 좋지만 힘들다"	급여가 높고 복지가 좋은편이다	회사내 텃세가있고 상사들이 함부로함	직원좀 더 충원했으면 좋겠습니다
2014/4/17	효성아이티엑스(주)	100	285	7495	3.0	4.0	3.0	3.0	2.0	1	2	서비스/고객지원	현직원	서울	 0 	False	"좋은사람들을만나게 해 준 회사"	적당한급여와 개인적성취	많은양의 업무와 직장 스트레스	좀 더 편안한 직장이되길
2014/4/17	효성아이티엑스(주)	100	285	7497	1.0	3.0	1.0	3.0	3.0	0	1	영업/제휴	현직원	서울	 0 	False	"기대하지 말아야 할 것에 대한 포기를 알려준 회사"	동종업계 대비 높은 급여체계	인원불충족으로 인한 피해는 누가받는가	
2014/4/17	효성아이티엑스(주)	100	285	18	3.0	3.0	1.0	1.0	1.0	1	1	경영/기획/컨설팅	현직원	기타	 3 	False	"사람을 관리하는 업종이라 이슈도 많고 다소 피곤한 점이 많다. 부서마다 다르지만 야근이 많다. 4주째 야근 중이다. 공고가 떠서 제안서 작업하는 시기에는 많이 힘들다. 수면 부족으로.."	사람 좋아하고 만나는거 좋아하거나 관리직이 적성에 맞는 사람이라면 흥미를 느껴볼만하다.	업무량에 비해 적은 연봉과 어쩔수없는 한국의           고리타분한 상사들	윗선에서만 정하지말고 여러사람의 의견을 고루고루 반영했으면 좋겠고 엄청나게 보수적인 성향이 강함편인데 개선해줬으면 좋겠습니다. 젊은층이 없고 근속연수도 짧은것을 보시고 느끼셨음 합니다.
2014/4/30	대명레저산업(주)	100	82315	10264	2.0	2.0	1.0	3.0	2.0	0	1	서비스/고객지원	현직원	강원	 0 	False	"만약 고객과 가장가까운 곳(현직자는 알듯)에서 매일 부딪히는 부서이라면 2년만 참으세요.1년버티면 정직달고 인턴에서 급등하는 월급통장을 볼 수 있음...하지만 급여를 다른 업계와 비교하지 말 것...리조트 좋아하고 오션월드 휘닉스 파크 등 레저 좋아한다면 잘 맞는 회사가 될 수 있습니다."	전국 대명리조트 이용이 가능, 젊은 사람이고 레저에 관심이 많다면 할인혜택과 직원할인가가 매혹적임.그리고 부서 사람들끼리 크게 수직적인 커뮤니케이션은 없어서 팀내 스트레스는 적음.리조트 업계 중 극악할 정도의 객실 점유율 보유 (97~99%)이는 곧 회사는 돈번다는 의미가 됩니다.	일을 하고 있는 순간 순간 매 순간 고민하게 됨"이걸 해 말아?" 그리고 업계 최고라 하지만 그 업계에서만 해당하는 거고급여 이외에도 회사에 직원이 개인 삶의 시간을 투자하는 만큼 업무에 대한 만족도도 중요하다고 보는데...낮다.서비스 업계의 특성 상 어쩔 수 없는 것이라 생각됩니다.	술자리에서 허세부리는 사람이 많네요. 팀웍을 위해서 모이는건 좋은데 그 안에서 허세부리는 과장급들이 많습니다.치고 올라갈 루트가 그리 많지 않아서 심심한 분들이 많습니다...ㅎㅎㅎ
2014/4/17	대명레저산업(주)	100	82315	373	4.0	3.0	5.0	3.0	2.0	1	2	경영/기획/컨설팅	현직원	서울	 0 	False	"사회 첫 발을 내딛은 회사"	직원 복지가 좋다(콘도 무료 숙박)	인턴 기간 1년	인턴 기간 줄이고 월급 좀 올려줬으면...
2014/4/24	피알원(주)	100	87461	8404	4.0	4.0	4.0	5.0	3.0	1	2	경영/기획/컨설팅	현직원		 0 	False	"열심히 한 만큼 인정받을 수 있는 회사 입니다. 홍보/BPR 분야의 전문 임원분들이 끊임없는 연구 및 지원으로, 홍보 AE로서 자부심을 느끼고 있습니다."	기업문화를 전담하는 팀이 따로 있을 만큼의 우수한 기업문화(무비데이, 플리마켓 등등등..), 체계적 교육 시스템(직급별 교육, 월 사례발표 등), 3년마다 있는 안식월 !!! (3년마다 한달을 유급으로 쉬게 해줍니다.), 건물 꼭대기층에 사무실이 있어 끝내주는 뷰~	팀 체제라 팀 성과별로 성과급이 지금됩니다.ㅜㅜ 하지만 성과가 없어도 위로금 차원으로 1년에 한번씩은 두둑한 보너스를 받을 수 있네요.	없어진 임직원 해외여행을 부활시켜 주세요 ㅎㅎㅎㅎ
2014/4/17	피알원(주)	100	87461	2783	2.0	3.0	2.0	2.0	1.0	0	None	기타	현직원	서울	 1 	False	"겉보기에만 그럴듯한 회사"	20-30대 층으로 이루어진 젊은 회사	회사 내 팀들 간의 소통결여로 인한 업무 비효율성, 팀장들의 부하직원 인격무시, 높은 퇴사율, 성과급의 불공평한 분배	회사 내부 분위기에 대해 전혀 파악하지 못하고 있는 같음. 매출도 좋지만 사람에 대해 귀히 여길 줄 알았으면 함
2014/4/23	(주)대학내일	100	86769	8005	3.0	5.0	2.0	4.0	4.0	1	2	경영/기획/컨설팅	현직원	서울	 0 	False	"유쾌한 또라이들이 넘쳐나는 젊은 마케팅 에이전시"	평균 연령이 낮아 새로운 트랜드와 시도에 도전적임직원들의 목표가 프로젝트의 성공적인 수행에 업무 목표의 초점이 맞춰져 있어 고객 만족도가 높은 편똑똑하고 야무진 직원들이 많이 모여 있음	에이전시의 특성도 있겠지만 업무 강도가 높아 야근과 주말근무가 빈번함중견급 직원들의 업무 능력은 매우 높으나 업무 강도도 높아 신입 사원들에 대한 트레이닝에 대한 부분이 다소 미흡함	대표님 만수무강하세요.
2014/4/17	(주)대학내일	100	86769	414	3.0	4.0	3.0	4.0	5.0	1	1	서비스/고객지원	현직원	서울	 0 	False	"급여가좋은 회사"	높은 급여	잦은 야근	
2014/4/17	(주)대학내일	100	86769	415	4.0	3.0	2.0	4.0	3.0	0	2	기타	현직원	서울	 0 	False	"어쨌든 회사는 이익을 창출해야 하는 곳.."	젊은 사고방식 표현의 자유	낮은 보상	정규직 채용 기회를 넓혀야함 정규직전환이 안 되는 인턴들을 너무 많이 고용함..
2014/4/28	현대그린푸드(주)	100	47646	9366	2.0	3.0	3.0	2.0	3.0	0	1	전문직	현직원	경기	 11 	True	"영양사, 조리사를 꿈꾼다면 한번쯤 거쳐가기 좋은 직장 신입보다는 경력직으로 들어오는 것을 추천"	전문직 급여는 동종업계에서 뒤지지 않는 수준, 백화점 그룹사라는 이점	전문직의 여러분야 진출이 용이하다는 점이 장점이자 단점, 전문직과 사무직군간의 급여차이 존재로 같은 업무를 하더라도 느껴지는 뭔가의 괴리감	체계적인 업무 메뉴얼을 구축하는 것이 시급, 현장경험이 많은 영업관리직들과 회사내에서 전문직도 열심히 하면 높이 올라갈 수 있다는 것에대한 비전을 제시할것~!
2014/4/17	현대그린푸드(주)	100	47646	3052	4.0	2.0	3.0	3.0	2.0	1	2	전문직	현직원	울산	 0 	False	"조리쪽에선 괜찮은 회사"	업무의 자율. 복리	낮은 연봉...호봉제도	
2014/4/17	현대그린푸드(주)	100	47646	3049	4.0	4.0	2.0	2.0	4.0	1	2	경영/기획/컨설팅	현직원	울산	 0 	False	"나를 성장시킨회사"	한계까지 주는 업무	평가관리	
2014/4/17	현대그린푸드(주)	100	47646	3048	4.0	5.0	4.0	4.0	4.0	1	2	영업/제휴	현직원	부산	 0 	False	"동종업계에선 가장 성장 가능성 있는 회사"	급여만족도 높음.	갑작스런 인사발령	앞으로도 글로벌한 기업이 될수있도록
2014/4/17	현대그린푸드(주)	100	47646	3051	3.0	3.0	4.0	3.0	3.0	0	2	특수계층/공공	현직원	부산	 0 	False	"기대보다 조금의 실망을 준 회사"	여러종류의 장비로 인한 기술습득	준비성 부족으로 인한 신속성 결여	현장직 사람들도 많은 신경써주세요
2014/4/17	현대그린푸드(주)	100	47646	3050	3.0	1.0	2.0	2.0	3.0	0	1	서비스/고객지원	현직원	울산	 0 	False	"미래가 어두운 회사"	수평적 조직문화	업무에 비해 낮은 연봉 , 진급 늦고 연봉상승률이 적다	직원사기진작이 우선시 되야 회사가 성장
2014/4/17	현대그린푸드(주)	100	47646	3047	5.0	4.0	4.0	3.0	3.0	1	2	IT/인터넷	현직원	서울	 2 	False	"내 인생을 바꾸준 회사"	직원을 소모품으로 보지않고 인격체로 대우해줌	관리자의 관리능력부족	눈에 보이는 실적보다 꾸준함을 인정해 줬으면
2014/4/17	(주)그린웹서비스	100	86851	187	2.0	4.0	2.0	2.0	4.0	1	1	IT/인터넷	현직원	서울	 0 	False	"사회 생활의 처음을 함께한 곳"	자유로운 복장과 분위기	임원진의 편협적이고 안이한 시각	직원을 너무 1회용으로만 여겨 안타깝다.
2014/4/17	한국피자헛(유)	100	2927	7047	3.0	3.0	4.0	4.0	3.0	1	1	영업/제휴	현직원	서울	 0 	False	"인생의 최고 시절이다"	외국회사로 자유롭고 개방적이다	직원 복지개발에 말과달리 후진국 수준이다	고객 우선보다  직원우선에 관심을 바란다
2014/4/17	한국피자헛(유)	100	2927	7049	3.0	3.0	3.0	3.0	3.0	1	2	서비스/고객지원	현직원	광주	 0 	False	"사람 비위 맞추기 힘들다"	절저로 다이어트	스트레스	일관성있는 대우
2014/4/17	한국피자헛(유)	100	2927	7048	3.0	1.0	3.0	2.0	3.0	0	1	서비스/고객지원	현직원	서울	 0 	False	"내 인생의 첫 사회 생활을시작하게 해 준 회사"	자유로운 근무분위기,가족적인 팀원들과의 관계	연봉협상이 없음, 승진기회부족,	회사를 이끌어나가는건 직원들입니다. 직원들을 쥐어짜내서 데리고가는건 한계가있습니다. 직원들 복지에 조금만 신경써주세요
2014/4/17	삼성웰스토리(주)	100	88148	4648	4.0	5.0	4.0	4.0	4.0	1	2	서비스/고객지원	현직원	울산	 0 	False	"회사에서 기대치가 높은만큼 나도 열심히"	성과금과 상여금을 주니까 좋다	모든 회사들이 다 그렇겠지만 이윤내라고 너무 압박한다	현재 휴직중이라 전하고 싶은말이 없네요
2014/4/17	삼성웰스토리(주)	100	88148	4650	4.0	4.0	3.0	2.0	2.0	1	2	서비스/고객지원	현직원	경기	 0 	False	"인생의 시작"	급여 지연 지급 없음	폐쇄적인 조직문화	보고서 숫자가 아닌  시스템 기반 업무 미팅
2014/4/17	삼성웰스토리(주)	100	88148	4649	5.0	4.0	4.0	4.0	3.0	1	2	서비스/고객지원	현직원	경기	 0 	False	"나의 첫 직장"	업무와의 적성	주변 환경	
2014/4/17	에스피씨그룹	100	87570	3178	3.0	3.0	3.0	3.0	3.0	0	1	생산/제조	현직원	경기	 0 	False	"정년까진 무난하게 갈 수 있을듯 한 회사"	업무의 자율성과 효율성	비 합리적인 인센티브제도	직원들에 복지에 좀 더 신경을
2014/4/17	(주)한국코퍼레이션	100	63215	1644	4.0	3.0	4.0	5.0	4.0	1	1	경영/기획/컨설팅	현직원	서울	 0 	False	"첫 회사 십오년간 일한 회사 정년퇴직하고픈 회사"	업계 평판 자율적 분위기	연봉이 적다	직원이 만족해야 회사가 산다
2014/4/17	(주)한국코퍼레이션	100	63215	1640	3.0	2.0	4.0	4.0	3.0	1	2	영업/제휴	현직원	경기	 0 	False	"편하지만 돈이 적다"	자유시간이 많다	월급이 적다	승진기회를 많이 주세요
2014/4/17	(주)한국코퍼레이션	100	63215	1641	4.0	3.0	5.0	5.0	4.0	0	2	영업/제휴	현직원	경기	 0 	False	"첫 직장 생활이라 매우 걱정했었는데 모든 걱정을 사라지게만들어준 회사"	친구같은 직장 동료	낮은 월급	월급을 조금만 올려줬으면 매우만족 할것 같습니다
2014/4/17	(주)한국코퍼레이션	100	63215	1642	3.0	3.0	4.0	4.0	5.0	1	2	서비스/고객지원	현직원	경기	 0 	False	"근무환경이 편하다"	업무의 자율성	낮은 연봉	
2014/4/17	(주)한국코퍼레이션	100	63215	1643	2.0	1.0	5.0	4.0	3.0	1	1	영업/제휴	현직원	서울	 0 	False	"월급이 짠 회사"	조직적이지 안아 사회 생활이 편함  . 칼퇴근이라 자유시간이 많음	월급이 적음	월급을 좀 더 올랴주시고 직원도 더뽑아주세요
2014/4/17	(주)한국코퍼레이션	100	63215	1636	2.0	1.0	2.0	2.0	3.0	0	1	서비스/고객지원	현직원	서울	 0 	False	"별로 오래 다니지않고싶은 회사"	프리하게 일을 할 수이었다	너무 프리해서 돈도 안주나보다	복리후생에 신경썼으면...
2014/4/17	(주)한국코퍼레이션	100	63215	1637	4.0	3.0	3.0	3.0	4.0	1	2	영업/제휴	현직원	서울	 0 	False	"유대관계를 일깨워준 회사"	노동법 준수 및 정규직만을 채용 하는 점 사원 복지에 대한 고찰	수직적인 상하관계...인 듯하나 프로젝트마다 차이가 커서 체감되지는 않음	정규직 고용 지속하여 주시고 앞으로도 사원 복지에 힘써주시기를 바랍니다
2014/4/17	(주)한국코퍼레이션	100	63215	1638	3.0	4.0	3.0	2.0	2.0	1	1	영업/제휴	현직원	경기	 0 	False	"월급주는 화사"	직원우대	직원우대	직원우대
2014/4/17	(주)한국코퍼레이션	100	63215	1639	3.0	1.0	1.0	1.0	2.0	0	None	영업/제휴	현직원	서울	 0 	False	"마지막 동앗줄인줄 알았는데 썩은 동앗줄"	상급자가 될 기회가 많고 전산이 괜찮다	낮은 봉급과 강압적인 오티	근무조건이 너무 좋지 않고 점차 침체 됨
2014/4/17	(주)한국코퍼레이션	100	63215	1635	3.0	4.0	4.0	3.0	4.0	1	1	경영/기획/컨설팅	현직원	서울	 0 	False	"처음.업무를.시작한.회사"	분위기가.좋다	정년이 짧다	근무환경에 신경을 쒀줬으면
