date	cname	industry_id	cid	cmid	possibility	pay	balance	culture	management	recommend	expect	job_kind	current	area	helpful_count	is_best	subject	good	bad	hope
2015/4/28	스타벅스커피코리아(주)	100	70749	110352	3.0	4.0	3.0	3.0	3.0	0	1	서비스/고객지원	현직원	경기	 0 	False	"글로벌 커피 브랜드로 항상 새로운 것을 개발하는 회사이고 복지가 괜찮으나 그만큼 연봉이 적음"	직영점으로 운영되는 글로벌 브랜드로 서비스가 탁월하고새로운 메뉴가 항시 개발된다	정말 정말 낮은 연봉이고 몸이힘듬! 여성들이 많아 뒷말이많다	스타벅스는 좋은 브랜드임에 반해 낮은연봉으로 오래일하고싶어하는 사람이 적어지고있음브랜드파워에 맞는 연봉이 필요함
2015/4/24	스타벅스커피코리아(주)	100	70749	108427	3.0	4.0	2.0	2.0	1.0	0	1	인사/총무	전직원	서울	 6 	False	"커피향 나는 외국계 기대하고 왔다가 보수적 기업문화에 개깜놀"	신세계 복지제도를 누릴수 있는것은 좋음, 글로벌과의 협업	보수적 기업문화, 1인 독재체재, 모두 대표 눈치 보기 바쁨	말로만 수평적 기업문화 하지말고 외국게 기업의 장점좀 살려주길
2015/4/20	스타벅스커피코리아(주)	100	70749	106812	2.0	4.0	3.0	3.0	3.0	0	2	서비스/고객지원	현직원	서울	 0 	False	"근무환경이나 급여 복지가 동종 업계에 비해 우수함"	지속적으로 변화하려는 노력을 하며 신제품 출시 등 경쟁우위를 지키려 노력함	규모가 커지는만큼 변화의 속도가 느리고, 여전히 대기업의 기업문화를 벗지 못하는 한계	실질적이고 긍정적인, 더 많은 직원들이 공감하고 함께 할 수 있는 문화, 평가에 있어 공정한 문화를 만들어주길
2015/4/16	스타벅스커피코리아(주)	100	70749	105421	3.0	4.0	2.0	4.0	3.0	0	1	서비스/고객지원	전직원	부산	 0 	False	"동종업계라면 어디가도 인정받을수 있는 경력입니다"	대기업에서 운영하는지라 동종업계에서 복지는 최고라고 생각합니다.	세세한부분까지 모두 메뉴얼화 되어있어 그만큼 자유가없는 느낌입니다	근무인원이 조금은 여유가 있으면 좋겠습니다
2015/4/10	스타벅스커피코리아(주)	100	70749	103551	4.0	4.0	2.0	3.0	3.0	1	2	서비스/고객지원	전직원	경기	 0 	False	"직원 생각 없이 단기간 일 하기는 너무너무너무 좋은 회사월급도 상여금도 선물도 짱짱"	커피업계 1위의 자부심. 친절한 파트너.	외국계기업이 아닌 그냥 신세계. 점장님부터 매니저 직급까지 모두 너무 힘들어 보이셨음.	프로모션 준비는 좀 일찍일찍 할 수 있도록 해주시면...
2015/4/26	한국맥도날드(유)	100	3616	109449	4.0	4.0	2.0	2.0	4.0	0	2	서비스/고객지원	현직원	대구	 0 	False	"보람없는 자발적희생을 요구하는게있다."	평일 주말 전부 쉴수있고, 자유분방한문화	일에 개인적감정을 많이소비하는 문화 , 시간외 근무를 당연하게여김	체계적인 직무 교육을 하는 듯안하는듯하는 문제점수정
2015/4/25	한국맥도날드(유)	100	3616	108934	3.0	3.0	2.0	3.0	3.0	0	1	서비스/고객지원	전직원	서울	 0 	False	"이 일이 맞는다 싶으면 오래버틸수록 좋다"	기업이 규모가 크니깐 월급으로 스트레스받을 일없음(하지만 하는일보다 월급은 짜다)버티고 버텨서 승진하면 만족할만한 월급을 받는다	매출과 고객관리에 대한 컴플레인에 스트레스가 많다매니저가되어도 이직율이 높드	더 많은 복지의 증진 및 가장 버티기 힘든 매니저 세컨매니저의 연봉의 인상
2015/4/22	한국맥도날드(유)	100	3616	107480	4.0	4.0	1.0	2.0	2.0	0	1	서비스/고객지원	현직원	부산	 0 	False	"동종업계중 연봉은높으나 실무와 사무를 함께하여 업무가 많음"	휴무, 휴가보장. 여성 육아휴직등 보장	상여금이 적음. 성과급제처럼 매장 결과가 좋지않으면 성과급없음	매장별 인력을 더 배치하여 사무업을 편안히 볼 수 있도록 배려해주었으면. 계급별 연봉차이가 얼마 안 남. PR제도 일정치 개선필요
2015/4/17	한국맥도날드(유)	100	3616	105531	5.0	3.0	3.0	3.0	3.0	1	1	서비스/고객지원	현직원	경남	 0 	False	"한 매장의 팀으로 일하다 보니 팀워크만 좋다면 상당히 즐겁게 일할수 있다 상하관계가 딱딱하지 않음"	3교대로 돌아가다 보니 야간 근무때는 힘들지만 평일에  나만의 시간을 가질수 있고 육아휴직이 용이하다.	야간 근무가 있으며 지속적으로 알바생을 뽑고 퇴사 시켜야함 진상고객 대처도 하나의 스트레스가 될수 있다	좀더 매장에서 실제로 이루어지고 있는 것을 토대로 개선 액션을 진행하였으면 좋겠다 너무 모든 분석자료들이 두루뭉술하게 느껴짐
2015/4/28	(주)하나투어	100	49174	110444	2.0	1.0	3.0	2.0	1.0	0	1	경영/기획/컨설팅	현직원	서울	 0 	False	"몸은 대기업, 내부 프로세스는 아직 걸음마 단계"	산업의 선도기업, 여자들에게는 좋은 직장	비효율적 업무 프로세스, 무능한 관리자, 적은 임금.	기본적으로 임금이 너무 낮다. 비용 발생 시 가장 먼저 인건비부터 줄이려는 근시안적인 생각은 버려야할거 같네요.
2015/4/27	(주)하나투어	100	49174	110000	3.0	2.0	3.0	4.0	3.0	1	2	영업/제휴	전직원	서울	 1 	False	"국내 최대 여행사로 여행업계 뿐만아니라 일반인도 다 아는 회사"	조직화가 잘되어 있어 안정적이며, 성과에 대한 압박이 상대적으로 덜함	직종이 세분화되어있어 다양한 업무를 동시에 진행하는 것이 어려움, 승진에 있어 공채 출신과 경력 출신의 차이가 있음, 과장, 차장급이 사내에서 제일 많음	소위 말하는 라인의 타파가 중요해 보입니다.
2015/4/17	(주)하나투어	100	49174	105875	3.0	1.0	3.0	3.0	2.0	1	2	경영/기획/컨설팅	전직원	경기	 0 	False	"노령인구의 해외 여행 급증으로 회사의 성장가능성은 무한 하다하지만 개인의 비전은..."	절대 망할리 없는 기업업계 1위라는 자부심.해외로 나갈 기회가 많아진다	다들 아시겠지만 여행사의 특징인 박봉...개인의 비전은 회사의 발전을 따라가지 못하는 수준...	직원들과의 열린소통, 그리고 복지 좀 신경써 주시길..
2015/4/12	(주)하나투어	100	49174	103876	3.0	3.0	5.0	4.0	4.0	1	2	마케팅/시장조사	현직원	서울	 4 	True	"관광업계에 뜻이 있는 사람이라면 일 해볼만 한 최고 여행사"	자율 출퇴근제(유연근무, 재택근무)매주 금요일 캐쥬얼데이상사 및 임원진이 매우 젊은 분위기여행업 뿐만 아니라 문화관광유통이하는 신사업르로 기업 성장가능성 제고딱딱하지 않은 분위기	국내 1위를 자부하지만 여행사 전체의 소프트웨어 부족과 비효율로 인력의존이 심함 그에따라 회사 매출액 대비 1인 연봉이 낮은 편	프로그램 및 소프트웨어 개발이 시급전판점, 대리점, 지사의 정체성 확립과 본사로의 자발적 흡수가 당면 과제
2015/4/2	(주)하나투어	100	49174	101115	4.0	2.0	4.0	3.0	3.0	1	1	기타	전직원	서울	 0 	False	"큰 야심 없다면 괜찮다. 여자라면 추천한다."	안정적이다. 산휴에 큰 제약이 없다. 팀장 기회가 있는편	급여가 짜다. 많이 짜다. 외벌이에게 비추다.	직원에 대한 처우개선 필요여행업 1위이나 직원 복지는 그렇지 않다
2015/4/21	롯데지알에스(주) 롯데리아	100	78632	107160	4.0	4.0	1.0	1.0	2.0	0	1	서비스/고객지원	전직원	대구	 2 	False	"공채로는 입사하지 말고 알바부터 해서 올라가세요.. 적응 힘듦."	롯데가 어마어마하게 큰 기업이란 점을 알 수 있음.알바들이 어려서 젊은 기운 맘껏 마심.롯데리아 계열사 30퍼 할인카드 득템.매장에서 오래 견디면 본사로 갈 수도 있음(롯데그룹말고 롯데리아 본사)	알바부터 올라온 관리자들이 거의 살아 남음. 나름 공채로 해서 바로 부점장 달았는데 왜 감자를 튀기고 있는지 회의감이 들때도 있음.순환근무 심함. 발령이 3개월마다 날때도 있음.비오는날 배송 받으면 하늘을 보며 멍때리게됨. 근데 패티박스들 젖으면 안됨.오래일한 알바들이 내 나이또래임.	신제품 좀 그만 만들어내세요.... 프로모션해도 안팔리는건 안팔려요.... 강정버거 패티 분식점 피카츄 같데....
2015/4/18	롯데지알에스(주) 롯데리아	100	78632	105969	2.0	4.0	3.0	2.0	3.0	1	1	서비스/고객지원	현직원	서울	 0 	False	"국내 최고의 외식업 패스트푸드점"	관리자로서의 점포시스템 더 나아가 훗날 개인의 사업을 하더라도 많은 시스템을 알수가 있음유통,회계,인사 등등 많은 업무를 배울 수 있음복지혜택도 좋으며 젊은 친구들과 일하면서 즐거운 분위기로 근무할 수 있음	말 그대로 점포 관리자로써 많은 업무를 배우게 되다보니 할 일도 꾸준히 있음. 입사 기수제로 채용이 되다보니 선 후배간 타 회사에 비해 엄격함	공채, 사채, 기수 구분이 뚜렸하여 입사 초기 신입사원들이 적응하기가 힘들어 퇴사율이 높은 것 같음
2015/4/10	롯데지알에스(주) 롯데리아	100	78632	103598	3.0	3.0	2.0	3.0	3.0	0	1	서비스/고객지원	전직원	부산	 0 	False	"롯데인만큼 업무강도가 강하고 개인시간이 없습니다.24시간 영업하는 것도있기때문에 기본 3교대는 하게 될 각오도 해야합니다."	능력에 따라 보상이 주어지는 회사. 젊은 사람들과 함께 일할수 있습니다.	본사는 어떤지 모르겠지만, 현장은 4년제 나와 할만한 일은 아닌 것 같다. 시프트가 매주 나오는 방식이고 규칙적 개인적 생활을 할수없다.	무의미한 정치질 지양시켜 주었으면 좋겠다.
2015/4/24	(주)세스코	100	71990	108557	2.0	1.0	1.0	1.0	1.0	0	2	마케팅/시장조사	현직원	서울	 0 	False	"보수적 집단으로 사기업계의 공기업스타일임"	독점회사라서 재무건전성 높음 구조조정이 없음	보수적 강압적 회사분위기 비합리적인 업무방식	사내 기업분위기 최악. 이직률이 높음
2015/4/2	(주)세스코	100	71990	101208	3.0	3.0	2.0	2.0	3.0	1	2	인사/총무	전직원	서울	 2 	False	"업계에선 1위 기업, 그런데 나머지는 물음표."	독보적인 기술력으로 해외 진출 및 사업 다각화 추진으로 인해 비젼있는 회사	기업의 조직문화가 관료주의적이며, 너무 보수적임.	대기업으로 발돋움하기 위해 기업의 인력 구조 및 대우, 분위기 등의 개선이 필요함
2015/4/20	유베이스(주)	100	87279	106703	3.0	3.0	3.0	4.0	2.0	0	2	서비스/고객지원	전직원	경기	 0 	False	"텔레마케팅 아웃소싱회사로서 인바운드, 아웃바운드업무, 그리고 여러 부서가 각 맡은 회사의 업무를 처리한다"	상담원으로서는 입사가 쉽다 / 직원이 많아 대기업이기 때문에 복지라던지 급여부분에서 확실하게 잘 되어있다.	상담원으로 입사한다면 감정노동이기때문에 스스로 스트레스를 잘 관리해야한다.	직원규모가 큰 기업이고 입사/퇴사가 잦은 기업이기 때문에 직원하나하나에 그렇게 많은 신경을 써주지 않는다
2015/4/27	아워홈(주)	100	68269	110004	5.0	5.0	5.0	5.0	5.0	1	2	전문직	현직원	경기	 0 	False	"동종업계 상위권 연봉이고, 많은 진로를 선택할 수 있다."	동종업계 1등 기업이고 다른 업무 전환가능성이 넓게열려있다.	빠른 도전의 가능성으로 무리하다간 분에 넘치는 일로 힘들 수있다.	항상 한결같은 마음으로 전 사원을 생각해주면 좋을 것 같다.
2015/4/23	아워홈(주)	100	68269	108331	3.0	2.0	3.0	3.0	1.0	1	1	영업/제휴	전직원	서울	 0 	False	"그래도 아직은 아워홈! 새로운 시각을 갖으려 여럿이 고민하는 여러가지 시도하는 회사."	임금을 제시간에 안빼먹고 꼬박꼬박 준다.수많은 투자와 시험으로 여러가지를 경험할수있다.휴가가 자유롭고 업무강도가 높은편은 아님.	이직율이 높다.장기근속자들이 너무 홀대받고 나갔다.새로운 사람이 회사를 키운다기보다는 점점 originality를 없앤다.나또한 경력자였지만..	사람이 재산입니다. 회사를 위해 애쓴 수많은 좋은 직원들..최소 5년, 10년이상 다녔던... 뿌리가 되었던 사람들을 되돌아보시길.
2015/4/23	아워홈(주)	100	68269	108181	3.0	3.0	3.0	3.0	3.0	1	2	기타	전직원	경기	 1 	False	"일반 사람들이 알지 못하는 대기업. 세상 밖으로 나가려하나 잘 되지 않음."	급식업계 1위업체. 급식업체중 가장 시스템이 잘되어 있는 회사. 잘 될 가능성 있음.	식품제조업을 시작한지 10년이 넘었으나 특별한 결과물이 없음. 투자에 신중함을...	전문인력을 많이 충원해야 함. 하지만 전문인력을 잘 활용하지 못함. 인력의 소중함을....
2015/4/23	아워홈(주)	100	68269	107973	4.0	4.0	4.0	4.0	3.0	1	1	영업/제휴	현직원	대전	 1 	False	"회사가 발전 가능성은 큰 것 같으나 현 상태로 보면 결국엔 개인회사라는게 제일 큰 문제"	FS 사업부가 이윤을 가장 많이 남기고 어려운 경제상황에서도 흑자를 계속 내고 있다.	결국엔 개인회사라는게 제일 큰 단점, 회사의 정책에 연속성이 결여되 현장업무에 많은 어려움 따른다.	직원의 발전이 결국 회사의 발전, 정책의 연속성이 있으면 좋겠다. 또 경영진의 의견을 사업부장이나 특정 관리자들이 묵살하고 한방향으로 나아가질 못하는거 같다. 직접 직원들의 소리를 들었으면 좋겠다.
2015/4/22	아워홈(주)	100	68269	107576	1.0	1.0	2.0	2.0	1.0	0	None	인사/총무	전직원	서울	 2 	False	"경영지원으로 지원해도 영업으로 발령 가능연고지 무관한 지역 배치"	다양한 일 가능하고 전반적인 회사의 흐름을 배울 수 있음	원하는 직무로 발령된다는 보장이 없음	급식으로 큰 회사가 급식업을 좋아하지 않고 외식에 집중하지만 실적이 나쁨
2015/4/6	아워홈(주)	100	68269	101998	1.0	1.0	3.0	2.0	1.0	0	1	영업/제휴	전직원	서울	 4 	False	"괜찮을 만한 사업을 괜찮지 않게 운영하는 회사"	식자재공급이라는 잠재시장이 아직 많다(물론 중소기업들 M/S뺏어서), 두달에 한번 독후감조건으로 도서비지원해준다, 일부 영업은 칼퇴분위기(타부서는 노노), 여성오너라 그런지 여성복지 나쁘지않음	인사에 관련된 모든것 최악(배치,평가,승진,교육...), 사업부간 그리고 부서간 극심한 이기주의, 그 이기주의의 근원은 오너경영, 그리고 오너의 곁에서 회사가 아닌 자기 이익을 위한 정책을 자꾸 내는 정치세력들..	참 허공에 대고 하는 말이지만 자기 개인이익, 자기부서만 보지말고 회사 전체의 미래를 생각하시구요.. 직원을 소모품처럼 생각하지 말아주시죠.. 신입사원들 이상한거 시키지 마시구요
2015/4/16	아웃백스테이크하우스코리아(유)	100	86465	105221	3.0	3.0	2.0	3.0	3.0	0	None	기타	전직원	경기	 0 	False	"요식업에 꿈이 있다면 다닐만한 곳. 다양한 서비스를 배울수있는곳"	서비스의 기본부터 체계적으로 배울수 있음. 시스템 구축이 잘돼있음	남들 쉴때 일해야함. 예를 들면 크리스마스나 명절. 쉬는날이 딱 정해져 있지않음	사무직 전환이 용이했으면 좋겠다고 생각함 현장직 경험도 좋지만 사무직 전환을 원하는 사람에겐 불리할 수 있음
2015/4/14	아웃백스테이크하우스코리아(유)	100	86465	104753	3.0	2.0	2.0	3.0	1.0	0	None	서비스/고객지원	전직원	경기	 0 	False	"고객서비스체계가 나름 투철하기 때문에 감정노동이 심하다."	체계화된 고객서비스, 자유로운 매장 내 분위기	서비스직이기 때문에 몸의 피로가 심하다. 거기에 더해서 실적압박때문에 스트레스를 많이 받는다.	업무강도에 비해 연봉 및 직워복지가 작다.
2015/4/1	(주)커피빈코리아	100	53841	100734	2.0	2.0	3.0	3.0	2.0	0	1	서비스/고객지원	전직원	울산	 1 	False	"철학이나 비전이 없고 커피라는 업종의 사업을 할 뿐이라는 인상을 받음"	효율을 최우선으로 두는 운영 방식으로 군더더기없이 일할 수 있음 / 전지점 직영점	스케줄 변동이 어렵고 여름•경조 휴가가 짧음 / 매장 수가 적어 장거리 근무하는 경우가 있음 / 월급에 식대 포함되어 인근 식당이 비싼 경우 부담스러움	타브랜드 모방에 그치지않고 디자인 및 마케팅 투자가 필요함. 장기적인 근무가 가능한 근로 조건 개선이 필요함.
2015/4/1	(주)커피빈코리아	100	53841	100732	5.0	1.0	1.0	1.0	1.0	0	None	서비스/고객지원	현직원	서울	 0 	False	"매장에서 근무하는것은 마음먹기에 따라 재밌게 일할 수 있는 직장이지만 회사자체는 직원을 배려해주지 않는 회사"	비교적 편한 분위기에서 동료들과 즐겁게 일할 수 있는 직장	동종업계 다른회사들과 비교했을 때 직원에 대한 배려가 부족하다.대중교통이 끊겨도 최대한 택시비지원도 안해주려하고 여러모로 본사의 압박이 심하다.	직원들을 좀 더 생각해주었으면 좋겠어요.대부분의 직원들이 자기 매장을 위해 많은것을 포기하고 희생하며 일합니다. 거기에 맞는 보상과 인정이 필요합니다
2015/4/25	(주)호텔신라	100	47377	109153	4.0	3.0	4.0	4.0	5.0	1	2	마케팅/시장조사	현직원	서울	 0 	False	"삼성 계열사 중에서도 이미지가 매우 좋은 편에 속하며, 면세업계 2위 기업으로서 경쟁력있음"	삼성 계열사로서 충분한 복지, 성장하는 회사라는 자부심, 비교적 자유롭고 여성에게 호의적인 회사 분위기	급속도로 커진 기업 크기에 비해 명확하게 잡히지 않은 프로세스, 타 대기업 및 삼성 내 타 계열사에 비해 낮은 연봉 및 열악한 업무 환경	불명확한 업무 프로세스를 체계적으로 세우고, 사원들의 사기 진작에도 신경써준다면 좋을 듯함
2015/4/13	(주)호텔신라	100	47377	104151	5.0	5.0	5.0	5.0	5.0	0	2	서비스/고객지원	전직원	서울	 0 	False	"선후배 직장 동료에게 배울점이많습니다."	고과승진으로서 능력에따라 승진기회가 부여되고 상여금이많습니다.	딱히 생각해본 결과 없는거 같습니다 시간외 근무시 철저한 수당지급과 차비지급 다 철저히이루어집니다.	여전히 직원들을 복지를 위하여 힘을 많이쓰셨습니다.앞으로도 쭉 복지를 위해 힘써주시길..
2015/4/12	(주)호텔신라	100	47377	103859	1.0	2.0	3.0	3.0	3.0	0	2	영업/제휴	현직원		 0 	False	"대기업이라 생각하고 들어가면 큰 낭패를 볼 수 있다."	대기업이라는 좋은 이미지의 복지가 보장된 회사, 남녀차별이 없음	체계적이지 않은 업무 구조와 시스템, 주먹구구식의 경영 목표	체계적인 업무 알엔알을 구성해 각 직원들에게 업무를 분담시켜 효율적 업무 진행을 요함, 이유없이 야근하는 직원에 대해 제지가 필요함, 업무 효율성에 대한 관리가 필요
2015/4/9	(주)호텔신라	100	47377	103372	2.0	1.0	1.0	2.0	2.0	0	None	경영/기획/컨설팅	전직원	서울	 22 	True	"대외적인 이미지는 매우 좋다. 하지만 그게 전부.."	대외적인 이미지가 좋다. 기본적으로 신라호텔의 고급이미지+삼성의 깔끔한 이미지가 겹치면서 대외이미지는 좋다.여성들을 위한 복지도 잘 되어있다. 눈치보지 않고 출산 육아휴직 쓸 수 있음면세사업부는 성장 동력이 있어보이나 호텔은 글쎄...	직원 복지가 전무...계열사 내 가장 낮은 연봉, 낮은 연봉상승률.부서마다 다르지만 야근 많고 특정 부서에 집중되는 업무로드는 살인적임삼성의 관리문화가 겹치면서 엄청난 페이퍼워크와 보고서, 보고서를 위한 보고서공채와 비공채간의 보이지 않는 신경전? 연봉 높여 온 경력직들은 모르겠지만 공채 입사자들은 계열사에 비해 낮은 연봉과 성과급.	직원들을 관리의 대상이 아닌 동반의 대상으로 생각했으면,인사배치도 적성에 맞게 해주세요
2015/4/30	트랜스코스모스코리아(주)	100	51105	111424	3.0	3.0	2.0	2.0	2.0	0	1	서비스/고객지원	전직원	서울	 0 	False	"일본계 기업으로 나쁘지는 않으나 3교대 근무 스케줄이 늦게나옴"	교육은 잘 준비해주고 소규모 프로젝트 팀웍이 좋음	보수적인 업무방식 선임들과 파트장 소통부족	팀원간의 미팅이 많아지고 의견수용부분이 많았음 좋겠습니다
2015/4/15	트랜스코스모스코리아(주)	100	51105	104859	1.0	1.0	1.0	1.0	1.0	0	None	IT/인터넷	전직원	서울	 0 	False	"분위기 좋고 다 좋은데 연봉 상승률과 진급이 힘듬."	월급을 꼬박꼬박 나옵니다.팀 분위기는 좋습니다.SM업체 특성 빠른퇴근.	연봉 상승폭이 적음.배우는 기술이 적음.	열심히 하셨으면 좋겠습니다.그리고 진급 대상자는 별다른 문제 없다면 진급 시켜주시구요.
2015/4/2	트랜스코스모스코리아(주)	100	51105	101013	1.0	1.0	3.0	2.0	1.0	0	None	영업/제휴	현직원	서울	 0 	False	"근무자체는 편안하나 복리후생 및 비전이 없음직원만족이라는게 없음"	일본계 회사의 특징으로 정시퇴근에 대한 눈치가 없음비교적 타사에 비해 자유로운 분위기임	알수없는 승진구조. 퇴사하고 재입사하는 것이 승진이 빨리됨	장기근속에 대한 특장점 제시 희망경영진은 장기근속 사원이 능력이 없다고 생각하는 것같아 아쉬움
2015/4/26	(주)유니에스	100	87274	109520	3.0	1.0	3.0	1.0	1.0	0	1	인사/총무	전직원	서울	 7 	False	"단편적인 인사노무는 배울수 있으며 본인 담당업체에 따라 향후 승진에 영향이 많이 결정된다고 보면됨"	본부 및 팀에 따라 분위기가 많이 차이 나며 일반 직원들 끼리는 챙겨주려고 하는 분위기는 있음 현장운영 및 사무업무가 병행되기 때문에 초반에 일하는 재미는 있음	본부 및 팀에 따라 야근 및 주말근무 강요당함 주5일이지만 주말근무 많이 하는 편이며 토요일 당직근무 있음 보통 2~3개월 마다 순번 돌아옴현장 관리자 보다 내부 관리자 이직률이 높으며 한달에 한번 생일자 간담회때 건의사항 이야기 하라 하지만 정작 총무팀에서 대표님께 말 못하게 먼저 들어보고 그건 말하지 말라고함	본사 직원들이 왜 이직하는지 파악 하기를 바라며 고객만족을 외치기 전에 내부직원들에 대한 서비스를 하기 바랍니다. 내부직원들의 만족도가 올라갈수록 회사에 대한 자부심과 함께 외부에 나가서도 역량을 발휘할수 있습니다.
2015/4/26	(주)유니에스	100	87274	109247	4.0	4.0	4.0	5.0	5.0	0	2	서비스/고객지원	전직원	서울	 0 	False	"아웃소싱 업체지만 정직채용의 기회가 주어지는 곳으로 괜찮았던것 같음"	능력만 있다면 승진기회가 폭넖게 보장되고 동종업계에 비해 급여도 좋은편임	아웃소싱이다보니 본청의 눈치를 많이 보는경향이 있음	직원들이 꿈을 펼칠수 있는곳, 동종업으로의 승진이나 보직변경이 보장된다면 더 좋겠네요
2015/4/20	(주)에스텍시스템	100	89310	106860	5.0	4.0	2.0	3.0	3.0	0	2	기타	현직원	울산	 0 	False	"솔직히 취업하기 쉬운곳중에 규모도 크고 복지도 좋고 장기적으로 근무할수있어서.좋음"	자녀의 학자금지원 의료비 지원 등등 메리트 있다고 생각되는 복지가 많음 일을하면 한만큼의 돈은 정확하게 계산하여 지급함	야간근무가 끝나고 휴무라서 쉬는시간이 부족함 업무특성상 주/야 근무	시급이 인상됨에 따라 기본급은 올라가나 그에따라 깍이는 수당이 너무 많음..
2015/4/17	(주)에스텍시스템	100	89310	105572	2.0	1.0	2.0	2.0	1.0	0	1	서비스/고객지원	전직원	서울	 0 	False	"평생직장보단 아르바이트로 할만한 곳..군대식 마인드가 심함"	장점은 글쎄... 군대문화라 그런지 팀원들이 잘해줄때는 엄청잘해줌	단점은 군대문화라 그런지 진짜 군대임...급여가 많이짰음...적어도 내가 근무했을때는..	사원들 고생엄청합니다. 더운여름날 추운 겨울날 격려 진심으로 많이 해주세요.
2015/4/29	에스원(주)	100	65658	111223	4.0	2.0	2.0	2.0	2.0	1	1	영업/제휴	전직원	서울	 0 	False	"영업조직 특성상 숫자위주의 관리로 동기부여부분이 아쉬움"	개인의 노력에 따라 승진과 인센티브의 기호가 있다	롤모델로 삼을 만한 선임 만나기 쉽지 안아서스스로 동기부여해야함	조직을 장기적으로 끌고 갈 수 있는 비전제시
2015/4/10	에스원(주)	100	65658	103621	3.0	4.0	2.0	5.0	4.0	1	2	전문직	현직원	경기	 0 	False	"자산관리업 동종업계 명실상부 최고 노하우 축적기업"	삼성그룹사 계열 공통 수준 복리후생 제공, 기업문화 우수	동종업계 대비 감사, 법규 준수를 위한 업무 프로세스가 복잡함	본사와 현장의 상호간 역할이해와 상호 존중 필요
2015/4/7	에스원(주)	100	65658	102626	3.0	3.0	3.0	2.0	2.0	0	1	서비스/고객지원	현직원	서울	 0 	False	"낮은 근무강도, 평균급 복지이지만 삼성이라는 타이틀이 부끄러울만큼 남들에게 내세울만한 연봉은 아니다. 그래도 똘상사만 아니라면 다닐만 하다."	낮은 근무강도, 평균급 복지, 서울근무	대기업 타이틀에 비해 낮은 연봉, 회사 비전	비전있는 미래의 청사진을 그려서 진행하길 바람
2015/4/15	씨제이푸드빌(주) 투썸플레이스	100	94601	105125	3.0	3.0	3.0	3.0	3.0	0	2	서비스/고객지원	전직원	경기	 0 	False	"가맹보다 직영추천 바리스타 일을 처음한다면 추천합니다"	바리스타일을 해보기 좋다 위생관리라면 철저하기때문에 어떤매장든 깨끗한편임	가맹과 직영의차이 그것이 너무 차이가나기때문에 가맹으로거는것은 비추천	너무 가맹쪽으로 커가는 경향이 있기에 가맹점에대한 확실한 관리가 필요
2015/4/1	씨제이푸드빌(주) 투썸플레이스	100	94601	100711	3.0	3.0	4.0	3.0	2.0	1	2	전문직	전직원	경기	 0 	False	"커피브랜드중 제일 무난한 곳. 카페베네처럼 대충 하지도, 스타벅스처럼 진지하지도 않고 딱 중간."	많은 인원이 고용되는 만큼 본사에서 채용 시스템이 잘 되어있어 차근차근 업무강도와 스케줄이 조정된다. 모든 체계가 잡혀있기 때문에 그냥 하라는대로 하면 됨.	여자가 많은 집단이라 처음에는 텃세가 좀 심하고, 사교성이 좋은 편이 아니라면 좀 서러울 수 있음	직영점 외에 다른 지점도 사장의 횡포같은 부분을 잘 중재해 주었으면..
2015/4/20	한국마사회	100	86726	106607	3.0	4.0	4.0	3.0	3.0	0	None	인사/총무	전직원	서울	 0 	False	"신의 직장이라 이름난 기업답게 업무강도 쎄지않고 느긋한 분위기"	업무강도 세지않고 부서에 따라 다르지만 야근도 거의 없는  편 공기업 중 연봉 쎄고 복지 좋음	공기업 답게 매우 보수적이고 뒷말빠름. 비용절감을 위해 비싼 인력을 고용해야 할곳에도 아르바이트생(PA) 고용. 연봉 높은 기수들에게 자괴감 들수있음	어쩔수없겠지만 알바생(PA)에게 지나치게 많은 것을 바라지 않으면 좋겠음.
2015/4/6	한국마사회	100	86726	102324	2.0	5.0	4.0	3.0	2.0	1	2	서비스/고객지원	전직원	경기	 0 	False	"PA - 대학생들에게 최고의 알바, 하지만 너무 서비스 정신을 강요함"	성과급도 1년에 두번 지급하고 명절에도 상품권같은거 뿌려줌, 월급 밀리는일은 결코없음, 평일 구내식당 밥맛이 괜찮다.(한식 양식 택일 - 주말은 구분없음)	사무직과 현장직간의 사이가 매우 안좋으며 언제터질지 모르는 시한폭탄과 같은 존재, 업장 특성상 오늘만 사는 고객들 많음.  최소부분만 정직원쓰고 나머지는 용역이나 아르바이트로 대체하기때문에 현장 업무의 전문성이 다소 떨어지는 부분도 있음	장기근속PA에게 정직원(or 계약직) 승진 시험의 기회를 주는것도 괜찮다고봄 (물론 업무평가도 좋다는 전제 하에서) 주말만되면 주차가 헬오브헬인데 주차장을 늘리던가 돈을 좀 받도록 하는것도 생각해봐야함.
2015/4/26	케이에이(주)	100	87378	109518	1.0	2.0	3.0	3.0	1.0	0	1	서비스/고객지원	현직원	인천	 12 	True	"공항에서 각종 항공업무와 많은 직장동료. 다양한 서비스를 접할수 있고 분명히 더 크게 성장할 회사. 1년 전후로 퇴사율이 굉장히 높음."	분명한건 아웃소싱은 아님. 정규직으로 채용되고 다른 항공사의 협력사에 비해 연봉은 높음. (협력사 치고 높다는 거지 연봉이 많다는게 아님)	98프로 여자. 선후배 위계질서가 강함. 2년제나 4년제나 같은 연봉. 따져보면 최저임금x근무시간일지도.	연장근무시 연장수당이 어떻게 산정되는지 아는 직원이없습디다.복지라고 할게 없는데 사원 복지증대를 위해 힘써주세요.
2015/4/22	이트너스(주)	100	13535	107706	3.0	2.0	2.0	3.0	1.0	0	None	인사/총무	현직원	경기	 1 	False	"지사별로 업무내용과 강도 다름 급여는 짜고, 삼성의 예전분위기를 기억하는 윗분들이있어서 전반적인 연령대는 젊지만 문화는 굉~장히 보수적. 밖으로 보이는데만 엄청 신경씀"	지사가많고 직무가 다양하니 직무전환 등으로 여러직무 경험가능여자가 결혼하고 안정적으로다니기좋음	다른곳에 이직할때 제대로된 경력으로 적을 직무가 별로없음. 실질적인 퇴사율, 이직율을보면.... 인사팀이적은리뷰가 티가남	업무의 다양성뿐아니라 깊이가 필요합니다 그리고 보직자들의 책임감 가장중요하죠
2015/4/20	한국전기안전공사	100	89009	106840	5.0	2.0	1.0	1.0	3.0	1	2	경영/기획/컨설팅	현직원	서울	 3 	False	"사무직은 진짜 힘듬..기술직에 비해 인원이 너무 부족"	학력제한없이 모두 동등한 대우와 동등한 승진기회	사무직은 너무 너무 힘듬 ..기술직에 비해 인원이 너무 적음	사무직 인원이 늘었으면 함. 기술직군을 서포트해야할뿐만 아니라 개인분장업무량이 너무 많음
2015/4/28	대명레저산업(주)	100	82315	110308	3.0	3.0	2.0	2.0	2.0	0	1	서비스/고객지원	현직원	강원	 2 	False	"동종업계에서 인지도가 높은기업으로 앞으로도 번창해나가는 기업!"	국내 최대 리조트를 보유한 기업으로 계속 번창해 나가고 있다!	일의양과 비효율적인 근무시간으로인해 이직률이 높은 기업이다!	고객의 입장도 중요하지만 직원들의 고충도 알아줬으면 합니다!
2015/4/26	대명레저산업(주)	100	82315	109286	3.0	4.0	1.0	3.0	3.0	0	1	서비스/고객지원	현직원		 1 	False	"그냥경력만 쌓길 추후에는  아직 잘모르겠음전형적으로 가족기업이고분양에 목매달고있음"	업계 1위이기때문에 이직시  장점을 마니줌복리후생으로 객실과 스키 오션월드 이용하기 좋음	리조트성격상 분양이 우선이고임직원들은  예전성격으로  요즘 시대 임원직과는 보수적임	체계적인 인사 부분과  업무 시간 줄여주길분양압박 줄여주길
2015/4/21	대명레저산업(주)	100	82315	107039	2.0	2.0	2.0	2.0	2.0	0	2	기타	현직원	충북	 0 	False	"지속적으로 성장중인기업으로  꾸준히발전"	나쁘지않은직원들복지환경이 괜찮습니다	서비스업이라서 고객들 만족시키는데 스트레스 요인	효율적인 제도적 운영을 확대하주었으면 좋겠다
2015/4/8	대명레저산업(주)	100	82315	102989	3.0	2.0	1.0	2.0	2.0	0	1	경영/기획/컨설팅	현직원	서울	 3 	False	"리조트 관련 독특한 경험을 할 수 있습니다."	복지사항 중 리조트 직원 이용과 기타 사업장의 부대시설이용에 직원혜택이 있습니다	과도한 업무량과 직급 상하간 경직된 조직문화로 인해 자신의 업무가 아니어도 상급자의 업무지시로 인해 업무량이 많이 늘어납니다.	담당자간 업무량 조절과 직급에 따라 업무 다른 사람에게 이전하는 행태가 이뤄지지 않는 조직문화가 필요합니다. 일단 업무량이 너무 과도합니다.
2015/4/6	대명레저산업(주)	100	82315	102214	4.0	2.0	1.0	1.0	2.0	0	1	서비스/고객지원	현직원	경남	 1 	False	"업계 1위인게 신기할 정도의 무능한 직급자들"	업계 1위에서 일한다는 대외적인 자부심레저 혜택 좋음직원가족 회원대우좋은 자연환경에서 일 할 수 있음	수직적 상하관계그 상하관계의 갑의 위치에 있는 직급자들이 대체적으로 무능하고 권위적임애사심이 생기는게 이상할 정도로 직원에 대한 배려부족무능한 직급자들로 인해 업계 1위에 대한 꿈과 야망을 가지고 입사한 유능한 인재들이 단기간에 절이 싫으면 중이 떠난다는 마음으로 퇴사 및 이직 다수	비효율적이고 수직적인 조직문화 개선능력도 없이 라인 잘타고 시기 잘맞춘 무능한 직급자들 개선 및 처리 하셔야 회사가 비전이 보일듯
2015/4/30	피알원(주)	100	87461	111317	3.0	3.0	3.0	4.0	4.0	1	1	미디어/홍보	전직원	서울	 0 	False	"업계 인지도 괜찮고 남녀차별없이 능력으로 인정받을 수 있음"	3년 근속하면 한달 유급휴가. 남녀차별없음. 있을 수록 편함. 윗선들 사장님에 대한 신뢰 두터움.	인센티브제로 인한 연봉 스트레스. 클라이언트 따라 팀 분위기 좌우. 팀간 이동이 쉽지않음.	내부 잡 포스팅으로 팀간 이동이 좀 더 원활해졌으면 함.
2015/4/29	피알원(주)	100	87461	111040	4.0	4.0	3.0	5.0	4.0	1	1	미디어/홍보	전직원	서울	 0 	False	"자유로운 회사 분위기. 복지가 좋은 편으로 업계로 치면 연봉이 높은 편. 개인 법카가 나오며 중식 석식이 제공됨"	대체적으로 자유로운 분위기. 업무 강도는 센 편.	팀장 중심의 체제로 팀마다 분위기나 업무 스타일이 다름.	조금 더 팀장급들에 대한 감시가 필요하다고 생각
2015/4/27	피알원(주)	100	87461	109767	5.0	4.0	3.0	4.0	3.0	1	1	미디어/홍보	현직원	서울	 0 	False	"복지나 사내 분위기는 전반적으로 좋은 편, 다만 본부 별로 다를 수 있음"	다양한 업무를 배울 수 있는 기회가 많음. 하고자 하면 얼마든지 업무를 경험할 수 있음	전사적인 정보 공유 어려워 내부에 있는 정보도 활용하지 못하는 경우 많음. 작은 회사 여러개가 뭉쳐있는 듯한 모습	능력이 없어도 정 때문에 안고 가는 임원이나 팀장급이 많음. 전반적인 쇄신 필요
2015/4/23	피알원(주)	100	87461	108336	2.0	3.0	1.0	2.0	2.0	0	None	기타	현직원		 0 	False	"국내 유명 PR회사 중 하나지만 급변하고 있는 미디어 환경을 따라잡지 못하고 있음. 과도기일지 쇠퇴기일지는 임원진들이 하기에 달렸다고 봄."	점프 뛰기에 좋은 네임벨류. 다양한 클라이언트. 대형 PR회사로써의 프라이드.	리더들의 능력 부족. 점점 내려가고 있는 클라이언트 네임벨류. 사내에서 의사소통 부족. 팀들간의 협력 부재.	정체 되어 있는 윗사람들을 붙잡아둘 것이 아니라 재능 있는 밑사람들을 어떻게 하면 잘 활용할 수 있을 지 고민을 많이 해야 할 것으로 보임.
2015/4/7	피알원(주)	100	87461	102410	4.0	4.0	3.0	5.0	3.0	1	2	기타	현직원	서울	 11 	True	"다양한 커리어를 쌓을수 있고, 명실공의 피알사관학교? 중견기업대비 괜찮은것같기도 하고... 아닌것 같기도 하고...!!!"	업계 1위? 높은 네임벨류? 두터운 기자관계?-복리후생-1. 연봉+인센지급(상/하반기)2. 안식월 [3년근무 = 1개월 유급휴가(월급)]3. 다양한 기업문화(무비데이, 상/하반기 워크삽, 체육대회, 호프데이 등등 시즌&분기별 많이 진행) 4. 전직원 연간 교육5. 복리후생 (통신비 + 식대비 + 야근교통비)	제안서 시즌 경우 월화수목금금금!!! 무시할수 없는 업무량...팀마다 다른 분위기&경쟁(본부에서도 팀)팀장의 막강한 권한... [몇몇 잉여 팀장들로 팀원의 분위기 및 사기저하, 업무량 증가]	충분히 더 성장가능하지만, 임원진의 방관으로 주니어 AE들의 고뇌를 보지 못하는것 같습니다.마음으로 듣는 마인드를 가졌으면 합니다.
2015/4/23	(주)대학내일	100	86769	108099	5.0	5.0	1.0	1.0	1.0	0	1	디자인	전직원	서울	 0 	False	"디자인으로는 무얼 가르쳐주고 배울만한 시스템이 전혀 갖춰있지 않다. 체계가 없어도 너무 없는 회사"	보수적이지 않고 자유로운 느낌이 강하다. 자기 적성에 맡고 일에 대한 열의만 있다면 탄탄한 복지를 누릴 수 있을 것	업무시간 내에 처리해야 할 일이 넘쳐 거의 숨만 쉬면서 일할 정도로 강도가 세다. 야근은 매일매일 필수적으로. 근무하고 있는 사람들의 평균연령이 어려서인지 설립년차에 안 맞게 일 시스템이 자리잡지 못하고 약간 어설픈 느낌	각각의 업무 효율때문이라도 디자인팀은 필요하다.
2015/4/29	현대그린푸드(주)	100	47646	111128	3.0	3.0	4.0	3.0	3.0	0	2	기타	현직원	경기	 0 	False	"이상은 높으나 따라가질 못함 조직문화에 대해서 많이 노력중"	다른 기업보다 스트레스가 다소 적고 식품업계중 major 가능성이 아직 많이 있다 기업부채가 적다	새로운 아이템에 대해 적극적으로 추진하지 않으며 위험한 투자는 가급적 하지 않음 연봉체계 또한 사무직군과 전문직이 다름	b2c 에 대한 접근을 많이 해야 할것 같음 컨텐츠의 부족으로 수익을 창출하는데 한계가 있음 현대백화점 그룹이 라는것에 대해서 자부심을 가지기 보다 소비자가 진정 원하는 것을 적극적으로 찾고 살펴야함
2015/4/18	현대그린푸드(주)	100	47646	105948	3.0	4.0	3.0	2.0	3.0	1	1	경영/기획/컨설팅	현직원		 6 	True	"급식업계 빅3 대기업으로 범현대가라는 안정적인 매출처를 가지고 있다. 자금력좋고 재무구조 아주좋음.현대백화점 그룹소속"	안정적. 현대가 안망하면 망하지않음. 고용보장성도 높은편. 백화점그룹이 신사업을 벌이면 같이 관련 분야 진출하면서 그룹성장과 함께 자동적으로 볼륨이 늘어남	정체되어있음. 범현대가 위주매출 이외에 다른 신성장동력 절실. 시스템이 낙후되어있음.	시스템에대한 과감한 투자. 원가절감이외에 고급화차별화를 통한 매출볼륨확대투자가 필요. 한마디로 투자를 좀 하면 좋겠다.
2015/4/4	(주)그린웹서비스	100	86851	101737	1.0	1.0	4.0	3.0	2.0	0	1	IT/인터넷	전직원	서울	 4 	False	"나이어리고 칼퇴에 연봉 상관없이 편하게 다니고 싶으면 추천"	복장이 자유롭다, 일 자체도 어렵진 않음, 수평적 구조(형, 오빠, 누나, 언니 함;;)여자들이 출산하고 다니기 좋다.칼퇴에 회식 많지않고 몸이 편한회사복장 자유로움, 연차 눈치보지 않음	사람들이 남 일에 관심이 너무 많음, 네이버 하청업체다보니 본사에서 시키면 싫은 소리도 못하고 다함, 자리에 전화기도 없고 콜센터같은 느낌, 연봉이 작다, 쓸데없이 일을 만들어서 함, it 노가다라고 보면 됨, 전배가 너무 잦아 자리이동이 빈번함, 쓸데없이 대리들이 너무 많음	본사에서 시켰다고 터무니 없는걸 해내야한다는 생각을 버려야한다.
2015/4/1	(주)그린웹서비스	100	86851	100938	1.0	2.0	4.0	3.0	1.0	0	None	마케팅/시장조사	전직원	서울	 0 	False	"연봉을 생각하지 않고 설렁설렁 다니기에는 좋은 회사"	칼퇴가능, 인터넷 공장형 시스템, 야근적음, 출산 복지, 휴가의 제약이 적음	연봉, 위로 치고 올라갈 가능성 적음, 단순 업무의 반복, 절대 창의적일 수 없음 등	젊은 IT기업 흉내를 내는 것이 아닌, 그냥 공장형태로 회사를 운영하는 것이 지금보다 많은 성장을 이뤄낼 수 있을 것.
2015/4/28	한국피자헛(유)	100	2927	110605	1.0	1.0	4.0	1.0	1.0	0	None	마케팅/시장조사	전직원		 5 	False	"경영진 멋대로 의사결정조사의 중요성 강조는 하지만 별도의 의사결정으로제품력, 경쟁력 없어짐"	개인생활존중 워크앤라이프발란스제품력 강화를 위해 노력은 함	독단적인 경영진부족한 복지, 안일한 마인드 갖고 있는 유관부서원들로 업무효율성 떨어짐	정당한 평가합리적인 의사결정논리적인 사고언행일치
2015/4/26	삼성웰스토리(주)	100	88148	109545	4.0	4.0	3.0	4.0	3.0	1	2	경영/기획/컨설팅	현직원	서울	 0 	False	"동종업계 중 최고 연봉이지만 식품기업이라 타 삼성 계열사에 비해 연봉이 작다."	여직원이 많아 자유로운 육아휴직, 산전후휴가 등을 갈 수 있다. 복직도 특히나 영양사에게 보장되어있다.	업무의 진취적 도전의식은 별로 들지않는다. 사업장이 점조직으로 되어있어, 의견이 모여 전달된다던가 임원급이 현장을 직접 보고 느끼기 어렵다.	고객에게 이 가격이면 적당하다 혹은 정말 맛있어서 이정도 가격은 충분히 내겠다 하는 적정 가격을 책정할 수 있어야겠다.
2015/4/23	에스피씨그룹	100	87570	108023	3.0	3.0	3.0	3.0	3.0	0	1	경영/기획/컨설팅	전직원		 1 	False	"그저 평범했다 특별할것도없었고 미친듯싫거나 좋은것도없었다"	외식업계에서는 굉장히 경쟁력있는 기업이라는 것 정도	참신함의 결여. 기업윤리가 아슬아슬해보이기도함. 모럴해저드..	참신하고 좋은 기업이 되길바람.. 경영진이나 이사진, 주주들만의 눈으로 기업을 보지 않았으면
2015/4/15	에스피씨그룹	100	87570	104826	3.0	3.0	2.0	2.0	3.0	1	2	마케팅/시장조사	전직원	서울	 0 	False	"대한민국 성장 가능성 1위대한민국 식문화 기업 1위"	식음료 기업중 1위 브랜드를 가장 많이 소유한 기업	10년이상 급성장으로 인해 불경기에 따른 성장둔화 위기대응 능력 검증된바 없음	글로벌 확산에 필요한 핵심가치와 전략을 명확히 잡아서 그에 따른 세부방안들이 흔들림없이 추진될 수 있도록 기틀을마련해 주시길
2015/4/1	에스피씨그룹	100	87570	100927	2.0	4.0	1.0	1.0	2.0	0	1	전문직	현직원	서울	 0 	False	"계열사간/부서간 분위가 너무나 달라 복불복열린 기업문화를 표방하고 있으나 너무나 보수적(군대문화-남성우월) 문화가 팽배함."	그나마 동종 업종에서는 연봉이 좋은 편	비합리적 인사평가제도, 수직적 조직문화, 복지제도 꽝...	통일된 조직문화가 자리잡힐 수 있도록기업차원의 노력을
2015/4/15	(주)한국코퍼레이션	100	63215	104881	4.0	3.0	3.0	2.0	1.0	1	1	서비스/고객지원	전직원	서울	 0 	False	"업계 2위 기업으로 규모에 비해 생각보다 체계가 잘 잡혀 있는 회사특히 콜센터 업무에 특화되어 있으며 여러 군데 사업을 맡고 있음"	공공기관 콜센터 업무를 많이 담당하고 있고 정부과 관계가 좋아보임야근 발생이나 특근 발생시 꼬박고박 수당은 챙겨줌	사업장 마다 근무 환경, 분위기등 큰 차이가 있다. 특히 관리자가 누구냐에 따라서 근무 환경은 복불복임관리자 및 직원들을 쉽게 뽑는지 자질이 안된 사람이 많다.	사업장마다 획일화 되어 있는 체계가 필요하다고 생각한다.
2015/4/7	(주)한국코퍼레이션	100	63215	102358	3.0	3.0	4.0	2.0	3.0	0	1	서비스/고객지원	전직원	서울	 0 	False	"업무강도는 세지 않으며  대부분 칼퇴합니다"	야근 강요하지 않으며 자율적인 분위기입니다	업무체계가 조금 체계적이지 못하며 부서간 소통 어려움	효율적인 업무 권한 배분이 이루어졌으면..
