date	cname	industry_id	cid	cmid	possibility	pay	balance	culture	management	recommend	expect	job_kind	current	area	helpful_count	is_best	subject	good	bad	hope
2014/5/28	스타벅스커피코리아(주)	100	70749	17465	3.0	2.0	4.0	3.0	3.0	1	1	서비스/고객지원	현직원		 0 	False	"안정적임"	세계 최고의 커피 프랜차이즈 해외로도 가능성	낮은 연봉, 서비스직에 맞지 않으면 힘듬	체계적인 시스템은 좋으나 한국적인 것이 필요
2014/5/28	스타벅스커피코리아(주)	100	70749	17432	4.0	4.0	2.0	5.0	5.0	1	2	서비스/고객지원	전직원		 0 	False	"만족할 만한 복지"	복지 혜택이 정말 좋다. 직원들과의 관계가 좋다	개인의 생활과 일을 양립하기가 힘들다	지금처럼만.
2014/5/26	스타벅스커피코리아(주)	100	70749	16806	3.0	2.0	4.0	3.0	3.0	0	1	영업/제휴	전직원		 0 	False	"썩 추천하지 않는다."	공정한 평가와 근무여건이 좋습니다. 아르바이트를 하시는 분들에게는 추천할만 합니다. 정직원으로는 비추	낮은 급여를 제외하면 괜찮습니다. 알바생에게 괜찮은 조건이지만, 정직원에게는 별 혜택이 없습니다.	낮은 급여만 제외한다면 좋곘습니다.
2014/5/25	스타벅스커피코리아(주)	100	70749	16538	4.0	4.0	4.0	3.0	3.0	1	2	서비스/고객지원	전직원		 0 	False	"일은 너무나 힘들었으나(육체적/정신적으로 - 80%이상 점장이 이유였음) 그럼에도 브랜드/기업의 이미지가 좋게 남은 회사. 나쁘지 않은 경험이었고, 커피관련 업계에 관심이 있는 사람이라면 경험을 쌓기에 좋음(교육이 비교적 체계적임)"	바리스타부터 시작하더라도 복지가 좋은 편이고, 커피를 잘 모르는 사람에게도 기회는 열려 있으므로 업계에 관심이 있다면 시작하기 좋음.	점장의 성격에 따라 근무 경험이 천지차이가 될 수 있음. 근무했던 곳의 점장이 나를 너무나 힘들게 했으나, 다른 동료(선후배)들과의 관계가 원만해서 버틸 수 있었던 듯.	실질적으로 매장직은 점장에게 모든게 달려 있다해도 과언이 아닌데, 점장에 대한 피드백&소통이 바리스타에서 윗선까지 이어졌으면 하는 바램이 있음. 매장으로 직접 찾아와 할말이 없냐고 물어도, 신입 바리스타는 그만둘 각오가 아닌 이상 불만을 말할 수 없다.
2014/5/22	스타벅스커피코리아(주)	100	70749	15963	4.0	4.0	2.0	3.0	3.0	0	1	기타	전직원		 0 	False	"동종업계에서 복지가 괜찮은만큼 많은 시간을 투자해 일을 해야합니다"	관련 업계에서는 복지가 괜찮습니다. 바리스타로 일하는 직급에게도 무료원두와 직원증을 통한 메뉴, MD 할인을 지속적으로 제공합니다. 점장, 부점장급에게는 신세계 임직원 계열의 카드가 나온다고 알고있습니다.	주5일 5시간 근무라고 하지만, 그 외에도 일을 위해 준비해야 하는 것이 많습니다. 프로모션 바뀔때마다 시험을 치는 것도 그렇고, 손님 접객이나 응대, 일에 대해서까지 꼼꼼하고 세세하게 가르치다보니 초기 3개월 정도까지는 공부해야하는 내용이 많습니다. 메뉴얼 관련 시험에서 탈락하면 시험 감독관이 만족할 때까지 시험을 칩니다. 이건 매장마다 차이는 좀 있습니다.	매장에서 일하시는 분들이 해피아워나 프로모션 초기에 많이 고생하시는 걸 봤습니다. 이에 대해서는 조금씩 나아지고 있다고 하나 좀 더 많은 개선이 필요할 것 같습니다. 그리고 매장마다 서비스 차이가 종종 일어나는데 이 부분에 대해서도 보완 부탁드립니다.
2014/5/21	스타벅스커피코리아(주)	100	70749	15798	4.0	3.0	3.0	3.0	3.0	1	2	서비스/고객지원	현직원		 0 	False	"커피쪽으로 가고자하는 사람들에게는 좋은 편"	나름 수평적인 문화, 서비스업쪽에서는 전망이 있다.	승진의 기회가 관리자의 영향을 많이 받는다	서비스업 특성상 고객에게 받는 스트레스를 풀 수 있는 방법을 도입했으면 좋겠음
2014/5/20	스타벅스커피코리아(주)	100	70749	15657	4.0	3.0	2.0	4.0	3.0	0	2	서비스/고객지원	현직원		 0 	False	"몸이 힘들다. 그러나 가능성이 있는  회사"	발전 가능성이 있고 자신이 일에 열정적이라면 그만큼 나에게 돌아오는 회사.	남들 쉴때 일하기 때문에 매우 힘듬.	스케쥴이 매일 바뀌는 것이 아쉬움. 한달동안 스케쥴을 고정 하면서 자신의 취미나 여가를 즐길 시간을 주었으면 좋겠다.
2014/5/19	스타벅스커피코리아(주)	100	70749	15241	4.0	4.0	3.0	5.0	3.0	1	2	서비스/고객지원	현직원		 0 	False	"동종커피업계에 비해 좋은 복지 및 급여"	복지도 좋고 급여도 나쁘진 않다. 승진 기회 및 가능성도 아직은 열려있다	업무에 비해 급여는 낮은편. 사내문화는 좋은편이다	과도한 프로모션을 없앴으면 좋겠다
2014/5/18	스타벅스커피코리아(주)	100	70749	15141	3.0	4.0	2.0	3.0	3.0	0	2	서비스/고객지원	전직원		 0 	False	"다양한 복지혜택을 주지만 받는 월급에 비해 업무가 과다하고 까다로운 편"	세계적으로 유명한 커피 회사에 다니는 자부심커피를 좋아하는 사람이 다니기에 좋은 직장다양한 복리후생 + 신세계 계열 기업으로 인한 a수평적인 환경 추구	월급에 비해 과다한 업무량과 까다로운 규제들(새로운 프로모션들과 이벤트들이 계속 넘쳐남)수평적인 구조를 추구하지만 큰 의미는 없는 것으로 생각됨	업무하는 만큼의 보수가 이루어졌으면 좋겠고 과도한 프로모션이 파트너들을 힘들게 하고 고객들을 유치할 수 있는 방법이 아닌 걸 깨닫고 좀 더 본질적인 것에 집중했으면 좋겠음
2014/5/17	스타벅스커피코리아(주)	100	70749	14979	3.0	3.0	2.0	3.0	3.0	0	1	기타	현직원		 0 	False	"그럭저럭 할만함 어디든 그러듯이 하는 만큼 돌아오는 것 같음"	스타벅스에대한 전반적인 이해도가 높다면 무난하게 일을 수행할수 있음	적은 연봉?.....박봉정도? 이정도는 상관없으면 괜찮은 직장	업무에대한 세부적인 분석 및 분배를 통해 성장할 수 있도록 해야할 듯
2014/5/15	스타벅스커피코리아(주)	100	70749	14524	3.0	3.0	3.0	3.0	1.0	0	1	기타	현직원		 0 	False	"아르바이트로 들어와서 정직원까지 지원할 수 있음, 공채가 있기는 하나 대졸만 가능하고, 나이를 본다는 소리가 있음."	아르바이트라고 해도 입사와 동시에 사원증 발급으로 스타벅스 내 복지할인을 받을 수 있음, 스펙 없이 입사와 진급 가능, 정직원일 경우 신세계 복지를 받을 수 있음	동종업계에 비해 근무 강도가 쎈 편, 같이 일하는 사람에 따라 심하게 근무여건이 달라짐, 파트너끼리 동등함을 강조하는 편이나 실제로는 그렇지 않음, 정직원이라도 급여가 좋은 편은 아님	원칙을 강조하면서 원칙 없는 경영을 하는 것이 눈에 보임, 센터직들 업무량에 비해 인원 부족으로 힘든 것이 매장까지 여파가 느껴짐, 체계적으로 정리하고 QA하려고 하나 제대로 하는 것은 극히 일부임
2014/5/15	스타벅스커피코리아(주)	100	70749	14280	4.0	4.0	3.0	3.0	3.0	1	2	서비스/고객지원	전직원		 0 	False	"동종업계 최고 시스템, 그러나 일이 힘들다"	세계1위 브랜드에서 일한다는 자부심활발한 내부 채용	일이 매우 매우 매우 힘듬매장 동료를 잘 못 만날 경우 일도 힘든데 마음도 힘들어서퇴사욕구 빠르게 상승	많이 부리려면 많이 주세요
2014/5/14	스타벅스커피코리아(주)	100	70749	14126	5.0	1.0	2.0	4.0	1.0	0	2	서비스/고객지원	현직원		 0 	False	"할 일이 많음. 매우."	수평적 관계.투명하게, 노력하면 돌아오는것 같음.	일이 많음.서비스직, 식품관련업이 그렇듯 박봉에 박봉임.수평적 관계를 내세우나 내부는 그렇지 않음.투명하게 노력해서 돌아오는 사람이 있고, 안그래도 얻어가는 사람들이 많음.	성장도 좋지만. 그 성장에 지쳐있는 파트너를 봐주시길.파트너는 마루타가 아니예요.
2014/5/5	스타벅스커피코리아(주)	100	70749	11833	3.0	4.0	1.0	3.0	3.0	0	2	서비스/고객지원	전직원	서울	 0 	False	"전세계 1위 프랜차이즈 커피회사에서 일한다는 자부심을 갖을수 있다."	글로벌 1위 기업다운 철두철미한 업무처리방식, 신세계와 스타벅스의 다양한 복지혜택	대기업의 전형적인 단점인 사람을 기계다루듯한 풍토	서비스직으로 매장에 있는 사람들에대한 업무상 시간배분이 너무 타이트하게 짜여있음
2014/5/4	스타벅스커피코리아(주)	100	70749	11551	4.0	3.0	4.0	5.0	3.0	1	2	서비스/고객지원	전직원		 0 	False	"안정적이고 편안함을 원한다면 강추"	글로벌기업, 빡세지 않은 경쟁, 뛰어나고 좋은 분들	정체되는 느낌, 겉으로 보이는 것보다는 조금 덜 매력적인	언제나 감사합니다
2014/5/20	한국맥도날드(유)	100	3616	15598	5.0	5.0	2.0	5.0	3.0	1	2	영업/제휴	전직원		 0 	False	"세상에는 안 되는 일이라는 것은 없다는걸 몸소 체험할 수 있다."	휴가, 정기로 열리는 해외 세미나 등의 교육.누구나 정직원의 기회가 있다.	여자가 많다 보니 보이지 않는 신경전 작렬.	현재도 좋지만, 좀 더 효율적인 관리 체제가 필요함. 인성검사 도입 철저하게 요구.
2014/5/18	한국맥도날드(유)	100	3616	15117	3.0	3.0	3.0	4.0	4.0	0	2	경영/기획/컨설팅	현직원		 0 	False	"본사근무는 주로 경력직만 뽑아요~"	외국계 특유의 수평적 조직문화와 월등한 능력이 있으면 성장가능 있음	한국은 본사가 아닌 해외지사이고 Industry 특성상 높은근로조건은 아님	단기목표만이 아닌 지속적인 성장을 위한 경영을 기대함
2014/5/18	한국맥도날드(유)	100	3616	15058	4.0	1.0	1.0	2.0	3.0	0	None	기타	현직원		 0 	False	"즐겁고 자유로움을 "포장"한 업무환경"	승진기회와 가능성 높음. 사람들과의 커뮤니케이션 기술 좋으면 일 하기 좋을 것	매니저라고 하면 영업직이기 때문에 실적에 대한 스트레스 있음. 직장 동료들의 수준 낮은 편. 외국계 기업이라 즐겁고 자유로운 업무환경이 장점으로 알고 있는 사람들 많으나 매장 마다 다름	경영진이 만들어놓은 견고하고 체계적인 시스템이 실제 업무 환경에 안 맞는 경우 맞음
2014/5/15	한국맥도날드(유)	100	3616	14687	2.0	3.0	3.0	4.0	3.0	0	1	생산/제조	전직원		 0 	False	"맥도날드 매니저로 근무했습니다."	사원들 간의 활발한 커뮤니케이션, 소통, 자유로운 업무환경	지점 매니저로써 승진기회의 부족, 한계가 느껴짐	조금더 탄력적인 인사이동을 통해서 직원들의 애사심을 키워줫으면 좋겟다
2014/5/14	한국맥도날드(유)	100	3616	14109	4.0	2.0	5.0	5.0	4.0	1	2	경영/기획/컨설팅	전직원		 2 	False	"다양한업무경험가능, 라이프워크밸런스도 최상, 복지와급여는 단 고민하지말길"	워크라이프밸런스짱 야근 거의없고 여기선 아홉시정도까지 일하는게 거의맥시멈	급여작고 경력직위주의채용, 복리후생수준 낮음	딱히
2014/5/6	한국맥도날드(유)	100	3616	12004	4.0	3.0	3.0	3.0	3.0	0	None	서비스/고객지원	현직원		 0 	False	"누구나 지원가능. 다양한 분야에 다 도전해볼 수 있다. 내가 해야되는 그 일만 하는 게 아니라 다른 일도 함으로써 전체적으로 이 회사가 어떻게 돌아가는지 알게 된다."	수평적인 문화, 전문 분야의 전문성이 키워진다.	수평적인 문화를 가지고는 있지만 변화나 혁신이 필요할 때 발빠르지 않다.	고객 및 직원 불만 사항의 접수와 문제 해결이 빠르게 이루어졌으면 합니다.
2014/5/5	한국맥도날드(유)	100	3616	11708	3.0	2.0	2.0	2.0	3.0	0	2	서비스/고객지원	현직원	전북	 0 	False	"많은 시간과 노력을 요구한다"	다양한 업무를 진행할 수 있다 진급할 수록!!!인사, 노무, 영업, 마케팅, 재무, 교육, 채용 등 모든 분야를 아우른다	업무와 생활의 밸런스를 절대 맞추지 못한다 나는 쉴때 맥도날드는 돌아간다고로 쉴때도 연락이 온다	쿠팡 행사 및 드라이브 스루 행사는 정말 힘들다
2014/5/29	(주)하나투어	100	49174	17734	2.0	2.0	3.0	2.0	2.0	0	1	서비스/고객지원	전직원		 0 	False	"비전이 없음. 패키지 매출의 한계. 개별여행증가."	해외 출장 기회가 많음. 여성의 경우 육아휴직이 있어 자유로움.	턱없이 낮은 연봉. 미수금의 경우 세일즈 책임. 젊은 기업이나 변화에 적응을 못함.	연봉인상
2014/5/28	(주)하나투어	100	49174	17471	4.0	1.0	3.0	4.0	3.0	0	1	기타	전직원		 0 	False	"투어플래너를 꿈꾼다면 고고!!"	가족같은 분위기, 열성적인 사람들세계를 구경할 수 있는 기회	연봉이 너무 적어서....고인력들이 많은데 역시나 연봉의 문제로 이직율이 높은 듯	직원들이 노력하는 만큼 그에 맞는 연봉을 가져갈 수 있도록 해주세요
2014/5/22	(주)하나투어	100	49174	16102	3.0	2.0	4.0	3.0	1.0	0	1	경영/기획/컨설팅	전직원		 1 	False	"사람을 비용으로 생각하는 회사"	여행사 업계 1위라 일하는 시스템은 잘 되어 있음. 조금만 참고 일하면 후임이 들어옴-그렇다고 자신의 일이 덜어지는 것은 아님, 여행업에 몸을 묻으려면 최고의 시작	의외로 보수적, 퇴사율 높음, 회사를 사랑하고 싶어도 고위 간부의 미운 짓들 때문에 그럴 수가 없음.	신입사원들을 소중히 여기자. 그들의 목소리도 좀 들어주길.
2014/5/20	(주)하나투어	100	49174	15572	2.5	2.5	2.5	2.5	2.5	0	1	경영/기획/컨설팅	현직원		 0 	False	"회사 내에서 본인만의 비전을 찾아야 합니다."	젊고 활기찬 회사. 여성비율이 높아 여자들이 다니기 좋은 회사.	급여가 낮다. 급여가 낮음에도 불구하고 덩치가 커지는 바람에 대기업 흉내내기 제도가 많다.	직원의 목소리에 좀 더 귀를 기울여 줬으면
2014/5/16	(주)하나투어	100	49174	14844	4.0	3.0	4.0	5.0	4.0	1	2	서비스/고객지원	현직원		 0 	False	"동종 업계 선두주자, 변화를 두려워하지 않는 경영진, 좋은 사람들과 일할 수 있다"	국내 여행업계 1위, 자유로운 회사 분위기, 사람들이 좋다, 탄력 근무제와 재택 근무가 가능하다, 여행을 갈 수 있는 기회가 많다	업계에서는 높은 연봉을 받지만 다른 회사와 비교했을때 많지 않다 (물론 업종 차이겠지만)	특별히 없음. 지금도 충분하나 복지 향상 정도?
2014/5/16	(주)하나투어	100	49174	14812	3.0	2.0	3.0	3.0	3.0	1	2	서비스/고객지원	현직원		 2 	False	"업계 내 업무 환경은 최상이라고 생각"	연봉은 직무나 경력에 따라 다름. (전체적으로 낮은 편이긴 함) 그러나 회사 내에서 직원 의견을 듣고 복지를 개선하려는 움직임은 꾸준히 있음. 적어도 발전적이라고 생각. 시차근무제, 재량근무제 등 도입했으며 (실질적으로 활발히 운용은 못되고 있으나) 여직원은 육아휴직을 100% 사용할 수 있음.  사내 문화가 보수적이긴 하나 남성적이거나 강압적인 면은 덜함 (부서마다 차이있음). 여직원이 절반 가량이다보니 비교적 유연하고 부드럽다 생각함.	사람. 사람들은 여행을 좋아하는 편이라 착하고 쾌활하므로 가족같은 분위기 속에서 일하기엔 좋으나, 전문성이 많이 떨어짐.인재를 적재적소에 배치하지 못하는 인사팀의 무능함이 원인이라고 생각.  또한 회사 내에서도 스페셜리스트가 아닌 제너럴리스트를 육성하려는 추세라 (순환보직 등을 통해) 특정 분야에 정말 날카로운 감각을 가진 전문가는 없음. 따라서 추진하는 모든 사업에 어딘가 어설픈 부분이 있음. 이건 정말 단점이라고 생각.	여행업계는 인사가 만사인 만큼 정확하고 올바른 인재 배치를 바람. 마케팅 전문가에게 영업을 시키고 상품 수배를 시키는 것은 인력 낭비.. 반대로 타고난 세일즈맨에게 억지로 마케팅 기획을 시키는 것도 인력 낭비.. 회사가 성장하려면 스페셜리스트가 필요함을 알아주길.
2014/5/14	(주)하나투어	100	49174	14145	3.0	1.0	2.0	2.0	3.0	1	2	서비스/고객지원	현직원		 0 	False	"단순히 여행이 가고싶어서 여행사 취업하겠다는 분들은 오지마삼"	인적 네트워크여행업 선두주자하나투어 다닌다고 하면 사람들이 '올~~~' 이런다.	짠 연봉보수적인 기업문화네임벨류보고 좋다 하면 안됨	급여좀 올려줬으면 좋겠음각 직원들 자리에 파티션좀 쳐주세요
2014/5/12	(주)하나투어	100	49174	13609	3.0	2.0	2.0	2.0	3.0	0	2	IT/인터넷	현직원		 1 	False	"여행사에서 미디어 그룹으로 탈바꿈 시도!"	업계1위 수성을 위한 다양한 성장동력 개발 시도.여행업을 중심으로 하는 만큼 다양한 해외경험.	연봉이 타사에 비해 적음.근무환경 개선 절실.	직원들의 처우개선을 위해 조금 더 신경썼으면...
2014/5/11	(주)하나투어	100	49174	13442	3.0	2.0	4.0	4.0	4.0	1	2	경영/기획/컨설팅	현직원		 0 	False	"여행을 좋아하는 사람이면 누구나 가고싶은 기업!"	국내 최대의 여행사로 출장 기회가 많으며 플랙시블한 기업문화 좋다! 여성의 비중이 많은 편이며 회식이나 야근을 요구하는 분위기가 아님	업계 1위의 기업임에도 불구하고 연봉은 낮은편, 많은 이들이 이직을 고려하고 있다.	기업의 우수한 인재를 지속적으로 창출하고 이어나가려면 연봉이 어느정도 상향조정되어야 되지 않나
2014/5/11	(주)하나투어	100	49174	13391	3.0	1.0	4.0	4.0	2.0	1	2	IT/인터넷	현직원		 0 	False	"여행업계의 No.1 이지만 낮은 연봉으로 인해 다수의 직원들이 이직을 준비하는 중. 해외 출장 기회와 자유로운 사내 문화는 좋은 듯!"	1년에 2~3회, 많으면 4~5회 정도의 해외출장 기회가 있으며 사내 문화가 젊고 자유롭다. 특히 여성 비율이 높다.	여행업계 No.1 임에도 불구하고 연봉은 그렇지 못하다. 때문에 사원 대리급이 회사를 많이 떠난다는 점.	좋은 회사에서 좋은 인재로 좋은 성과를 내기 위해서는 그만큼 연봉도 올려주셔야 하는건 아닌지...ㅋ 사람 부려먹으면 나중에 결과는 어떻게 될지 뻔함
2014/5/8	(주)하나투어	100	49174	12807	2.0	3.0	3.0	4.0	3.0	1	1	영업/제휴	현직원		 12 	True	"사내문화는 좋은 편이다. 근데 복지와 연봉 부분이 걸리긴 한다. 또한 여행업에 대해서 특별히 뜻이 없다면, 오히려 여행에 대해서 회의를 느낄 수도 있는 곳일 것 같다."	사내 문화 자체가 너무 군대식이 아니고 어느정도는 유연한 편이다. 물론 그렇다고 외국 회사처럼 유연하지는 않고, 어느정도 딱딱한 면이 없지는 않지만 다른 제조업에 비해서는 유연한 편이라고 생각한다.그리고 회사 사람들을 전부 다 만나보지는 않았지만 일반적으로 개념있는 분들이 많으신 것 같다. 내가 만나본 사람들은 모두 예의바르고, 센스도 있으며 자기 나름대로의 철학을 가지신 분들이었던 것 같다.	여행이라는 단어가 주는 느낌이 좋아서 가고 싶었던 회사 중 하나이다. 하지만 막상 가면 내가 꿈꿔왔던 여행과는 전혀 동떨어진 일을 하고 있다는 것을 느낄 수 있다. 일은 그냥 일이다라는 명제를 잘 느낄 수 있는 것 곳이다.또한 연봉이나 복지와 관련해서도 불만족스러울 수 있는 부분이 있을 것 같다.	사원들 복지와 연봉 좀 더 줬으면 좋겠다. 게다가 그 큰 회사에 구내식당이 없다는 것은 정말 아니라고 본다.
2014/5/5	(주)하나투어	100	49174	11686	3.0	2.0	5.0	4.0	3.0	0	2	경영/기획/컨설팅	현직원	서울	 0 	False	"여행업계 1위로써 관광업계에서 가장 연봉이 높은 편"	칼퇴. 야근을 하는 날이 거의 없으며 잔업을 하더라도 한시간 정도 남게 된다.	여행업계에서는 최상의 연봉을 갖고 있지만, 초봉이 2500 정도로, 전체적으로 봤을 때 낮은 연봉을 받게된다. 연봉 인상율도 낮아 10년 근속한 직원도 월 300남짓을 받고 있는 실정이다.	경영진에게 특별히 전해드리고 싶은 말씀은 없습니다.
2014/5/25	롯데지알에스(주) 롯데리아	100	78632	16530	3.0	2.0	2.0	2.0	2.0	0	None	생산/제조	전직원		 0 	False	"햄버거 조리 였는데, 크게 메리트 있는 경험은 아니었다."	고등학교 시절에 받아 주는 곳이 별로 없지만, 패스트 푸드 만큼은 중고등학생들 잘 받아줘서 아르바이트 하기 좋다.	점장 잘못 만나면 무척 고생한다. 욕하는 건 기본이고 햄버거 만드는 데 와서 꼬장 부린다.	중고등학생들이라고 너무 함부로 대하는 게 아니라, 조금 더 존중해주면서 일했으면 좋겠음. 근무도 너무 일방적으로 잡는 경우가 많아 힘들었음.
2014/5/17	롯데지알에스(주) 롯데리아	100	78632	14993	2.0	3.0	2.0	1.0	1.0	0	1	경영/기획/컨설팅	전직원		 4 	True	"롯데에서 운영하는 외식업체로 외식업계에 관심이 많은 지원자들에겐 업계가 어떻게 돌아가는지 알 수 있는 기회를 제공"	롯데리아, 엔제리너스, TGI, KKD, 나뚜루 등 다양한 사업분야를 운영하고 있으므로 외식업계의 전반적인 이해를 돕기에는 충분	공공연한 남녀차별, 대리진급도 선별적으로 진행함. 커뮤니케이션 및 사내 문화에 대해선 기대하지 말기를.	직원들한테 일 좀 믿고 맡겼으면 좋겠다. 한달에도 두세번씩 정례적으로 있는 회의때마다 보고서 만들고 양식 수정하는데에 주말까지 소비하지 않게 했으면 좋겠다.
2014/5/14	롯데지알에스(주) 롯데리아	100	78632	14152	3.0	2.0	3.0	2.0	3.0	0	1	서비스/고객지원	전직원		 0 	False	"빠른 업무 진행이 요구 되는 곳"	일을 빨리 배우게 되고 자신의 일에 대한 책임을 처음부터 느끼게 해서 사회를 시작할 때 마음을 다지기에 좋은 곳	대기업임에도 생각보다 낮은 연봉과 복리후생강한 업무 강도	복리후생에 조금 만 더 힘써주길
2014/5/21	(주)세스코	100	71990	15828	4.0	3.0	2.0	4.0	3.0	1	2	경영/기획/컨설팅	전직원		 1 	False	"내부육성보다는 경력직을 많이 뽑는 회사"	사내문화는 정말 좋다. 대부분의 차부장급이 경력직 출신이기 때문에 사내정치나 이런걸 별로 안 좋아한다. 사무직의 경우 대부분 칼퇴도 가능하다. 하지만 현장직이라면 이야기가 많이 다르다	사무직 신입을 굉장히 안 뽑는다. 복리후생은 별로 좋은편에 속하지는 못한다.	월급 좀 올려주세요
2014/5/12	(주)세스코	100	71990	13567	3.0	2.0	2.0	2.0	3.0	0	2	IT/인터넷	현직원		 6 	False	"바쁘고 박봉이다. 전산실인데 자가 개발을 한다."	파트만 잘 맡으면 신기한거 많이 해볼 수 있다. 웹, CS 고루 다룸.  아직 정치나 이런건 없다.	박봉이다. 한 번 일을 맡으면 변경이 불가능 순환 업무가 없다.	가족기업이다보니 경영권 승계나.. 재무등 투명하지는 않은거같다.
2014/5/16	씨제이푸드빌(주)	100	23183	14767	3.0	2.0	1.0	2.0	2.0	0	None	경영/기획/컨설팅	전직원		 1 	False	"어느 사업부인지 꼭 확인할 것!"	업계 최고 수준의 네임밸류와 시스템을 갖추고 있는 만큼 한번쯤 경험해볼만하다.	야근이 잦고 수시로 경영방침이 바뀐다. 한마디로 힘들다.	일관적인 방침을 가졌으면 좋겠다.
2014/5/2	씨제이푸드빌(주)	100	23183	11173	3.0	5.0	1.0	4.0	2.0	1	1	영업/제휴	전직원	서울	 1 	False	"체계적인 곳을 원한다면..."	cj임직원 카드 등의 복지가 아주 잘 되어있다 특히 여자가 일하기에 좋은 곳인거 같고 인센티브 등의 제도가 잘 마련되어있어서 동기부여가 된다 현장에서 일하게 된다면 젊은 층들(스탭)과 어울리며 활기찬 분위기에서 일할수있다  직원수가 엄청 많지않아서 나름 가족같은 분위기에서 으쌰으쌰하면서 일하게 되는 뿌듯함	(현장의 경우)현장감각 전혀없는 윗선의 여러가지 프로모션이나 간섭 등 현장에서 일하게되면 느끼는 그 답답함은 말로 표현이 안된다 알바(스탭)위주로 돌아가기 때문에 사람관리와 상사+알바 등에게서 빚어지는 인적갈등 등이 심함 위생등을 항상 신경써야하고 이 위생이나 청소때문에 ot가 밥먹듯하지만 ot수당 올리기에는 눈치보임 그리고 길게는 3년 짧게는 1년 내로 발령도 자주나는데 그것도 엄청난 스트레스이다 사람을 또 만나고 다가가고 하는것이 굉장한 스트레스 초반에는 들쭉날쭉한 근무시간때문에 생체리듬이 깨짐	제발 현장감각 좀 기르시길 푸드빌 직원 거의 대부분이 현장에서 업무를 뛰는데 이걸 잘 케어하셔야 아시아 최고의 외식서비스기업이 됩니다
2014/5/30	유베이스(주)	100	87279	17765	3.0	3.0	2.0	1.0	2.0	0	1	영업/제휴	현직원		 2 	False	"어느정도 하는만큼 받지만 중간에 회사에서 가져가는부분이 너무 크다 인센제도가 불합리하게 되어잇다 본사센터와 달리 다른센터는 관리자들이 인격적으로 들됫다 각센터마다 다르겟지만 Gs샵으론 가지말것"	단기적으로 돈모으기 좋다 / 하는만큼 어느정도 보장해준다.	정신적인 스트레스도 문제지만 관리자들 인성이 본사에비해 타센터들은 부족하다	기본급 인상/ 체계적인 리더교육/ 공평한 기회 / 관리자들 인성교육
2014/5/5	유베이스(주)	100	87279	11905	3.0	3.0	4.0	3.0	2.0	1	1	경영/기획/컨설팅	현직원	경기	 1 	False	"하는만큼 받습니다"	급여는 기본급은 평범하구요.인센티브는 하는만큼 받을수있습니다.오래 일할곳은 아니고 급여도 사실 많다기보다는 젊은 분들,주부들 하시면 괜찮을거같네요	스트레스 많이 받습니다.단순 전화 업무라고 생각하지마세요.세상에 별사람 많다는걸 일하며 항상느낍니다.	업무에 대한 스트레스를 어떻게 해소시켜줄수있는지 생각해주세요.퇴사율이 굉장히 높은 이유도 생각해주시구요...
2014/5/3	유베이스(주)	100	87279	11417	1.0	1.0	3.0	2.0	1.0	0	2	기타	현직원	경기	 2 	False	"상담업무가 주인 회사입니다.다닌지 1년미만이라 장단점을 논하는게 웃기지만 경험을 기재해보겠습니다."	이 회사만의 장점을 뽑기에는 너무 미흡한 회사입니다. 대부분의 기업이 갖고있는 특징들은 있습니다. 회사 건물이 여러곳에 있으나 송내 기준으로 한다면 일단 건물이 깔끔하고 디자인이 창의적이여서 뭔가 일반적인 칙칙한 회사와는 다르게 팝아트 그림이나 조형물 놀이시설들이 있어 첫입사자들에게 굉장한 호감 및 호기심을 유발합니다. 자잘하게는 냉난방 잘되구요	역차별이 있습니다. 상담업무가 대부분 여성분들이 많다보니 관리자 급도 여성분들이 많습니다. 그에 대한 남자에 대한 역차별이 많고 건물 자체도 여성 화장실이 더많고 수면실(몸이 않좋거나 하면 쉴수있음)도 여성전용 입니다.또한 어느기업이나 마찬가지겠지만 회사 홈페이지에 민원을 넣으면 익명성이 보장되지않아 바로 관리자한테 호출됩니다. 물론 관리자도 그러고 싶진 않겠지만 상위부서에서 압박하면 별수있나요...급여 복리후생 같은경우 최근 2번 정도 정책이 바뀌었는데 상담업무를 본다고 멍청하다고 생각하는지 굉장히 좋은말로 포장해서 급여나 복리가 좋아진것 처럼 공지하나 실질적으로 따져보면 안좋아졌습니다. 다른분들도 기재했습니다만 급여가 상당히 적습니다. 노동의 강도는 절대평가할수없으나 타 서비스업에 비해 상당히 적고 얼굴이 보이지 않는 상태의 서비스업 이다보니 소비자의 막말의 강도나 언어폭행 ,성희롱등이 심한데 피해 목표콜(일,월 단위 목표량)이 너무 높고 비합리적인게 너무 많습니다. 이로인한 퇴사율이 상당함(매일 신규직원을 모집함, 100명입사하면 90명이 한달내로 퇴사함)/나갈사람은 나가고 새로 받아서 교육시키고 현업에 투입되는 과정 비용이 기존들에 대한 퇴사방지를 위한 급여체계변화나 복리후생을 챙기는것보다 이득이여서 그렇게 갈아치우고 새로받는지는 모르겠습니다만 기존업무자들의 대한 장점이 거의 없습니다. 할말을 쓰라면 논문을 쓰겠으나 스펙안되는 말단 상담사의 징징거림이라 판단되어 여기까지만 적겠습니다.	다른 파트는 어떤지 모르겠으나 오프마켓 파트에서 근무중인데 너무 고객사에 끌려 다니는거 같습니다. 고객사에서 문제를 터트리거나 말도안되는 정책을 내놔도 총알 받이는 상담사들이 하는데 경영진,관리진은 '양해'안내나 정책이니 어쩔수없다 라는 자세로 일관하더군요 오래된 분들께 물어봐도 몇년간 그랬다는데 .....공무원도 아니고 낡아빠진 탁상공론말고 필드에서 어떤 에러사항이 있는지 상담사들 퇴사율이 왜이렇게 높은지 판단을 해주시기 바랍니다.
2014/5/1	유베이스(주)	100	87279	10509	4.0	1.0	3.0	3.0	3.0	1	2	서비스/고객지원	현직원	경기	 0 	False	"오래다닐꺼면 괜찮음"	능력별로 기회가 있다면 차별없이 다양한 기회를 열어주게된다.	하는 업무에 비해서 낮은 연봉 및 복리후생 정책이 좀 그렇다	관리자에게 더많은 급여를 제공하라
2014/5/25	아웃백스테이크하우스코리아(유)	100	86465	16512	3.0	2.0	3.0	4.0	4.0	1	2	영업/제휴	전직원		 0 	True	"고객을 상대하는 서비스 직종에서 일하는 것이 좋다면 추천함. 그게 아니라면...흠.."	서비스업에 대해서 많은걸 배울 수 있음. 식당, 레스토랑 운영을 배우고 싶다면 일하는것도 나쁘지 않아보임	서비스업종의 특성인 직원들간의 커뮤니케이션의 단점이 있음. FM규정이 있는것이 아니라 시시각각 변하기 때문에 커뮤니케이션의 트러블이 생길 수 있음	직원들간의 커뮤니케이션이 잘되도록 시스템을 구축했으면 좋겠습니다.
2014/5/23	아웃백스테이크하우스코리아(유)	100	86465	16198	4.0	3.0	4.0	4.0	4.0	1	2	경영/기획/컨설팅	현직원		 0 	False	"직원 모두가 활기차고 밝은 분위기에서 고객을 만족시켜드리기 위하여 노력하는 회사"	Family Restaurant #1 기업, 식당 운영의 기초부터 차근차근 배워나갈 수 있는 기업이며, Family Restaurant Industry의 사관학교!	사관학교 답게 업무강도가 높으나, 이를 통하여 배우는 점이 더 많은 곳	현재 어려워지는 한국 외식업계 상황에도 선전하고 있는 직원들에게 지금도 많은 격려와 응원을 아끼지 않고 계시나, 더욱 응원을 해 주시기를 바람
2014/5/17	아웃백스테이크하우스코리아(유)	100	86465	14974	3.0	2.0	3.0	4.0	3.0	0	1	서비스/고객지원	전직원		 0 	False	"서비스감각을 키울 수 있다."	맛있는 것을 많이 먹을 수 있고, 동료들과의 소통이 원활하다.	진상고객들이 많고, 업무강도가 절대적으로 세다.	시프트 조정이 가능했으면 좋겠다. 또 복지가 너무 약하다
2014/5/16	아웃백스테이크하우스코리아(유)	100	86465	14916	3.0	2.0	3.0	2.0	2.0	0	1	서비스/고객지원	전직원		 0 	False	"너무 힘듬"	사람들과 어울릴 수 있음. 요리에 대한 재미가 생긴다.	힘들고 업무부담에 비해 월급이 적다. 이 돈받고 일 안하고 싶다.역시 열심히 공부해야겠다.	서로 존중하는 분위기가 필요하다
2014/5/21	(주)커피빈코리아	100	53841	15814	3.0	2.0	3.0	2.0	2.0	0	1	서비스/고객지원	전직원		 0 	False	"손에 꼽히는 커피회사지만 글쎄"	일하면서 제품에 대한 만족감은 높아 자부심이 생긴다	매장안에 안보이는 텃세 등 적응하기 힘들다 업무에 비해 박한 돈도 문제	매장에 신경써주시고 맛에 대한 연구가 더 필요해보임
2014/5/18	(주)커피빈코리아	100	53841	15063	2.0	1.0	3.0	1.0	2.0	0	1	기타	전직원		 5 	True	"빛좋은개살구 같은 느낌의 회사, 하지만 뭐든 마음먹기에 달라지는것 같아요."	불필요한 야근 없음/각자 업무가 정확하게 분담되어 있어 쓸데없는 간섭없음	장점이 단점이 될수도 있다. 업무가 정확히 분담되어있어 소통하기 보다는 각자 일하고 각자처리하는 느낌 지금은 어떤지 모르겠다.	나름 중견이상은 하는 것 같은데 생각보다 복지가 좋지 않아 놀랬던 기억이 나네요.
2014/5/8	트랜스코스모스코리아(주)	100	51105	12843	2.0	2.0	1.0	4.0	2.0	0	1	경영/기획/컨설팅	전직원		 0 	False	"급여인상이 잘안됩니다. 충분히 고민해보시고 지원하세요."	대기업으로 장기근무가 가능, 그냥 의욕적이지 않아도 나이들어서까지 일하고싶으면 다닐만함	급여인상이 굉장히 인색함 일년후월 2만원 오른사람도있었음	직원들의 급여를 아깝게 생각하지 마세요
2014/5/16	(주)에스텍시스템	100	89310	14920	3.0	1.0	1.0	2.0	2.0	0	1	서비스/고객지원	전직원		 0 	False	"보안 업종 중에서는 가장 급여가 높고 고용이 안정적인 회사."	입사부터 정규직으로 인정. 퇴직금 및 4대보험 인정되고 계약직이 아니므로 퇴직염려없이 일할수있음.	적은 연봉 및 강한 업무강도 주주휴야야휴라고 하지만 업무강도가 강해 퇴직자가 많음 대치근무로 떼우는데 한달에 4번정도 쉬게 되는데 쉬는 것도 쉬는게 아님.퇴직자가 많이지면 대치근무가 늘어나 업무강도가 증가하고다시 퇴직자가 생기는 악순환의 연속 오래보고 다닐게 아니라면 절대 비추	보안 및 서비스 업종으로서 직원들의 복지도 좀 신경써 주세요 업무강도가 심한대 그럼에도 제일 아래에서 근무하는 사원들의 복지를 신경써주지 않는다면 퇴직자 때문에 회사가 기울지도 모릅니다.
2014/5/28	에스원(주)	100	65658	17438	1.0	3.0	1.0	1.0	1.0	0	None	영업/제휴	전직원		 0 	False	"삼성계열사로 유망해 보이지만 보안브랜드 세콤인 회사라 생각하면 됩니다타 계열사에 비해 낮은 연봉과 현장 직접 영업을 해야합니다"	삼성의 복지 체계, 현장영업시 담담사원 재량권발휘 용이, 국낸1위보안회사	경직되고 군대같은 조직문화승진이 어렵고 실적압박이 강함패이퍼 업무 및 잡무 과다타 계열사보다 낮은 연봉	현장인력의 소리에 귀기울일것삼성에 맞는 처우개선 부탁
2014/5/28	에스원(주)	100	65658	17412	4.0	2.0	5.0	5.0	5.0	0	None	영업/제휴	전직원		 0 	False	"삼성이라고 생각하고 가면 큰 오산! 그곳은 세콤임!"	보안업계 1위, 그나마 삼성 계열사라는 것	현장영업 완전 어려움, 상가 공장 등 돌아다니면서 권유해야 함.실적압박도 심하고 수금등 잡무도 많음삼성 계열사 중 거의 최저 수준 임금	현재 사업보다 미래의 먹거리 사업을 발굴해야 할 것임.
2014/5/13	에스원(주)	100	65658	13755	2.0	3.0	2.0	2.0	2.0	0	None	IT/인터넷	전직원		 1 	False	"빡세게 일하고 싶은자 오라"	삼성 계열사의 일반적인 혜택?보안업계 1위가 어떤 곳인지 경험할 수 있다	큰 단점은 없음근속 년수가 길지 않은게 단점이라면 단점	특별한 것 없음
2014/5/12	에스원(주)	100	65658	13662	2.0	2.0	2.0	3.0	3.0	0	1	전문직	현직원		 0 	False	"사회경험을 하기에 나쁘지 않은곳"	회사 내 분위기가 밝은편이며 개인적인 시간 확보가 쉽습니다.	급여가 작고 사람을 상대하는 서비스 기업이기에 스트레스가 많습니다.	근무 여건 개선 및 급여 인상
2014/5/7	이트너스(주)	100	13535	12464	1.0	2.0	3.0	2.0	2.0	0	1	서비스/고객지원	현직원	기타	 5 	False	"웬만하면 안오는게.."	본사 아닌 사업장의 경우 교통비와 중식 무료.	직원 규모에 비해 매출액 규모 너무 작음연봉 낮음직군별로 다르지만 업무강도 센편본사 아닌경우 고객사 내에 상주하며 일해야하므로 고객사 직원들과 직속 상관 사이에서 동네북 되기 십상회사 자체의 제대로된 사업이 없음. 고객사 의존도가 매우 심한 편지사마다 판이하게 다른 문화. 어떤 곳은 연차 자유로이, 복장규제도 심하지 않지만 어떤 지사는 군대식 문화로 복장은 물론 연차도 제대로 못 쓰는 경우가 허다함야근비 없음. 연봉에 포함되어있음... 심하게 저렴한 기본급.	제대로된 신사업 구상 바람.. 직원을 더 소중하게 여기고 겉으로만 보이는 이미지보다 내부 불만을 잠재우는 데 노력한다면 지금처럼 퇴사율이 높지 않을 것임
2014/5/30	효성아이티엑스(주)	100	285	17805	3.0	4.0	3.0	3.0	3.0	0	2	IT/인터넷	현직원		 0 	False	"비교적 연봉만 보기에는 괜찮음"	다른 회사보다 높아보이는 연봉등 인맥을 쌓기에는 괜찮음	근무시간에 대해서 집에있는것보다 회사있는것이 많다고 느껴짐	개인에게 업무를 배분하는것을 역량에 맞게 해야함
2014/5/9	효성아이티엑스(주)	100	285	13083	2.0	2.0	3.0	3.0	2.0	0	1	영업/제휴	전직원		 0 	False	"빠른 취업을 희망한다면 추천합니다."	이직 및 퇴사가 잦기 때문에 취업하기가 쉽다. 업무에 적응되면 편하게 일을 할 수 있다.	대신에 연봉이 짜다. 잦은 야근 및 비정기적인 교육, 인사적체	전문적인 지식을 가진 사람은 빠른 진급을 할 수 있도록
2014/5/17	한국전기안전공사	100	89009	15038	4.0	1.0	4.0	2.0	1.0	0	1	경영/기획/컨설팅	현직원	서울	 6 	False	"전북혁신도시 근처가 고향이라면 지원하세요"	부서별로 습관적으로  야근하는 부서도 있지만 대체로 야근을 매일 하지는 않는다 (할 땐 한다....) 사기업보다 업무 강도가 약하다 사람들이 말을 막하긴 하는데 완전 이상한 사람은 거의 없다만5년을 근무하면 차장 승진 시험 응시 가능 (차장 되면 급여가 그나마 먹고 살만한 정도로 오른다) 정부 정책에 따라 여성에게 기회를 주려고 노력	1. 전북혁신도시로 이전 2. 이전에 대한 실질적인 지원이 부족3. 월급이 무척 적음 인턴과 정규직 월급의 다름이 무엇인가4. 회식이 많은 부서도 있음5. 고졸과 대졸이 같은 임금을 받음 이해할 수 없음6. 비합리적인 인사제도7. 서울 및 경기도 발령은 연차가 한참 쌓여야 갈 수 있을 것	대졸과 고졸 임금 차이를 좀 둬줬으면 좋겠다
2014/5/29	대명레저산업(주)	100	82315	17559	3.0	3.0	1.0	5.0	3.0	0	1	서비스/고객지원	현직원		 0 	False	"괜찮다. 서비스업은 급여가 너무 낮은 반면에 업무습득은 쉬운편이다."	레저산업 기업중 1위를 하고 있다. 사업장이 많으며 복지도 괜찮은 편.	3교대 근무 .. 힘들다 17시간씩 일할때도 있다	임금 인상좀 해라 .. 솔직히 너무 한다 T/o 도 쫌 ................
2014/5/24	대명레저산업(주)	100	82315	16377	3.0	3.0	4.0	4.0	3.0	1	1	서비스/고객지원	현직원		 1 	False	"서비스업에서 큰 연봉을 바라지는 말것, 그래도 안정적인 회사"	일반적인 관광업보다는 기업으로 체계화되있기때문에 승진이나 복지는 안정적임	서비스업이 다그렇듯이 급여 수준이 그리 높지는 않음	그래도 국내 레저1위 기업인데 급여를 조금만 더 올려줬으면..t/o 보충도 자주 좀 해줬으면..
2014/5/23	대명레저산업(주)	100	82315	16295	3.0	3.0	1.0	1.0	1.0	0	1	서비스/고객지원	전직원		 3 	False	"네임벨류는 좋으나 근무 사기의욕저하"	동종업계 TOP으로 꼽히는, 그래서 주변 지인들이 먼저 알아준다는 자부심.좋은 복리후생 - 1.기숙사(아르바이트생이나 실습생 또는 인턴이나 직원 혹은 각 파트별로 기숙사시설이 차이가 있을 수 있으나 대체적으로 기숙사시설이 좋음. 심지어 2013년쯤부터 하자객실이라던지, 오래됐지만 실제 객실 등을 직원은 기숙사로 사용하고 있음.) 2.객실사용(각 지역에 있는 대명 리조트 혹은 호텔을 원할 때에 객실을 잡을 수 있음. 물론 무료. 3.워터파크이용. 물론 무료. 4.대명 내에 계열사인 마트에서 직원할인 가능. 5.셔틀버스 노선이 잘 되어있어서 다른 지역에 거주하여 기숙사를 이용하는 근무자나 인근 강원지역 근무자도 휴무 날 또는 출퇴근을 무료 또는 비교적 저렴하게 이용가능. 6.2014 이번년도부터 바뀐 체제로 전보다는 빠른 진급.	보수적인 기업문화. 꽉 막힌 사고방식. 본사와 사업장 직원 간 근무강도 및 사내문화 등의 괴리가 큼. 연장근무의 당연시화. (이 부분은 F&B쪽이 대체로 그렇게 흘러감. 홀이나 주방이나. 그 만큼 힘이 들고 생각보다 효율적으로 업무가 이뤄지지 않아 항상 부족한 인력때문인 것 같으나 이 파트의 윗 경영진들은 나는 이렇게 하기를 원하니 내가 원하는 만큼의 결과를 내기를. 그렇지 못하면 눈엣가시 업장. 하여 그만큼의 인력을 주지않아 그 만큼의 악순환.) 졸업이나 학점을 위해 시즌때마다 들어오는 아르바이트생 혹은 실습이나 인턴들, 하여 대체적으로 낮은(높지않은)나이대의 근무자들이 많고 그만큼 보다 쉽게 입사가 이루어지고 대체적으로 첫사회생활경험들인만큼 퇴사자도 그만큼 많음. 대명라이프웨이 혹은 분양 등 때가 되면 모든 직원들에게 압박을 줌. 눈가리고 아웅 식의 일반 사원급 위쪽은 대체로 본인보다 더 윗선임이 찾지 않은 한 농땡이. (어느파트건 그랬음.) 정리하자면 대명은 고객으로서 간다면 만족. 근무자로서는 복지제도는 좋으나 그만큼 사용할 수 있는 날이 많지 않고 대로 이어지는 윗분들의 근무태도는 변함없음. 사무쪽이냐 현장쪽이냐의 괴리가 큼.	빛좋은 개살구처럼 고객만족이라 칭하는 겉으로 보이는 고객만족도 중요하지만 실질적으로 서비스 기업인 만큼 내부고객인 직원들을 위한, 복지도 복지지만 실질적인 대책들이 나와 이루어져야겠음. 수수방관식의 될대로 되라, 싫으면 나가던지 식의 위에서 내려다보는 분위기보다 밑에서부터 위를 우러볼 수 있는 분위기를 만들어야겠음.
2014/5/19	대명레저산업(주)	100	82315	15385	3.0	4.0	2.0	2.0	3.0	0	1	경영/기획/컨설팅	전직원		 3 	False	"국내 최고 리조트업 경험 가능하나 보수적인 기업문화로 근로의욕 저하"	동종업계 중 탑3에 드는 자부심전국 곳곳에 자리잡은 리조트 시설을 직원 및 직원가족에 한해 무료숙박 및 할인 혜택이 있음( 굉장히 큰 복지혜택이라고 생각함)연봉수준도 나쁘지 않음	굉장히 보수적인 기업문화.  듣기론 점점 나아지고 있다고는 하나 아직 갈길이 멈.서울 본사 직원외 사업장 근무 직원들은 주말근무 가능성 큼 (대신 대체휴무 지급)본사와 사업장 직원 간 근무강도 및 사내문화 등의 괴리가 매우 큼	리조트업계인만큼 좀더 자유롭고 창의적인 발상이 가능한 사내문화 조성이 필요함
2014/5/12	대명레저산업(주)	100	82315	13582	3.0	2.0	4.0	3.0	2.0	1	2	영업/제휴	현직원		 0 	False	"리조트 업계에서는 선두이고 지속적인 투자를 하고 있어서 영업에 필요한 상품은 지속적으로 나올 수 있음."	영업직 특성상 자유로운 시간관리가 가능하다. 또한 자신의 일은 자신이 만들어 가는 진취적인 성향의 사람과 판매에 자신 있는 사람에게는 고수익의 연봉을 기대할 수 있다	영업지원비 이외에는 오직 자신의 영업인센티브만으로 연봉이 책정되기 때문에 불안정한 생활을 할 수 있다.	판매사원에게 안정적인 지원을 통해 이직 또는 탈락을 줄일 수 있는 방법을 고려하여 주시길 바랍니다.
2014/5/28	피알원(주)	100	87461	17411	3.0	4.0	2.0	4.0	2.0	1	1	기타	현직원		 0 	False	"홍보의 다양한 부분을 배울 수 있습니다. 업계에서는 월급이 높은 편입니다."	다양한 클라이언트친해지면 정말 재미있는 동료들나쁘지 않은 복지와 급여수준	복불복 클라이언트와 팀팀별 운영정책 및 스타일 너무 다름	체계적인 회사 경영시스템 구축모두가 공감할만한 인센티브 제도 필요
2014/5/26	피알원(주)	100	87461	16662	3.0	3.0	2.0	4.0	4.0	0	1	기타	전직원		 0 	False	"어떤 본부와 어떤 팀을 만나느냐에 따라 업무강도 및 인센티브가 천차만별."	사내문화는 이것저것 아기자기하게 많음사내 교육 및 동아리활동 등도 다양함점심저녁식비. 야근비 등 지원	대행사다 보니 일이 꽤 많음사람들이 자주 바뀌고 그러다보니 서로간에 정이 없음너무 바쁘다보니 직원간에 장난치며 즐겁게 일하는 업무분위기가 아님	-
2014/5/21	피알원(주)	100	87461	15843	3.0	3.0	2.0	3.0	4.0	0	1	미디어/홍보	전직원		 0 	False	"국내 피알회사의 현실을 마주할 수 있다."	업무 현장에 대해 완벽히 이해할 수 있다. 팀별로 자유도가 높다.	업무상 불필요한 헌신을 해야할 때도 있다.	커미션 제도의 대행사를 넘어 커뮤니케이션 컨설팅으로 나아가야할 듯.
2014/5/20	피알원(주)	100	87461	15595	3.0	3.0	2.0	2.0	4.0	1	2	미디어/홍보	현직원		 0 	False	"PR 분야에 있어 많은 경험을 안겨주는 회사"	PR 업계 리딩 컴퍼니로 20년 역사 답게 미디어 인적 네트워크 및 경력 등이 상당하다.	팀별로 업무 범위가 제한되어 있다. 어느팀은 온라인만, 어느팀은 퍼블리시티만, 어느팀은 공공기관업무만... 팀장 및 팀원 구성에 따라 업무환경과 분위기가 다르고 성과급으로 인한 경쟁, 팀마다 따로 노는 듯한 기업문화	조직화된 구조전통적 PR에서 확장된 다양한 미디어 툴 활용 기회과도한 업무량 개선
2014/5/19	피알원(주)	100	87461	15231	3.0	3.0	1.0	1.0	1.0	0	1	서비스/고객지원	전직원		 0 	False	"회사를 선택할 때 우선시 하는 것이 무엇인지 한번 고민해보시길.."	성과급제도가 있다. 식사비를 지원해준다.	큰 덩치에 비해 시스템이 전무함. 팀간 경쟁이 심해 서로 정보를 공유하지 않음. 매출을 올리기 위해 일부 부정을 저지르기도..	사내 감시가 필요할 것으로 보입니다. 큰 조직의 장점을 살려 시스템을 보다 확충하시길..
2014/5/31	(주)대학내일	100	86769	17979	3.0	3.0	2.0	3.0	3.0	1	1	경영/기획/컨설팅	전직원		 0 	False	"젋은 층이 다수 포진되어 있으며 다양한 사업을 시행하여 여러 업무 경험이 생기지만 무분별한 사무노동이기도 하다."	밝은 분위기 속에서 일을 할 수 있으며 다양한 사람을 접할 기회가 많다. 밝은 분위기 속에서 일을 할 수 있으며 다양한 사람을 접할 기회가 많다.	업무진행시 자신의 업무에 통일성이 낮다.업무진행시 자신의 업무에 통일성이 낮다.	주먹구구식 인사와 근무시간에 대한 철저한 보상이 필요하다.주먹구구식 인사와 근무시간에 대한 철저한 보상이 필요하다.
2014/5/27	(주)대학내일	100	86769	17265	2.0	2.0	1.0	4.0	2.0	0	1	영업/제휴	전직원		 1 	False	"젊고, 대학생을 위한 잡지사를 표방하지만닳고 닳은 대행사"	생각보다 높은 연봉조직원의 젊은층 다수 포진	주먹구구식 인사행정인력을 쥐어짜는 운영	말과 행동의 일치
2014/5/13	(주)대학내일	100	86769	13909	4.0	4.0	3.0	5.0	4.0	1	2	영업/제휴	전직원		 0 	False	"말 그대로 젊은 회사"	1, 젊은 사람들이 성장할 수 있도록 돕는 회사.2. 소소한 기업문화가 회사 생활에 도움3. 요즘들어 대기업과 협업하는 일이 많아 점점 규모가 성장	1. 업무 시간이 불규칙하다. 특히 마케팅 쪽은 많~이	없다.
2014/5/11	(주)대학내일	100	86769	13519	4.0	4.0	3.0	4.0	3.0	1	2	영업/제휴	현직원		 0 	False	"다양한 시장에 대한 이해를 가질 수 있다. 에이전시 업에서 내용이 풍부해지고 있다."	괜찮은 기업문화, 연봉과 복지도 좋은 편이다. 젊은 직원들이 많다.	아직 성장중으로 안정감이 없다. 대행사 업무위주라 스트레스가 많은 편	경영진의 전문성이 부족함. 온라인/모바일 비즈니스에 대한 이해가 떨어진다.
2014/5/11	(주)대학내일	100	86769	13436	4.0	5.0	1.0	5.0	3.0	0	2	IT/인터넷	현직원		 0 	False	"복지 / 급여 등 좋은 회사이지만 업무 강도가 셉니다."	급여 수준이 보통 마케팅 회사보다 높습니다. 사내 문화 및 복지가 잘 되어있는 편입니다.	업무 강도가 세며, 맡은 프로젝트에 따라 업무와 삶의 균형이 아예 무너져 버리는 경우도 많습니다.	
2014/5/11	(주)대학내일	100	86769	13428	3.0	4.0	2.0	3.0	4.0	1	1	기타	전직원		 0 	False	"20대들과 함께 하고 싶은 마음이 있다면 지원하셔도 좋습니다."	수평적인 조직 분위기, 소통하고자 하는 분위기 높다. 연봉도 좋은 편	마케팅 에이전시라는 업의 특성상, 스트레스가 조금 있고 업무강도도 만만치 않다.	커뮤니케이션하고자 하는 의지가 높음
2014/5/6	(주)대학내일	100	86769	12042	4.0	3.0	3.0	3.0	4.0	0	1	교육	전직원	서울	 0 	False	"대기업 클라이언트를 상대로 일을 하며 그들과 커뮤니케이션 하는 경험과 그들이 추구하는 방향성도 읽어볼 수 있다.급여수준도 높다."	대학생들을 타깃으로 하는 기업이기에 젊은 기업에 분위기도 좋다. 전 사원이 젊은 편이라 직원들간 밝은 분위기	클라이언트에 따라, 팀의 팀장에 따라 판이하게 다르다. 대행업이라 보니 을의 위치에서 힘든 부분도 있다. 상대하는 업무 파트너에 따라 일의 강도가 다르고 스트레스가 높은편	실질적인 솔루션을 제공하는 회사가 되기 위해서는 조금 더 회사의 위상을 높일 필요가 있지 않을까 합니다.
2014/5/1	(주)대학내일	100	86769	10500	4.0	4.0	3.0	5.0	4.0	1	2	미디어/홍보	현직원		 0 	False	"일은 재밌습니다. 지루하지 않습니다. 살아 있음을 느낄 수 있습니다. 근데 힘든 건 각오하셔야 합니다"	일단 기업이 젊다보니 꼰대가 되지 않는 느낌. 그리고 20대들의 관심사에 맞는 일을 하다 보니 살아있고 생생한 경험들을 많이 할 수 있다.	높은 업무 강도, 역세권이 아니라는 접근성의 불리함?	사랑합니다
2014/5/12	현대그린푸드(주)	100	47646	13573	3.0	4.0	4.0	4.0	4.0	1	1	IT/인터넷	현직원		 0 	False	"온/오프라인 쇼핑서비스 IT 운영경험을 쌓을 수 있다."	안정적인 근무환경. 온/오프라인 쇼핑 IT 운영환경 경험.IT직군의 승진기회 한계.	대부분의 SM 직군이 그렇겠지만 기술적인 부분에 있어서는 자기발전의 한계가 있습니다.	자기발전 권장하는 사내문화 필요.
2014/5/5	현대그린푸드(주)	100	47646	11866	3.0	3.0	4.0	4.0	3.0	1	1	IT/인터넷	현직원	서울	 0 	False	"IT쪽에서 일하고 있습니다. 최고의 대우는 아니지만 나쁘지 않은 연봉과 근문환경에서 일하고 있습니다."	안정적인 SM 기반의 업무를 할 수 있다는 점입니다.(IT기준)	대부분의 기업이 가지는 단점을 조금씩 가지고 있다고 생각하면 될 것 같습니다.	ㅁㄴㅇ
2014/5/12	(주)그린웹서비스	100	86851	13574	2.0	1.0	3.0	3.0	3.0	0	None	서비스/고객지원	전직원		 0 	False	"월급이 낮은편"	대기업계열사라 복지가 괜찮은편(휴가, 월차 등등) 복장이 자유로움	연봉이 최저임금수준.  단순반복이라 자기개발안하고 계약직2년 다채우면 나중에  후회할듯	일부 부서(3교대나 주말에 나오는 부서) 에 대해서 좀더 신경써줬음좋겠음
2014/5/11	(주)그린웹서비스	100	86851	13349	2.0	1.0	3.0	2.0	2.0	0	1	기타	현직원		 2 	False	"절대, 네이버 계열사라는 생각은 하지 말고 그런 생각 모두 버리고 지원하세요 :)아무 상관 없는 단순 반복 업무 지원 계열사입니다."	출근 시간과 퇴근 시간이 확실함.주말 근무나 야근이 없는건 아니지만 다닐만한 수준.근로법을 잘 지킴.	실력있는 사람들은 인정받아서 이직하고 아닌 사람들이 남아 진급하여 실력있는 상급자를 찾기 힘들고 실무에 있어 정확한 판단을 할 수 있는 직책자가 적음.각자 자기 자리를 지키려고만 하는 경향이 너무 강함.반복적인 업무로 인해 지치는 사람들이 많음.인센티브가 있긴 하지만 있다는 티가 안남.창립기념일의 부재.의자가 불편함.	직책자들의 순환 근무 시스템을 창설하여 유능한 사람들이 직책을 맡게 된다면 업무가 좀 쉬워질 것 같음.명확한 목표를 만들어 주거나 회사의 비젼을 제시해 주었으면 좋겠음.
2014/5/23	한국피자헛(유)	100	2927	16282	3.0	2.0	3.0	4.0	3.0	0	1	서비스/고객지원	전직원		 0 	False	"서비스업을하면서 소비자(고객)와 소통하는 법을 배우고 또래들과 일하는 경우가 많아 즐겁게 일할수 있다."	스케줄 조정가능, 근무 태도 우수시 혜택 부여.  내 삶을 일하는데에만 쓰지 않고 휴무날 오후출근등이 가능하여 삶의 질 향상. 가족같은 분위기	또래들과 일하면서 즐거운 부분도 있지만 사회생활이기에 직급이 나눠짐에도 불구하고 하극상이 일어나는 일이 빈번함.	소비자들에 기호에 맞춰 메뉴 변경을 하곤하는데 근무자들이 힘들거라는 생각을 안하는 것처럼 느껴짐.
2014/5/4	한국피자헛(유)	100	2927	11597	3.0	3.0	2.0	4.0	3.0	0	1	기타	전직원	경기	 0 	False	"체계적이고 좋은 곳이라고 생각한다."	할인쿠폰, 복지 등 좋았다. 매장마다 점장이나 사람들이 다르기 때문에 어떤 사람과 일하느냐에 따라서 더 좋을 수도 있을 것 같다	피자는 점심 저녁에 시켜먹으니까 좀 늦게 끝난다는 것이 단점이다.	없다
2014/5/10	삼성웰스토리(주)	100	88148	13160	3.0	2.0	4.0	1.0	2.0	0	None	경영/기획/컨설팅	현직원		 6 	False	"많지 않은 연봉에 많지 않은 업무량의 조건을 지닌 회사를 찾는다면 추천.. 단, 계열사에 의지하는 회사로 비전이 없고 기업 문화가 올드하므로 자유롭거나 진취적인 사람에겐 맞지 않음"	국내 1위의 급식 회사, 인지도는 떨어지지만 삼성이라는 네임 밸류와 복지, 매주 수요일마다 5시 퇴근 보장, 샌드위치 휴무 가능, 결혼 등 경조사에 지원금, 1년 15일 연차 보장, 본사의 경우 태평로에서 근무, 휴일 및 연장 근무 수당 지급, 60만원 문화비/년, 외부 인력(MBA, 경쟁사)의 유입 많음,	속도가 느리며 항상 탑다운 방식의 의사결정 구조, 뚜렷한 경영진이나 스탭의 성과 없이 현장만 쥐어짜고 고생하는 경영 구조, 경비 및 인건비 등 원가 줄이기를 통한 이익 창출에 돌입하여 직원 스트레스 심한 상황, 언제 삼성 계열에서 떨어져 나갈지 알 수 없는 상황, 주변 사람들이 모르는 삼성 계열사, 딱딱한 조직 문화, 연차가 올라가도 임금 상승폭이 크지 않음, 외부 인력 및 신규 입사자 입사 후 3년 내 이탈 많음	지나치게 수직적인 탑다운 방식의 의사결정 구조는 아랫 사람들로 하여금 눈치만 보게하고 완성도 높은 안을 도출하게 하는 것이 아니라 입맛에 맞춘 안을 내게 되어 있음, 따라서 인재들의 업무상 무기력증을 유발하여 창의적인 조직문화 형성을 저해함현재는 복종적이고 종속적인 성향의 종업원만 살아남을 가능성이 있는 조직임.
2014/5/31	에스피씨그룹	100	87570	17961	4.0	5.0	1.0	3.0	3.0	0	2	전문직	현직원		 14 	True	"부서가 잘 걸리길 기도하는 수밖에... 식품업계경력 채우는 것으로는 추천, 일과 삶의 균형을 원한다면 비추천."	동종업계 최고연봉복지가 동종업계 비교 잘 되어있는 편회사내 다양한 브랜드 직원할인유연한 문화. 전체적으로 소탈한 분위기 직원들가정이 있는 사람들에게 다니기좋은 회사	생각보다 체계가 미흡하고 관리자급이 부족위로 올라갈수록 언제 잘릴지 모르는 불안(부서마다 상이하나)정시퇴근은 하늘의 별따기개인업무량이 상당한 수준	중고위 관리자급을 충원하길정시퇴근 독려와 업무량 분배를 강제적으로실현할 수 있도록 설문을 한다면지금보다 퇴사율은 반 이상 감소할거라 생각
2014/5/20	에스피씨그룹	100	87570	15483	2.5	2.5	2.5	2.5	2.5	1	2	유통/무역	현직원		 1 	False	"외적인 성장중이나 내적으로 정체 상테"	신 사옥구내 식당 구비자사 상품 할인	영업의 경우 압박이 큼프랜차이즈 기업으로 부정 비리 다수 발생약간의 군대 문화KPI 및 기타 문제로 해고 발생 등	매장의 품질 개선
2014/5/7	에스피씨그룹	100	87570	12348	3.0	3.0	1.0	2.0	3.0	0	2	경영/기획/컨설팅	현직원		 1 	False	"완벽을 지향하는 회사. 실력있고 꼼꼼한 사람이라면 성장할 수 있고 비교적 정년도 긴 편. 그러나 적당히 회사생활 할 사람이라면 쳐다도 보지 말 것."	작은 빵집 하나에서 지금의 그룹을 이룬, 제과제빵에서의 전문성. 삼성 CJ등 유수의 대기업과 경쟁에서 이긴 전투력	오래된 공채출신들의 이너서클 존재. 실수를 용납하지 않는 문화. 경력직들이 연착륙하기 어려운 업무문화	더욱 큰 기업이 되기 위해서는 나무보다 숲을 봐야 합니다.
2014/5/15	(주)한국코퍼레이션	100	63215	14712	3.0	2.0	4.0	3.0	2.0	0	1	영업/제휴	전직원		 1 	False	"cs전문 기업으로 초년생은 할만하다"	팀내 분위기가 좋고 일이 어렵지는 않음	급여가 적고 승진 기회도 적다. 협력사에 의해 좌지우지되는 경향이 큼	사원의 입장에서 조그만더 생각해 주시길
2014/5/11	(주)한국코퍼레이션	100	63215	13490	3.0	2.0	4.0	4.0	4.0	1	1	영업/제휴	전직원		 0 	False	"근무하기엔 편합니다."	1. 근무가 비교적 편하다2. 인관관계가 비교적 수평적3. 상장기업 답게 경영 시스템은 어느정도 구축되 있는 듯..	1. 급여가 짜다2. 갑사가 아니다. 가끔 협력업체의 요구로 인한 혈압 주의..	인맥을 통해서 수직상승이 가능한 부분을 봤다. 투명하게 관리좀 해야 할 듯
2014/5/7	(주)한국코퍼레이션	100	63215	12294	4.0	3.0	3.0	3.0	3.0	1	None	IT/인터넷	전직원		 0 	False	"신입 보다는 경력으로 들어가기에는 괜찮은 편입니다."	높진 않지만 낮지도 않은 연봉. 초급때 배우기에는 좋은 편.	pm에 따라 다르긴 하지만 야근을 많이 하는편. 경력으로 들어올때 어느정도 연봉을 올릴순 있지만 연봉올라가는 퍼센테이지가 적은편	비효율적인 프로젝트 시스템
