date	cname	industry_id	cid	cmid	possibility	pay	balance	culture	management	recommend	expect	job_kind	current	area	helpful_count	is_best	subject	good	bad	hope
2014/12/29	스타벅스커피코리아(주)	100	70749	69873	4.0	4.0	3.0	4.0	4.0	1	2	서비스/고객지원	전직원	서울	 0 	False	"매장에서 일한다면 매장분위기에 따라 다르지만 보통 매장분위기가 좋아서 파트너에대한 스트레스는 별로 없음"	복지가 좋고 스케쥴을 유연성 있게 조정할 수 있어서좋음	이제는 알바개념이 아닌 오로지 주5일 파트너개념으로 일해야한다는게 아쉬움 그리고 점장도 시급으로 받는것이  아쉬움	엠디를 너무 많이 출시하는것이 조금 아쉬움
2014/12/25	스타벅스커피코리아(주)	100	70749	68887	4.0	3.0	2.0	4.0	3.0	1	2	서비스/고객지원	전직원	인천	 6 	True	"커피업계에서 일하고 싶다면 한번쯤 경험해봐야 할 회사"	체계적인 업무 프로세스가 잡혀있어 일이 본인과 잘 맞으면 쉽고 재미있게 배울 수 있습니다.일하는 날은 하루 2번 음료 마실 수 있고, 푸드와 MD 구매시 할인 혜택이 쏠쏠합니다.승진 가능성도 열려있는 편이고 안정적으로 일할 수 있다는 것도 장점입니다. 특히 근무 시간 조절 면에서 워킹맘에게 좋은 직장환경이라고 생각됩니다.법적으로 받을 수 있는 모든 수당을 철저히 챙겨준다는 점.. 주휴수당이나 추가근무 수당 등 철저하게 계산해주기 때문에 급여 지급에 대한 불만은 제로입니다.스타벅스란 브랜드 자체를 좋아한다면 일하는 자체가 행복하고 즐거울 것입니다.	여초 조직의 특성 상 처음에 잘 적응하지 못하면 텃새가 심한 편입니다. 은근히 숙지할 내용이 많고, 일이 노가다 수준이지요..업무 시간 외에도 각종 교육 프로그램이 거의 세뇌 수준이라 부담.주5일 내에서 너무 유동적인 스케줄 때문에 규칙적인 생활이 불가능해요.자신의 매장을 운영하고, 바리스타로 성장하고 싶은 분이라면 장기근무는 절대 비추합니다. 커피와 관련해 배울 수 있는 건 거의 없기 때문입니다. 이곳은 이름은 바리스타지만 스타벅스란 브랜드를 유지하고 관리하는 역할이지 '바리스타'는 아니라고 생각해요.근무시간에 비해 급여는 매우 짠 편.	스타벅스라는 브랜드 이미지를 공고히 가져가는 건 좋지만 너무 과한 서비스 마인드 강요는 오히려 역효과가 날 수도 있는 듯 합니다.. 가끔은 자유도 필요한 것 같네요.
2014/12/20	스타벅스커피코리아(주)	100	70749	67575	4.0	2.0	4.0	4.0	3.0	1	2	서비스/고객지원	전직원	경기	 0 	False	"사람과 커피로부터 행복을 얻을 수 있는 기회. 동업종에 관심이 있다면 꼭 한 번 경험해보세요."	서비스업의 특성상 다양한 사람들과 관계를 맺을 수 있다. 사람으로부터 얻는 기쁨이 크다. 개인적으로 함께 일하는 파트너들과 관계도 좋았던지라 퇴사하고나서도 돌아가고 싶다는 생각을 많이 했다. 실제로 퇴사자 중 재입사자가 많다. 슈퍼바이저까지는 시간제근무자라 개인 시간을 갖기도 편한다. 정직원부터는 신세계 직원이 되므로 여러 복지도 누릴 수 있다.	사람으로부터 오는 스트레스. 파트너들이 돌아가면서 우울증에 걸린다. 이건 서비스업 종사자의 어쩔 수 없는 숙명 같다. 슈퍼바이저까지는 시간제근무자이므로 급여가 낮다. 정직원이 되도 급여가 많지는 않으나 동종업종에서는 높은 편이다. 주변에 새로운 매장이 오픈되는 경우가 많은데 그래도 목표 매출은 줄지 않아 부담이 있다.	번창하세요.
2014/12/18	스타벅스커피코리아(주)	100	70749	67058	3.0	3.0	3.0	3.0	2.0	0	1	서비스/고객지원	전직원	서울	 0 	False	"매출압박에 감정노동을 견딜 자신이 있다면 추천."	신세계쪽이라 복지는 나름 괜찮은 듯하고 상하관계가 경직적이지 않음	매출압박에 갖은 스트레스는 기본.진상고객과의 감정소모가 엄청남	매출압박과 매장 줄이고 늘리는 문제에 왜 말단 직원들이 죽어나야 하는지 모르겠습니다.기업의 그런 방침때문에 점장님은 엄청 스트레스 받으시고 그거 고스란히 받는건 저희 말단직원인데 말이죠
2014/12/17	스타벅스커피코리아(주)	100	70749	66651	4.0	3.0	4.0	5.0	4.0	1	1	서비스/고객지원	전직원	서울	 0 	False	"돈을 따지지않고 커피를 사랑하는 사람만 지원하길"	커피를 마음대로 만들어보고 먹을 수 있음. 여자들이 평생직장 하기에는 안성맞춤. 여성 복지가 좋음	급여가 짜다. 남자가 평생 직장으로 하기는 힘들듯	글로벌 기업답게 급여도 글로벌이길
2014/12/11	스타벅스커피코리아(주)	100	70749	64812	4.0	2.0	4.0	4.0	4.0	1	2	서비스/고객지원	현직원	서울	 0 	False	"좋은 회사입니다 그런데 봉급이 좀 짜요"	복지 혜택이 상당히 좋고 일하다보면 승진 가능성이 많이 있습니다.	봉급이 많이 짭니다 그리고 설겆이도 많이 해서 손도 많이 부르트구요 그리고 알바생이랑 하는 일이 크게 차이가 안납니다.	매장관리직 직원들은 연봉을 좀 더 올려주세요
2014/12/6	스타벅스커피코리아(주)	100	70749	63075	3.0	3.0	4.0	4.0	3.0	1	2	서비스/고객지원	전직원	서울	 1 	False	"B2C에 강한 매력을 느낀다면 도전 해볼만하다!"	대기업 복지헤택, 특히 신세계 계열로 출산휴가등 여성들이 받을 수 있는 복지혜택이 잘 되어있음.지방 근무 지원시 주택자금 지원 등 장려 혜택이 있고,학벌 보다는 능력을 인정받으면 점장까지는 승진이 비교적 쉬움.(단, 본사 근무는 대졸 공채에서 부점장을 채용해 지원, 또는 착출 하는 경우가 대부분인것으로 알고 있음)	낮은 연봉. 연수가 10년이상 되지 않는 이상 높은 연봉을 기대하기는 힘듬.바리스타 주 5일 하루 5시간 이상 근무 평균급여 - 80만원선 부터 시작해서 6개월 뒤 슈퍼바이져 지원가능 ~ 일정기간후 지원, 면접등의 전형을 거쳐 부점장, 점장, 지역매니저의 순을 거치는데일반 회사원 연봉에 미치지 못하지만 연봉이라고 할수있는 액수를 벌기위해서는 적어도 2년동안 바리스타부터의 과정을 거쳐야함. 업계가 좁아서 뒷소문이 빠름. 한번 잘못했다가는 사내에서 살아남기 힘듬.	지나치게 고객 위주의 업무를 한다는 생각이 듬.명확한 가이드 라인이 있음에도 불구하고, 가이드라인을 지켰으나 고객컴플레인이 들어왔을 경우재량껏 잘 대처하라는 식의 나몰라라 식의 경영을 함.현재 직원들 감시가 너무 심하다는 얘기를 들었음.근무 내용을 CCTV로 돌려보고 징계를 준다거나, 고객설문을 이용해 매장을 평가하는 방식이 평가 방법이 정확하지 않다고 봄. 정말 분위기 좋고 손님들에게 업무를 잘 하는 매장도 불특정 인원에 인한 설문으로 인해 매장이 평가 절하되는 경우를 많이 봤음.
2014/12/2	스타벅스커피코리아(주)	100	70749	61722	2.0	3.0	1.0	2.0	2.0	0	1	서비스/고객지원	현직원	서울	 0 	False	"여가시간을 모두 포기하고 회사에만 집중한다면 만족도가 높을 수도 있겠다."	커피 제조에 특별한 기술이 필요하지 않아 진입 장벽이 낮음.	업무과다. 업무 외 시간에 각종 테스트 및 강의 수강 강요. 스케쥴이 지나치게 유동적.	현장에서 일할 인력도 모자란데 지나치게 공격적인 출점으로 인력을 빼가서 기존 직원들을 고통스럽게 함 프로모션 과다로 내려오는 지침의 변경이 잦아 현장 근무자들과 고객의 혼란 유발.
2014/12/2	스타벅스커피코리아(주)	100	70749	61430	3.0	3.0	4.0	4.0	3.0	1	2	서비스/고객지원	전직원	경기	 0 	False	"커피(로스팅과 같은)를 전문적으로 배우고 싶다면 비추...커피보단 커피문화나 회사체계를 배울수는 있다"	외국계 기업으로 수평적 조직문화, 쉬는 시간이 보장되어 있다. 정직원이 되면 신세계 복지를 누릴 수 있다. 가맹이 없는 모든 직영점이라 안정성	남자가 하기에는 연봉이...일부 스벅충 여성 고객들을 떠받들어야하는 경우도 생김	연봉만 좀 높았더라면..
2014/12/30	한국맥도날드(유)	100	3616	70172	3.0	3.0	2.0	2.0	3.0	0	2	서비스/고객지원	현직원	서울	 0 	False	"알바가아닌 직장으로는 힘들수있다"	유동적인 근무가 가능하다 알바로는 참좋다	유동적이지만 매니저인경우 해당거의안됨. 상당한 체력요구	효율적인 업무배분이 필요
2014/12/29	한국맥도날드(유)	100	3616	69918	4.0	2.0	2.0	4.0	3.0	1	1	서비스/고객지원	현직원	전북	 0 	False	"업무외 사이드잡이 사람을 잡음..."	다양한사람과만날수있음승진의기회가 많음	남성을 너무굴림고객들을맞추기가힘듬뒤에서욕하는게많음	자기시간이 너무없습니다
2014/12/12	한국맥도날드(유)	100	3616	65152	3.0	3.0	3.0	3.0	3.0	0	2	생산/제조	전직원	서울	 0 	False	"편한 일자리"	유연한 근무시간. 스케쥴 관리가 매우 편하다. 하루전날 미리 말해주면 스케쥴 조정이 가능함.	아무래도 유니폼을 입고 일해야 하기 때문에 좀 그런 면이 있음	화이팅
2014/12/11	한국맥도날드(유)	100	3616	64476	3.0	3.0	2.0	3.0	3.0	1	2	서비스/고객지원	현직원	서울	 2 	True	"처음엔 힘들지만 노력하면 성장가능성은 많음"	여성들이 일하기 좋은 직장 육아휴직 출산휴직 모두.눈치안보고 쓸 수 있음 사람들을 좋아하는 사람은 재밌게 일할 수 있음 내 근무시간에는 자기 역량을 눈치안보고 발휘할 수 있음	스케줄 근무이기 때문에 생활리듬이 깨지기 쉬움 배울게 너무 많은 사람들에 따라 근무 분위기가 많이 좌우됨 좋은 상사를 만나야 진급도 빠름	체계적인 오더 시스템을 만들어주시길 바랍니다 또한 운이 아닌 시스템화된 진급 시스템도 필요하다고 생각합니다
2014/12/10	한국맥도날드(유)	100	3616	64442	2.0	2.0	2.0	2.0	2.0	0	1	생산/제조	전직원	경기	 0 	False	"다양한 버거를 만남신제품 우선시식"	글로벌 맥도날드 다양한 캐릭터 해피밀	햄버거만 먹으니 건강다망침 그래도 맛있는게 함정	은근히 힘듬 3d
2014/12/10	한국맥도날드(유)	100	3616	64396	3.0	2.0	1.0	1.0	3.0	0	2	서비스/고객지원	전직원	서울	 0 	False	"본인이 열정있게 재밌게 일한다면 추천.개인생활은 거이 없으나 단 휴가는 눈치보지 않고 사용가능"	본인이 재밌게 열정적으로 일한다면 기회가 많은회사	개인생활이 없고 매장직인경우 3교대가 기본임	체계접인 공통교육
2014/12/9	한국맥도날드(유)	100	3616	63788	5.0	5.0	2.0	3.0	3.0	1	2	영업/제휴	현직원	서울	 1 	True	"활동적이고 사람좋아하는 사람이 하기에 적당함. 너무 많은 사람과 일하기 때문에 사람관리가 힘듬. 서비스 직이라 서비스만 너무 원하는 한국 사람들에게 맞춰야 해서 서비스 정신이 좀 투철 해야함."	매장관리직은 스케줄이 어느정도 보장되고 휴가나 휴직 임신출산 휴가들 여자가 일하기 편이한 복리후생이 많음. 한곳에서만 일하는건 아니기 때문에 이 매장에서 어울리지 못하면 옮기면 됨.	매장간 소통이 많아서 소문 한번 잘못나면 이상한 사람으로 찍힘. 너무 많은 사람이랑 근무 하기때문에 크루들 관리가 잘 안됨. 교대근무 이기때문에 생활리듬이 전혀 안맞음.	실무를 좀더 생각 했으면 함
2014/12/8	한국맥도날드(유)	100	3616	63428	3.0	3.0	3.0	3.0	3.0	1	1	경영/기획/컨설팅	현직원	서울	 1 	False	"신입보다는 경력직으로 지원하는 것이 더 좋을 것 같습니다."	-경력직이 다니기에 좋은 회사같습니다. 또, 사내 분위기도 대체적으로 부드러운 편입니다.	-다른 국내기업보다는 사내 분위기가 조금 더 유연하긴 합니다만, 외국계라도 한국사람들이 대부분이기 때문에 그 틀에서 벗어나지는 못 합니다. -내부적으로 직원 교육에 대한 시스템이 미비하기 때문에 자기계발은 알아서 해야 합니다.	내부 직원에대한 교육 시스템이 필요합니다.
2014/12/6	한국맥도날드(유)	100	3616	63074	4.0	1.0	1.0	3.0	2.0	0	1	서비스/고객지원	현직원	경기	 0 	False	"밑바닥부터 올라가야함 이걸 견딜수 있으면 미래를 기대할 수 있는 기업"	공평한 승진기회와 외국계 기업이라는 자부심	업무시간의 무확실성과 노동대비 임금이 짬	조금더 혁신이 필요하고 대졸자에 대한 대우가 나아져야 한다고 생각
2014/12/5	한국맥도날드(유)	100	3616	62655	3.0	3.0	2.0	3.0	3.0	0	1	서비스/고객지원	현직원	경기	 0 	False	"주5일제이나 주말포함이기때문에 힘들수있다"	화기애애한 분위기확실한 커뮤니케이션	일의 양이 많게 느껴질수도있다몸이 힘들다	사람을 많이 뽑았으면 좋겠다
2014/12/4	한국맥도날드(유)	100	3616	62352	3.0	3.0	2.0	4.0	3.0	0	2	서비스/고객지원	현직원	경남	 0 	False	"매장마다 분위기가 다름 승진기회 또한 다름업무에 치이는 경우가 많음"	매장분위기가 좋음체계적인관리임생각보다 승진 기회가 많음	쉬는날은많으나 다쉰다는보장은없음연장수당없음	휴가를 자유자제로쓰고싶음
2014/12/25	(주)하나투어	100	49174	68840	3.0	2.0	4.0	3.0	3.0	1	2	전문직	현직원	서울	 0 	False	"돈을 많이 벌고 싶다면 다른곳을 가는게 좋습니다."	출장의 기회가 있고 자기개발을 할 수 있는 시간이 있음 여성이 근무하기에 좋다.	월급이 다른 기업 같은학력에 비해서 적고 월급이 적고... 월급이 적습니다. ^^...	야근수당과 월급..
2014/12/15	(주)하나투어	100	49174	65771	3.0	2.0	2.0	3.0	3.0	0	2	서비스/고객지원	현직원	서울	 0 	False	"여행 기회가 있지만 잦지 않음.투어 기회 순서가 따로 있음."	이직하고 싶을때 같은 동종업끼리 폭이 넓음.	다른 업계에 비히여 야근 이 잦고 연봉이 낮음.	업무양에 비례하여 연봉상승 요함
2014/12/15	(주)하나투어	100	49174	65708	4.0	3.0	5.0	5.0	5.0	1	2	기타	현직원	서울	 1 	False	"좋은 사람들이 많습니다. 사내 분위기가 매우 좋습니다."	더할나위없는 사내문화, 굉장히 수평적인 분위기, 낮은 업무강도, 일과 삶의 균형, 넉넉한 자기계발 시간	약간 부족한듯 느껴지는 연봉만 뺀다면 완벽한 직장	열심히하겠습니다.
2014/12/14	(주)하나투어	100	49174	65481	4.0	2.0	4.0	5.0	4.0	1	2	경영/기획/컨설팅	전직원	서울	 0 	False	"발전가능성 높고 여행업에 몸담고 싶다면 하나투어만한곳은 없습니다."	여행을 좋아한다면 하나투어에서의 일은 천직입니다.	여행업 특성상 연봉이 많지 않습니다.	수익성을 많이 높여 연봉이 높아졌으면 합니다.
2014/12/13	(주)하나투어	100	49174	65246	3.0	2.0	3.0	3.0	3.0	0	2	영업/제휴	현직원	경기	 1 	False	"여행을 좋아하는거와 고객을 여핼보내는거랑은 다르다"	다양한 사업에 투자, 7~8만원 선 주식을 유지하는 안정적으로 보이는 미래	불공평한 인사평가 및 업무배분의 비효율적 적은임금	투명한 인사평가, 과도한 정치싸움은 자제 부탁또한 다양한 분야에 대한 투자만큼 직원 연봉&복지 투자도 부탁드림
2014/12/5	(주)하나투어	100	49174	62710	3.0	2.0	4.0	4.0	3.0	1	1	영업/제휴	현직원	서울	 0 	False	"여행을 즐길 생각으로 입사한다면 다른 길을 생각하는게 좋을듯"	1위 기업의 자부심편안한 회사분위기비교적 수평적인 회사문화여자로서는 정말 좋은 직장	서비스업 구조상 높은 수준에 복지와 연봉은 기대하기 힘들다	새로운 수익구조 모색
2014/12/5	(주)하나투어	100	49174	62631	1.0	1.0	2.0	2.0	1.0	0	1	영업/제휴	전직원	서울	 2 	False	"남자들은 연봉 문제로 들어갈때부터 많은 고민을 하는곳. 입사후에도 생각이 바뀌질 않는 경우가 태반. 여행을 좋아한다면 오히려 다니지 말길. 서비스업이라 스트레스와 잡업무가 많음."	국내1위라는 인지도.비교적 이른 퇴근.가끔 해외 출장.	낮은연봉.비젼없는 업무.휴무에도 각종 여행사고 발생으로 인한 업무처리 연락들.	부서간 상생 도모.인원을 줄이고 개개인의 금전보상 존중.전문적 자문을 통한 신중한 투자 발전 유치.
2014/12/6	롯데지알에스(주) 롯데리아	100	78632	62954	4.0	4.0	3.0	2.0	4.0	1	2	영업/제휴	현직원	대전	 1 	False	"자신의역랴에따라 낙오자가될수도롯리인이될수도낙오자가많음그만큼 만만하게볼직장이아님"	동종업계 최고수준급여체계적 메뉴얼 롯데리아에선 일상적인판촉들이 다른곳에선시도안해본판촉	군대식 상하관계과도한업무(이것은 개인차에따라)	메뉴얼에 너무박혀있음새로운방식으로 자유로움을줄필요가있음
2014/12/29	(주)세스코	100	71990	69866	3.0	2.0	3.0	3.0	4.0	1	2	서비스/고객지원	현직원	서울	 0 	False	"자기가 하는만큼  주는곳"	방역전문회사중에 1등 자부심이강함.  개인시간이많음주5일이라 2잡을 할수있다.	.  대기업치고 연봉이  박봉이다.   좀더 발전했으면 좋겠다	초봉을 조금더올려주면  지원많이할것같음.
2014/12/15	씨제이푸드빌(주)	100	23183	65663	2.0	2.0	4.0	3.0	3.0	1	2	전문직	전직원		 0 	False	"미래는있으니 스트레스를 참고 일할수있다면 한번쯤도전 하는것도 괜찮을듯."	cj라는이름으로 스펙쌓기는좋음.안전성있는직업.	매출에 민감함. 위에사람들 부터 밑에까지 매출스트레스가 내려옴. 그러니 하는일은 많아지고 월급은같음진급이 어려움. 인건비 줄이기에 급급함	업무배분
2014/12/2	씨제이푸드빌(주)	100	23183	61752	3.0	3.0	2.0	4.0	3.0	0	None	서비스/고객지원	전직원	서울	 0 	False	"조직 분위기는 좋다 젊은 층이라 위계구조가 심하진않지만 막 대하는 경우가 있을 수 있다"	cj푸드빌 35퍼 직원 할인 사내연애가 자유로움	야근이 많고 주말에 못쉰다 야근수당도 안준다 업무가 많다	야근 수당을 줬으면 좋겠다 연차를 눈치없이 낼 수 있었으면 좋겠다
2014/12/1	씨제이푸드빌(주)	100	23183	61180	3.0	3.0	3.0	4.0	3.0	1	2	교육	전직원	서울	 0 	False	"오픈된 기업 문화로 자신의 역량을 발휘할 수 있음."	업무에 대한 기회가 많고 관리직의 경우 상하관계가 크지 않아 대체적으로 수평적인 문화.	기술 R&D직급의 경우 상하관계가 뚜렷하여 업무에 대한 커뮤니케이션 상의 어려움이 발생하는 경우가 있음.	직원들의 업무에 대한 성장 기회가 더 많았으면 좋겠음.
2014/12/16	유베이스(주)	100	87279	66355	3.0	1.0	5.0	3.0	2.0	0	1	서비스/고객지원	현직원	인천	 0 	False	"가능성은 열려있으나 지갑은 안열림. 많은 고객사, 많은 직원, 다양성."	승진가능성 높음. 업종 1위. 다양한 어카운트. 다양한 사람들. 공정한 승진 평가. 인터내셔널 기업이 되려고하고있음	고객사에 휘둘림 월급이 짜다. 관리자에 대한 메리트가 부족함. 사람을 위한다고하면서 부속품 정도로 생각하는 임원들이 있음.	관리자 급여에 대해 재평가가 필요함. 어떻게 상담사보다 낮음?
2014/12/30	아워홈(주)	100	68269	70070	4.0	3.0	4.0	4.0	2.0	1	2	영업/제휴	현직원	서울	 1 	False	"안정적이고,  어마어마하게 성장하고있는 회사현재 급여는 대기업 평균이나,  미래가 기대됨"	기업문화가 타 식품기업에 비해 월등히 좋음	경영진의 입김이 상당함살짝 부족한듯한 급여	임금인상
2014/12/25	아워홈(주)	100	68269	68798	3.0	2.0	3.0	3.0	1.0	0	1	경영/기획/컨설팅	전직원	서울	 0 	False	"개인적 차이가 있겠지만 공채신입으로 들어와서 많은것을 배울수있음. 연봉은 그냥 굶어 죽지않을만큼주고 야근강요는 없음. 복지는 잊으시고 그냥 다니는걸로."	뭐가 장점일까... 고민하게 하는데...강남역 나오자마자 사무실이 있다는 장점? 아. . 그다음에. . 끝나자마자 나오면 강남역인거.. 아. . 마지막으로 연봉이 높지는 않지만 못 줄 만큼 힘든회사는 아닌점.	이 회사만의 단점이 아니니. . .평가절하는 미리하지 마시길. . 그냥 엄청난 장점이 없는게 단점임.	썩은 사과를 잘 잘라내 준다면 어린 건강한 사과들이 멋진 열매로 성장하고 건강한 나무가 되겠더라구요.
2014/12/24	아워홈(주)	100	68269	68495	2.0	3.0	2.0	3.0	2.0	0	1	유통/무역	현직원	서울	 1 	False	"본인에게 주어진 권한은 생각보다 많지 않고 최종 결정은 결국 윗선에서 결정나는데로 진행 된다."	일하는 인력수가 많다보니 정말 다양한 사람들과 업무를 해볼 수 있다.	오너의 한마디에 그동안 진행해오던 모든것이 한번에 바뀔수가 있다. 그래도 아무도 토달지 못한다.늦게까지 남아서 야근하는게 당연하게 생각한다.	말로만 오너쉽 강조하지 말고 진짜 내일에 대해서 책임지고 해볼 수 있도록 해주세요. 책임만 묻지 마시구요
2014/12/16	아워홈(주)	100	68269	66362	3.0	3.0	4.0	3.0	3.0	1	2	경영/기획/컨설팅	전직원	경북	 1 	False	"복불복. 부서 배치마다 업무강도가 다름 천국일수도.... 지옥일수도. 일배우기는 좋음 시스템이 잘 구축되어있음. 타사이직시 우대. 식품업계로써는 강점이있음"	여자가 다니기 좋은회사. 육아휴직제도 잘되어있음.	다른직종에 비해 낮은 연봉. 식품회사에 비하면 괜찮은 연봉	회ㅅ사 브랜드 네임 인지도향상에 힘써주었으면 함
2014/12/14	아워홈(주)	100	68269	65531	3.0	2.0	2.0	3.0	1.0	0	1	경영/기획/컨설팅	전직원	서울	 0 	False	"나름 괜찮은 회사."	보수적이긴 하지만 사람들은 좋고 분위기도 활력있다.	비효율적인 시스템과 너무 많은 회의.	전무부터 신입사원이나 직원들 대하는 태도 바꾸세요. 직원들은 정말 열심히 일하는데..
2014/12/9	아워홈(주)	100	68269	63970	2.0	3.0	3.0	3.0	2.0	0	1	경영/기획/컨설팅	전직원	서울	 0 	False	"수직적 사내 문화 다양한 업무 경험하기 힘들며 발전하고자 하는 직원들 또한 길을 찾기 힘들다"	식품업계 관련 혜택 및 서비스를 누릴 수 있다	수직적 기업문화와 적은 발전 기회가 문제다	강성의 상급자가 답은 아니다
2014/12/8	아워홈(주)	100	68269	63355	5.0	5.0	5.0	5.0	5.0	1	2	전문직	현직원	경기	 0 	False	"안정적임다른회사보다 조금 자유로운편"	군대같은분위기없음야근없음화목한분위기 여자들이많아 휴직 아기낳고나오기좋음	보수적인면있음비교적 낮은연봉이아쉬움	손익만보지않고 현장의힘든점도 알아주었으면
2014/12/7	아워홈(주)	100	68269	63271	3.0	2.0	3.0	3.0	3.0	0	1	영업/제휴	현직원	서울	 1 	False	"연봉 안본다면 괜찮은 직장"	여자가 일하기 좋은 사내 문화복장도 노타이 만큼 부담 없음	연봉이 적음 식품 업계의 한계일수도...각종 규제로 성장동력 찾기가 어려움Cj만큼 해외 진출도 적극적이지 않음	칼퇴근...
2014/12/7	아워홈(주)	100	68269	63192	3.0	3.0	5.0	3.0	3.0	1	1	경영/기획/컨설팅	현직원	서울	 0 	False	"편하게 길게 다니기좋음 굵게 짧게는 하려고해도 안됨"	회사위치(강남 본사) 건물도 좋음,출퇴근 시간이 인간적임(팀마다다르지만 평균적으로),승진은 잘안되지만 잘 짤리지도 않음,급식회사라 밥은 잘챙겨줌	적은 임금, 개인주의형 업무(장점일수 있음),미래가능성이 불투명, 업무에 열정을 쏟지 않게됨	업무에 욕심을 가지고 더나아가게끔 동기부여를 해주길
2014/12/4	아워홈(주)	100	68269	62520	4.0	3.0	4.0	4.0	4.0	1	2	경영/기획/컨설팅	현직원	서울	 0 	False	"하는일에 견주어 적당한 연봉 식품업계 첫발을 들인다면 추천합니다"	야근이 잦지 않음가족적인 사내문화일에 걸맞는 연봉사람를 중요시 하는 사내문화	약간의 보수적인 사내문화사람에 따라 다르긴 하겠지만 다른 대기업에 비해 좀 적은 연봉이 단점이 될수도..	.
2014/12/31	아웃백스테이크하우스코리아(유)	100	86465	70361	3.0	2.0	2.0	3.0	2.0	0	None	서비스/고객지원	전직원	서울	 0 	False	"한 때는 외식업계를 호령 했던 아웃백.CS에 관심이 있는 사회 초년생이라면 고객서비스가 무엇인지 배울 수 있음."	외국계기업이며 추가근무시에 꼬박꼬박 추가수당을 챙겨줌.4대보험 적용, 퇴직금	업무강도에 비해 낮은 시급매장마다 상이하겠지만 처음 일을 시작할 때 기존 직원들의 텃세가 있는 편 매니저급으로 승진해서 회사와 연봉계약을 하는순간 초과근무수당은 없음.	복지제도 증편사원 근태평가와 승진에 대한 정보를 체계적으로 공유해주기 바람.
2014/12/24	아웃백스테이크하우스코리아(유)	100	86465	68593	3.0	4.0	4.0	4.0	3.0	0	None	서비스/고객지원	전직원	부산	 0 	False	"하향하고 있는 추세라 진급하기는 힘들어 지고 있음.기존에 있던 매니저들도 진급에 어려움을 겪고 있음.아르바이트하는 직원들 입장에서는 좋은 직업인듯"	주단위 스케줄 근무이기 때문에 시간 조절가능 ,젊은 연령층이 주를 이루기때문에 활기찬 근무가능하며 새로운 인맥 형성에도 도움됨	자기시간이 없고 매장상황에 따라 쉬는시간이 짧고 길고 멋대로임 고정적 수입 원한다면 알맞지 않은곳	매시즌 새로운 메뉴로 눈길을 끌었으나 지금은 다른 패밀리 레스토랑과의 차이가 없어보이고 그 특색이 사라지고 있는듯함
2014/12/24	아웃백스테이크하우스코리아(유)	100	86465	68514	2.0	2.0	1.0	3.0	3.0	0	1	서비스/고객지원	전직원	서울	 0 	False	"외식업계에서 경험을 쌓고 싶다면 한 번 해 볼만 하다고 말하고 싶다."	외국업체가 한국 법인을 설립하고 모든 지점을 직영으로 운영하기에 어디 지점을 가도 통합적인 매뉴얼대로 움직이는 점은 좋다. 서버의 경우 외국계 기업 분위기 답게 매뉴얼을 기본적으로 다 배울 수 있고, 여기서 일 잘하면 어디 가서도 일 잘한다고 인정받을 수 있다. 사원 간 이름 대신 별명을 부르기 때문에 위계적인 관계는 없다. 아웃백 직원 할인 혜택 50% 받을 수 있다. 패밀리 레스토랑에서 어떻게 하면 가장 적은 돈으로 많은 메뉴를 먹을 수 있는지에 대해 도가 튼다. 자기 생활에 맞게 유연하게 시간 조정 가능하다.	업계 특성상 지나치게 작은 임금. 거의 노동 착취 수준. 왠만한 노가다 저리가라 할 정도. 사내 정치 꽤 심함. 매니저들은 서로 점주가 되기 위해 알바생들 무지하게 푸시한다.점주는 정말 극소수의 사람만 될 수 있고, 나머지는 착취만 당하다 아웃되는 게 현실.	임금 좀 올려주시길.
2014/12/11	아웃백스테이크하우스코리아(유)	100	86465	64486	2.0	2.0	2.0	4.0	3.0	1	1	서비스/고객지원	전직원	서울	 0 	False	"환대산업에 관한 기본적이지만 탄탄한 경험을 쌓을 수 있는 곳, 현장의 업무 측면에서 인적시스템이(역할, 동선, 커뮤니케이션 등) 체계적"	현장의 서비스 프로세스를 몸소 익히고 배울 수 있는 곳	지속적인 미래? 너무 강한 경쟁자들이 즐비하고 변화무쌍한 분야이지 싶다	새로움이 없다. 하지만 그 여전함이 매력이기도..이제는 사업의 다각화도 고려해야 하지 않을까
2014/12/10	아웃백스테이크하우스코리아(유)	100	86465	64107	3.0	2.0	3.0	3.0	3.0	0	1	서비스/고객지원	전직원	서울	 0 	False	"아르바이트로는 좋음. 미래까지 보긴 힘듬"	다양한 사람들을 만날수 있음재미있음	경영난 매장이 문을 닫아감쉬는시간이 유동적	효율적인 업무시간분배가 필요
2014/12/3	아웃백스테이크하우스코리아(유)	100	86465	61980	2.0	4.0	1.0	2.0	3.0	1	None	서비스/고객지원	전직원	서울	 0 	False	"짧은기간 올인하면 돈벌기는 좋아요"	돈벌기 좋음 또래 간 분위기 좋은편 같이 일하는 사람과 친해지면 즐기며 할수있어요	일하기 시작하면 퇴근시간이 정확하지 않음 게다가 일의 강도가 조금 쎈편	스케쥴 조정시 직원들의 의견을 반영해주셨으면..
2014/12/2	아웃백스테이크하우스코리아(유)	100	86465	61552	3.0	3.0	2.0	4.0	3.0	0	1	서비스/고객지원	현직원	대구	 0 	False	"직원들끼리의 팀웍이나 정은 많고 그 정 때문에 라도 그만 못두는 직장"	4대보험.퇴직금.주 2회 휴무.직원 할인 50%.친근한 관계.승진	시급제.잦은 미팅.잦은 교육.주간 스케줄.	잦은 경영진 변화는 좋으나,객관적인 평가기준이나  교육이  자주 바뀌는것 같다
2014/12/2	아웃백스테이크하우스코리아(유)	100	86465	61497	3.0	2.0	2.0	3.0	2.0	0	1	서비스/고객지원	전직원	서울	 0 	False	"점주가 누구냐에 따라서 만족도가 달라질꺼같습니다.저의 경우에는 점주가 매우 짠 성격이라 직원포상제도를 점주보단 매니저가 줬습니다. 일이 매우 힘들고 8시간 일한다고 적혀있지만 사실상 쉬는시간 포함 10시간정도는 아웃백에 있습니다."	패밀리 레스토랑의 1위라고 할정도로 4대 보험과 연장수당 등이 있고 다른 사원들과 친하게 지낼수 있는 기회가 많습니다. 매니저라고 엄하지않고 언니라고 부를정도로 친하게 지냅니다.	일이 힘들고 프로모션 시즌일때나 유동인구가 많아 인기있는 지점이면 정말 웨이팅이 30이 넘을정도로 끊임없이 손님이 들어옵니다. 그 과정에서 서버는 매우 지치고 서버만 보는것이 아니라 마감도 하기때문에 더욱 지칩니다. 또한 이상한 손님들도 많아 서버보는 과정속에서 힘들어서 우는사람도 있었습니다.	일한것에 비해 돈이 매우 적게 나온다고 생각합니다. 그리고 일한만큼 벌면 상관이없는데 일한것에 비해 돈이 적게나오는 경우가 있습니다. 돈에 대해서는 장난 안쳤으면 좋겠습니다
2014/12/24	(주)커피빈코리아	100	53841	68687	3.0	3.0	2.0	3.0	3.0	0	1	서비스/고객지원	전직원	서울	 0 	False	"어느 매장으로 배치 받느냐에 따라 일의 강도가 달라짐"	음료를 자유롭게 마실수 있음, 일이 없을때는 자유롭게 시간 관리 가능	서비스업이기에 사람 상대하는 부분이 힘듬	좀더 근무하는 직원들에게 혜택이 있어야 한다고 생각함
2014/12/15	(주)커피빈코리아	100	53841	65880	3.0	1.0	1.0	3.0	1.0	0	1	영업/제휴	전직원	서울	 1 	False	"일하는 사람들이 자주 바뀐다...(매장 바리스타) 무슨 뜻일까요?"	커피가 맛있다. 업무환경이 깔끔하다. 승진이 무지 빠르다.	하루종일 서서 일해야 한다. 직원 복지가 개판이다. 교대 근무라 생활이 불규칙하다.	직원들 맨날 나가는데 당신들도 관리하기 짜증나지 않음???
2014/12/31	(주)호텔신라	100	47377	70228	3.0	3.0	2.0	3.0	4.0	1	2	경영/기획/컨설팅	현직원	서울	 0 	False	"계속 성장하는 회사.할일도 기회도 많음."	일한만 성장할 수 있는 기회가 많다즉, 욕심많은 사람에겐 좋은 회사.그리고 삼성문화	일이 많고 위계질서가 쎈편즉, 녹녹한 회사가 아니다. 그리고 삼성문화.	워크,라이프 밸런스!
2014/12/24	(주)호텔신라	100	47377	68618	2.0	4.0	2.0	3.0	2.0	0	1	마케팅/시장조사	전직원	서울	 0 	False	"동종 업계 최고 수준. 다만 삼성의 경직된 경영이 아쉽다."	외국계 체인호텔이 늘어나도 국내에선 동종 업계 브랜드 중 최고. 직원들 대부분 자부심을 가지고 있다. 호텔업계가 연봉이 낮은데 그나마 개중엔 괜찮다.	삼성 특유의 보수성이 호텔업의 즐거움을 해친다. 비효율적 경영인력도 다수. 그래서 승진이 어렵다.	호텔의 장점을 살릴 수 있는 혁신적 경영층이 필요. 사장 밑의 경영층이 삼성 타계열 출신으로 너무 보수적이다.
2014/12/9	(주)호텔신라	100	47377	63732	3.0	5.0	2.0	4.0	3.0	1	1	서비스/고객지원	전직원	서울	 0 	False	"이름값하는곳 관리 철저하고 식당 좋음"	직원들 복지를 많이 신경쓰는 티가 남,업무를 효율적으로 바꾸려는 노력도 보임	여성비율이 많아서인지 직원간 텃세가 초반에 심함	원활한 서비스를 위해서 앞으로도 신경써줬으면 함
2014/12/8	(주)호텔신라	100	47377	63679	1.0	1.0	1.0	3.0	3.0	0	1	전문직	전직원	서울	 0 	False	"호텔 신라내에서도 사업부와 담당 업무에 따라 개인이 느끼는 회사의 만족도가 크게 다를 듯 !!"	인지도..삼성이라는 네임벨류.......대외적으로 좋은 이미지?!!	대기업이지만 업무가 몇몇에게 집중되어 있음,일을 하는 이들에겐 일의 강도나 업무량이 상당함, 칼퇴하는자vs야근이생활인삶 , 대조적대기업에 준하는 복지가 없음, 호텔업계라서그런지 박봉....공채로 입사하지 않으면 4년제 역차별 !정규직으로 전환되기 힘듬공채가 아니면 진급이 어려움 ㅜ	대외적인 이미지뿐 아니라 직원들의 복지향상에 좀더 노력을 기울여 주셨으면 합니다 !!!
2014/12/7	(주)호텔신라	100	47377	63285	2.0	4.0	1.0	4.0	4.0	0	2	영업/제휴	전직원	서울	 0 	False	"힘든 고난의 시기일지도 모르지만 그 투자한 시간만큼 향후에 자만심을 가져도 될만한 역량업그레이드가 될것입니다"	삼성 DNA를 유통에 접목한 성공지향적인 문화를 함께 할 수 있다는 것만으로 행운.	근무시간이 따로 없고 일을 끝내는 시간이 퇴근시간이지만, 언제나 제때 끝나는 경우는 거의 없다	사람 좀 더 주고 일하라고 하면 좋겠는데  그게 그렇게 안될까?
2014/12/12	트랜스코스모스코리아(주)	100	51105	64856	1.0	1.0	1.0	1.0	1.0	0	1	영업/제휴	현직원	서울	 0 	False	"워커 홀릭이라면 추천."	급여는 밀리는 일 없이 정확히 지급됨.적은 급여지만 안정적으로 일할수 있음.칼퇴 가능 - 부서별 차이 존재. (지원조직은 다소 여유, 개별프로젝트는 야근 있음)	통보식 업무 변경 및 전환 배치. 과중한 업무량. 승진 기회 적음. 적은 연봉. (간혹 팀원보다 팀장 급여가 적은 경우 발생)	일방적인 업무 전환보다는 직원 의사를 존중해 주세요.
2014/12/9	트랜스코스모스코리아(주)	100	51105	63721	1.0	2.0	4.0	2.0	1.0	0	None	IT/인터넷	전직원	서울	 4 	False	"콜센터가 아닌 지마켓 번역팀에 관해- 여가시간을 중시하고 다소 적은 월급도 수용가능하다면 나쁘지는 않다. 짧은 기간동안 몸 편하게 일하고 싶다면 추천한다. (휴학중인 학생 등) 일감이 정해져 있어 각자 출근해 자기 일감을 하고 퇴근시간이 되면 퇴근하는 스타일."	100% 칼퇴 가능하며 연휴는 정해진 일수 없이 자유롭게 쓸 수 있다.(한달에 4일까지도 사용해 봄) 다만 무급 휴가라는 점은 기억하길. 자기 할당량만 완수하면 근무 분위기가 꽤 프리하다. 쓸데없는 회식이 없으며 직원간에 상하관계가 약해 수평적으로 친하게 지내는 분위기이다.	지마켓 번역팀의 경우 상사가 주된 스트레스의 원인이 될 것이다. 자기 생각이 무조건 옳다고 생각해 고집을 피우거나 융통성이 떨어지며 다소 답답(때로는 멍청하다고 느껴질)하기도 하다. 사원들을 인간보다는 그냥 싸게 사서 한철 쓰고 버리는 것 쯤으로 여기는 태도가 팽배하다.	사람은 사람이지 물건이 아니다. 상의 없는 업무과중과 업무성격 변동, 그리고 정당한 불만제기에 대해 해고로 대처하는 행위는 결코 옳지 않다.
2014/12/4	트랜스코스모스코리아(주)	100	51105	62273	1.0	1.0	1.0	1.0	1.0	0	None	IT/인터넷	전직원	서울	 1 	False	"일본계 회사 특성을 보여줌버티면 살아남지만 기간마다 구조조정으로 원하지 않는 부서로 강제발령될수 있음야근은 필수"	장점은 월급 제때나오나 복지 관리 미흡함	일본계 회사 특성을 보여줌버티면 살아남지만 기간마다 구조조정으로 원하지 않는 부서로 강제발령됨야근은 필수	일회용으로 보는 시각을 일하면서도 너무 많이 느낌인력을 소중히 다뤘으면 하는 바램
2014/12/24	씨제이푸드빌(주) 빕스	100	91680	68596	3.0	3.0	2.0	3.0	3.0	1	1	서비스/고객지원	전직원	강원	 0 	False	"현재 점포수로 국내에서 더이상 커지지 않음. 외식업 서비스업에 적성인분만 지원하길"	알바3개월을거치면 바로정직원승급기회마련	정기적인 점검에 정직원 경력이적을땐 월급도 적고 여기저기 스트레스	여러모로 복지가 더 생겼으면
2014/12/12	(주)에스텍시스템	100	89310	65145	3.0	3.0	1.0	3.0	1.0	0	1	특수계층/공공	현직원	광주	 1 	True	"보안경비쪽으로 일을하고 싶다면 경험을 쌓을수 있겠지만 그게 아니라면 비추"	신입으로 입사했을경우 신입초봉은 높은편임.구성원들과 이해관계만 맞는다면 괜찮은 회사생활임될수도 있음.년간 한번씩 자동적으로 호봉이 오름(시급인상)	년차가 쌓여도 업무는 동일하기에 평생직장으로 하기엔 개인적인 비전이 보이지 않음.외부날씨영향이 상당함.주야교대근무로 인한 생활패턴 불규칙상	외부에서 고생하는 근로자들을 좀 생각좀해줬으면 한다. 휴무도 반납하며 일하는 직원들을 위해 복지를 늘리지는 못할망정 줄이지 말고. 밖에서 고생하는 사원들좀 생각합시다. 사원들에게 가는걸 줄이려고만 하지말고
2014/12/6	(주)에스텍시스템	100	89310	63064	3.0	3.0	3.0	3.0	3.0	0	2	전문직	전직원	서울	 0 	False	"큰욕심 없이 지내는 사람에겐 추천."	교대근무 이기 때문에 교대자가 지각만 안한다면 무조건 칼퇴가능함	교대근무 특성상 야간도 있고 쉬는날 대치근문 발생	모든걸 선배먼저가 아닌 능력제로 하면 좋을것같음
2014/12/31	에스원(주)	100	65658	70295	2.0	4.0	1.0	1.0	1.0	0	2	서비스/고객지원	현직원	경북	 0 	False	"낮은스펙에도 취업가능"	삼성그룹? 스펙에 비해 고연봉 회사 발전가능성 높음	보수적 문화 심함 명확한 업무 구분없어 떠미루기식 업무	체계적 업무 분담이 없음
2014/12/29	에스원(주)	100	65658	69588	4.0	4.0	3.0	2.0	2.0	1	2	기타	현직원	경기	 0 	False	"3급 사원에게는 나름 다닐만 한 회사5급은 마음 단단히하고 다녀야 할 회사"	월급제의 경우 급여가 상당히 높음복지혜택이 우수함	소통을 중요시 하는데 본사와 현장의 소통이 잘 안됨.5급사원의 미래가 불확실함.	3급사원의 유동적인 인사개편을 위해 힘썼으면..
2014/12/10	에스원(주)	100	65658	64386	3.0	3.0	3.0	3.0	3.0	1	2	서비스/고객지원	현직원	전남	 0 	False	"어디나 일은 힘들지요 여기도 마찬가지내가하는일이 원래 제일힘든법입니다."	삼성그룹. 일하는만큼 .하는만큼 대우해주는곳입니다안해서 그냥그렇게 사는거겠죠	고지식한문화. 바껴가겠죠인원부족 휴식여건보장등.보완되야할게 있군요완벽한곳은 없습니다	말뿐인변화는 사절
2014/12/3	에스원(주)	100	65658	61829	1.0	4.0	1.0	1.0	1.0	0	2	서비스/고객지원	전직원	경기	 0 	False	"아무생각안하고 돈만벌려면 괜찮은곳"	급여는 많이주나 일하다보면 많이 받는단 생각안듬	자기생활 무 6시까지 출근 8시쯤퇴근	근무시간
2014/12/25	씨제이푸드빌(주) 투썸플레이스	100	94601	68776	3.0	3.0	3.0	3.0	3.0	1	2	서비스/고객지원	전직원	서울	 0 	False	"외식업에 뜻이있는분들이라면 지원하시길"	다양한 외식브랜드에서 현장근무를 해볼수있다는 것이 장점인것 같습니다.	장점이 오히려 단점이될수잇다고생각합니다. 즉, 한 브랜드에서 적응할때즈음 다른브랜드로 이동	화이팅
2014/12/20	씨제이푸드빌(주) 투썸플레이스	100	94601	67536	2.0	2.0	3.0	3.0	3.0	0	1	서비스/고객지원	전직원	서울	 0 	False	"만약 투썸에서 일을해보고 싶다면 가맹점이 아닌 직영점에 가서 일을 배워라가맹점에선 제대로된 일을 배우기가 힘들다손님이왕인기업"	스케줄근무 대기업이라는 장점철저한 위생 그만큼 청소함	서비스중점인 만큼 스트레스가 많다커피를 배우고 싶어서 들어갔다면 실망개인커피숍을 가라	커피 디저트 브랜드인만큼다른곳에 집중하지말고 메뉴개발에 힘쓰길
2014/12/17	한국마사회	100	86726	66632	3.0	4.0	4.0	3.0	3.0	1	1	서비스/고객지원	전직원	경기	 0 	False	"아르바이트(pa)도 우대해준다. 하지만 공기업 특유의 보수적인 성향은 어쩔 수 없는듯"	공기업. 안전성. 직원들 보면 안정적으로 편하게 일하는 것 같다다소 몇몇 부서만 바쁠뿐 내가 있던 곳은 그렇게 바빠보이진 않았음	성취나 성과를 바라는 사람, 바쁜게 체질인 사람한테는 잘 안맞을 수도 있다근데 뭐 공기업이 안정성 자체로 메리트 있는거니까..	장기간 근무한 pa들에게도 인턴이나 무기계약직의 기회를 주는 것도 나쁘지 않다고 본다.사실 아르바이트들이 직원보다 일 더 많이 한다.....................
2014/12/1	한국마사회	100	86726	61229	4.0	4.0	4.0	4.0	4.0	1	2	영업/제휴	현직원	서울	 0 	False	"좋습니다."	보너스가 좋은회사, 복지가 잘 되있고 공기업이기 때문에 안정적입니다.	주말 출근을 피할수없습니다. 그리고 너무 바쁘다는 것도 문제입니다.	직원 복지가 점점 줄어드는것 같습니다.
2014/12/1	한국마사회	100	86726	60987	4.0	5.0	5.0	3.0	3.0	1	1	기타	전직원		 2 	False	"월화 쉬고 토일 일하는게 단 하나의 단점"	안정적이다. 복지가 좋다. 신도 놀란 직장.	보수적인 남초 회사, 월화 쉬고 토일 일하는 패턴이 생각보다 꽤 힘든 요소로 작용.	유연해졌으면
2014/12/21	이트너스(주)	100	13535	67642	3.0	3.0	3.0	3.0	3.0	1	1	경영/기획/컨설팅	전직원	경기	 1 	False	"복지 나쁘지 않음. 직군별로 업무강도 연봉차이 많이남"	고객사가 대기업이다 보니, 대기업의 복지혜택을 어느정도 누릴 수 있음. 그리고 정규직	사내문화. 보여주기식의 소통. 부서별로 업무 강도 차이 많음. 잡무 많음	업무에 집중하기가 힘듦. 업무 외에 할일이 많음
2014/12/15	이트너스(주)	100	13535	65763	3.0	3.0	4.0	3.0	4.0	0	1	경영/기획/컨설팅	전직원	서울	 0 	False	"많은 직종을 경험해 볼 수는 있으나 한정적인 업무와 언제든지 교체될 수 있는 제너럴리스트의 한계를 보게 될 것"	대표이사님의 마인드가 좋으며 거의 칼퇴가 가능함	가끔 진상인 고객이 걸리면 낮이고 밤이고 전화를 받아야함	좀 더 스페셜틱한 일을 할 수 있도록 해주세요
2014/12/3	이트너스(주)	100	13535	61879	3.0	2.0	3.0	4.0	4.0	1	1	IT/인터넷	전직원	경기	 0 	False	"개발자의 대우가 좋은 곳. 파견직에게도 대우가 비슷한 편"	연차를 윗사람 눈치없이 쓸 수 있음. 분위기가 유한 편. 상사가 부하직원의 말을 잘 들어줌	쓸데없는 보고를 위한 문서작업을 많이 요구함.경비처리에 시간이 다소 오래 걸림	직원들의 복지를 더 챙겨줬으면. 더 다양항 복지를 바랍니다.
2014/12/29	한국전기안전공사	100	89009	69635	4.0	3.0	2.0	2.0	2.0	0	1	경영/기획/컨설팅	현직원	기타	 0 	True	"준정부기관치고는 급여가 적지만 나름대로 만족,동아리 장려 등으로 사내문화개선에 힘쓰고있지만아직까지 보수적인부분이 남아있음."	공사에서 업무를 진행한다는 자부심, 동아리 활동,상대적으로 악성민원이 적음, 공평한 승진기회	아직까지 보수적인 문화유지, 사무직이든 기술직이든 야근과 주말근무가 잦음, 특히 사무직은 인력이 부족해서 담당업무가 많음	인력충원 및 사업소의 합리적인 인사제도필요
2014/12/21	한국전기안전공사	100	89009	67737	5.0	1.0	2.0	3.0	1.0	0	1	기타	현직원	기타	 1 	False	"공기업이란 기대는 하지마세요"	운전을 많이해서 운전에 능숙해질수 있다많은곳을 돌아다님	사무직에비해 기술직은힘듬 건수를 할당받아 점검하기때문에 주말근무도 있음 당연무보수 칼퇴근 기대하지말것	직원들 복리후생에 힘써주면좋겠다
2014/12/16	한국전기안전공사	100	89009	66082	4.0	3.0	4.0	4.0	4.0	1	2	특수계층/공공	현직원		 1 	False	"공사의 안정성은 좋지만, 높지 않은 급여와 현장 업무에 대한 고민이 필요."	1. 공사의 최대 장점인 안정성2. 개인 노력 여하에 따라 승진할 수 있는 기회가 많다3. 개인업무만 잘 처리하면 자기계발의 시간을 충분히 가질 수 있다	1. 높지 않은 급여2. 지사별로 업무량의 차이가 존재 (회식 문화와 분위기도 차이가 있을 수 있음)	우수한 인재를 확보하기 위한 노력이 필요
2014/12/30	대명레저산업(주)	100	82315	70169	2.0	3.0	3.0	2.0	2.0	0	None	경영/기획/컨설팅	전직원	강원	 3 	False	"각종 티켓 압박과 분양마감때만 버텨준다면평타는 하는듯단 비전은 없고 현실에 안주하기 딱 좋음"	업계 1위가 무색하지 않을 정도로 다수의 사업장과 스키 오션월드 골프장 등 많은 부대업장을 가지고 있음임직원에게 이 사업장과 부대업장을 쓸 수 있다는건 아주 좋은 복지라 생각함.  이직시 네임벨류가 있어 동종업계로 가기도 매우 편함.	라인이 생명인 곳. 개인의 능력이나 자질 또는 학력은 중요치 않음. 라인만 잘타면 승진대상이 아님에도 특별로 마구 올려줌. 100대기업이라 믿을 수 없는 중구난방인 급여체계.인사담당도 설명하지 못함.늘 탁상공론과 임원진에게 보여주기만 무한반복.	사규가 있고 시스템이 갖춰져있다면 그에 따라 행하시길.  물론 예외도 있지만 그 예외 또한 공감할 수 있게 해주길.
2014/12/24	대명레저산업(주)	100	82315	68697	3.0	3.0	2.0	2.0	2.0	0	1	서비스/고객지원	현직원	경기	 0 	False	"경험쌓기에 좋음 첫직장으로는 굿."	업계1위는 현재까지 놓치지않는다는것.	티켓강매의난무 개인여가시간이 매우적음	좀더 효율적인 시스템구축을바람
2014/12/24	대명레저산업(주)	100	82315	68466	2.0	2.0	2.0	3.0	3.0	0	2	서비스/고객지원	현직원	경기	 1 	False	"안정적인 회사 어지간하면 짜르지는 않음"	레저산업계의 강자 회사 복지로 전국의 리조트 무려이용 가능	낮은 연봉 감정노동자의 힘듬회원들의 횡포 힘듬	수직적인 관계가 많고 능력을 발휘할 기회가 더 있었으면 좋겠음
2014/12/8	대명레저산업(주)	100	82315	63461	3.0	3.0	2.0	3.0	2.0	0	1	서비스/고객지원	현직원		 1 	False	"굉장히수직적인구조."	업계1위. 남들의시선. 적당한보수. 일한만큼의 보수	힘든근무환경.사업장마다다르겠지만주6일이라는압박감과 여가시간이거의없다.	조금 더 직원들을 위한 화사가 되었으면 합니다
2014/12/7	대명레저산업(주)	100	82315	63136	3.0	3.0	3.0	3.0	3.0	0	1	경영/기획/컨설팅	현직원	서울	 1 	False	"여태까지 잘달려왔지만 오션월드 이후 뚜렷한 캐시카우가 없음."	업계1위. 높은 브랜드 인지도로 경력상에 괜찮은 한줄을 남길 수 있음.복지는 레저쪽이다 보니 괜찮음.	밝은 사내문화는 절대아님.  회사규모나 네임밸류에 비해 연봉이 짬. 직원들 사기를 전혀 고려하지 않는 수준. 작용없는 반작용이 없는 것을 모른다고 생각함.	사내문화 개선시키기를 조금 생각해봤으면 좋겠으며 애사심을 마음에서 우러나게하는 길이 무엇인지 생각해봐야할 것.
2014/12/5	대명레저산업(주)	100	82315	62595	4.0	3.0	2.0	3.0	3.0	1	2	경영/기획/컨설팅	현직원	서울	 2 	False	"중견에서 대기업으로 된지 얼마안됨.짬밥이 찰수록 편해지는구조"	업계 1위라는 메리트. 레저관련 복리후생 좋음학벌 및 스펙이 하향평준화되어있어 기회가 많음	2세경영 시작단계라 잡음이 많음.군대문화가 너무 강함	레저업계 선두 자리를 놓치지말길
2014/12/3	대명레저산업(주)	100	82315	62146	3.0	3.0	3.0	3.0	3.0	0	1	서비스/고객지원	전직원	강원	 1 	False	"직업은아니고 아르바이트로 3시즌정도 해봤지만서비스업이다보니 고객만잘만나면 할만함"	아무튼 대기업이고 안정적이고 오션월드나 스키가 제공되어좋음직원들끼리 인사하는 문화가되어있음	서비스업이다보니 스트레많이받음 어딜가도 마찬가지지만 위에 상사를 잘만나야함	밑의 직원들도 최선을다하고있으니 컴플레인이 걸려도 이해해주셨으면좋겠음
2014/12/14	피알원(주)	100	87461	65605	4.0	3.0	3.0	4.0	3.0	1	1	서비스/고객지원	전직원	서울	 2 	False	"참고인내한자에게 복이있나니...[점프하기 좋은 회사]"	다양한 레퍼런스를 쌓을 수 있고(복불복)이로 인해, 인하우스로 가는 경우가 많음(특히 2-4년차 직원들) 사내 복지는 괜찮음.회사가 젊어 또래 커뮤니는 좋음 하지만... 직급이 올라가면 왜그리 말이 안통하는지..원하고자 하면 평생친구도 만날수 있음.	팀을 잘못 선택시 하나만 매진할수있음ex) 공공=퇴사할때까지 공공	소통필요
2014/12/13	피알원(주)	100	87461	65359	3.0	5.0	2.0	5.0	2.0	1	2	영업/제휴	현직원	서울	 0 	False	"복지가좋음"	복지가좋고 직원들을 많이생각해주는 기업	너무힘듬 여가즐기지못함 잘생각해봐야할문제	업무밸런스
2014/12/5	피알원(주)	100	87461	62683	3.0	3.0	3.0	3.0	3.0	1	2	미디어/홍보	전직원	서울	 0 	False	"젊은 직원 비율, 미혼 비율, 여성 비율이 높다. 팀마다 업무량은 상이하다."	업계에서 경쟁력 있는 연봉, 높은 인센티브, 업계에서 다양한 직원복지(상조회, 사내 대출, 통신비 지원, 식대지원 등) 출근시간 체크하지 않음,	팀별 고객사에 따라 업무강도, 분위기, 인센티브 상이함, 사장님의 성향에 따라 각 BU의 성격 상이함,	회사는 직급에 따른 필요 역량이 무엇인지, 해당 직원이 그 역량을 갖고 있는지 고민해볼 필요 있음,
2014/12/3	피알원(주)	100	87461	62093	3.0	3.0	3.0	3.0	2.0	0	1	전문직	전직원	서울	 0 	False	"팀에따라 분위기가 많이 다름, 배울점은 분명히 있음"	PR업계에서도 복지가 좋은 편인 것 같음	팀에 따라 업무가 너무 편향되어 있음	별로 없음
2014/12/30	(주)대학내일	100	86769	70052	3.0	3.0	2.0	3.0	3.0	0	1	기타	전직원	서울	 0 	False	"아무거나 다 하는 에이전시이다."	전체적인 회사 분위기는 괜찮은 편이다.	특히 IT 관련 팀의 역할이 모호하며 회사에서 차지하는 비중이 낮다.	체계적인 관리가 필요하다.
2014/12/23	(주)대학내일	100	86769	68422	3.0	4.0	2.0	5.0	4.0	1	1	디자인	현직원	서울	 1 	False	"업무가 많아 야근이 잦으나 그에 걸맞는 보상무엇보다 소통, 자유가 있는 기업업무 중에 음악을 들어도 상관하지 않고점심시간 출 퇴근시간 등도 깐깐하지 않음"	경영진들의 소통 시도 노력이 눈에 보이고의욕적인 직원들의 분위기에 일할 힘이난다!!!!!	많은 업무량.. 정말 일이 많다다른 비즈니스 모델을 모색할 시간이 없다	경영진이 친근한 분위기여서 그런지 인사가 객관적일 것 같진 않음
2014/12/7	(주)대학내일	100	86769	63314	4.0	4.0	1.0	2.0	3.0	0	1	경영/기획/컨설팅	전직원	서울	 0 	False	"일이 정말 많고 소모적인 일을 많이 시키는 편. 팀마다 프로젝트마다 분위기가 다름."	급여나 복지 혜택이 좋은 편. 근무하는 사람들의 연령이 낮은 편이라 활동적이고 좀 더 유연한 분위기.	끊임없는 성과에 대한 압박감. 불안정한 프로젝트가 많음.	-
2014/12/5	(주)대학내일	100	86769	62872	3.0	4.0	2.0	4.0	5.0	1	1	IT/인터넷	현직원	서울	 0 	False	"마케팅이 주 수입원이며, 좋은 사람들과 좋은 복지를 가지고 있다는 것은 확실함. 모든 사원들이 열정적으로 일하고 있으며, 인턴이든 직원이든 함께 도와가면서 일하는 모습이 아름다움."	인턴이라도 실제 프로젝트에 관련된 업무를 많이 하는 듯 함. 직원들의 복지환경을 중시하는 마인드이기 때문에 어떻게 하면 더 나은 환경에서 작업 할 수 있을 지 대표님이 항상 고민하시는 듯.직원 간 계층구도가 단순하기 때문에 커뮤니케이션이 수평적임.	프로젝트 관련 업무이긴 한데, 보이는 것은 바이럴이 가장 많아보임.더 나은 환경을 위해서는 열심히 뛰어야 함(팀의 매출을 많이 중시).상위계층에서 다소 보이지 않는 정치가 존재하는 것처럼 보이며, 팀 간에 물고 뜯는 신경전이 많이 있음.	업무량에 의해 인원을 확충하는 것은 좋지만, 미래를 생각하여 적당하게 확충하는게 좋을 것 같네요.
2014/12/1	(주)대학내일	100	86769	61185	3.0	3.0	2.0	4.0	4.0	1	2	경영/기획/컨설팅	전직원	서울	 0 	False	"유스 마케팅 분야 리딩 그룹"	일이 많은 만큼 그에 맞는 급여가족같은 기업 문화	불필요한 야근에이전시의 숙명인 '을' position	멋지십니다.
2014/12/24	현대그린푸드(주)	100	47646	68500	3.0	4.0	5.0	3.0	3.0	1	1	IT/인터넷	전직원	서울	 0 	False	"It 지원자로써 유통 또는 금융을 배울수 있는 기회좋은회사"	대기업수준의 연봉  진급이 힘들지만 진급하면 연봉이 많이 뜀	진급이 힘듬 그리고 일이 부서에 따라 복불복임	없음어느회사나 마찬가지지만 스태프 부서라 소외되는기분은 있음
2014/12/18	현대그린푸드(주)	100	47646	66936	2.0	2.0	2.0	2.0	1.0	0	1	전문직	전직원	경기	 0 	False	"업계 3위의 대기업, 하지만 처우는....."	현대백화점 그룹사라는 장점전문직군의 연봉수준은 대기업 수준	복지라고는 백화점카드 쓰는건데 지방에 있으면... 무용지물전문직군의 진급은 느린편...낮은 연봉 상승....미미한 성과급....	업계 3위를 유지하는 이유가 있지 않을까....
2014/12/10	현대그린푸드(주)	100	47646	64104	3.0	4.0	2.0	2.0	2.0	1	1	전문직	전직원	경기	 0 	False	"급여는 대기업 수준이나 복지가 그다지 없다"	나름 백화점그룹이라는 프라이드전문직군은 높은 급여	전문직군은 발령운이 큼있는듯 없는듯하는 복지점점 복지가 안 좋아짐미미한 연봉상승	당장의 수익보다는 미래를 보고 투자를 하였으면 좋겠다
2014/12/2	현대그린푸드(주)	100	47646	61598	3.0	4.0	2.0	2.0	2.0	1	1	전문직	전직원		 0 	False	"개선의지는 있으나 개선이 없다...경력직에게는 좋은 회사"	전문직군의 대기업수준의 연봉, 나름 백화점 그룹이라는 프라이드	기본근무시간이 매우 길다...원하는 전환배치는 어려우나 강제적 발령은 순식간에...	너무 돈만 보고 따라가지말고 사람을 직원을 챙기길...
2014/12/16	던킨도너츠(주)	100	92793	66346	3.0	4.0	4.0	5.0	4.0	1	2	서비스/고객지원	전직원		 1 	False	"해봄직한 일자리"	일반 카페처럼 손님이 많지는 않은편. 보통 도넛을 사러오는 고객들이많아 포장과 계산만 신경쓰면 되기때문에 비교적 쉽다.	기업방침상 청결관리가 엄격한편이라 마감청소만 2시간이 걸릴때도있다.	터무니없는 가격을 조금 인하할 필요성이 있다
2014/12/14	한국피자헛(유)	100	2927	65423	3.0	4.0	2.0	4.0	1.0	1	None	생산/제조	전직원	서울	 0 	False	"진급의 정체성이 너무 심각함"	복지는 좋음.서비스는 배울게 많음급여는 평균	인맥의 중요성승진의 기회 어려움 회사의 정책이 힘듬	중간관리자의 부패성이 도가 지나침
2014/12/9	삼성웰스토리(주)	100	88148	64008	2.0	3.0	2.0	2.0	2.0	0	2	기타	현직원	경기	 0 	False	"순환업무가 거의 불가능함한 곳에서 잘하면 인정은 받음"	삼성이라는 이름의 자부심식음서비스 기업이라 밥은 맛있음복지도 다른회사에 비해 좋음	순환근무는 거의 이루어지지 않음부서마다 퇴근시간이 자유롭지않아 자기계발은 주말에 가능	체계적인 업무 R&R 정립
2014/12/8	삼성웰스토리(주)	100	88148	63648	3.0	5.0	3.0	4.0	3.0	1	2	경영/기획/컨설팅	현직원	서울	 1 	False	"첫직장♡"	업계1위 삼성의 복지혜택을 만끽할수있음 시장의 성장력과 안정성 해외진출을 꾀함	야근...? 다소 수직적이고 보수적인 체계와 문화	잘부탁드립니다
2014/12/7	에스피씨그룹	100	87570	63331	4.0	4.0	3.0	4.0	4.0	1	2	경영/기획/컨설팅	현직원	서울	 0 	False	"좋은 연봉과 복지프렌차이즈 꿈의기업몸은 조금 힘들 수 있으나 자신에게 맞는 업무를 선택했다면 버틸만함"	사내복지, 연봉, 경력자기가 느끼기 나름이지만, 만족도	평소에 운동하기를 권함몸은 힘들 수 있음...!	신성장동력 발굴
2014/12/5	에스피씨그룹	100	87570	62679	1.0	3.0	2.0	2.0	1.0	0	None	서비스/고객지원	전직원	인천	 2 	False	"진짜젊고 할거없어서 나는 어딜가든 뼈를묻고싶다 하는사람만 추천해드려요"	적당한급여 식비지원 차비지원 그외없음	주6일  6일에비해 낮은급여 강도높은서비스 요구	경영진들이 일을해보고서 밑에것들에게 지시했으면합니다.
2014/12/22	(주)한국코퍼레이션	100	63215	68107	3.0	1.0	1.0	1.0	2.0	0	1	영업/제휴	현직원	서울	 0 	False	"콜센터 시장  포화로 정체된 산업분야. 안정적이지만 미래는 불투명"	콜센터 시장에서는 비교적 알려진 업체	상담직 말고 영업직은 별로. 회사 분위기 경직되고, 규모에 비해 수익이 없어 복리 후생은 별로	제대로된 중간 관리자가 있어야할듯
