date	cname	industry_id	cid	cmid	possibility	pay	balance	culture	management	recommend	expect	job_kind	current	area	helpful_count	is_best	subject	good	bad	hope
2015/6/29	스타벅스커피코리아(주)	100	70749	139992	2.0	4.0	3.0	4.0	3.0	1	1	영업/제휴	전직원		 0 	False	"커피를 좋아한다면 정말 좋은 경험이 될 수 있음, 업무 강도가 높지만 직원을 생각해주는 기업"	업계 1위 기업에서 일한다는 자부심, 우수한 복지와 체계적인 시스템 및 직원 관리	함께 일하는 파트너에 따라 매장 분위기가 많이 다름, 체력적으로 에너지가 많이 소모됨, 너무 고객 중심이다 보니 정신적 스트레스 또한 많음, 근무 스케줄이 고정적이지 않아 개인적 시간 확보 혹은 규칙적인 생활에 다소 어려움이 있을 수 있음	업무의 효율성과 파트너들의 스트레스를 줄이기 위한 방안이 필요
2015/6/23	스타벅스커피코리아(주)	100	70749	136864	3.0	2.0	3.0	3.0	2.0	1	1	영업/제휴	전직원	서울	 0 	False	"신세계 그룹의 복지혜택과 체계적인 관리가 인상적인 기업"	신세계그룹의 복지혜택과 전 매장 어디에서나 받을 수 있는 할인 혜택	딱히 큰 단점은 없지만 지역매니저의 영향력이 세다.	사무직 직원의 경우 유연한 근무환경 개선이 필요합니다.
2015/6/22	스타벅스커피코리아(주)	100	70749	136452	3.0	2.0	2.0	3.0	4.0	0	2	영업/제휴	전직원	서울	 0 	False	"스타벅스랑 신세계라는 이름이 주는 프라이드만 있음"	복지는 참 좋음, 정말 좋음여기저기 할인도 많이 됨! 010 카드 짱	경력직으로 센터에세 근무하지 않는 이상 월급은 그닥....인센은 후하게 잘 나오지만 기본급 자체가 짬	중구난방 개성없고 근본없는 마케팅 좀 자제하길
2015/6/22	스타벅스커피코리아(주)	100	70749	136446	4.0	4.0	2.0	3.0	3.0	1	2	서비스/고객지원	현직원	서울	 0 	False	"복지와 수당은 잘챙겨주는 스타벅스코리아"	복지가 좋고 수당도 잘 챙겨주고 휴가도 다쓰게해준다	현장근무의 경우 연봉에비해 체력적 정신적소모가 크고 여가시간을 갖기 애매한 근무시간과 휴일,	업무배분이 효율적으로 잘 이루어졌으면 좋겟음
2015/6/22	스타벅스커피코리아(주)	100	70749	136408	3.0	3.0	3.0	3.0	3.0	0	1	서비스/고객지원	전직원	경기	 0 	False	"글로벌기업이다 뭐다해도 결국엔 서비스업 딱 거기"	유명함.단계적 상승이 가능함. 모두 직영점. 알바가 아님.신세계에서 디씨가능	결국엔 서비스업. 다른 매장은 모르겠지만. 윗사람에 의해서 많이 좌우되는 것같음	직원도 고객임을 알았으면 함. 내부고객에도 신경 쓰시길
2015/6/20	스타벅스커피코리아(주)	100	70749	135513	3.0	4.0	2.0	4.0	3.0	1	1	전문직	전직원	서울	 0 	False	"커피에 관심이 있다면 한번쯤은 꼭 일해보라고 추천해주고픈 곳"	아르바이트생부터 교육단계가 잘 되어있음. 여성이 다니기에 괜찮음(육아휴직 등)	아무래도 서비스직이다보니 스케줄근무라 생활이 불규칙하고 주말이 없다는 점	특별한 점은 없는 것 같음. 일반적인 회사와 비슷
2015/6/14	스타벅스커피코리아(주)	100	70749	132617	4.0	3.0	5.0	4.0	3.0	1	2	서비스/고객지원	전직원		 0 	False	"커피산업에서 상위 기업의 문화를 체험하고 많은 지식을 얻을 수 있다."	직영매장이므로 매장의 관리 및 직원관리 등을 체험하고 배울 수 있다.커피에 관한 지식 또한 체계적으로 배울 수 있는 기회가 있다.	고객의 서비스 평가에 민감해진다. 행사나 이벤트에 관하여, 본사 요구사항이 많기 때문에 처음에 배울 것이 많다. 나중에도 적지 않다.	교육 1일로 줄였던데 2일로 늘리고 찬찬히 서비스교육 시켜주면 좋겠습니다.
2015/6/14	스타벅스커피코리아(주)	100	70749	132496	3.0	3.0	3.0	3.0	3.0	0	1	서비스/고객지원	전직원	서울	 0 	False	"스타벅스란 무엇인가를 느끼고 싶다면 한번 해볼만한 직업"	다른 커피숍에 비해 이름이 있는 편이라 다양한 경험을 할수있다.	그냥 다른 브랜드의 커피숍과 별반 차이 없다.	사람들이 많이 찾는 브랜드 답게 더  노력했으면..
2015/6/11	스타벅스커피코리아(주)	100	70749	131596	4.0	2.0	2.0	3.0	2.0	0	None	영업/제휴	현직원	경기	 4 	False	"겉보기에 좋지 속은 곪음. 점장따라 매장 일하는 분위기가다름"	장점은 상여나 인센티브가 나온다는점. 파트너만 잘만나면 즐겁게 놀듯이 일할수 있다	프로모션이 너무 많아 아르바이트로 하긴 버거울정도 외울께 많다	정직원으로 채용하면 급여가 많이 나오니까 정직원이 할일도 알바한테 시키는 등 불합리한 일들이 많다
2015/6/9	스타벅스커피코리아(주)	100	70749	130221	2.0	3.0	3.0	3.0	3.0	1	1	서비스/고객지원	전직원	서울	 0 	False	"커피에 관심이 많거나 그쪽 업계에 발을 들이고 싶은 사람들에게는 추천할만 한 곳, 다만 손님일때와 직원일때의 환상"	글로벌한 커피브랜드에서 일한다는 자부심, 커피 및 다양한 음료에 대해서 접해볼 기회가 많음, 커피브랜드 회사의 시스템을 배울 수 있음.	손님일때 생각했던 좋은 서비스들이 직원들에게는 생각보다 많이 힘듦, 새로운 음료의 출시 덕분에 외워야 할 것들이 많음, 월급상승의 기회가 많이 적음.	스타벅스 브랜드의 얼굴을 대표하는 서비스직 종사자들을 위한 복지나 근로시간 단축등의 근로조건이 향상 되었으면 좋겠다.
2015/6/1	스타벅스커피코리아(주)	100	70749	126916	3.0	4.0	4.0	4.0	3.0	1	2	서비스/고객지원	전직원	서울	 0 	False	"수평적 조직 문화 체계적인 시스템, 하지만 연봉은 물가에 비해 낮은 편"	신세계 계열(대기업)로 인한 복지, 수평적 문화, flexible한 스케쥴	동종업계보단 높지만, 가장으로서 일하기엔 여전히 적은 연봉. 돈이 아닌 다른 것들에 가치를 두셔야해요.	매장이 곧 기업 자체의 매출인만큼, 직원들에게 좀 더 경제적인 투자는 어떨런지요?
2015/6/28	한국맥도날드(유)	100	3616	139417	4.0	3.0	2.0	3.0	3.0	1	1	서비스/고객지원	전직원	경기	 0 	False	"함께 일하는 사람을 잘 만난다면 즐겁게 일할 수 있는 곳, 스케줄 근무로인해 규칙적인 생활은 힘듬"	직원복지혜택이 잘 되어있는 편이며, 일의 체계가 잘 잡혀있다고 느꼈음. 열심히 일하면 승진의 기회도 잘 잡을 수 있음	매장 매니저들의 경우 제시간에 딱딱 퇴근하는 일이 거의 없었음. 스케줄 근무다보니 자기발전하기에는 시간이 잘 안따라줌. 협업이다보니 같이 일하는 사람과 잘 안맞으면 일하기가 너무 힘듬.	없음
2015/6/23	한국맥도날드(유)	100	3616	137176	3.0	4.0	1.0	3.0	2.0	0	2	서비스/고객지원	현직원	서울	 0 	False	"여자에겐 좋은직장이지만 건강은 잃을수있음. 생활패턴이 너무 불규칙함"	복지면에서 여자들에게 최고이고 정말 남녀차별이 없이 누구에게나 승진기회가 주어짐	매장장사잘되면 퇴근 눈치보여 연장근무 수두룩하고 상사에따라 다르지만 업무과중이 너무 과함	너무 시스템적으로만 접근해서 많은 직원들에게 스트레스를줌
2015/6/23	한국맥도날드(유)	100	3616	136829	3.0	1.0	2.0	4.0	2.0	0	1	서비스/고객지원	전직원	울산	 0 	False	"젊음과 열정이 넘치는 회사 다양한 사람들과 소통할수 있눈 좋은기회"	자유로운 근무조정이 가능하나 관리자 입장에선 수케줄관리가 쉅지 않음	열정에 비해 페이는 작은편 어딜가나 그렇듯 어딜가나 하는것에 비해 평가시스템은 미흡 불규칙한 생활	업무평가시스템 제고와 합리적인 임금에 대한 제고가 필요함
2015/6/22	한국맥도날드(유)	100	3616	136129	2.0	1.0	3.0	2.0	1.0	0	None	마케팅/시장조사	전직원	서울	 5 	False	"매장 직원에겐 좋을수 있으나, 본사 직원에게는 모든 측면에서 경쟁력이 없는 곳"	패스트푸드 업계에서 글로벌 1위라는 네임밸류	비합리적인 인사평가, 업무에 대한 전문성 부족, 팀장급 이상이 정체되어있는 항아리 모양의 조직구조	상호평가제 도입으로 근속연수가 높은 팀장급 이상에 대한 성과평가제를 강화할필요. 본사직원에 대한 케어가 필요
2015/6/19	한국맥도날드(유)	100	3616	135399	4.0	2.0	2.0	5.0	4.0	1	2	금융/재무	현직원	서울	 2 	False	"지속적으로 성장하는기업.안정성 비젼 모두 최고입니다. 그러나 조금은 닫힌기업."	매월 햄버거 4만원 무료 사용.  성장하는 기업이라 안정성도 높고 개인적인 승진기회도 빠를수있음.영어잘하면 성공함.	영어른 잘해야 비전있음. 영어못하면 한계가 분명함. 복리후생 별로 없음.	복리후생을 확대하고 연봉을 높여야함. 외부인재른 많이채용해야함
2015/6/19	한국맥도날드(유)	100	3616	135219	1.0	1.0	1.0	1.0	1.0	0	1	서비스/고객지원	전직원	기타	 0 	False	"외국계회사여서 철저하다. 그러나 오랫동안 일한다면 비추"	딱히 없지만 구지 뽑자면 근거리에서 근무가능하다	지역이동이 너무 많이 발생함. 무엇보다 3교대가 힘듦	더 많은 복지혜택이 있었으면 좋겠음. 퇴사율이 높은이유를 생각해봐야함
2015/6/17	한국맥도날드(유)	100	3616	134283	4.0	4.0	1.0	4.0	3.0	1	2	서비스/고객지원	전직원		 0 	False	"상상 이상의 체계적인 교육 및 진급 시스템, 그러나 이상(ideal)을 실현하기 힘든 근무환경"	진급의 기회, 교육의 기회가 열려있음.여러 사람과 소통하며 근무할 수 있음.거주지가 변경되어도, 해당 지역 지점으로 이동 가능함.월 단위로 스케쥴링하므로, 개인적인 상황과 매장 상황 고려하여 오프신청 가능함.	많은 알바생, 각자의 사정으로 인한 결근자 발생 가능성 매우 높음(짼다고 하죠), 매장은 돌아가야 하므로 대체자 구하느라 스트레스 받음.3교대로 인한 체력고갈(상상이상)8시간 시프트+ 1시간 휴식이 원칙이나, 사실은 9시간 근무+ 본인 Side job(발주, 스케쥴링 등등)에 따른 +a 근무매 프로모션 진행 시 결과 보고 & Action plan 작성 스트레스	체계적이고 훌륭한 교육을 받지만, 제대로 실현할 수 없는 구조가 정말로 안타깝습니다. 매니저 혼자 감당해야 할 게 너무 많다고 생각합니다. 한국맥도날드가 발전하길 원한다면, 관리자가 그 능력을 펼칠 수 있는 근무 환경을 만들어 주세요.
2015/6/16	한국맥도날드(유)	100	3616	133806	5.0	4.0	2.0	3.0	3.0	1	1	서비스/고객지원	현직원		 0 	False	"글로벌기업의.체계적인시스템을배울수있ㄷ"	여러연령대사람들과친밀한관계를맺을수있다	업무량이과도하고감정적으로힘들때가있습니다	근무시간의기본적인직원복지식사나휴식등..
2015/6/9	한국맥도날드(유)	100	3616	130401	4.0	3.0	1.0	1.0	1.0	0	1	서비스/고객지원	현직원	부산	 0 	False	"각종 데이터들을 분석하는 지식 습득, 방대한 업무로 인해 개인생활없음"	상대적으로 자유로운 근무날짜 조절. 다양한 사람들과의 교류. 체계적인 교육과 진급	업무시간에 해낼 수 없는 다양한 업무들이 요구됨. 개인 시간이 없고 24시 교대 근무로 인한 생활리듬 파괴	당연시되는 연장근무에 대한 변화. 실제 업무를 할 수 있는 시간 피료
2015/6/9	한국맥도날드(유)	100	3616	130289	5.0	4.0	1.0	3.0	4.0	0	1	서비스/고객지원	전직원	부산	 1 	False	"부산권에서는 괜찮은 연봉에 복지도 좋음. 하지만 교대근무에서 오는 피로도와 과도한 업무량과 책임감이 단점."	글로벌 기업인 만큼 내부직원에게 주는 복지가 좋음. 외식업계 평균이라고는 하지만 성과금까지 포함하면 지방권에서는 괜찮은 연봉과 대우.지속적인 업무 평가를 토대로한 자기 PR로 연봉협상.외국계 기업인 만큼 개인의 업무에 대한 평가. 학벌 안따지고 승진.	외국계 기업이긴 하나 회사 내부의 업무 처리는 한국의 군대문화를 떠올리게 하는 그것임.정해진 성과에 맞추기 위해 매니저가 죽어남.글로벌기업이란 인식으로 인해 외부 잣대가 과도하게 엄격함고객의 시야 역시 서비스에 대해 과도하게 바라고 글로벌 서비스라며 과잉친절 요구. 정신적 스트레스 심함.24시 영업으로 인해 교대근무- 쉬는 날 전날 야간 근무하면 다음 날 휴무는 하루종일 잠으로 끝남.어제아침에 퇴근하고 오늘낮에 출근함ㅋㅋㅋㅋㅋㅋ 이건 좀 웃자 ㅋㅋㅋㅋㅋ24시간 영업인 만큼 매장에 문제 발생시 시도때도없이 핸드폰 울림 (매장 분위기별 다름) 맡은 업무에 대해 책임을 다하고 완벽히 해내려면 쉬는 날 반납하고 일하는게 답임.....매장관리직인 매니저는 매장 바쁘면 퇴근? 없음ㅋㅋㅋ아르바이트생 관리하는 부점장은 전체 매니저직급중에 퇴사율 제일 높음. 갑을병정 줄세우면 제일 바닥에서 허우적거리는데 외부 시선은 맥도날드의 갑질로 치부함.	매장 관리하는 사람들의 실무를 본사 직원들이 실제로 경험해보고 그에 따른 마케팅이나 업무를 지시했으면 좋겠습니다. 내려오는대로 다 맞춰서 매장이 굴러가는데는 밑에서 죽어나는 매니저들이 있다는걸 아세요. 그리고 방문좀 그만 하세요. 경영진들 방문때마다 밤새서 청소하고 스텐바이하는데 오면 그냥 군대마냥 업무가 두세배는 뜁니다.
2015/6/25	(주)하나투어	100	49174	137918	2.0	1.0	1.0	3.0	2.0	0	None	경영/기획/컨설팅	현직원	서울	 1 	False	"업계1위여행사. 자부심을 느낄수있음직원을 도구사용하듯이 사용되는듯한 느낌.  과도한업무량에 비해 생활이 어려울정도의 연봉"	업계1위기업의 위엄.직원들과 정말 가족같은 분위기로 지낼수있음직원들대상으로하는 AD투어로 저렴한 여행가능	연봉인상율 2~3%수준의 초박봉..급여에비해 과도한 업무량외부환경 영향을 너무많이탐.	회사가 보유한 현금양은 무지많지만 급여수준 최하위.직원은 단순히 주주들 배당금 올려주기위한 부품이 아니에요
2015/6/24	(주)하나투어	100	49174	137761	3.0	2.0	4.0	3.0	3.0	1	1	인사/총무	전직원	서울	 0 	False	"여행업의 전반적인 분위기를 알 수 있는 메카다다다다다다"	글로벌 1위 기업에서 자부심을 느끼며, 잦은 해외 출장으로 다양한 경험을 할 수 있는 기업	비합리적인 인사평가 제도, 여초현상, 여행산업의 최대 단점인 낮은 연봉	직원들의 사기 진작을 위한 연봉 책정, 비 합리적인 인사 평가 제도의 개선 등등
2015/6/23	(주)하나투어	100	49174	136933	4.0	1.0	3.0	3.0	3.0	1	2	인사/총무	전직원	서울	 0 	False	"우리나라 최대의 여행사에서 일할 수 있다는 자부심을 느낄 수 있다"	여자 비율이 많은 편이라 남녀 차별이 거의 없고 비교적 자유로운 분위기 가끔 싸게 나오는 여행상품을 살 수 있다는 것도 장점	여행사 특성상 연봉이 굉장히 낮은 편	업무 시간에 맞게 연봉도 조금 올려주셧으면 좋겟습니다
2015/6/23	(주)하나투어	100	49174	136858	2.0	1.0	3.0	4.0	2.0	0	2	경영/기획/컨설팅	현직원	서울	 0 	False	"글로벌문화유통그룹으로 여행뿐아니라 면세점사업, 공연, 호텔 등에도 많은 투자와 지원을 아끼지 않는 발전하고 있는 1등 여행기업"	한국에서는 경쟁자가 없을정도로 압도적인 실적을 보여주고 있으며 박봉으로 유명한 여행업계에서는 그나마 복지가 나은편 업무시간이 길지 않으며, 야근이 다른 기업에 비해 적은편	전체적인 다른 기업과 비교할 때 보수가 턱없이 작은편이며 새로움과 참신함을 추구해야할 여행기업의 이미지와 달리 1등이라는 이미지에 고착되어 벌써 보수화되어가는 기업이라는것	일단 보수문제를 해결해야지 우수한 직원들이 하나투어를 떠나지 않을 것이며 충성도도 높아지지 않을까 싶다
2015/6/23	(주)하나투어	100	49174	136773	4.0	2.0	4.0	3.0	3.0	0	2	경영/기획/컨설팅	전직원		 0 	False	"개인 업무에만 집중하고 싶은 사람, 돈 상관 없이 그냥 편하게 일하고 싶은 사람에게 적격"	출퇴근 시간 자율, 캐쥬얼 데이 등 회사 자체가 꾸준히 변화하고 있어서 긍정적임. 수배의 경우 개인 업무가 많아 자기 일만 끝나면 얼마든지 칼퇴 가능.	내부 직원 직군끼리 미묘한 상하관계가 있고 이걸 신경쓰는 사람이 많음. 직군끼리 사이가 안좋아 싸우는 일이 많아서 이로 인한 정신소모가 많음.	내부에서 직원들끼리 뭉칠 수 있는 여러 소통의 창구를 만들어 주어야 할듯. 유도리가 아닌 회시 내규에 따른 체계화된 업무 가이드가 필요함
2015/6/19	(주)하나투어	100	49174	135027	4.0	2.0	1.0	4.0	2.0	0	2	서비스/고객지원	전직원	서울	 0 	False	"여행이 묻지도따지지도말고 적은연봉받아도 좋다하면들어오세요. 적다.적어."	여행을 싸게 자주 갈수있고 연차사용에 대한 의식이 유연합니다	노예같이일해야합니다. 바쁜와중에 업무강도심화도 계속됩니다	본인의 이상을 추구하지말고 직원의 말을 들어주세요.익명으로 열린소리에 쓰면 뭐합니까.. 들으려고하질않는데
2015/6/14	(주)하나투어	100	49174	132540	5.0	5.0	5.0	5.0	5.0	1	2	영업/제휴	현직원	서울	 0 	False	"생각보다 무지좋은거같으면서도 아닌가 아무튼 영봉이짜다"	집에서 가까운점이 무엇보다 제일 좋은거 같다	출근시 앉아서 출근을 못한다는개 슬프다	동호회를 좀더 많이 많들어 발전시켯우면
2015/6/7	(주)하나투어	100	49174	129226	1.0	2.0	3.0	2.0	2.0	0	None	영업/제휴	전직원	경남	 2 	False	"영업강도가 강하고 직무순환이 불가 스마트해진 고객들의 자주적 여행 증가로 매출하락이 예상"	여행업계 상위권으로 무엇보다 네임밸류가 있다고 생각	근무환경과 보수가 열악하며 실적에대한 압박이 심함	실제로 접해본적은 없기 때문에 잘 알지는 못함
2015/6/5	(주)하나투어	100	49174	128433	2.0	3.0	5.0	4.0	2.0	1	2	영업/제휴	현직원	서울	 0 	False	"연봉은 저렴하나 인생을 즐기기엔 좋은 기업"	싸게 여행 갈 수 있음팀장 따라 근무유연함철면피 깔면 칼퇴가능(팀따라 제한)미래의 성장가능성	연봉이 제일 문제. 남자가 만족하기엔 적은 액수	보상이 적은 것은 경영진도 인지하고 있는 바, 인재유출 막기 위해선 보상 적절히 필요
2015/6/2	(주)하나투어	100	49174	127142	1.0	1.0	3.0	1.0	1.0	0	None	영업/제휴	전직원	서울	 3 	False	"최악의 연봉과 상사. 여성들한테 좋은 기업."	칼퇴근 가능  work life balaance. 하지만 그게 다	수직소통구조. 저학력 상사다수 포진. 말이 안통함	주식으로 그만 배채우고 현장에서 제대로 관리를 좀 해보길....
2015/6/21	롯데지알에스(주) 롯데리아	100	78632	135827	2.0	2.0	4.0	4.0	3.0	0	2	금융/재무	전직원	서울	 0 	False	"외식업에 대해서는 다양한 경험 가능하나 월급이 적은편"	커피, 패스트푸드, 도넛, 패밀리 레스토랑, 아이스크림에 이어 백화점 등에 푸트코트와는 차별화된 외식업을 구상하여 외식업에대해서는 다양한 경험 가능	식대까지 연봉에 포함되어 월급이 적은편, 여자의 경우 승진하기 힘듦, 육아휴직에 대해 부정적	월급 및 근로자 복리후생 개선이 필요
2015/6/11	롯데지알에스(주) 롯데리아	100	78632	131319	3.0	2.0	2.0	2.0	2.0	1	1	서비스/고객지원	전직원	경기	 0 	False	"더 넓은 사회에 나가기 전에 다양한 경험을 하고자 한다면 추천함"	근무일 조정이 다소 유연함, 4시간에 한번 휴식 (식사제공)	현재는 어떨지 모르겠으나, (점장에 따라 다르겠지만) 퇴근이 자유롭지 못하고 근무자에 고등학생이 많아서 그런지 그만두는 경우가 많아 미숙한 직원이 많을 수 있음	퇴근시간에 퇴근한다고 할 경우 특별한 사항이 아니면 별 말 안하고 퇴근시켜주시길 바람.
2015/6/30	(주)세스코	100	71990	140788	1.0	1.0	2.0	2.0	1.0	0	1	서비스/고객지원	전직원		 3 	False	"전순표 회장이 회사를 성장시킨 업적은 크나 직원들 복지나 월급 부분이 아쉬움."	개인 차량 지급. 비수기(겨울)때 일이 한가함. 해당 거래처 방제작업 잘하고 고객들 크레임 없으면 위에서 거의 터치 안함.	여름에는 거의 못쉼. 무료방문서비스등 갈수록 해야하는 업무가 많음. 지사장들 자체가 군출신들이 많아 강압적인 업무지시(각지사마다 사무실 분위기는 다름)	직원 월급 좀 많이 주세요. 직원들 복지를 좋게해 주세요.
2015/6/29	(주)세스코	100	71990	140013	3.0	3.0	5.0	4.0	3.0	0	2	영업/제휴	전직원	서울	 0 	False	"동종업계에서는 1위 하지만 전체적으로는 그닥.. 보수적인집단"	1위업계이기때문에 영업활동에관해서는 괜찮은편또한 복지도 영업사원에게도 괜찮은편임	다소 보수적인 집단으로 군대를 거치지않은 사람들에게는낯선환경이 될것임	임금수준을 좀더 높혀주면 이직률이 좀 개선되지 아니할까 생각이듭니다
2015/6/29	(주)세스코	100	71990	139825	1.0	1.0	2.0	1.0	1.0	0	1	연구개발	현직원	서울	 2 	False	"분류는 대기업 / 경영마인드, 복지, 급여수준 소기업"	브랜드 이미지 / 대외적인 시선 / 안정적 / 편안함	비합리적인 인사평가제도 / 낮은 수준의 급여 / 복지제도 없음 / 법인기업이지만 개인회사 문화 / 부서간 co-work 이뤄지지 않음 / 부서장의 권력남용 / 군대조직문화 / 과거 일본기업 문화	기술(엔지니어)가 발전의 난항을 겪음기술업무보다 잡다한 업무의 중요도가 높음급여수준 향상복지제도 확립근무여건 개선(셔틀 / 위치 / 복장)
2015/6/27	(주)세스코	100	71990	139065	1.0	1.0	1.0	1.0	1.0	0	1	영업/제휴	현직원	경기	 7 	False	"10년 이상 근무해도 연봉 2500(성과급500제외 )이상 받기 힘들어 직원들이 항시 취업정보 보면서 이직 준비함 임금 오픈 절대못하게함 임금때문 이라면 절대 말리고 싶은직장임 절대 많이 받을수 없음"	세스코만 알기 때문에  지명도 있고 신사옥 건물 좋아 인지도 향상	1년차나 10년차나 직책이 없다보니 똑같음 오래될수록 다니기 힘들며 1년차 10년차 50만원 차이남 년에5만원 인상 보면됨	회사는 경력자  채용하면서 동종업계 이직못하게 하는건 잘못되었다 판단됨  가능하게 만들어 주었으면 좋겠음
2015/6/27	(주)세스코	100	71990	138975	2.0	1.0	3.0	3.0	1.0	0	1	서비스/고객지원	현직원		 2 	False	"단적으로 직원을 소모품으로 아는 회사."	외근직이라 근무 시간에 대해선 탄력적.	서비스 담당자가 미수금 챙기러 다니는 유래없는 구조.	업무배분과 직원 복지를 신경 써 주신다면 10배 이상 성장 가능성 있음.
2015/6/23	(주)세스코	100	71990	136905	3.0	1.0	2.0	2.0	1.0	0	None	영업/제휴	전직원	서울	 4 	False	"해충방제 1위 회사로 인지도가 있으며 이미지가 좋아 사람들에게 대외적으로 좋음"	지금 커가는 과도기라서 기회를 잘 잡으면 승진 및 일의 기회가 풍부함	본사는 야근이 매우 많으며 정치가 있어 살벌하며 지사에서는 보통 분위기는 좋으나 지사장이 군출신, 보험회사출신이 많으므로 보수적임보통회사도 마찬가지로 부속품 취급하지만 이곳은 나사 취급함신사옥이 만들어지면서 회사가 전반적으로 타이트해짐	체계적인 인력관리 및 외실 뿐만 아니라 내실도 커가야함직원 복지에 신경써주시며 보상을 제대로 해주면 더 회사는 커나아갈것임
2015/6/20	(주)세스코	100	71990	135570	2.0	1.0	3.0	3.0	3.0	0	2	영업/제휴	현직원		 1 	False	"국내 해충방제 업계 1등 기업이라 인지도는 좋으나 그만큼 연봉이 높은편은 아님. 높은 연봉을 바란다면 비추지만 다양한 경험은 가능하니 입사 고려시 신중히 생각하길...여기 취업하면 너 바퀴벌레 잡아? 우리집 개미 있는데 와서 잡아줘 소리 엄청 들음.."	국내1등기업 자부심, 사업확장에 따른 기대, 직원수가 많아서 좋은사람도 많음	국내 1등기업이지만 연봉 낮음, 복지는 거의 없음, 직원수 많아서 그중 모난 사람도 많음	사업이 확장되고 회사가 커지는 만큼 내 연봉도 커지고 내 자신도 커지고 싶은 마음이 있음. 나 스스로 애사심도 크고 책임감도 큰 직원이라고 생각하며 근무하고 있으며 이런 직원들이 생각보다 많다는걸 기억해 주시길 바람.
2015/6/18	(주)세스코	100	71990	134730	5.0	4.0	4.0	4.0	4.0	1	2	마케팅/시장조사	전직원	서울	 0 	False	"업계내 압도적인 시장점유율과 성장성을 가진 기업"	높은 시장점유율 1위. 세계 최대 연구소. 해당업계 인지도가 매우높고 신규사업 확장도 꾸준해서 향후 기업은 더 성장할 것으로 생각됩니다.	본사 위치가 서울 강동쪽으로 멀다. 1위기업인데도 연봉 처우가 높은편은 아닌듯..	기업마인드도 좋고,, 세계적인 기업으로 더 발전하시길 바랍니다.
2015/6/17	(주)세스코	100	71990	134015	2.0	1.0	3.0	2.0	1.0	0	2	영업/제휴	전직원	대전	 0 	False	"진짜 너무 적은 월급 갈수록 늘어나는 업무가 많음"	업계1의라 브랜드이미지가 잇음 회사 이미지	미흡한 복리후생 너무 적은 월급 늘어나는 업무ㅏ	월급인상좀 해라 너무 적다 생활이 안된다
2015/6/6	(주)세스코	100	71990	128948	1.0	1.0	3.0	4.0	1.0	0	2	서비스/고객지원	현직원	서울	 0 	False	"직원을 소모품으로 생각하는 회사. 근속연수 높아질 수록 불안"	주경야독 할 수 있는 기업 낮에는 일시키고 평가 및 교육이라는 명목하에 밤에는 공부 해야 함	직원복지 나쁘고, 근로환경 개선에 관심 없으며, 직원을 소모품 취급 함. 개인 실적, 성적으로 직원을 평가 하므로 아무리 열심히 해도 실적, 성적 안좋으면 성장할 수 없음.	근로환경 개선이 시급 이 회사를 다니며 최고 후회 되는건 더 빨리 입사 하지 못한 것 이라는 생각이 들 수 있도록 만들어주세요
2015/6/2	(주)세스코	100	71990	127348	3.0	3.0	3.0	1.0	1.0	0	1	영업/제휴	현직원	충북	 0 	False	"시스템의 리모델링에 실패한회사급여는 과거보다는 만족하며 소잃고 외양간 고치다보니 모래성 느낌"	급여는 기존보다많이 오름 회사전체가 외근직이라 외근시간동안은 선배눈치안봄	눈에안보이니 트래킹 심함부서들끼리 파워게임 개심함방제기술직들의 타부서 열등감이 심해서 전사적으로 이분들 눈치를 봅니다.생산성이 안나온다고 작업거부하고 하는데 정확한기준도 없음	좀더 선진적인 경영을 해주세요 롯데랑 분위기가 넘 비슷함 사내시스템을 확고히 정립필요
2015/6/2	(주)세스코	100	71990	127347	3.0	3.0	1.0	1.0	2.0	0	1	영업/제휴	현직원		 1 	False	"내친구,후배가 지원한다면 뜯어말리고싶은곳 경영진들의 마인드는 내인생전부를 이회사에 올인할것을요구 심지어 내상관은 20년 넘게 연차한번도안쓴걸 자랑스러워함"	이직이많아서 가만히있으면 이끼처럼 있으면 자동진급됨그래서 방제직팀장급들중 월급깡패가많음 월급이많아서 깡패가아니라 아무일도안하는깡패	기업자체는 그래도 괜찮은데 사람들 중간중간 초싸이코가포진해있음 또 을의위치에서 일을하다보니 중간관리자들이 갑질함	제발부탁인데 직원들을 소모품처럼대하지말길급여는 솔직히 만족함
2015/6/27	씨제이푸드빌(주)	100	23183	138886	3.0	3.0	2.0	3.0	3.0	1	2	서비스/고객지원	현직원	부산	 0 	False	"외식은 cj 라는 자부심을 가지고 근무하고 있으며 동종업계 최로라고 생각한다"	당연히 복지인것같다자주 이용하는 외식 프렌차이져 올리브영 영화 할인해택까지...	임금이 조금 더 올랐으면 좋겠고 정직원에대한 처우가 조금 더 좋아졌으면한다	교육면에서 너무 만족하고 직원 복지도 좋다하지만 바뀐 직급제도와 그에대한 ot시간등 이전이 더 나은것같다
2015/6/9	씨제이푸드빌(주)	100	23183	130242	3.0	4.0	2.0	3.0	3.0	0	2	서비스/고객지원	전직원	서울	 1 	False	"일하는거에 비해 연봉이적음 근무외시간이 많음"	대기업인 만큼 그래도 복지 혜택이 좋음	근무외시간에 따로 시간내서 업무를 해야함	연장시간으로 일할때는 급여 플러스로 더줬음 좋겠다
2015/6/2	씨제이푸드빌(주)	100	23183	127380	3.0	3.0	3.0	3.0	3.0	1	2	마케팅/시장조사	전직원	서울	 0 	False	"외식업에 관심있다면 추천할만함 하지만 한국기업 특성상 비효율적인 부분은 있음"	특히 여성들은 씨제이에서 일하기 좋음, 복지부분이나 출산휴가 등 자유롭게 쓰는 분위기	한국기업의 특유의 문화는 있음 비효율적인 업무들 등, 잦은 인사 이동이나 구조 조정 등 어수선한 분위기도 있음	인재들이 오래 일할 수 있는 업무환경 조성은 필요함 말만 글로벌이라고 하지말고 업무환경이나 기업문화부터 글로벌화가 필요함
2015/6/29	아워홈(주)	100	68269	139730	4.0	2.0	3.0	4.0	3.0	1	2	인사/총무	현직원	서울	 0 	False	"업계를 선도하는 종합식품기업. LG에서 분리독립한 회사로서 LG의 문화가 많이 남아있음."	고용 안정성이 높으며, 업계 1위로서의 노하우가 많음.여직원도 많고 근무 분위기가 부드러운 편	대기업 계열사가 경쟁사이므로 경쟁이 치열함사업부 간 명암이 있음	오너 기업이지만 본인의 소신을 가지고 직원들을 이끌어주었으면 하는 바람
2015/6/26	아워홈(주)	100	68269	138832	4.0	2.0	3.0	3.0	2.0	0	None	생산/제조	현직원	경기	 1 	False	"오너기업이 어떤것인지 제대로 체험할수있는회사. 연봉도 식품업계치고 괜찮게 쳐주지만 시스템은 중소기업 수준."	나름 lg가라는 자부심. 급식업계 1위. 업무 강도 약함. 널널한편	체계적이지 못한 시스템. 다들 열심히 일하지 않는 분위기. 위에서 다그칠때만 바짝 바쁜 기업. 기업 분위기가 당분간 바뀌기 힘들듯	전문 경영인 채용하여 시스템을 다잡아야함. 이대로 가다가는 도태됨
2015/6/26	아워홈(주)	100	68269	138567	3.0	2.0	4.0	3.0	3.0	1	1	인사/총무	현직원	서울	 0 	False	"타회사에 비해 전반적인 시스템이 잘 구축되어 있는것 같습니다."	여러가지 사업을 하고있어 다앙한 분야를 경험해볼 수 있습니다.	급여 및 복지가 좀 낮습니다. 1/20으로 급여가 나오는것도... 외식업장 직원할인도 없고ㅠ	위탁급식 하는회사인데 회사내 구내식당 이용해도 식사비가 하루한끼 금액보다 모자라서 개인돈 지불해야 합니다. 조중석식 모두가 안된다면 한끼라도 제대로 지원되었으면 합니다.
2015/6/26	아워홈(주)	100	68269	138450	3.0	2.0	4.0	4.0	1.0	0	1	경영/기획/컨설팅	현직원	서울	 1 	False	"오너 중심의 조직 체계를 잘 이해해야 살아남음. 직급이 올라갈수록 합리성과 효율성은 없고 정치만 남는회사."	가늘고 길게 다닐수있음 개인의 자기개발은 알아서 해야됨	개인이 결정하고 할수있는 일이별로없음 단 영양사 조리사는 다니기 무난함	오너 눈치보지 않고 진정으로 회사가 발전하는 방향으로 의사결정 해주시길. . 자기들 밥그릇만 챙기지말고. .
2015/6/25	아워홈(주)	100	68269	138334	1.0	3.0	3.0	3.0	3.0	0	1	전문직	전직원	경기	 1 	False	"단순 계약 형태로 근무했기때문에 해당 가업에 대해 총체적인 평가를 하기에 어려움이 있습니다."	비록 계약직이었지만, 타 중소기업에서 제공하지 않는 최소한의 복지가 보장되었습니다.	개인적으로, 계약직으로서 정규직 전환 또는 기타 희망하는 업무로 변경 등에 있어서 기회가 없었습니다	전문적인 브랜딩 전략에 맞는 품질의 제품 또는 서비스를 제공할 수 있어야 한다고 생각합니다.
2015/6/25	아워홈(주)	100	68269	138085	1.0	3.0	3.0	3.0	2.0	0	2	생산/제조	전직원	경기	 0 	False	"종합식품회사으로서의 발전이 이루어지고 있는 회사 발전가능성이 있는 회사"	성장하고잇는 회사로서 복지나 이런것도 나쁘지 않다고 생각함	보수적인 분위기. 본사나 공장마다 차이는 잇겟지만 보수적인 편	직급체계가 복잡하다고 생각됨. 남녀 평등하게 진급의 기회가
2015/6/24	아워홈(주)	100	68269	137590	3.0	3.0	4.0	5.0	2.0	1	1	경영/기획/컨설팅	전직원		 1 	False	"급식업체 점유율 1위 회사로 안정적인 편직원수는 대기업이지만 회사문화나 체계는 중견기업"	부서마다 다르겠지만 회사가 공무원스러움 그래서 그냥저냥 다닐만함	가족회사라 직원들이 할 수있는 것이 거의 없음다른 동종사에 비해 급여가 적음	직원들의 의견을 수렴해서 수평적인 조직문화로 개선시킬 필요성이 있다
2015/6/22	아워홈(주)	100	68269	136469	2.0	3.0	3.0	2.0	1.0	0	1	전문직	현직원	경기	 1 	False	"아.. 이젠 떠나고 싶다.. 새로운 시작을 하고 싶게 만드는 회사"	결혼전, 출산전에 빡세게 일하고 다양한 경험하고 나 스스로를강하게 만들어주는 회사. 육아휴직을 눈치보지 않아 마음껏 누릴수있는 회사	권한은 없이, 책임만 따르는 회사위탁사와 당사 사이에 총알받이 된 느낌을 주는 회사	책임과 권한을 함께 주었으면 좋겠습니다
2015/6/22	아워홈(주)	100	68269	136468	1.0	1.0	3.0	2.0	1.0	0	1	전문직	현직원	경기	 0 	False	"처음에는 아 우리회사 앞으로 좀 어려워지나보다 했는데 지금 생각해보면 그때도 어려운때였음"	장점이랄게 있다면 선두기업이었었었었던거 지금은 역주행 중	외식 외식에 그만투자합시다 아예 회사를 나눠 급식과 외식간의 서로 피해보는 일 없길	화이팅! 사장님 공석에서도 힘을 보여주세요
2015/6/18	아워홈(주)	100	68269	134600	1.0	5.0	3.0	2.0	1.0	0	1	경영/기획/컨설팅	전직원	서울	 0 	False	"오너가 좌지우지하는 규모보다 덜 체계적인 회사"	여러분야의 일을 할수 있음. 연봉은 평균	겉으로 보기에는 괜찮아 보이지만 실제로는 하나도 체계적인게 없음. 승진 및 직원복지에 관심이 없음 .이직율이 높음	회사규모에 맞게 체계적인 시스템으로 업무가 이루어졌으면함
2015/6/17	아워홈(주)	100	68269	134352	2.0	2.0	2.0	2.0	2.0	0	1	마케팅/시장조사	전직원	서울	 1 	False	"경력직이 많은 회사. 오너 말 한마디가 중요한 회사"	해당분야에서 알아주는 회사 위치. 식자재쪽으로 성장동력을 찾으려고함	경력직이 많다.회사에 로열티를 가지고 일하는 사람은 별로 없는 느낌	연수단계부터 군대식 문화가 있습니다. 개선이 필요한 부분
2015/6/16	아워홈(주)	100	68269	133516	3.0	2.0	2.0	2.0	1.0	0	None	서비스/고객지원	현직원	서울	 0 	False	"대단히 높은 이직율 그로인해 기존 직원의 이탈 가능성 매우 큼"	외식업은 아직 발전 가능성이.큰 편임	높은 이직율에 비해 기존 직원에 대한 대우가 형편없음	지금 현 직원들에 대한 대우를 한번 보시길
2015/6/15	아워홈(주)	100	68269	133254	1.0	3.0	2.0	1.0	1.0	0	1	서비스/고객지원	현직원		 1 	False	"식품기업으로 외식및식자재 사업이 활발"	전국적으로 발령날수있으며 사택 및 교통비지원	너무 업무에 대한 과중이 심하며 책임감이 많이 따름	각 근무인원이 해야할 직무에 대하여 좀더 관심을 반밤
2015/6/2	아워홈(주)	100	68269	127340	2.0	2.0	3.0	1.0	1.0	0	2	전문직	전직원	서울	 0 	False	"근무 한 시간만큼의 임금은 받을 수 있으나 눈치를 보게 되며, 적은 임금과 낮은 복지를 가지고 있음"	병원그룹이여서 복지에 본인 및 가족들이 병원비 감면 및 수술비를 감면 받을 수 있음.	비합리적인 인사평가제도와 고위 직급자들의 만행이 심함	업무 배분과 연봉측정 및 실질적인 업무를 하는 사람에게는 보상이 있길 바람
2015/6/1	아워홈(주)	100	68269	126788	3.0	2.0	2.0	2.0	2.0	0	None	마케팅/시장조사	전직원	서울	 0 	False	"정말 야근 많은 회사.. 일과 삶의 균형이 없는 회사임 정말 힘들었음"	그래도 대기업. 매출액으로 보면 대기업이긴하다. 나름 채널을 다양하게 가지고 있다. 식품업계 종사를 원하면 괜찮음	야근, 보수적인 문화, 복지란 찾아볼 수 없음.	일단, 제품력이 그렇게 좋지 않아서 과연 시장에서 이게 먹힐까 싶은게 많은데, 그런부분에 대해 본인들이 잘 생각해 보아야 할듯
2015/6/29	아웃백스테이크하우스코리아(유)	100	86465	140030	2.0	2.0	3.0	4.0	2.0	0	None	서비스/고객지원	현직원	대구	 0 	False	"내가하고싶던서비스직에서일해볼수있었고 높은연봉은아니지만 일한만큼월급을받고생활했으며 서비스직에서근무하면서사람에대한인식이많이바꼈다"	서비스의참된모습을배울수있음 서비스가어떤것인지를배울수있으며 서비스를하면서마음가짐과몸가짐이바르게됨 직원들에게서비스를많이해줌(직원식사나 명절이되면직원들에게주는선물등)	쉬는시간짤없이시급에서제외되며 바쁠때는출근시간변동은물론쉬는직원도헬퍼로출근해야함	업무분배가효율적으로이뤄졌으면좋겠고 직원들의스케쥴도존중해주길바람
2015/6/28	아웃백스테이크하우스코리아(유)	100	86465	139215	4.0	3.0	3.0	5.0	5.0	1	1	영업/제휴	전직원	서울	 0 	False	"서비스마인드를 제대로 배울 수 있는 곳. 시급도 높고 적정 법적인 임금을 다 챙겨준다"	직원할인이 많음. 50프로할인까지 가능하며 그외에 포상으로 음식권도 줌	불규칙한 퇴근시간, 쉬는시간. 손님의 수에 따라 유동적임	가족적인 분위기가 좋았다. 서비스업종에 일하고 싶다면 많은 것을 배울 수 있는곳이다
2015/6/19	아웃백스테이크하우스코리아(유)	100	86465	135459	4.0	4.0	1.0	2.0	2.0	0	None	전문직	현직원	서울	 0 	False	"매일40km행군을시키는느낌 너무 몰아붙임"	시간계산이정확해 휴게시간 야간수당 연장수당이 정확함	시간압박이심함 할일을주고 또주고 또주고	너무몰아붙이지말고 직원들이 지금얼마나힘들어하는지봐줫으면
2015/6/17	아웃백스테이크하우스코리아(유)	100	86465	134395	4.0	3.0	2.0	3.0	3.0	0	None	서비스/고객지원	전직원		 0 	False	"높은 페이. 그만큼 높은 업무 강도. 서비스직 끝판왕"	확실한 임금 및 추가근무 보상. 월 정기 회의를 통한 우수직원 포상제도 및 할인혜택	고강도 근무환경. 지나친 서비스마인드 요구로 인한 업무 스트레스	직원복지 및 업무체계에 대한 개편 필요
2015/6/11	아웃백스테이크하우스코리아(유)	100	86465	131193	4.0	3.0	2.0	4.0	2.0	0	1	서비스/고객지원	전직원	충남	 0 	False	"매우 힘들긴 하지만 서비스 직종의 일을하기엔 좋은 경험"	정확한 출퇴근시간 기록으로 급여가 정확하게 나오고 젊은 사람들끼리 서로 소통하며 즐겁게 일할수있음	너무 일이 힘듬 특히 여자들이 큰 트레이를 들기에 매우 업무강도가 높다고생각이됨 바쁠땐 눈치도 많이보임	일하는 사람들의 위생교육에 신경을 더 써줬으면 좋겠다
2015/6/15	(주)커피빈코리아	100	53841	132751	1.0	1.0	1.0	1.0	5.0	0	None	기타	전직원	서울	 1 	False	"오너 회사로 경영적인 혁식이나 효율성은 기대하지않는게 좋음"	주어진 일만 처리하면됨간섭하는 사람이 없음	오너회사에 한계가 많음성장보단.유지가 목적인 회사	체계적인 업무분배와 혁신이 필요한거같습니다
2015/6/27	(주)호텔신라	100	47377	139072	3.0	3.0	1.0	1.0	2.0	0	2	경영/기획/컨설팅	현직원	서울	 0 	False	"회사의 비전은 높고 거창하나, 직원의 비전은 보이지 않는다."	1. 삼성그룹의 일원, 혹은 호텔리어라는 자긍심2. 다양하고 디테일한 분석이 필요하다보니 맡은 업무에는 깊은 전문성이 생김	1.삼성인데 삼성사람들 말고는 태반이 삼성인지 모름2. 일좀 한다 하는사람은 장난아니게 빡세게 굴림. 근데 좀 떨어지는 사람한텐 이렇게 편한직장이 없을듯	회사 비전을 생각하는 만큼 직원들의 비전도 좀 생각해주세요.
2015/6/27	(주)호텔신라	100	47377	139017	3.0	1.0	2.0	4.0	2.0	0	1	마케팅/시장조사	현직원	서울	 3 	False	"회사의 성장과 직원 만족도는 별개, 업계 최저 수준의 연봉(면세)"	- 입사 1~2년 차에게 많은 권한을 부여해줌.- 회식이 잦지 않고 기업 문화가 부드러운 편.- 근무지 위치가 나쁘지 않은 편.- 회사가 이제 성장을 시작하는 단계로 여러가지 해외 사업으로 인한 글로벌 경험 기회가 존재.	- 대리 3-4년차가 되어도 동종업계 타사(롯데, 신세계) 신입 연봉보다 적음- 제조업 위주의 삼성 기준에 제도를 맞추다 보니 유통업에 맞지 않은 페이퍼 워크와 제약사항으로 업무에 애로 사항이 많음.- 경력직과 삼성 타계열사 전배 인력이 많다보니 반대로 공채 인력들의 처우가 나아지지 않는 편.(삼성그룹 계열사 중 신입 공채 연봉 최저)	호텔과 면세유통사업부의 분리를 통해 쓸데없는 잡무와 프로세스를 줄여야 한다.(삼성 그룹내에 있는게 도움이 되는지도 의문, 오너 계열사인데 유통업에 맞지 않는 삼성 그룹 제도에 질질 끌려다니는걸 왜 그냥 두고 있는지 모르겠음) 타 유통업체(롯데, 신세계)와 비교하여 나은 처우를 보장하지 않으면 지금과 같은 인력 유출은 더 증가할 뿐. 여기서 6,7년 일해봐야 타사 신입 연봉 수준이라는 부분이 타사 전직의 가장 큰 이유.
2015/6/23	(주)호텔신라	100	47377	137200	2.0	3.0	3.0	4.0	3.0	1	2	서비스/고객지원	전직원	서울	 0 	False	"환상을 가지고 들어와서는 버티기 어려운 체력이 중요한 일"	전반적으로 동료들의 인성이 타 호텔에 비해 되어있다고 느낌	피라미드 구조로 어느 수준에서 올라가는 것이 어려움	여성 직원들에 대한 배려나 직급 개방이 좀 더 이루어졌으면 함
2015/6/18	(주)호텔신라	100	47377	134649	2.0	2.0	3.0	3.0	3.0	0	2	서비스/고객지원	현직원		 0 	False	"보수적인 조직, 삼성인듯 아닌듯,"	기혼 여성들에게는 육아휴직이나 뭐 이런 복지 정도..	비공정한 평가, 굉장히 보수적인 조직, 아무리 서비스업을 하는 회사라 해도 너무 고객밖에 모름. 직원은 아웃오브안중. 늘 똑같은 교육만 반복. 승진어려움. 다른곳에 비해 턱없이 낮은 연봉.	공정한 평가,  다양한 교육 및 기회제공. 적성에 맞는 직무배치
2015/6/16	(주)호텔신라	100	47377	133556	2.0	3.0	1.0	3.0	2.0	0	None	인사/총무	전직원	서울	 0 	False	"국내 최고의 호텔에서 근무한다는 자부심은 가질 수 있으나 삼성 계열이라는 느낌은 갖기 어려움"	국내 최고의 호텔에서 근무하는 호텔리어라는 자부심	업무량이 많고 매출에 대한 압박이 심함	팀장급에 대해 팀원들이 느끼는 것과 팀장이 경영진에 보고하는 것과의 온도차이가 크다는 것을 인식해야 함
2015/6/15	(주)호텔신라	100	47377	132799	2.0	3.0	2.0	3.0	2.0	0	1	서비스/고객지원	전직원	서울	 0 	False	"삼성 계열이지만 삼성의 복지는 쏙 빼고 이름만 남았다"	한국에서 서비스면에서 최고이기에많이 배울 수 있다	힘든 야근근무, 성과에 대한 압박이 크다	그다지 바라는게 많지 않다 가고싶지 않다
2015/6/14	(주)호텔신라	100	47377	132705	3.0	1.0	2.0	4.0	3.0	0	2	마케팅/시장조사	현직원		 0 	False	"삼성다운 철저한 관리와 합리성이 조직문화 밑바탕에 깔려있지만 되려 이부분이 유통업에 부적합함. 산업의 성장 모멘텀이 매우 제한적이고 직원에 대한 처우가 매우 열악함."	한국 기업치고는 상대적으로 깨끗하고 합리적인 조직문화를 갖고있으며 기업 자체의 이미지도 매우 좋다. 최근 급성장으로 사업영역 확장도 눈여겨볼만함.	이미지와 실제의 괴리가 매우 크다. 동종업계에서 직원 처우 관련해 경쟁력이 없어 직원의 이탈이 극심하다.	직원을 비용으로 보지 말고 자산으로 보는 관점이 필요.
2015/6/10	(주)호텔신라	100	47377	130959	2.0	1.0	2.0	3.0	2.0	0	1	마케팅/시장조사	현직원	서울	 4 	False	"애증의 회사. 대외적인 이미지는 좋지만 다니는 나는 힘들다."	대외적인 이미지동종업계 국내최고라는 자부심다니다보면 어떻게든 뭐 하나든 배우기는 마련	낮고 낮디 낮은 연봉인사적체능력있는 인재를 제대로 활용하지 못함	좀 더 효율적으로 개선되었으면합니다. 그게 무엇이든간에요
2015/6/1	(주)호텔신라	100	47377	126881	3.0	3.0	3.0	3.0	3.0	0	1	인사/총무	전직원	서울	 0 	False	"화려해보이는 겉모습에 비하여 보수적인 조직. 삼성안의 비삼성"	짧게 인턴으로 일했는데 짧다면 짧은 경험을 바탕으로 말해보자면 신라호텔에서 일한다고 하면 느껴지는 럭셔리하고 화려한 이미지는 장점일 듯하다. 그리고 업무적으로는 면세사업이 중국관광객들의 영향으로 이익이 잘 나는 편이라 그 쪽으로 수익성이 개선될 가능성 큼(중국어를 잘하면 내부에서 유리할 듯). 또 오너가 대표인 회사이므로 오너가 회사 사업을 잘 챙기려고 하는 느낌.	화려한 이미지에 비하여 직원들의 업무는 전혀 화려하지 않음. 여기서 일하고 나니 호텔은 직원으로 올 때와 고객으로 올 때가 180도 다르다는 것을 느끼게 되었음. 고객 대응 관련하여 B2C 기업 특유의 고충이 많고 이로 인한 스트레스 많음. 오너가 대표라 임원과 사원 모두가 오너의 눈치를 심하게 보는 분위기. 덩달아 임원들은 군대식 마인드와 보수적 태도가 심함. 호텔사업의 경우 제1자산이 부동산(호텔)인데 감가상각이 커 수익을 내기가 힘든 구조. 사옥은 호텔 맞은편 사무실을 임차하여 쓰는데 환경이 매우 열악함.	우선적으로 사무실 환경 문제를 개선하였으면. 그리고 임원들이 좀 더 열린 마인드를 갖기를 바람.
2015/6/10	트랜스코스모스코리아(주)	100	51105	130850	3.0	2.0	3.0	3.0	3.0	0	1	서비스/고객지원	전직원	서울	 0 	False	"아웃소싱 기업으로 다른기업의 상담 업무 등을 대행하는 회사"	기술상담 쪽이라 일반상담보다는 전화량이 많지 않고 칼퇴근이 가능하며 분위기도 괜찮은편	기술상담이라 하더라도 전화상담이라 다소 정신적 스트레스가 쌓일 수 있고, 복지수준이 특별히 좋은 건 없음	직원 복지에 신경써줬으면 좋겠습니다.
2015/6/10	트랜스코스모스코리아(주)	100	51105	130711	2.0	1.0	1.0	3.0	1.0	0	None	서비스/고객지원	전직원	서울	 0 	False	"상담사로 들어가서 경력을 쌓고 다른 기업으로 이직을 권유하고 싶은 회사. 관리직군까지의 길이 무척길고 이직율이 매우 높음"	쉽게 들어갈 수 있음. 관리자에게는 꽤 교육이 있지만 일반 기업의 복지와 비교할 수준은 안됨	사람을 수치로 다루는 기업. 적어도 고객상담쪽은 수치에 죽고 사는 것이 강함. 관리자는 그나마 나은편이지만 국내기업의 센터는 죽어남. 적은 연봉에 지속적인 야근이 필수가 됨. 매일 8시이후에 퇴근하고 야근 수당도 100프로 받을수 없는 경우도 있음 그러나 외국계기업의 센터는 영어를 쓰면 조금 더 나은 상황에서 일할수는 있음(관리자에 한함)	사람이 기계 부품이 아닌 잠재적인 인재로 다뤄주는 것이 필요함
2015/6/7	씨제이푸드빌(주) 빕스	100	91680	129206	3.0	2.0	4.0	1.0	3.0	0	1	기타	전직원	서울	 0 	False	"바쁘게 돌아가는 업무 속에서 식품 서비스 계열의 진면모를 불수있었다"	바빠서 시간이 금방간다. 일하면서 슬쩍슬쩍 음식을 주워먹을 수 있다. 점심식사 제공	텃세가 조금 있고 선배들이 후배에게 일을 더 많이 시킴, 남여흡연자가 많아 흡연하지 않을시 친해지기 힘듦	업무분담이 합리적으로 이루어졌으면 좋겠다
2015/6/25	(주)에스텍시스템	100	89310	137993	3.0	2.0	2.0	1.0	1.0	0	None	서비스/고객지원	현직원	경기	 0 	False	"알바에게 자존감을 부여하기위해 직원이라 부르는 느낌이 강한 회사"	삼성계열의 보안을 주로 담당하므로 삼성의 근무를 엿볼 수 있음 경력이 쌓이면 일의 양이 5분의 1수준으로 줄어듦	군대적인 시스템이 굉장히 강함 군대보다 심하면 심할수도 있음 선배 하나를 잘못만나냐 잘 만나냐에따라 근무의 난이도가 확연하게 틀려짐 윗선은 일을 잘 하지않으며 후임이 윗선을 챙겨야 하는 회사선임이 후임의 휴무를 마음대로 조정하여 변경할수도 있음.	어떻게든 오래다녔다고 내버려 두는 것보다는아랫사람을 끌어올리는데 노력이 굉장히 많이 필요함..부적절한 군대식 문화도 버려야될 필요가 있음..
2015/6/13	(주)에스텍시스템	100	89310	132105	1.0	1.0	1.0	1.0	1.0	0	None	서비스/고객지원	전직원		 0 	False	"보안에 대해서 배울 수 있는 회사. 그 이상, 그 이하도 아님"	전국적으로 뽑는 인원이 많아서 원하기만 한다면 쉽게 들어갈 수 있다.	군대식 시스템. 퇴시자가 많기 때문에 채용인원 많다 도망가는 사람이 많기 때문에 휴무일이 제대로 안지켜질때가 많다	인력충원, 복지제도 및 사내문화 개편
2015/6/12	(주)에스텍시스템	100	89310	131694	3.0	2.0	4.0	3.0	3.0	0	2	서비스/고객지원	전직원	대구	 0 	False	"버텨서 팀장까지 가면 나쁘지않음나쁘지 않은 연봉과 나쁘지 않은 복지"	일이 쉽고 대치근무 등으로 추가수당을 벌수있다.	몸이 피곤하고 자기계발은 기대하기 어렵다.	5년차까지 버티는 사람이 잘 없다는 것이 무엇을 의미하는지 잘 생각해보시길
2015/6/1	(주)에스텍시스템	100	89310	126453	2.0	2.0	1.0	2.0	3.0	0	1	서비스/고객지원	전직원	서울	 0 	False	"교대근무 피곤함만 익숙해지면 생각없는 업무"	아무생각없이  반복적인 경비업무. 업무스트레스 없움	업무를해도 자기 발전이 될수가 없음.	없습니다. 있다고하면 직원 자기발전을 도와줘요
2015/6/30	에스원(주)	100	65658	140806	3.0	4.0	4.0	2.0	3.0	1	1	IT/인터넷	현직원	서울	 0 	False	"업계 1위 기업다운 안정감은 있지만, 시장 자체가 성숙되어 있어서 발전 가능성이 별로 없어 보인다."	업계 1위의 안정된 수입 구조와 각 지역에 지점이 있어서 고향에서 떠나지 않고 다닐 수 있는 대기업중 하나	경직된 기업 문화, 기존의 방식에 안주하는 복지 부동의 경영진(?)	새로운 기술을 받아들이고 새로운 시도를 더욱 많이 했으면 좋겠다.
2015/6/24	에스원(주)	100	65658	137746	4.0	4.0	1.0	2.0	2.0	0	1	금융/재무	전직원		 0 	False	"일반회사보다는 연봉이 쌔고, 삼성치고는 연봉이 약함.그런데 일은 많이 시킴"	복리후생은 좋은 편, 그리고 삼성이라는 이름	군대식 문화, 평균 근무시간이 많음(9~18시 근무이나 보통 8~21시)	군대식 문화에서 벗어나, 선진기업문화를 도입하면 좋겠음
2015/6/9	에스원(주)	100	65658	130196	2.0	3.0	3.0	2.0	1.0	0	1	엔지니어링	현직원	서울	 1 	False	"아 힘들고 또 스트레스 내가 하는업무보다 그날 시키는 업무때문에 일이 밀리면 왜 일밀리냐고 혼남"	가끔 보너스 나옴, 복지는 좋아요 대기업인만큼	인사평가제도 불합리 및 연봉작음 정말 작음	제발 월급좀 올려줘요 진짜 너무 힘들어요
2015/6/2	에스원(주)	100	65658	127039	3.0	4.0	4.0	2.0	2.0	0	None	엔지니어링	전직원	서울	 2 	False	"전반적으로 그냥 저냥 괜찮은 회사. 들어가기는 또 어려운 편"	업계 1위,  연봉은 업계에선 좋음, 서울역 근무하는 본사 근무, 지사도 있어서 자기지역에서 일하기좋다비투비분야는 아직 걸음마	군대문화, 기업역량 한계 뚜렷하다3급 5급 출신차이에서 서로 견제가 심해서 정치가 극악으로 심하다	여태 잘해왔으니 좀 더 빡시게 일하되 즐겁게 합시다
2015/6/29	씨제이푸드빌(주) 투썸플레이스	100	94601	139927	5.0	4.0	2.0	4.0	3.0	1	2	서비스/고객지원	전직원	경기	 0 	False	"동종 업계 중 위생이 철저하며 직원은 물론 아르바이트생의 복지가 잘 되어 있는 편이다."	출퇴근 체크와 급여계산을 컴퓨터로 해서 정확하다. 위생관리가 철저하다. 정기적으로 본사 교육을 받을 수 있다. 직원 복지가 잘 되어 있다.	일하는 시간대가 자주 바껴서 불규칙적인 근무 시간으로 인해 생활 리듬을 잡기 힘들다.	시즌별로 이벤트를 할 때 마다 케이크 데코레이션, 네임텍, 컵홀더 등이 바뀌는데 이벤트를 조금 줄였으면 좋겠다.
2015/6/17	한국마사회	100	86726	133971	4.0	5.0	1.0	2.0	2.0	0	1	서비스/고객지원	현직원	부산	 0 	False	"독점기업이라 전체적인 분위기가 안이한면이 없지않아 버티면서 다니긴 나쁘지않지만 크게 기대할점도 없으며 무엇보다 쉬는날이 다른게 치명적인 단점"	연봉과 복리후생이 안좋아졌다고는 하지만 아직은 양호한편이며 독점기업이라는 장점이 있다	인력도 부족하며 공기업이다보니 분위기가 경직되어있고 인사발령이 마음대로 되지않으며 쉬는날이 남들과 다르다	인력충원 및 인사발령에 대해서 조금더 신경쓸 필요가 있음
2015/6/8	한국마사회	100	86726	129844	4.0	4.0	5.0	4.0	3.0	1	None	경영/기획/컨설팅	현직원	서울	 0 	False	"말산업 독점기업으로서 말관련 업무를 하고자 하는 사람에겐 최고의 기업!"	기관 특성상 바쁜일이 상대적으로 적어 일과 삶의 조화가 가능함	당연한 얘기지만 경마 부서를 제외하곤 전문성이 없다고 생각됨 열정적인 사람은 침체된 조직분위기 때문에 실망할 수 있음	본인의 업적을 위해 일하지말고 정말 마사회의 백년대계를 생각하고 일해주시면 감사하겠습니다
2015/6/30	세일즈웍스 코리아(유)	100	90449	140831	5.0	4.0	3.0	4.0	4.0	1	2	영업/제휴	현직원	서울	 14 	True	"일반적인 회사에서는 느낄 수 없는 다양한 가치 및 경험을 쌓을 수 있는 회사"	영업에 대해서 배울 수 있으며, 앞으로의 비즈니스 ,경영을 배울 수 있는 곳 열심히하고 잘하는 사람에게는 많은 기회와 해외연수의 기회가 있고 많은 해외의 지사들과 네트워킹을 할 수 있음	업무가 복잡하거나 어렵지는 쉽지가 않다 자신의 시간과 노력을 많이 요한다	더 많은 것들을 공유하고 더 많은 가치 전달이 되었으면 하고 좀 더 글로벌경영으로 갔으면 좋겠다
2015/6/29	세일즈웍스 코리아(유)	100	90449	140060	5.0	5.0	4.0	5.0	5.0	1	2	영업/제휴	현직원	서울	 4 	False	"자기의 노력으로 회사의 기회가 될수있어요 !!!"	수평적이고 자유로운 조직문화와 다양한 해외연수와 네트워킹의기회와 프로모션은 자신이 노력한만큼 보상받을수있는 몇안되는 회사	일반회사보다는 좀더 많은 노력과 시간투자가 필요합니다	더욱더 발전할수있는 시스템과 플랫폼을 구축해주세요
2015/6/15	케이에이(주)	100	87378	132992	2.0	1.0	1.0	2.0	3.0	0	1	서비스/고객지원	전직원	인천	 1 	False	"분명 사업 파트를 확장하여 성장하고 있는 회사이나 그에 비해 급여나 복지는 많이 낮음"	공항 지상업무를 배울 수 있고 관련 시스템과 공항 운영을 다소 배울 수 있음	급여와 복지는 매우 낮은편이며 사원 평균 나이가 매우 어려 부담스럽고 위계질서 굉장히 강함	급여와 살인적인 스케쥴만 조정해주엇으면 합니다 복지는 바라지도 않음
2015/6/22	이트너스(주)	100	13535	136241	4.0	4.0	5.0	4.0	5.0	1	2	인사/총무	전직원	경기	 0 	False	"인사/총무에 관한 BPO서비스를 전문적으로 수행하는 기업입니다."	기업의 Backoffice업무를 하는 곳이다보니 사소한 부분의 일처리가 뚜렷합니다.	총무라는 다소 딱딱한 어감과 업무와 어려업무를 하나로 묶는 어려운 일이기도 합니다.	의사소통과 새로운 아이템의 아이디어를 혁신하는 자리가 자주 있었으면 합니다.
2015/6/11	이트너스(주)	100	13535	131560	1.0	1.0	1.0	1.0	1.0	0	1	경영/기획/컨설팅	전직원		 3 	False	"고객사와 본회사 업무 괴리가 큼.  대기업 눈치를 엄청보면서 본 회사 일을 같이 해야함. 업무 미스시 간부들의 책임성이 부족함. 사실상 두 회사 업무를 해야하기때문에 자기계발의 여유가 없는대도 불구하고 의미없는 보여주기식 연구회가 많음."	대기업 식당 이용 가능(1식 무료), 출퇴근 셔틀 이용.	생리휴가사용불가(눈치보임), 타 중소기업보다 적은 연봉(과장인데도 2천중반), 사내행사는 무조건 필수, 간부들의 권위의식 등	아웃소싱이다보니 현소속과 고객사 업무 및 고객사로부터의 영향이 큼. 고객사 일개 사원이 잡허드레일 시켜도 회사가 보호해주지 않음. 그로인해 괴리감을 많이 느끼며, 회사로부터 보호받고 잇다는 생각이 들지 못함.
2015/6/10	이트너스(주)	100	13535	130995	4.0	4.0	4.0	4.0	3.0	1	1	인사/총무	전직원	서울	 0 	False	"아웃소싱계 1등 기업! 파견직보다 훨씬 좋은 사내 구조"	중소기업에서 대기업의 문화를 배울 수 있고 대부분이 창구성 업무다보니 면담도 많이 하고 부서원을 굉장히 아껴줍니다	S기업이 주 된 고객층1년 단위로 계약이 이루어지는데 S그룹과 계약이 늦어지면 회사 전체 비상원하지 않는 접대성(친목도모) 회식이 잦음오래 다니면 나가야 할 것 같은 기업	연봉 구조가 이상합니다.사원이 대리/과장이랑 별 차이없고 사원이 대리보다 높은 경우도 있는데 그 부분은 바로 잡아야 할 것 같아요.
2015/6/1	이트너스(주)	100	13535	126730	2.0	2.0	1.0	2.0	1.0	0	1	인사/총무	전직원	경기	 1 	False	"대기업의 협력사로 대기업과 일할 수 있는 좋은 기회이나 그에 비해 회사에서 직원들에게 요구하는것이 너무많음"	대기업의 인프라를 간접적으로 누릴 수 잇으며 업무적으로 배울 수 잇는 부분이 많음.	윗 선임들의 텃새가 너무 심함. 대기업만큼의 업무량을 요구하나 그에 비해 연봉이 너무 적음. 직무변경이나 전배를 요청해도 기재된 부분과 다르게 어려움. 업무 이외에 요구하는 것이 너무 많아 업무에 집중하기 어려움	직무에 대한 고충에 대해 개선을 철저하게 해주엇음한다
2015/6/21	효성아이티엑스(주)	100	285	136126	4.0	2.0	4.0	4.0	4.0	1	1	서비스/고객지원	현직원	서울	 0 	False	"기업 분위기는 좋은편이다.  부서 복불복이 있는것같음."	아웃소싱업체 1위,  대기업의 타이틀, 높지않은 업무강도.	효성이 가지는 보수적인 문화,  알게 모르게 있는 군대식 문화.	IT부서 밀어주기의 여파가 이제 슬슬 생기는듯 함.잘하는쪽을 다져놓는게 좋지않을까 하는 생각.
2015/6/3	효성아이티엑스(주)	100	285	127698	2.0	1.0	3.0	3.0	3.0	0	1	서비스/고객지원	현직원	서울	 0 	False	"국내 최대 아웃소싱사중 하나. 업무량이 많고 연봉은 타 아웃소싱사 대비 적은편임."	대기업계열사 / 쉬운입사 및 다양한 직무를 경험할 수 있는 기회가 있음.	동급 아웃소싱사 대비 적은 연봉 / 승진기회가 매우 적음.	직원들에게 좀 더 비전을 보여주고, 젊은 층에게도 기회를 주어야 한다고 생각함.
2015/6/21	한국전기안전공사	100	89009	135880	3.0	1.0	3.0	3.0	2.0	0	1	기타	현직원	전북	 1 	False	"연봉이 매우 적다. 하지만 가족같은 조직문화와 안정적인 직장이라는 장점이 있다."	본사 근무자를 제외하면 원하는 지역에서 편하게 근무할 수 있다.	연봉이 너무 적다. 전주혁신도시에서 근무하는 본사직원의 경우 일 끝나고도 할게 없다. 앞으로 2~3년이 지나도 비슷할 듯.	앞으로 전주혁신도시에서 회사가 더 큰 발전을 할 수 있도록 노력해 주십시요.
2015/6/10	한국전기안전공사	100	89009	130729	4.0	3.0	3.0	3.0	4.0	1	2	생산/제조	현직원	경기	 2 	False	"전기를 다루는 업무이다보니 저압에 이어 부서가 옮겨지면 고압 특고압까지 배울 수 있다"	내근보다 외근이 많다보니 시간 잘감. 개인 할당 업무가 주가 되다보니 휴가쓰는것에 민감하지 않음	보수적인 문화. 초반 낮은 연봉.	컴퓨터같은 행정 업무를 볼 때 시설의 노후로 인해 시간이 소요되는 것이 많아 시설 업그레이드 필요
2015/6/22	대명레저산업(주)	100	82315	136231	2.0	3.0	1.0	1.0	1.0	0	1	서비스/고객지원	전직원	강원	 2 	False	"국내 레져산업1위로 전국에 영업점을 보유. 대명그룹내 코퍼레이션, 건설등 있지만 레져산업이 가장 유명함."	국내 레저산업내 1위로 많은 회원을 바탕으로 다양한 사업을 시도. 입사의 문턱이 낮음	지역색이 짙고, 고객 뿐만 아니라 회사내 감정노동도 극심하며, 각분야에서 전문인력은 찾아보기 힘들다.	비리 및 인력운용에 대한 재정비가 필요
2015/6/18	대명레저산업(주)	100	82315	134613	3.0	2.0	1.0	2.0	3.0	0	None	서비스/고객지원	전직원	경남	 3 	False	"1년만 버티면 정규직 된다는거 그건 장점"	1년만 버티면 정규직 전환 가능.대명리조트 전지점 무료 숙박/시설 무료 이용 또는 할인가능.	연장근무 수당도 안 주면서 연장근무를 강요하며, 군대와 다름없는 수직적인 회사 분위기. 현장 근로자를 전혀 배려하지 않아 근로자들의 교대조차 이뤄지기 힘들때가 많다.	최소 인력을 좀 더 현실적으로 변경할 것.연장근무 수당 철저히 지급할 필요 있음.
2015/6/17	대명레저산업(주)	100	82315	133983	4.0	4.0	3.0	2.0	1.0	1	1	경영/기획/컨설팅	현직원	서울	 4 	False	"레저업계의 독보적인 위치, 하지만 경쟁사의 지속성장에따른  미래 불확실성, 문어발사업 진행중이나 이또한 쉽지않음"	레저분야 1등 기업으로의 자부심이 있음, 타 레저업계의 최우선 벤치마킹 대상. 대표적인 오션월드와 스키, 그리고 리조트 운영수와 승마, 문화사업까지 total life service를 추구, 배울것도 많고 느낄것도 많지만 내부적인 소통에대한 어려움이 있음, 경력으로 동종업계 이직시 1등기업이니만큼 많은 이점이 있음, 복리후생또한 나쁘지 않은편	2세 경영권으로 움직이고 있는 시점, 문어발식 사업확장에따른 그룹 영업이익에 대한 장기적 손실우려, 다양한 계열사가 있으나 주력 사업인 레저산업에 영향 가능, 여러가지 경영상황에 따른 대처로 각 부처의 난잡한 혼재로 인해 내부적인 소통에대한 어려움, 연봉수준은 좋지도 나쁘지도 않은 평범한수준, 업무강도는 부서에따라 상이	돈을 버는 일선 직원들에대한 관심을 높여야할때, 기업의 오너는 직원들이 있기에 존재할 수 있는것. 눈앞의 상황보다는 장기적인 이윤창출에 초점을 두어야함, 설령  그렇게 하고있다 해도 의식이 직원들에게 인지가 안됨,
2015/6/16	대명레저산업(주)	100	82315	133537	2.0	1.0	1.0	1.0	1.0	0	None	서비스/고객지원	전직원	경기	 1 	False	"겉과 속이 다르고, 구시대적 조직문화, 문어발식 사업 확장과 불필요한 사업전개로 인한 분양,매출,강매의 압박,능력없는 팀장급 이상 간부들의 줄서기"	레저업계 1위라는 타이틀로 인한 동일직종 이직에 어드벤테이지 적용.서비스업을 제대로 이해하고 배우고 싶다면 젊은 나이 1~2년 경험은 좋다고 생각됨.	구시대적 업무 문화, 수평이 아닌 수직적(군대식),소통의 부재,강매,불확실한 미래,사업구조, 능력보다는 라인(줄타기)	조직의 소통도 없고, 고객과의 약속을 지키지 못한는 기업은 발전하기 어렵습니다. 외부와 내부 직원들의 반응에 눈가리고 귀를 닫으면 조만간 쇠퇴하고, 고급인력 외부로 유출되어 더 이상의 업계 1위자리는 어려울 것입니다.
2015/6/8	대명레저산업(주)	100	82315	129468	3.0	3.0	2.0	1.0	4.0	0	1	경영/기획/컨설팅	현직원	서울	 0 	False	"동종업계 상위연봉이다. 서비스마인드뿐아니라 기업문화체험"	레저1위경험으로 경력쌓기 좋은 회사.	전형적인수평 군대문화 안정적임을추구함	변화와 혁신.. 기업복지에 신경써주길..
2015/6/30	피알원(주)	100	87461	140464	4.0	2.0	2.0	4.0	4.0	1	1	기타	현직원	서울	 0 	False	"홍보대행사 1위 기업으로 배테랑 홍보 전문가들로부터 업무를 빠르게 배우고 경험하는데는 최고의 회사. 단기간 올인해서 홍보 업무를 경험하고 싶다면 추천."	뛰어난 능력의 홍보 전문가와 데이타를 다량 축적하고 있어 홍보 업무에 대해 배우기는 최적의 조건. 업계에서는 높은 수준의 연봉. 안식월 등 좋은 복지 시스템을 갖추고 있음. 안식월 휴가 사용을 권장하는 분위기도 장점.	노동 강도가 센편. 임원들은 직원들의 일과 삶의 균형을 위해 나름 고민하는 것 같으나, 잘 이행되지 않으며 연속된 야근으로 이직을 고려하는 직원들이 많음. 팀장의 권한이 센 편이라 팀에 따라 노동 강도, 분위기, 업무 스타일 편차가 큼.	직원들의 장기 근속을 위한 복지 시스템 구축 및 적용 방안을 위한 고민이 필요할 것 같다. 또한 PR 대행사 미래의 긍정적인 비전을 제시해 장기간 근속하며 함께 성장하고 싶은 회사로 각인시키고자 하는 노력이 필요하겠다.
2015/6/11	피알원(주)	100	87461	131612	4.0	3.0	3.0	3.0	2.0	0	1	미디어/홍보	현직원	서울	 0 	False	"언론홍보쪽을 경험하고 싶다면 더할 나위없이 좋은 회사.특히 여성들에게 좋은 회사"	유연성이 있음. 법카사용이 좋음(중식,석식)-단, 이백수사장체제에서만 자유로움.	여성비율이 압도적으로 높은 회사이나, 임원중에는 정작 여성이 없음. 여성을 위한듯하나, 남성중심의 회사일 수도. 잉여 노처녀 팀장들이 많다.	전문성을 강화해야할 시점이다 경쟁력을 위해
2015/6/5	피알원(주)	100	87461	128762	3.0	3.0	3.0	3.0	3.0	1	1	경영/기획/컨설팅	현직원		 0 	False	"전문성을 키울수있는 기회는 많으나 소속에 따라 복불복, 홍보&에이전시라는 특수성에 맞게 교육도 이루어지나 매우 빨리 변하는 홍보환경을 따라가야할 필요가 있음"	교육과 업계 평균이상의 복리후생, 자유로운 회사 분위기	업계를 선도하겠다는 비전은 크나 현실적으로 이루어질 수 있을지는..	단순 게이트키퍼가 아니라 홍보회사의 영역을 넓히자는 큰 듯은 있는데 실무진에게는 손에 잡히는 게 없고, 시대를 앞서나가는 것 깉지는 않다
2015/6/26	(주)대학내일	100	86769	138433	5.0	4.0	3.0	5.0	5.0	1	2	마케팅/시장조사	현직원	서울	 6 	True	"한국기업에서 찾아보기 힘든 열린회사! 장점이 많지만 단점도 존재한다."	대기업에서 볼 수 없는 수평적인 조직문화와 자유로운 소통이 가능하다. 가족적인 분위기가 강함.	다만 열정적인 사람이 많은만큼, 개인의 여가 생활도 희생해야한다. 야근을 당연하게 생각하는 문화가 있음.	개인의 여가시간을 존중해주는 회사차원의 직접적인 배려가 필요해요!
2015/6/23	(주)대학내일	100	86769	137264	3.0	4.0	4.0	4.0	3.0	1	2	디자인	전직원	서울	 3 	True	"인턴에 대한 급여가 높은 편인 젊은 회사. 매거진 뿐 아니라 여러 대행업을 하는 에이전시."	주 연령층이 20-30대라서 그런지 다른 곳에 비해 수직적인 느낌은 적고 복장도 비교적 자유롭다. 물론 팀마다 다르겠지만 대체적으로 사내 분위기는 밝고 좋은 편.	시스템이 체계적이진 않은 것 같다. 디자이너로서의 경력을 쌓고 싶다면 추천하지 않음. 정규직 전환 인턴은 아니며, 인턴 내내 미션이 주어지는데 관련 업무와 무슨 상관이 있는 지 모르겠음.	급여 외에 인턴에 대한 혜택이 더 있었으면 좋겠다.
2015/6/4	현대그린푸드(주)	100	47646	128156	3.0	3.0	2.0	2.0	2.0	1	1	전문직	전직원	서울	 1 	False	"첫직장으로는 비추천 하지만 경력이라면 추천"	전문직군중에서는 나름 상위 연봉 현대백화점그룹이라는 약간의 장점	보수적 소통이 안됨 기본 근무 시간이 길다	나날이 발전은 하지만 다시 돌아보면 제자리 걸음
2015/6/3	던킨도너츠(주)	100	92793	127553	3.0	3.0	2.0	4.0	3.0	0	1	서비스/고객지원	전직원	경기	 0 	False	"지점마다 매니저의 월급이 달라서 좋은 사장님이 많나야 됨,"	방학등 아르바이트생이 많을 때에는 일이 줄어든다	매니져이기 때문에 초과근무를 해도 급여에 플러스 되는 것이 아님	체계적인 급여 시스템이 있었으면 좋겠다.
2015/6/30	(주)그린웹서비스	100	86851	140640	4.0	2.0	4.0	4.0	3.0	1	1	IT/인터넷	전직원	서울	 10 	True	"편한 마음으로 첫 직장을 다니고 싶다면 추천. 대학의 연장선이랄까...?"	네이버 자회사인 만큼 안정적임. 네이버의 전반적인 운영 시스템을 알 수 있으며 네이버 직원들과 직접 커뮤니케이션 가능. 복지혜택이 좋음. 자기계발할 시간이 많으며 휴가쓰는것에 눈치안봄. 내 할 일 다 하면 휴식시간 충분히 가질 수 있음. 직원들과 허물없이 편한 분위기. 인센티브 기준이 모호하다고 하는데 일 잘하는 사람들은 인센 다 챙겨 받을 수 있음.	급여가 너무 적음. 가장 큰 단점은 그냥.. 급여.... 너무 편한 분위기라 위계질서가 없음. 회사라는 이미지보단 대학의 연장이라는 이미지로 남아있음. 편하게 다니기엔 좋으나 이것저것 준비해서 입사하기엔 부적합한 곳이라고 생각됨.	복지혜택은 좋으나 일을 좀 더 빡세게 시키더라도 급여를 올려줬으면 좋겠음. 오래 일하기엔 회의감이 드는 직장임.
2015/6/24	(주)그린웹서비스	100	86851	137418	1.0	3.0	5.0	3.0	3.0	0	None	IT/인터넷	전직원	서울	 0 	False	"보수가 적고 그만큼 일의 강도가 약하고 칼출퇴해도 누가 뭐라할 사람이 아무도 없음"	자유로움 완전 자유롭고 아예 어려서 사회생활 무섭거나 결혼 후 주부님들께서 소소하게 다닐수있는 직장	미래가 없음 승진 안됨 본사로 넘어갈 희망 없음 보수가 적음	뭐든 사원들이 하자는대로 하는건 좋지만 어느정도 터치는 필요하다고 생각함
2015/6/22	(주)그린웹서비스	100	86851	136165	3.0	3.0	5.0	4.0	2.0	1	1	디자인	현직원	경기	 5 	False	"네이버의 운영법인으로 설립된회사로 광고운영과, 블로그, 메일, 인물, 네이버 파트너스퀘어운영, 영상제작등을 주업으로한다"	네이버의 전반적인 일을 수행할 수 있다는 점에서 만족할만하고 업무에대한 성취도가 높은편	단기간에 처야하는 업무가 많고, 업무에 대한 성과를 잘 인정해주지 않는편..  낮은 연봉과 인상률..	직군마다의 고유 전문성을 인정해주었으면..
2015/6/8	(주)그린웹서비스	100	86851	129955	2.0	5.0	1.0	3.0	2.0	0	1	IT/인터넷	전직원		 0 	False	"네이버 업무처리 담당 경험을 쌓을 수는 있으나 적은 보수에 당황할 수도 있다"	네이버의 업무 환경을 일부 체험할 수 있다	급여가 굉장히 낮다 업무강도는 강하지 않지만 근무시간이 일정하지 않음	급여상승이 필요할듯, 대부분 잠시 머물다 이직을 노리는 곳 정도로 인식하고 있는듯
2015/6/8	(주)그린웹서비스	100	86851	129465	2.0	3.0	2.0	1.0	3.0	0	1	IT/인터넷	현직원	경기	 0 	False	"자유로운 분위기와 수평적 조직문화를 지향하는 IT기업일 거라는 생각은 절대 착각과 오해.. 저임금, 단순 반복 업무.. 흔한 중소기업 수준.."	올해부터 야근 없어짐. 자기 할일 다하면 칼퇴가능. 끝.	박봉, 고졸도 할수있는 업무레벨.. 놀고먹는 베짱이들이 다니기에 딱	식비10만원은 너무함.
2015/6/19	한국피자헛(유)	100	2927	135024	3.0	3.0	2.0	3.0	2.0	0	1	서비스/고객지원	현직원	서울	 0 	False	"노동에비해 연봉은적으나 확실히 열심히하는 사람은 진급이빠름."	아무래도 이미지는 좋고 세계적인 브랜드라 괜찮음	왠만큼해선 진급하기힘들고 요즘 피자 경쟁상대가 많아 어떻게 될지모름	피자 메뉴개발에 힘써야겠고 매출 인상에 노력해야함
2015/6/8	한국피자헛(유)	100	2927	129782	3.0	4.0	3.0	3.0	3.0	1	1	기타	전직원	서울	 0 	False	"나름 외국계라 회사문화는 좋으나, 노동강도에 비해 연봉은 조금 적다"	근무스케줄을 유동적으로 짤수 있다는게 장점	하지만 주말에 잘 쉴 기회가 없다는 건 단점	마케팅좀 잘해서 다시 예전에 위상을 찾길..
2015/6/25	삼성웰스토리(주)	100	88148	138018	3.0	4.0	5.0	5.0	4.0	1	2	유통/무역	현직원	경기	 0 	False	"힘이 있는 계열사는 아니지만. 삼성이라는 자부심을 느낄수있다."	삼성 복지 그대로.. 에버랜드 티켓 복지카드 등...회시분위기도 타이트하지 않음..	지나친 경쟁체제로.. 뒤쳐지는순간... 낙동강 오리알 신세	호텔신라와 합병해주세요.. 삼성이지만 네임벨류가 넘 떨어집니다
2015/6/11	삼성웰스토리(주)	100	88148	131546	2.0	3.0	2.0	2.0	2.0	0	1	디자인	전직원	인천	 1 	False	"삼성이라는 자부심이 있다면..."	누구나 들어도 알수있는 우리나라 최대의 기업그것에 보답하듯 높은 임금	근무지에 따라 분위기는 전혀다르다힘든사업장을 가면 개인시간은 포기해야함	불안정한 시스템을 개선하여 좀더 체계적으로움직이는 기업이 되었으면...
2015/6/2	삼성웰스토리(주)	100	88148	127299	3.0	4.0	3.0	3.0	4.0	1	2	서비스/고객지원	현직원	서울	 0 	False	"무한 성장 가능한 회사 인듯 합니다."	삼성계열사 단체급식 업체  회사 에서  요구 하는 것이 생각 보다 많이 있지만  무한 성장 가능성이 있습니다.	생각보다 적은 임금으로  지방에서 올라와 살고 있는 사람은 힘들듯 합니다.	무리한  경영발전 보다는  차근 차근  이루어 나 갔으몀 합니다.
2015/6/29	에스피씨그룹	100	87570	139612	3.0	4.0	2.0	2.0	3.0	0	1	영업/제휴	전직원	기타	 0 	False	"업무시스템이 대기업답게 잘 갖춰져 있고, 연봉도 동종업계에서 상위권"	높은 연봉, 뚜렷한 업무 분장, 근속시 복지혜택 좋음, 식품업계 특성상 업무 체계나 실제 근무시 배울 점이 많음	군대식 문화, 매출 압박 및 업무 과중으로 인한 스트레스가 높아 매장관리직무의 퇴사율 높음, 매장관리와 페이퍼웍의 이중고	효율적이고 효과적으로 관리할 수 있는 관리직(슈퍼바이저)을 배치시키는 것이 중요하다고 생각합니다.
2015/6/16	에스피씨그룹	100	87570	133547	3.0	3.0	2.0	2.0	2.0	1	2	미디어/홍보	현직원	서울	 1 	False	"식품업계에서는 그래도 거의 최상위권 연봉이지만....경직된 문화와  부서간 이기주의가 있음"	국내 1위 브랜드 계열사 보유로 인지도 상승중. 연봉도 식품업계에서는 거의 젤 높은편. CJ가 따라서 정하는 정도	딱딱하고 고지식. 계열사간 이기주의로 외부인력 채용시 배타적임	오픈된 경영마인드로 사내 커뮤니케이션 강화 필요
2015/6/15	에스피씨그룹	100	87570	132713	3.0	3.0	2.0	2.0	1.0	0	1	영업/제휴	현직원	서울	 1 	False	"동종업계 상위 보상, 업계 상위 브랜드 운영 회사라는 자부심, 그러나 외부 이미지를 따라가지 못하는 내부 시스템 및 윗 사람들 마인드"	동종 업계 상위 보상 및 양재 사옥의 멋진 외관, 쾌적한 근무환경, 다양한 브랜드 및 운영 시스템의 경험	군대문화의 존재, 누구를 위해 일을 하는가? 회사를 위해? 오너를 위해? 임원들을 위해? 적어도 회사를 위해서 일을 하는 것 같지는 않다...	성과지표의 불합리함, 그에 따른 보상제도의 불만족스러움. 현실에 맞지 않는 구시대적 보고자료 및 회의 좀 없어졌으면 좋겠습니다. 제발요.. 진정 회사를 위한다면 좀 없어져야 하는거 아닙니까?
2015/6/22	(주)한국코퍼레이션	100	63215	136466	3.0	2.0	3.0	3.0	3.0	0	1	서비스/고객지원	현직원	서울	 0 	False	"상담직 아웃소싱 회사 치고는 무난한 편"	정해진 업무시간 이외에는 추가근무가 없다고 봐도 무방하다. 야근,특근 없으며 칼퇴가 가능하다.	원하는 업무에 비하여 급여가 적다. 그렇다고 인센티브가 높은편도 아니다.	좀더 직원들을 위한 회사가 되었으면 좋겠다. 건의사항을 할 수 있는 시스템이 있으면 좋겠다
2015/6/21	(주)한국코퍼레이션	100	63215	135889	2.0	2.0	1.0	1.0	1.0	0	1	서비스/고객지원	전직원	서울	 1 	False	"체계화된 아웃소싱 기업이지만 보수적인 환경으로 숨막히는 사내분위기"	정해진 근무시간 이외의 업무 없음(칼퇴가능)	보수적인 환경, 업무를 점수로 매김(점수로 모든걸 판단하여 일정점수 이상 도달하지 못하면 해고)	좀 더 직원들을 위한 기업이 되었으면 한다.
2015/6/9	(주)한국코퍼레이션	100	63215	130140	1.0	2.0	3.0	3.0	2.0	1	2	서비스/고객지원	전직원		 0 	False	"상담아웃소싱회사지만 크고 체계있는 기업입니다."	반차 월차사용이 자유롭다. 상담업무 치고는 복지도 괜찮다고생각	진급이 어렵다. 프로젝트 부서가 사라지면 존재가 어려워진다.	다 좋아요 돈좀 더주세요 스트레스에 비해 월급이 좀 짠편
2015/6/1	(주)한국코퍼레이션	100	63215	126780	1.0	1.0	4.0	2.0	2.0	0	1	서비스/고객지원	현직원		 0 	False	"이직을 위해 거쳐가는 곳이라는 개념을 더 확고히 시켜준 회사"	콜센터 력쌓기는 괜찮음, 연장근무가 별로없음	아웃소싱, 발전가능성 없음, 임금동결	몇년째월급이동일함..., 다른센터간의 교류 늘리는편이..
