date	cname	industry_id	cid	cmid	possibility	pay	balance	culture	management	recommend	expect	job_kind	current	area	helpful_count	is_best	subject	good	bad	hope
2015/1/27	스타벅스커피코리아(주)	100	70749	79185	3.0	2.0	3.0	4.0	4.0	1	2	서비스/고객지원	전직원	서울	 0 	False	"당신의 시간을 적절히 쓰고 싶다면 괜찮은 회사 입니다."	문화와 시간 그리고 커피를 마음대로 연구할 수 있는 곳?	최저시급에서 100원단위로 올리는 정책.... 세계 평균은 안그런데 한국만 이렇다는거는 참..	최저시급만 어찌 한다면 최고일껍니다.
2015/1/26	스타벅스커피코리아(주)	100	70749	78786	4.0	2.0	2.0	4.0	3.0	0	2	기타	전직원	대구	 0 	False	"전 세계에 퍼져있는 스타벅스의 서비스 정신에 대해서 배울 수 있고 커피를 사랑한다면 추천합니다."	커피업계의 1위의 자부심을 느낄 수 있고 직원들 분위기가 좋은 편. 직원에게 복리원두 등을 지급. 승진의 기회도 많이 열려있는 편.	조직에 여성이 많으므로 여성과의 소통이 중요, 생각보다 강도높은 업무환경(바쁜 매장일 경우 생각보다 힘들 수 있음), 서비스에 대해서 '무조건 예스'라고 해야하므로 억지로 컴플레인을 거는 고객응대 후 스트레스가 심하게 쌓일 수 있음. 스케쥴근무로 피로할 수 있으며 휴일이나 주말에 일을 해야함. 일정 직급이 되지 않으면 임금이 적음.	인건비보다는 바쁜 매장에 직원 수를 더 늘리면 좋을 것 같음. 보다 탄력적인 업무스케쥴 환경이면 좋을 것 같음.
2015/1/26	스타벅스커피코리아(주)	100	70749	78512	3.0	3.0	2.0	3.0	3.0	1	1	서비스/고객지원	전직원	서울	 0 	False	"서비스직이다보니 스캐쥴 변동이 심함"	서비스직에게도 복지 은근 좋음, 업계1위 기업 다운 체계적인 모습	스캐쥴이 변동이 많아 개인생활에 지장이 있을 수 있음	무리수 두는 프로모션은 하지 않았으면
2015/1/23	스타벅스커피코리아(주)	100	70749	77750	4.0	3.0	2.0	3.0	2.0	0	2	서비스/고객지원	전직원	서울	 0 	False	"커피 자체를 배우고 싶다면 비추천점장은 직책에 비해 스스로 판단하고 추진할 수 있는 기회가 적음의외로 수직적인 구조"	성과급,연차수당,야간수당 등 각종 수당 잘 챙겨줌	자기 생활 확보가 안됨. 휴무날에도 업무와 보고에 자유롭지 않음. 기본급 적음. 여초 회사라 여자들과 어울리지 못하면 힘듬. 점장 같은 경우 커피제조와 업무를 근무시간에 동시에 하기 때문에 업무 스트레스 강함.	점장이 직접 서비스 하기 보단 매장관리에 더 집중할 수 있는 환경을 만들어 줬으면 함.
2015/1/20	스타벅스커피코리아(주)	100	70749	76635	3.0	1.0	2.0	2.0	3.0	1	1	서비스/고객지원	전직원	기타	 0 	False	"카페알바는 결코 만만한게 아닙니다. 잘 생각하고 지원하시길."	서비스 업체에 대한 모든걸 다 굵고 짦게 경험 할 수 있다.	텃세, 힘든 근무환경, 까다로운 고객, 그 무엇보다 처음 서비스직을 시작하는 사람한테는 너무 힘들다.	급여 좀 올려주십쇼!
2015/1/7	스타벅스커피코리아(주)	100	70749	72075	4.0	4.0	3.0	4.0	4.0	1	2	영업/제휴	현직원	서울	 1 	False	"한번쯤 꿈꿔오던것을 실현할 수 있는 곳!"	다양한 사람들과의 교류, 커피와 차에 눈을 뜨다	Of the services, By the services, For the services 의생활화!	매장 직원들의 직급체계를 변경하여 오래도록 근무해도 좋을 여건을 마령해 주세요.
2015/1/3	스타벅스커피코리아(주)	100	70749	70933	4.0	4.0	2.0	4.0	4.0	1	1	서비스/고객지원	전직원	서울	 0 	False	"커피 좋아하고 카페 좋아하는 사람이라면 꼭 한번 해볼만한 직장"	글로벌 기업인만큼 타 카페보다 매우 체계적인 시스템, 다양하게 많이 배울 수 있음	개인시간을 가질 수 없음. 정말 아르바이트말고 회사에 헌신하는 마음으로 다녀야함	카페 특성상 주말근무다 뭐다 상관없지만....  매일 시간표가 바뀌는건 오버인듯;
2015/1/1	스타벅스커피코리아(주)	100	70749	70513	3.0	3.0	2.0	4.0	4.0	1	2	서비스/고객지원	전직원	서울	 0 	False	"정말 즐겁게 일할 수 있는 분위기입니다.서비스직이 맞는다면 추천합니다."	점장님부터 바리스타까지 서로 닉네임으로 부르며 존댓말응 사용하기 때문에 존중받는 느낌이 강합니다. 칼퇴가 가능한 곳이고, 근무시간이 정확히 지켜져 시간을 잘 사용할 수 있습니다. 연장수당 / 주휴수당 등 모든 것을 챙겨줍니다.	급여가 조금은 짠 편이며, 끊임없는 교육이 힘듭니다. 매번 프로모션 때마다 모든 걸 외워야 하며 개인 바리스타라던지 커피에 대해 더 자세히 알 수 있는 곳은 아닙니다.	급여 높여주시면 좋겠습니다.
2015/1/22	한국맥도날드(유)	100	3616	77510	3.0	3.0	3.0	4.0	4.0	0	1	영업/제휴	전직원	경남	 0 	False	"사람을 좋아하고 요식업에 관심이 있는 분이면 추천 하고 싶습니다."	자율적인 분위기와 학력의 상관 없이 나기 능력에 따라 진급을 할수 있습니다.	연봉이 다소 작고, 복지 혜택이 타 기업에 비해 낮습니다.	복지 연봉 상승 부탁 하고 싶습니다.
2015/1/17	한국맥도날드(유)	100	3616	75819	4.0	2.0	2.0	3.0	3.0	1	2	서비스/고객지원	현직원		 0 	False	"사람관리 서비스마인드."	다양한 교육,  자기 발전 기회가 많습니다	제시간에 마치지 못하는점 있습니다.소문이 무서운 곳.	매장상황고려.
2015/1/10	한국맥도날드(유)	100	3616	73355	4.0	3.0	1.0	3.0	4.0	0	1	서비스/고객지원	전직원	경기	 0 	False	"라인만 잘타면 승승장구 도아니면모"	복지가좋음 일하는 환경이 즐거움 24시간 로테이션이라 늘 같은일상이 반복되지않음 고로 하루하루 신선함	24시간매장은 24시간근무하게될수도있음 연장수당없음 열정페이일뿐 어린애들이랑 일하면 힘듦 연봉이 적음 열정페이는 매우매우쎔	스페셜좀 작작했으면 참좋은 직장이였을텐데
2015/1/14	(주)하나투어	100	49174	74826	3.0	2.0	4.0	3.0	4.0	1	2	경영/기획/컨설팅	현직원	서울	 1 	False	"저녁이 있는 회사. 이미지 좋은 회사. 나아지는 환경. 연봉은 아쉽."	젊게 개방된 문화가 있습니다. 유연한 근무제도 및 해외출장으로 여유롭습니다.	급여가 좀 아쉽습니다. 여자는 좋지만 남자가 일하긴 좀 힘듭니다.	급여가 좀 더 오른다면 열심히 일할 직원이 많습니다.
2015/1/14	(주)하나투어	100	49174	74487	3.0	3.0	3.0	3.0	3.0	0	2	IT/인터넷	현직원	서울	 1 	False	"안정적인 직장, 균형적인 삶을 원하면 입사!"	업계 1위의 자부심, 복지 등은 좋음!!!!	급여가 it업계에 비해 작음, 좀 많이 작음..ㅜㅜ	It직군 급여좀 평균수준만큼만 올려주세요
2015/1/12	(주)하나투어	100	49174	73825	3.0	4.0	3.0	2.0	3.0	1	1	서비스/고객지원	전직원	기타	 0 	False	"여자들에겐 복지나 급여면에서 괜찮은 직장여자들이 많은 편이라 육아 휴직등 자유롭게 쓰고 눈치 안보이는편 고졸 혹은 2년제 졸업한 사람들과 4년제 졸업한 사람들의 연봉차이가 좀 있는편 회사 분위기는 좀 딱딱하고 보수적인 편임"	복지제도가 좋고 인센티브가 분기별로 나옴출장 기회가 자주 주어지는 편입니다고객만족부나 영업부를 거쳐야 되기 때문에 손님과 직접 통화할 일은 없음	사내 분위기가 딱딱한 편이지만 지나치게 사생활을 간섭하는것 보다 나을 수는 있음 다만 회사 자체가 다소 보수적인 편임	별로없어요 바란다고해서 바뀔수는 없을것 같아서요
2015/1/10	(주)하나투어	100	49174	73302	4.0	2.0	3.0	4.0	3.0	0	2	경영/기획/컨설팅	현직원	서울	 1 	False	"사내문화가 굉장히 개방적이고, 수평적이다."	스마트워킹실시로 유연근무제 하는 사람들이 실제로도 많음	회사 성장규모에 비해 연봉 굉장히 적음	연봉 좀 올려주세요ㅠㅠ
2015/1/8	(주)하나투어	100	49174	72674	3.0	2.0	4.0	3.0	3.0	0	2	IT/인터넷	현직원	서울	 3 	False	"기존의 IT회사와는 확실히 다릅니다. 그건 분명하니 장단점이 존재하겠지요.. 에이전시에서 작업하던 분들은 업무스타일이 너무 달라서 당황하실 수 있겠습니다. 분위기는 어디든 다 마찬가지 팀별로 케바케 입니다. 여행과 관련된 업무를 한 번도 진행한적 없으면 나름 재미는 있을듯.."	국내 1위 라는 자부심. 유연한 자율근무제. 전사적으로 크게 업무분야에 대해 크게 터치하는 사람이 없음. 본인 업무에만 집중 할 수 있음. 가능하면 야근을 안할 수 있겠지만... IT쪽은 어렵겠죠?? 낮은 연령으로 팀내 분위기는 젊음.	아무래도 짜디짠 복지제도. 없어도 너무없음. 낮은연봉. 처음1년은 무조건 계약직(임원급제외) 잦은 이직으로 협업 담당자가 자주 바뀜. 업무가 진행되어 마무리되기까지 엄청 오래걸림 (수정의 반복). 매출과 직결되기 때문에 잘못걸리면 책임자로 불림.	복지좀.... 연봉좀...
2015/1/6	(주)하나투어	100	49174	71984	4.0	2.0	4.0	4.0	4.0	1	2	영업/제휴	현직원	부산	 1 	False	"부서마다 업무강도에 다소 차이는 있으나 어떤일을 하든 즐기면서 하다보면 일이 재밌다고 생각됨 재미는 곧 내가 오래 근무할수 있는 곳이된다는것"	기회의 다양성과 공정성 결과적으로 능력있고 그걸 펼칠수 있는 장이 주어짐	철저한 성과위주의 시스템에 적지 않은 스트레스 부여	좀더 과감한 투자로 해외시장에서도 인지도가 높은 브랜드가 되었으면 함
2015/1/2	(주)하나투어	100	49174	70751	2.0	1.0	3.0	2.0	1.0	0	1	경영/기획/컨설팅	현직원	서울	 1 	False	"연봉보다는 진짜 여행이 좋아서 오고싶다면 추천"	직원들의 연령대가 젊다는 것. 일반인보다 여행갈 기회가 많다는 것.	정치, 빈익빈부익부의 양극화, 저임금	실제 업무를 하는 직원들을 더 챙겨야할 것!
2015/1/14	롯데지알에스(주) 롯데리아	100	78632	74610	2.0	3.0	1.0	3.0	3.0	0	1	서비스/고객지원	현직원	서울	 0 	False	"외식업을배우고싶거나 자기사업을하고싶을땐정말배울게많다"	외식업계흐름을알수있고,책임감,알바생들과소통,다양한마케팅경험을배움	주말휴무보장안됨,칼퇴근불가,업무강도에비해낮은연봉	매장사람들에게도관심을부탁드립니다
2015/1/3	롯데지알에스(주) 롯데리아	100	78632	71026	3.0	4.0	2.0	3.0	3.0	1	1	경영/기획/컨설팅	현직원	경북	 1 	False	"분명 배울 점이 있는 회사임은 틀림이 없습니다."	어디가서 말할 수 있는 정도의 복지제도	아직은 보수적인 문화발전성이 느껴지지않는 오더식 업무진행	새로운 이미지 마케팅이 필요하다고 생각됩니다.직원들이 열린 생각을 할 수 있게끔 도와주세요!
2015/1/27	(주)세스코	100	71990	79121	1.0	1.0	2.0	2.0	3.0	0	1	서비스/고객지원	전직원		 0 	False	"해충방제분야에 있어선 대안 자체가 없는 1위의 회사"	아시아 1위 해충방제 회사로써 급여에 연연하지 않는다면 안정적인 직장생활을 할 수 있다.	현장이 없으면 돌아가지 않는 회사 구조임에도 불구하고 서비스 현장 근무자들에 대한 급여나 복지가 좋지않음.심지어 팔에 깁스를 한 상태로 서비스를 진행한 현장 서비스직원도 있음.	서비스 현장 사원에 대한 복지 향상 및 루트의 현실화생산성 맞춘다고 하루에 14개 고객씩 소화하고 많은날은 17고객까지 서비스를 진행해야됨
2015/1/1	(주)세스코	100	71990	70571	3.0	2.0	3.0	3.0	3.0	0	2	서비스/고객지원	현직원	경기	 1 	False	"급여는 많지 않지만 앞으로 발전 가능성이 높은 회사 해충방제 업종에서는 1위 회사"	회사가 지속적으로 발전하기 때문에 급여등 처우도 발전하고 있는 추세 주5일이 비교적 준수됨	다만 회사 발전속도에 비례해 현장직에 대한 처우개선은 매우 느리게 되고있음 장기근속 시 메리트가 많지 않음	연봉과 복리후생을 조금만 더 강화해도 훨씬 우수한 인재들이 입사지원 할듯 또한 장기근속자에 대한 대우 개선이
2015/1/20	씨제이푸드빌(주)	100	23183	76745	3.0	1.0	1.0	3.0	3.0	0	1	경영/기획/컨설팅	전직원	서울	 1 	False	"외식업에 비전을 가지고있거나 커리어를 개발하고 싶어한다면 푸드빌에서 경력을 쌓는 것이 가장 좋으나, 다른 산업을 희망하거나 특별히 외식업 부분이 아니라면 후회하게 됨"	기업 전체가 자유로운 분위기로 하급자에 대한 대우가 부드럽고 예절이 있는 편임	타 계열사에 비해 연봉이 낮은 편이며, 업무강도는 비슷한 수준임. 씨제이 계열 공통으로 연봉대비 업무강도가 강함	외식업 no.1기업입니다. 더 신경쓰면 글로벌 기업으로 성장할 수 있습니다
2015/1/6	씨제이푸드빌(주)	100	23183	71973	3.0	3.0	3.0	4.0	2.0	1	1	영업/제휴	전직원	서울	 0 	False	"매장 직군으로는 한계가 있지만, 일하기에 보람있는 회사"	비교적 자유로운 기업문화, 최신 외식문화를 선도한다는 자부심	계열사 대비 낮은 연봉, 장기적인 경기침체로 인한 사업 위축	현장에 답이 있기는 하지만 너무 현장에 모든 책임을 돌리지 않았으면 합니다.
2015/1/2	씨제이푸드빌(주)	100	23183	70763	1.0	1.0	1.0	1.0	1.0	0	1	서비스/고객지원	전직원	기타	 1 	False	"여성들이 평생 직장으로 다니기에 좋은 복지 시설을 가지고 있으나 타 대기업과 동일하게 야근 및 잔업이 많고 회사 내 실력 위주 승진 보다는 라인 위주의 자리 지키기가 다소 있습니다."	CJ 그룹 관련한 모든 상품 및 부대시설을 이용할 수 있는 복지시설 (여성 및 가족 위주)이 잘 되어 있습니다.	타 대기업과 동일하고 출신 성분(특히 경력직)을 많이 보는 경향이 있습니다.	사람을 보는 기업이 되었으면 좋겠습니다.
2015/1/2	씨제이푸드빌(주)	100	23183	70711	3.0	3.0	1.0	4.0	3.0	0	2	경영/기획/컨설팅	전직원		 0 	False	"대기업의 계열사로 복지 수준이 상당히 좋으나 외식업의 특성상 업무가 많음"	복지수준이 좋음(특히 여성분들에게 추천)대기업 계열사로 외식업중에서 시스템이 잘 갖추어짐	외식업의 특성상 잡무가 많음상대적으로 적은 연봉공채 사원들을 우대	전반적인 급여 향상강력한 시스템 구축공감대형성
2015/1/29	유베이스(주)	100	87279	79908	2.0	4.0	3.0	1.0	3.0	0	1	영업/제휴	전직원	경기	 0 	False	"급여 꼬박꼬박 챙겨받기는 좋은데 사이트별로 업무강도가 넘 다름"	시간별 급여를 꼬박꼬박 챙겨주고 사내 카페의 커피가 맛있음	야근이 자율이라 되어 있지만 실제로는 강요함, 급여가 업무강도에 비해 적고 힘듬	사람을 넉넉히 뽑든가 강도에 맞는 급여를 주세요
2015/1/13	유베이스(주)	100	87279	74470	1.0	4.0	3.0	3.0	3.0	1	2	영업/제휴	전직원	경기	 0 	False	"아르바이트용으로 딱임."	나름깨끗한환경, 친절한 선배들, 소소한 복리후생	업무스트레스 많음, 주말근무도 하는게 아쉬움	경영진은 좋습니다.
2015/1/9	유베이스(주)	100	87279	73079	4.0	4.0	2.0	4.0	4.0	1	1	영업/제휴	전직원	경기	 0 	False	"세상에 쉬운일은 없음. 잘 하면 편해짐."	시설이 굉장히 잘되있음. 카페형임 근무환경도 괜찮음	휴무를 자꾸 바꿔야함 전진 후진으로 출퇴근시간이 일정하지않음	없음
2015/1/7	유베이스(주)	100	87279	72175	3.0	3.0	3.0	3.0	3.0	1	2	영업/제휴	현직원	경기	 0 	True	"일하게 된 고객사 어카운트 또는 지원부서의 성격에 따라 회사에 대한 평가는 달라짐.미리 충분히 지원하는 분야에 대해서 잘 알아보고 채용에 임해야만 후회 없음."	삼성이나 구글, 애플 같은 글로벌 대기업들도 Wow라고 말할 정도의 인프라 규모.사회적 편견에 의한 인력 평가를 최대한 벗어나고자 노력 중.산업 내에서는 상대적으로 우수한 복지와 경영, 관리, 기업철학.	조직이 비대하여 의사를 결정하는데 있어 어려움이 있음.	상대적이 아니라 절대적으로 우수한 기업이 되기 위한 의지가 필요한 시기가 왔습니다.
2015/1/29	아워홈(주)	100	68269	79839	3.0	2.0	2.0	3.0	2.0	0	None	디자인	전직원	서울	 0 	False	"LG아님,짠연봉,여자복지는 괜춘, 오너입김99.9% 그래서 말아먹는 사업많음,구씨 회장 사후 LG가 변심우려 사업성불투명 및 분사위험성, 상장가능성 매우낮음"	메리츠타워 근무시 강남역2번출구 초역세권이라 매우 좋음	CJ출신사장와서 엘지 뿔났음, 오너 한마디에 순식간에 짤림	급식매출 피빨지말고, 히트 식품외식 나오길 바라봅니다.
2015/1/28	아워홈(주)	100	68269	79345	3.0	2.0	4.0	4.0	3.0	1	1	경영/기획/컨설팅	현직원	서울	 0 	False	"무난한 연봉과 업무강도를 지녔습니다."	사내분위기, 신입부터 타 회사 대리급이 다루는 업무 할 수 있음	다소 낮은 연봉체계 및 복지, 장기적 회사의 방향성	뚜렷한 회사의 방향성을 토대로 커나갔으면 함
2015/1/24	아워홈(주)	100	68269	78098	3.0	2.0	3.0	3.0	1.0	0	None	디자인	전직원	서울	 8 	False	"정말 편하게 아무욕심없이 일하고 싶은 분들께 추천합니다. 포트폴리오나, 다양한 경험같은건 포기하세요."	대체적으로 가족적이고 평안한 분위기 입니다. 사람들도 좋고 경쟁을 붙이는 일은 거의 없습니다. 아닌것 같은데 대기업으로 쳐주네요들.거의 칼퇴합니다.	오래계신분들이 많고 회사 전반적으로 좀 보수적인 분위기 입니다. LG계열이라기엔 애매한데 LG계열사의 자부심을 가지라 합니다. 전형적인 오너 기업이라 전문경영인이 필요해 보입니다.	실력있는 경력자들을 뽑았으면 제발 그들을 믿어주세요. 양손에 모두 쥐고서는 아무것도 되지 않습니다.
2015/1/22	아워홈(주)	100	68269	77674	3.0	1.0	2.0	2.0	1.0	0	2	영업/제휴	전직원	서울	 3 	False	"직장상사에 따라 야근발생은 복불복나름 합리적인 문화이나 유통의 색깔은 못지움."	오너의 외식 사랑으로 외식에서 다양한 경험 가능할 듯. 급식은 정체이나 경쟁력있음. 영업하기에 무리없음.	엘지 쪽이긴하나 복지와 급여는 떨어짐. 낮은 급여로 인한 동종업계의 부러움을 안고 가야함	대기업 오너들의 큰 특징인 외식확장에 열의가 있으나 매출과 이익 두 토끼중에 잘 찾아서 했으면 함.
2015/1/16	아워홈(주)	100	68269	75704	4.0	3.0	1.0	4.0	2.0	0	2	생산/제조	전직원	인천	 0 	False	"다양한 업무를 경험할 수 있음"	성장하는 회사 기회가 많음 체계적으로 배울 수 있음	현장직은 정말 힘듬 야근 생활화 업무강도 강함 월급은 보통...	기업문화 보수적
2015/1/22	아웃백스테이크하우스코리아(유)	100	86465	77527	3.0	3.0	2.0	3.0	3.0	0	1	영업/제휴	전직원	서울	 0 	False	"열정을 가진다면 충분히 즐겁게 일할 수 있음"	다양한 사람을 만나며 배울수 있는 기회가 많음	몸이 힘듬 그리고 많은 사람들로 인한 스트레스도 있을 수 있음	무언가를 가르쳐 주고자 하는 경영자로서의 열정이 있었으면함
2015/1/16	아웃백스테이크하우스코리아(유)	100	86465	75416	2.0	2.0	2.0	4.0	3.0	1	1	서비스/고객지원	전직원	경기	 0 	False	"아르바이트 하기엔 좋은곳"	또래가 많이 알바하기에 재미있음직원할인이 가능한 점도 좋음	식사나 퇴근시간 등 기본적인 것들이 부족하고 잘 지켜지지 않음	.
2015/1/6	아웃백스테이크하우스코리아(유)	100	86465	71972	5.0	3.0	2.0	3.0	3.0	0	1	서비스/고객지원	전직원	경북	 0 	False	"승진기회는 엄청 많으나 잡일이 많고 몸상하기 쉬움 월급은 자기가 한만큼 받아감이직률 또한 높음"	승진기회가 많음 (어린사람에게도 기회가 주어짐)	잡일많고 일자체가 힘듬 시급제일이 힘든만큼 이직률도 높음	복지혜택이나 효율적으로 휴무관리 직원관리가 이루어 졌으면 좋겠음
2015/1/1	아웃백스테이크하우스코리아(유)	100	86465	70626	3.0	2.0	1.0	4.0	3.0	0	None	서비스/고객지원	전직원	경기	 0 	False	"아르바이트는 아르바이트일뿐 매달리지마라"	일하는게 힘들고 재밌음 하지만 그저 아르바이트일뿐 그이상도 이하도아님	능력평가제로 자기계발 제로 봉급 제로 무엇이 기준인지 자체를 모르겠다	노답
2015/1/1	아웃백스테이크하우스코리아(유)	100	86465	70520	4.0	4.0	4.0	5.0	5.0	1	2	서비스/고객지원	전직원	서울	 0 	False	"한달 8번 이상 출근가능하면 정직원.입사 후 3개월에 한번씩 시급오름 (2번)그 이후는 역량에따라 시급결정"	시급은 최저임금보다 높고 반복업무가 많아 금방 숙달할수있음 한두달에 한번씩 회식있음 ->아웃백 내에서 조리해줌알바로 시작해서 점주까지 가능함열정과 노력이면 충분!	발전이 없으면 진급도 없음점주의 홀,주방 출신인거에 따라 차별생길 가능성	곰인지 여우인지 파악을 잘하셨으면좋겠음
2015/1/27	(주)커피빈코리아	100	53841	79095	4.0	2.0	3.0	3.0	3.0	0	1	서비스/고객지원	전직원	서울	 0 	False	"바리스타로 시작해서 점장까지 하려고 하시는 분들은 추천합니다."	입사하고 3개월간 인턴기간을 거치면 정규직 전환 시험을 치고 정규직 전환이 되면 바리스타가 되는데, 입사 3년 내에 점장까지 승진하신 분도 보았습니다. 본인이 하는만큼 승진의 가능성이 무궁무진 합니다. 팀메이트(아르바이트)가 있어서 청소나 식기세척등의 일 보단 커피 제조에 신경쓸 수 있습니다.	집에서 가까운 매장에 티오가 있어도 발령을 잘 안내줍다. 바리스타들 거의 1시간-1간30분 거리의 매장에 발령되는 경우가 많으며, 모두 일관성있게 매장 발령을 하여 누구하나만 가까운 매장 발령하지 않으려는 회사의 방침이라나 ... 여튼 그럽니다. 그리고 매장 발령이 잦습니다. 이 매장에서 적응할 만 하면 저 매장으로 ..	급여에 비해 직원들이 하는 일, 해야할 일이 너무 많습니다. 매장발령이라도 가까운곳으로 좀 하시길 ...
2015/1/13	(주)호텔신라	100	47377	74214	3.0	3.0	3.0	4.0	3.0	1	1	경영/기획/컨설팅	현직원	서울	 1 	False	". 기업의 성장가능성 미래에 대한 투자가 활발하고, 대기업의 군대식 기업문화보단 수평적이고 합리적인 조직문화를 가지고 있음"	회사의 성정가능성 및 비전이 명확하고, 능력위주의 업무평가로 대기업의 순혈주의 등에 비해 경력직의 성장가능성도 높은 편임.	대기업에 비해 상대적으로 수평적이고 합리적인 조직의 모습이지만, 반대로 업무추진력은 떨이지는 편임	업무시스템의 개선을 통한 업무 프로세스이 체계화 연봉인상 및 복지제도개선을 통한 우수한 인적자원 확보
2015/1/12	(주)호텔신라	100	47377	73915	5.0	3.0	3.0	4.0	4.0	1	2	경영/기획/컨설팅	현직원	서울	 0 	False	"점점 좋아지고 있는 회사"	회사를 이끄는 실무진의 생각이 깨어 있어 많은 것을 실제로 변화시킬 수 있음	사옥의 부재 및 업황의 부침이 심하다는 것 빼고는 크게 없음	애사심 향상에 도움이 되도록 신사옥 건설을 장기적으로라도 추진해주세요.
2015/1/12	(주)호텔신라	100	47377	73808	3.0	3.0	2.0	4.0	3.0	1	2	서비스/고객지원	전직원	서울	 0 	False	"최고의 호텔. 대외적으로 알려진 이미지 매우 좋고 특히 서비스 부분에서 타 호텔과 비교됨."	복지시설 나쁘지 않고 식당밥 매우 맛있음. 타 부서에서 협조받는 일이 굉장히 많지만 갈등 생길 일 거의 없고 사람들 대부분이 기분좋게 일하는편(부서마다 다를 수 있음)맡은 일만 잘하면 무난한게 직장생활할 수 있음.	근무강도 조금 강한편. 특히 주말 또는 공휴일 및 성수기 제 시간에 퇴근못하는 경우가 허다함. 서비스 중심적인 호텔이기 때문에 사소한 컴플레인에도 열과 성을 다하는편. 이를 악용하는 고객들도 있어서 대책마련이 필요함.	몇몇 근무강도 높은 부서에 인력이 충분치 않아 몸이 버티지 못할때도 있습니다. 고객 집중시간만이라도 인력 충원좀..
2015/1/7	(주)호텔신라	100	47377	72451	1.0	2.0	2.0	2.0	2.0	0	2	유통/무역	전직원	서울	 1 	False	"삼성 공채가 아닌 입사는 비추.공채에게 밀려 승진 기회 등 거의 제로.면세업 자체는 꾸준히 성장 가능성 있으나 지속될지는 의문"	삼성 계열사이므로 대기업 복지 혜택 누릴 수 있음. (육아휴직 등이 잘 보장되어 있음)호텔신라라는 이름 때문에 남들 눈에는 좋아보임	비합리적인 인사태도. 조직규모에 비해 상당히 엉성한 사내 구조.직원들의 요구에 귀기울이지 않음굉장히 폐쇄적임딱 빛 좋은 개살구 그 이상도 그 이하도 아님.	두루뭉술한 경영방침보단 구체적인 계획을 세웠으면 함
2015/1/4	(주)호텔신라	100	47377	71229	4.0	3.0	2.0	2.0	4.0	0	2	경영/기획/컨설팅	현직원		 0 	False	"삼성 치고 돈이 적고 (근데 일은 엄청 많음)고인 물 느낌이랄까...변화 의지 적고 '싫으면 중이 떠라' 주의"	삼성 3급 공채로 입사 시 훗날 밀어주는 느낌	수직적인 문화 / 공채와 비공채, 경력들 간의 오묘한 긴장감 / 시급으로 계산 시 돈이 적음	주는 돈과 복지에 비해 회사가 급하게 커버려서인지, 직원들에게 신경 써주는 것이 부족한 듯 함
2015/1/23	트랜스코스모스코리아(주)	100	51105	78070	2.0	2.0	2.0	2.0	2.0	0	1	디자인	전직원	대구	 0 	False	"다른쪽은 모르겠으나 디자인 알바한테 정직원채용하듯이 얘기함."	일본계 회사라 일본 업무를 확인할수 있음. 급여는 제대로 나옴	야근이 잦고 월급이 낮은게 단점.사람을 업무적으로 대함	직원을 좀 더 대해줬으면.
2015/1/6	트랜스코스모스코리아(주)	100	51105	71943	2.0	2.0	3.0	3.0	2.0	0	2	IT/인터넷	전직원	서울	 0 	False	"모바일 타이쿤 게임처럼 사람들이 물 밀 듯 몰려왔다가 다들 사라짐"	특별히 많이 어려운 점은 없음잔업이나 휴일 등이 보장됨	지루하고 싫증이 나며 불만이 점점 증폭되는 경향이 있음	인력,급여를 좀 더 체계적으로 하시고 사람들이 자꾸 나가는 이유가 단순 응대 업무이기 때문이라고 생각하지 마시길
2015/1/23	(주)유니에스	100	87274	77899	2.0	1.0	4.0	3.0	2.0	1	1	서비스/고객지원	전직원	경기	 0 	False	"입사가 쉬운 반면 급여는 매우 적은편입니다. 3년 정도의 경력을 쌓을 현실적인 준비가 되어 있다면 경력 이직을 추천합니다."	공항 서비스업을 경험할 수 있고 특별한 공간이 직장이라는 점이 가장 큰 메리트입니다.	급여와 복지가 항공사 소속 직원에 비교하였을때 터무니 없이 적습니다.	업무적 사명감, 책임감, 소명 의식을 바란다면 그만한 대우가 우선 되어야 한다고 생각합니다.
2015/1/19	(주)유니에스	100	87274	76454	2.0	2.0	4.0	3.0	2.0	0	1	특수계층/공공	현직원	서울	 0 	False	"주5일,칼퇴가능 편안한 맘?으로 다니실분"	주5일, 칼퇴권장으로 편안한 마음으로 근무가능물론 어디나 쉬운곳은 없음	복지부족, 회사비젼 약함. 그런영향으로 충성도가  약함	체계적인 진급이 될수 있도록 투명한 기업인사가 있으면 좋겠고 급여인상만 되면 더할나위 없겠습니다
2015/1/17	(주)에스텍시스템	100	89310	75879	2.0	2.0	1.0	2.0	2.0	0	1	기타	전직원	서울	 0 	False	"단기간에 생각없이 돈벌기는 편합니다. 하지만 주야간 근무가 변하게 되고 승진기회가 많이 없다고 생각합니다."	근무지에 따른 일의 강도가 다릅니다. 편한 근무지에서 근무를 한다면 편하게 돈을 벌 수 있습니다.	승진기회가 별로 없는것 같습니다. 본사의 경우는 잘 모르겠지만, 현장직 근무자들은 다른일을 생각하는 인상이 강했습니다.	좀 더 체계적인 업무처리방식이 필요할 것 같습니다.
2015/1/7	(주)에스텍시스템	100	89310	72199	1.0	4.0	1.0	3.0	2.0	0	1	서비스/고객지원	전직원	서울	 0 	False	"가진게 몸뿐이라면 도전해보고미래를 위해서라면 그 시간에 공부하는게 좋음"	한만큼 돈이 나옴경비업법이 바뀌어서 최저시급 챙겨줌	체력적으로 힘듦다른 회사원들 쉴 때 나는 일해야함해당 사옥내에서 슈퍼을이 되어버림	없음
2015/1/29	에스원(주)	100	65658	79608	3.0	4.0	1.0	2.0	3.0	1	1	영업/제휴	전직원	서울	 0 	False	"보안이라는 업계특성상 업무강도가 높은편.남직원의 비율이 높아 군대같은 문화조직에 잘 적응하실 수 있는분들은 잘맞을것같음"	업계1위인 만큼 안정적삼성그룹이라 복지가 좋은편	업무강도가 굉장히 높았고 비효율적인 부분도 있음	고객에게 불필요한 상품은 출시전 철저히 검증하는것이 좋을것같다.
2015/1/21	에스원(주)	100	65658	77207	2.0	4.0	1.0	3.0	3.0	0	2	서비스/고객지원	전직원	서울	 1 	False	"개인생활을 포기하고 돈을 찾는다면 OK!"	일한만큼 돌려받는 기업 한 만큼은 준다	개인 여가가 없다. 자기 바쁘다. 부족한 수면....	쉴 땐 쉬고 싶다!!
2015/1/18	에스원(주)	100	65658	75954	3.0	2.0	1.0	1.0	1.0	0	None	영업/제휴	전직원	경기	 5 	False	"CS 직군은 강한 업무강도만 견디시면 타 직업이나 직군에 비해 상당히 높은 연봉을 받을 수 있습니다.그룹 공채 지원자는 절대 비추입니다. 회사에서 대리 전까지는 공채출신꼬리는 마이너스입니다. 복불복이지만, 안 좋은 군대 문화들(여러분이 일반적으로 생각하시는 그것) 겪으며 추가수당없이 하루 15시간 근무합니다. 합격직군 상관없이 영업으로 발령날 수 있음."	실력에 따라 성장할 수 있는 길이 열려있습니다. CS분들은 CS업무 외도 영업 잘하시면 진급에 유리합니다.타직군은 회사에 모든 시간 올인하시면 샐러리맨들 중에서는 성공한 축에 들 수 있습니다.과장 이상부터는 평가에 따라 다르긴 하지만 다른 회사 대비하여 연봉이 상당합니다.(잠자는 시간 빼고 모두 일하는 워커홀릭이나 기러기 아빠가 꿈이신 분에게 추천합니다.)같이 근무하시는 분들 중에 유순하고 좋은 사람들 상당히 많습니다.(그래서 버티시는것 같습니다.)	일부 사업부 제외하고, 회사다니면 개인시간 없습니다. 일부 좋은 근무지 빼고는 일 12~15시간근무, 주6~7일. 추가수당, 야근수당없습니다. (물론 정말 어쩌다 좋은 상사 만나면, 주5일근무도 가능할 수도 있습니다.)전직원에게 회사 제품 강매문화(상당한 금액을 구매해야합니다.)가 있습니다. 때에 따라 자사 제품 구매 실적도 조사합니다. 신입의 경우 비연고지 발령 시, 발생되는 비용은 일체 자기부담입니다. 연봉 대부분을 대출금상환과 비연고지 생활비로 사용할수도 있습니다.	직무별 업무 명확화(현장의 경우 업무가 혼재되어 있어 어떤 게 내 일인지 헷갈릴 때가 있습니다.)회사에 맞는 업무 문화,시스템구축역량에 맞는 사업 진출상품 강매금지(직원에게 판매한 부분은 경영평가에서 빼야된다고 생각합니다.)교육(주먹구구식으로 교육이 진행되면, 회사에 장기적으로 악영향을 미칩니다.)
2015/1/5	에스원(주)	100	65658	71316	2.0	2.0	1.0	2.0	1.0	0	1	경영/기획/컨설팅	현직원	서울	 1 	False	"절대 삼성이라는 이유로 선택하지 마세요."	나름 삼성이다. 여자라면 짤릴일은 없는듯..  육아휴직쓰는데 눈치 안준다기혼자 복지가 좋다	늦은퇴근. 높은 업무강도 인원부족 등...화내고 쪼이기만 하면 모든지 해결 될거라고 생각함..	인력보충해주세요 군대식 문화 바꿔주세요
2015/1/7	씨제이푸드빌(주) 투썸플레이스	100	94601	72294	3.0	3.0	1.0	2.0	2.0	0	1	서비스/고객지원	현직원	서울	 0 	False	"보통 프랜차이즈의 특성상 매장의 로테이션 근무로 생활패턴이 망가집니다.매장별로 차이가 있지만 보통 오픈/미들/마감조로 나뉘어져 출퇴근을 하다보니 새벽부터 출근하다가 점심에 출근하고, 초저녁에 퇴근했다가 자정이되서야 퇴근합니다. 몇일만에 변동되는 스케쥴이다보니 자기시간을 갖기 힘듭니다."	많은 사람들을 만날 수 있고, 대기업 계열이다 보니 급여나 계약서 등에 대해서 확실합니다.서비스업에 종사할 사람이라면 많은 것을 배울 수 있는 곳이라고 생각해요.	로테이션근무는 최대의 장점이자 단점입니다. 잘 이용하면 장점이 될 수 있지만, 시간이 지나고 너무 익숙해져 버리면 어느새 생활패턴이 깨지고 지쳐버립니다. 주말이나 공휴일에 더 바쁘고 휴무를 갖기 힘든건 서비스직종의 숙명?ㅠㅠ	급여나 근무 환경에 대해서 좀 더 복지에 신경써야 합니다. 건강검진이나 계절휴가 등에 대해서도 보장해주세요.
2015/1/24	한국마사회	100	86726	78203	3.0	4.0	3.0	2.0	1.0	0	1	경영/기획/컨설팅	현직원	경기	 1 	False	"공기업의 태생적 한계(낙하산, 다수의 감독 기관)는 고려하세요"	적당한 업무강도, 괜찮은 급여 및 복지, 직업 안정성	잦은 보직변경 등으로 전문성 결여, 공유된 미래비전 결여로 인한 따로국밥의 기업문화	낙하산이면 낙하산 답게 행동해라
2015/1/28	케이에이(주)	100	87378	79429	2.0	2.0	3.0	4.0	2.0	0	2	서비스/고객지원	전직원	인천	 2 	False	"또래와 재밌게 일할 수 있는 회사 흔치않은 경험 할 수 있음"	거의 첫직장으로 들어오는 어린직원들이 많아서 또래들과 일하기 때문에 공감대 형성 및 학교친구보다 더 친한 사이로 발전하는 사람들이 많음부서에 따라 조금 다르지만 현장에서 일하는 일이기 때문에 활동적임, 싫어하는 직장상사와 하루종일 붙어있지 않아도 됨유니폼입고 일하며 어린아이들은 이에 대한 자부심이 쫌 있는 편임 작은 아웃소싱회사들이 전부 하나로 합쳐진 회사로 앞으로 더 커질가능성 많음스케줄근무로 원하는날 쉴 수 있음(물론 짬이 좀 되어야가능..)여행가기 좋음비행기 공항 이런거에 로망있는 사람들 좋음성수기 아니고 평이한 날엔 중간중간 쉬는시간 많음	승진이 너무 느림. 사원부터 시작해서 주임달려면 짧아야 3-4년이직률 굉장히 높음그만큼 급여 작음 근속간 기간대비 월급 거의 오르지 않음남자는 싱글이면 모르지만 가정있는 사람은 이 급여로는 힘듬적응 잘하는 친구들은 문제없으나, 업무내용이 굉장히 생소하므로 따라가지못하면 바로 도태됨여자들이 90%인 직장, 한번 잘못한 일있으면 거의 한시간안에 공항에 다 퍼진다고 보면됨물론 소문도 많음클레임의 최전방에서 일함지연 결항되는날엔 욕먹을 각오하고 출근해야하며 인천공항은 24시간오픈이기때문에지연 회항등 사정에 따라 새벽1시고 2시고 퇴근못함그 외의 말도 안되는 클레임 자주 들어옴	근속년수 및 업무 강도에 따른 급여차등필요복지가 없어도 너무 없어요
2015/1/7	케이에이(주)	100	87378	72171	2.0	2.0	1.0	2.0	1.0	0	2	서비스/고객지원	현직원	인천	 1 	False	"성장하고있는회사이긴한것같음"	회사의 성장 가능성 좋아지고 있는 복지	스케쥴근무로인한체력저하 비교적늦은승진	현직원들에강도높은직무에대한불평의이해
2015/1/6	케이에이(주)	100	87378	71939	2.0	2.0	3.0	1.0	2.0	0	1	서비스/고객지원	전직원	인천	 0 	False	"복지나 연봉보다는 사람만나는것이 좋다면 도전하세용"	일단 저같은 경우에는 아시아나항공 유니폼을 입고일함 그에따른 약간의 자부심공항에서 일하기 때문에 일 자체가 버라이어티하고 재밌음공항과 비행기를 좋아한다면 만족	알고보면 협력업체.. 지금은 자회사?정도되는것 같군요연봉 복지 여전히 해결이 안된것같아요 소속감없습니다젊은 친구들이 들어왔다가 1-2년못채우고 거의 퇴사합니다저때만 해도 동기가 10명이넘었는데 지금 한명빼곤 모두 퇴사한 실정	사람들이 공항에서 일한다는 이유만으로 많이들 입사하고 싶어하는데 그만큼 퇴사도 많이하고 채용도 매우 수시로 이루어지는걸로 알고있습니다연봉과 복지좀 높여주면 퇴사율이 확연히 적어질 것으로 봅니다
2015/1/30	이트너스(주)	100	13535	79999	3.0	2.0	3.0	3.0	3.0	1	2	기타	현직원	서울	 1 	False	"미니 삼성이라는 말이 어울릴 정도로 삼성과 비슷한 문화를 형성하고 있다회식자리도 별로없고 일단 일찍 끝나며 동호회, 행사도 풍부한 편이다하지만.."	사내 분위기, 적은 회식, 특정 부서 제외한 자유로운 분위기	적은 연봉, 기타 잡일이 많음, 행사가 너무 많음, 일할 시간도 부족한데회사 일에 적극 동참 하라함	상하 수직적인 회사의 장점도 있지만 너무 주위 시선에 휘둘리지 않고 이트너스 만의 색을 가지고 운영했으면 좋겠다
2015/1/27	이트너스(주)	100	13535	78939	3.0	3.0	1.0	3.0	3.0	1	1	기타	전직원	경기	 1 	False	"업무 강도가 낮아 마음만 먹으면 자기개발 할 시간이 충분하고 나의 생활과 병행이 가능"	중소기업임에 비해 기업복리가 좋은 편임 고객사의 인프라를 누릴 수 있음 사업장 별 분위기차가 커 잘만 걸리면 좋은 분위기에서 업무 할 수 있음	비합리적인 인사평가제도 및 업무의 전문성 결여	체계적인 인사평가 제도가 필요로 해보임
2015/1/26	이트너스(주)	100	13535	78734	3.0	3.0	3.0	3.0	3.0	1	1	경영/기획/컨설팅	전직원	기타	 0 	False	"지사별로 업무 상황이 다소 다르나대부분 업무강도가 심하지 않아,자기계발을 할 여유가 많은 편임."	아웃소싱 협력사지만 대기업 업무 순환을 배울 수 있는 것은 장점이라고 생각함.	기본급과 같은 급여나 수당이 적은 편기업 인지도가 떨어짐. 물론 중소기업이지만대외적인 홍보가 필요하다고 생각함.	갑작스러운 인사발령은 지양했으면 함다만 당시 회사 상황을 이해하는 임직원들이많기 때문에 큰 반발은 없음
2015/1/26	이트너스(주)	100	13535	78718	3.0	4.0	3.0	4.0	3.0	1	2	경영/기획/컨설팅	현직원	경기	 1 	False	"회사가 어디인지, 직급이 무엇인지, 연봉이 얼마인지는 중요하지 않습니다.본인의 역량에 따라 처우 및 보상은 따라오게 되어 있습니다.본인이 뛰어난 능력의 소유자라면 모를까 대부분의 사람은 단기간에 실적을 올리기란 쉽지 않죠특히 신입은 두말할 필요도 없지요..최대한 노력하고 열심히 한다면 보상과 처우는 자연스럽게 따라갈 것입니다."	젊은 기업, 성장 가능성이 큰 회사, 본인의 역량만 허락한다면 대발탁도 가능한 회사입니다.	타 기업의 업무를 대행해 주다 보니 내 회사를 위해서 일하는 것 같지 않은 착각이....	까라면 까! 무조건 달성! 이 아닌 조금더 구체적인...
2015/1/23	이트너스(주)	100	13535	78064	4.0	4.0	4.0	4.0	4.0	1	2	경영/기획/컨설팅	현직원		 0 	False	"회사 분위가가 젊음"	복지가 잘 되어있는 편이며업무 로테이션 기회가 많아 본인이 원한다면 여러곳에서 다양한 경험을 쌓을 수 있음	아무래도 고객사의 눈치를 볼 수 밖에 없으며야근수당은 그렇다 쳐도인간적으로 주말 및 공휴일 근무수당이 정말 너무 적음 그리고 사담이지만이번에 바뀐 명함, 의미는 있으나 디자인이..........(침묵)	생각이 나면 수정해서 올리겠음
2015/1/23	이트너스(주)	100	13535	78052	3.0	2.0	1.0	3.0	1.0	0	None	경영/기획/컨설팅	전직원	서울	 0 	False	"근무지에 따른 업무강도 경험"	대기업의 협력사를 하다보니 높은수준의 복지혜택 가능	본사를 제외한 근무지는 고객사의 의해 업무강도 결정.	스마트 오피스 지향보다는 정치적인 경영을 업애는 방향이..
2015/1/23	이트너스(주)	100	13535	77830	4.0	5.0	4.0	5.0	4.0	1	2	경영/기획/컨설팅	전직원	서울	 2 	False	"중소기업에서 대기업의 업무 프로세스를 배울수 있는 기회"	중소기업치고 괜찮은 복리후생제도, 사원들과 소통하려는 경영진의 자세, 성과에대한 보상체계(상하반기 P.I)	본인이 노력하지 않으면 메모리즘에 빠지기 싶다. 같은 업무와 한곳에만 머물기를 원한다면 비추	좋은 기업으로 만들기 위해 앞으로 더 많은 노력을 해주셨으면 합니다.
2015/1/23	이트너스(주)	100	13535	77787	2.0	4.0	3.0	2.0	2.0	0	1	인사/총무	현직원	서울	 0 	False	"업무 이외의 것을 요구할때가 많음. 무난한 현상유지를 원하면 오래 다닐만 하지만 일에 대한 욕심이 있고 야망이 있을 경우 오래다니기에 좋은 회사는 아님."	다른 중소기업에 비해 복리후생은 좋은편. 의료비 지원, 식대 제공, 연차수당 지급 등등 근무환경도 좋은 편임. 직원들이 전체적으로 젊음.	본인의 업무 이외에 추가로 해야할 활동들이 많이 있음.(게시판에 댓글 달기, 독후감 쓰기, 체육대회, 등산 등등)아웃소싱 회사이다 보니 장기적으로 회사의 발전 가능성이 불투명함	사업의 확장도 중요하지만 한해 동안 고생한 직원들을 먼저 챙겨주는게 좋지 않을까 싶음. 당장의 이익만 생각하기에 급급해 직원에 대한 소중함을 잘 모르는듯 함.
2015/1/22	이트너스(주)	100	13535	77444	5.0	5.0	5.0	5.0	5.0	1	2	경영/기획/컨설팅	현직원	경기	 2 	False	"전문가로 성장하고 싶은 열정과 성실함을 갖춘 인재라면 도전을 추천"	쾌적한 업무환경, 다양한 교육 기회, 복리후생 헤택	명확한 업의 정체성, 현재보다 전문성을 갖춘 지식적,기술적 능력이 필요	전문적이고 차별화된 솔루션의 지속개발
2015/1/19	이트너스(주)	100	13535	76332	3.0	4.0	2.0	3.0	3.0	1	2	경영/기획/컨설팅	전직원	경기	 2 	False	"고용안정을 위해 노력하는 모습이 보임. 열심히 배우고자 하는 사람에게 추천(자꾸 공부시키고, 연구회 등 참여하게 함), 혼자 느긋하게 일하고자하는 사람은 견디기 힘들만큼 팀워크와 자기개발 중요시함. 지사별 분위기, 장단점 다르나 전체적으로 젊은기업이라 사원끼리 소통 잘 됨."	다양한 직무가 있어 자기개발의 기회 많음	이른 출근시간(8시)으로 서울지역 이동 거리가 꽤 있을경우 부담감 있음	ㅡ
2015/1/1	이트너스(주)	100	13535	70594	4.0	4.0	5.0	4.0	4.0	0	1	서비스/고객지원	전직원	경기	 7 	True	"고객사가 대기업이기에, 중소기업과 대기업의 환경을 모두 경험해 볼 수 있어 좋음.정규직이긴 하지만 회사 자체가 아웃소싱이라는 불안정감과전문성이 부족한 업무로 나의 미래가치와 정체성에 혼란이 올 수 있음."	지사근무의 경우 대기업의 복지혜택을 조금 누릴 수 있음( 출퇴근 버스, 점심 구내식당, 의료비 100% 등)젊은 근무자들이 많으며, 대표이사의 마인드가 적극적이고 소통을 하길 원해서 여러 행사 및 이벤트가 많음(단점일수도..)하는 일에 비해 급여 및 복지가 나쁘지 않음. 여자가 다니기에 나쁘지 않음. 순환 보직으로 의지만 있다면 여러 업무에 대한 경험을 할 수 있음. 그냥 조용히 적당히 적당히 벌고 적당히 일하고 적당히 적당히 다니기엔 나쁘지 않으나성취감을 중요시하거나 개인의 성장을 중요시하는 사람이라면 맞지않음.	타인에 보이는 회사의 이미지를 너무 중시함. 겉으로 보기엔 좋아보이나 실상은 별게 없는 느낌.고객사의 눈치를 너무 많이봄업무의 전문성이 떨어짐(중요 업무 보단 비 중요 업무를 주로 하기에), 그래서 업무상 배울점이 적음.지사별로 분위기 차이가 큼 자유로운 분위기 인 듯 하나 수직적이고 보수적인 면이 있음.회사가 하고자 하는 업이 명확하지 않음.	고객사에 의존하는 아웃소싱 업무 보다는 이트너스만의 분야를 개척해 나가면 좋을 것 같음.
2015/1/8	효성아이티엑스(주)	100	285	72558	2.0	2.0	2.0	2.0	2.0	0	1	IT/인터넷	현직원	서울	 2 	False	"대기업 치고 취업이 쉬운편이다 효성 계열사라는 대기업 타이트를 가질수있다"	효성 계열사라는 대기업 타이트를 가질수있다 대기업이라 망하지 않을것이다	일의 강도에 비해 연봉이 적고 테이블이 없다.	여러 면에서 체계가 불분명하게 잡혀있다
2015/1/5	효성아이티엑스(주)	100	285	71462	3.0	2.0	2.0	2.0	2.0	0	1	IT/인터넷	전직원	서울	 0 	False	"효성 계열사라는 나름 대기업의 타이틀을 얻을 수 있다."	효성 계열사라는 나름 대기업의 타이틀, 자체 사옥과 깔끔한 근무 환경, 고객사도 대기업인 것, 망할 일 없는 사업	공개채용이 아닌 수시채용으로 인해 연봉 테이블이 없는 것 같다. 면접 때 부르는 값이 곧 나의 연봉..	체계적인 인사시스템
2015/1/3	효성아이티엑스(주)	100	285	71045	3.0	3.0	2.0	2.0	2.0	0	2	IT/인터넷	전직원	서울	 0 	False	"효성계열사라는 나름 대기업의 타이틀을 얻을 수 있지만, 효성 지주사와 비교했을 때 연봉과 회사시스템은 격차가 있다."	효성계열사라는 나름 대기업의 타이틀을 얻을 수 있고, 매출액도 꾸준히 성장하고 있으며 망할일 없는 안정적인 회사다.	콜센터를 제외한 사무직의 경우 2011년 이후 공개채용 없이 수시채용으로 뽑고 있어서 입사동기가 없으므로 외롭고 혼자 터득하고 살아남아야 한다. 또한 수시채용으로 인해 따로 교육이나 연수가 없으므로 입사초기는 정말 스파르타. 아르바이트를 하다가 채용되고 효성 계열사에서 계약직 또는 파견직으로 일하던 사람이 추천으로 넘어오는 경우가 많으므로 힘들게 들어온 사람의 경우 회의감을 느낄 수 있다. 또한 연봉 테이블이 없어서 면접 때는 무조건 연봉을 높게 부를 것! 희망연봉 높게 불러서 안뽑을까봐 낮게 부르면 정말 부른만큼 준다.	인사체계가 많이 미흡해보인다. 효성지주사와 같이 공개채용으로 인력을 뽑고, 체계적인 교육시스템을 갖춘다면 더욱 더 성장하는 회사가 되지 않을까..
2015/1/23	한국전기안전공사	100	89009	77963	5.0	3.0	3.0	3.0	3.0	1	2	전문직	현직원	충북	 3 	False	"상사 눈치 안보고 외근이 자신에게 잘 맞다면 연봉빼고는 정말 좋은 직장 하지만 더위 추위를 너무 많이 타거나 체력이 약하다면 최악의 직장이 될것임"	전기인으로써 그동안 배운 이론을 실제로 보고 점검하면서 많은것들을 배울수있음 5년만 지나면 누구나 간부시험 응시 가능자신만의 일이라 휴가 아무때나 사용가능자신의 일을 빨리 끝내면 마음대로 쉴수있지만 제시간에 못끝낸다면 밤,  주말에도 일할수도 있음(하지만 극히일부)퇴근시간 잘 지켜지는 편거의 자신이 원하는 연고지에서 일할수 있음	많이 걸어다녀야해서 체력적으로 힘들수도 있음3년마다 점검을 해서 사람들이 잘 몰라 이상한 사람으로 오해받을 때도 있고 같은 일, 멘트 반복이라 지겨울수도 있음	연봉만 조금 더 오른다면 외근 좋아하는사람들에게는 신의직장
2015/1/13	한국전기안전공사	100	89009	74109	4.0	1.0	2.0	1.0	1.0	0	1	특수계층/공공	전직원	충남	 3 	False	"공사도 공사나름입니다."	전기안전검사란 업무는 아직은 사기업이 할 수없는 업무며 계속 정부산하의 공기업이 가져가야하는 업무임. 고로 망하진 않음	자, 퇴직자로서 딱잘라서 말합니다. 안전공사의 저압 점검 업무는 개혁이 필요하다. 점검 업무, 과연 직원의 몇퍼센트나 제대로 점검할까. 월급또한 제대로 일하는 직원에겐 너무 적다. 조직문화는 내가 한 곳의 지사밖에 안 있어봐서 그 지사에만 국한되어있지만, 조직문화 쓰레기다.	아직 재직중인 내 불쌍한 동기들과 그의 후배들에게 꿈과 자부심을 주려거든, 저압 점검 업무 계약직 업무화 시켜라. 뭐하는 짓이냐
2015/1/29	대명레저산업(주)	100	82315	79650	4.0	3.0	2.0	3.0	3.0	1	2	서비스/고객지원	현직원	경남	 1 	False	"레져업계 1위다운 안정적인 직장 향후 성장가능성 多서비스업계에서 경력을 인정받는 회사, 커리어를 쌓아가고 처음직장생활을 하기에 안성맞춤"	레져업계 1위다운 안정적인 직장 향후 성장가능성 多서비스업계에서 경력을 인정받는 회사, 커리어를 쌓아가고 처음직장생활을 하기에 안성맞춤	일과 삶의 불균형이 심함. (주중 휴무 , 주말/연휴 근무) 서비스직 격주 휴무제도 시행 초기단계	상하 수직적인 기업문화 개선이 필요함,
2015/1/27	대명레저산업(주)	100	82315	79191	3.0	3.0	2.0	2.0	2.0	0	None	경영/기획/컨설팅	전직원	기타	 1 	False	"공채 출신으로.......... 레저업계의 한계를 경험.특히 상하 수직적이고 군대식 쌍팔년도 문화에 매우 지침.2~3명의 업무를 1명이 하다보니 매우매우매우 지침(물론 편한 직무도 많음. 사람을 잘 만나야 하는듯)"	스키장, 오션월드, 리조트 등 사용 혜택 많음. '대명'이라는 대외적인 네임밸류.	비효율, 비합리, 세력싸움, 짠연봉. 사업장 주5~6일 근무(지금은 모르겠음), 레저업계의 한계...(먼가 정체되고 도태하는 듯..)	쌍팔년도 사고를 버리시고...... 인적 혁신을 이루면 좋겠습니다. 버텨서 올라간 고위급, 인맥/빽 처리하셔야할 듯...
2015/1/22	대명레저산업(주)	100	82315	77672	3.0	2.0	1.0	2.0	2.0	0	1	서비스/고객지원	전직원	강원	 0 	False	"레저 좋아하면 괜찮음.하지만 서비스직은비추. 대졸이상이면 본사사무직 추천."	레저활동및 휴가숙박할수있음. 레저쪽이다보니 전국에 있는 리조트를 무료로 숙박할수있는게 좋았고 사업장에 따라 분위기가 다르긴 하겠지만 본인의 사업장 분위기는 좋아서 서로 으쌰으쌰하며 버틴걸로기억. 또한 기업브랜드로인해 좋은직장다닌다고생각	수직적인구조. 군대같았음.사업장에 경영진오면 손님보다 더 신경쓰고씨씨티비로 경영진동태확인하면서 확인해야함.바쁜날에도경영진이우선임. 업무에비해낮은연봉. 연장수당지급을 운영팀에서 자르는경우도. 분양압박과 상하반기 각종티켓압박.	수직적인 구조를 벗어나 유능한 인재에게 더 기회를 주셨으면 졸겠습니다. 또한 직원 근무 처우개선을 좀더 해줬으면 좋겠습니다
2015/1/18	대명레저산업(주)	100	82315	76065	3.0	3.0	4.0	2.0	3.0	1	1	서비스/고객지원	현직원	경기	 0 	False	"리조트로는 업계 1위인만큼 네임밸류만 생각하고 경력 쌓을 겸해서 입사한다면 나쁜 기업은 아닌 듯"	스키, 보드, 여행 등 레저쪽을 좋아하는 젊은이들 및 그 가족에게는 1년 리조트10회, 리프트 10회, 오션월드 10회 무료 이용등의 혜택이 주어져 열심히 일하고 열심히 놀기 좋은 기업이다.	경력직 보다는 대명에서 신입으로 입사해서 오래 일한 직원을 더 쳐주는 경향이 있어 경력직들에게는 불리한 점이 있다.	이미 커질대로 커진 거대한 공룡같은 조직이  IBM처럼 몰락의 길을 걷지 않고 꾸준히 발전해 나갈수 있는 건강한 기업으로 만들어 달라
2015/1/15	대명레저산업(주)	100	82315	75387	4.0	1.0	1.0	5.0	2.0	0	1	전문직	전직원	강원	 0 	False	"산속에있어 문화생활 단절 대책 필요"	인사체계변동에 의한 진급기회 가 많이 주어짐.빨리짐.	진급누락.연속시 진급기회박탈된다 3회	퇴보됨
2015/1/15	대명레저산업(주)	100	82315	75054	2.0	2.0	2.0	2.0	2.0	0	1	경영/기획/컨설팅	현직원	서울	 0 	False	"안정적이지만 자기발전에는 ....."	안정적이라고 볼수도..있습니다  레저업계 1위는 그냥하는게아니지요~~~~~~~~~~~~	자기발전 전무 자기발전을 추구하신다면 다른회사를찾아보세요	신규사업 확장
2015/1/8	대명레저산업(주)	100	82315	72807	1.0	2.0	2.0	1.0	1.0	0	1	서비스/고객지원	전직원	전남	 1 	False	"나이어린 사회초년생이 시작하기는 괜찮으나 힘든 업무에 비해 낮은 연봉"	현 업계 1위. 분양만 잘하면 추가적으로 돈을 벌기 좋음. 연간 무료 숙박 10회제공 및 가족들까지 대명회원대우.	알려지지않은 문제들이 많음. 여성 진급 어려움(짧은 출산휴가,분양 등)	자유롭게 의견을 낼수 있는 분위기가 필요함.
2015/1/25	피알원(주)	100	87461	78433	3.0	3.0	1.0	3.0	3.0	0	1	서비스/고객지원	현직원	서울	 0 	False	"홍보 전문가를 꿈꾼다면 충분히 만족할만한 회사"	업계 상위라는 자부심과 팀을 잘 만나면 성장 가능성이 높다	업무와 삶의 균형을 맞추기 어렵다 팀을 잘못 만날 경우 괴로울 수 있음	다소 경직된 조직 문화를 개편했으면 좋겠다
2015/1/14	피알원(주)	100	87461	74920	4.0	4.0	4.0	4.0	4.0	1	1	기타	현직원	서울	 0 	False	"업계 최고 수준의 연봉과 단시간 내 업무습득을 원한다면 지원해볼 것"	직원들의 의견 반영 잘되고 복지가 좋음. 3년 근무시 한달을 쉴 수 있어 홍보대행사 치고 근속년수가 꽤 높은 편. 인센티브 역시 팀별로 상이하기 하지만 대기업 수준으로 나오기도.	홍보업계 전반적으로 어려운 상태. 몇번의 구설수로 내부 분위기가 흉흉해져 안정을 찾아야할 필요가 있음	홍보대행사 특유의 자유로움을 유지해준다면 인재들이 더 많이 들어올 것
2015/1/14	피알원(주)	100	87461	74746	3.0	2.0	3.0	2.0	2.0	1	1	서비스/고객지원	현직원	서울	 0 	False	"어떤 팀으로 배정이 되느냐에 따라 편차가 심한편이지만 신입AE라면 배울곳이 많은 곳. 다양한 분야의 클라이언트를 경험할 수 있고, 회사 분위기도 좋은편."	대체로 자유로운 업무 분위기, 능동적으로 일할수 있는 회사, 홍보관련해 다양한 경험을 충족시켜줄 수 있는 회사, 3년 근속하면 한달간 안식월 제공	사원, 대리급의 이직이 잦다. 업무적으로 배울만한 능력있는 팀장이 별로 없다. 팀장급에 대한 평가 부재.	커뮤니케이션 회사인데.. 직원과의 소통은 거의 없는 듯 해 아쉬움.
2015/1/25	(주)대학내일	100	86769	78351	2.0	5.0	4.0	5.0	5.0	0	2	미디어/홍보	현직원	서울	 0 	False	"좋은 조직문화, 업무강도는 낮지 않음. 동종업계에서 좋은 연봉."	좋은 연봉, 수평적인 조직 문화. 자유로운 분위기.	모든 일을 알아서. 본인이 일을 찾아서 해야 함. 위에서 끌어주는 문화 없음.	아직 체계적으로 시스템이 정해지지 않음. 개별적으로 일하고 개별적으로 생활함. 자유롭지만 그만큼 단점도 있음.
2015/1/23	(주)대학내일	100	86769	77998	5.0	4.0	3.0	5.0	5.0	1	2	마케팅/시장조사	전직원	서울	 0 	False	"기업 문화가 수평적이며, 직원 다수가 일에 대한 태도가 적극적이다."	사내 문화가 좋은 편, 좋은 문화를 만들기 위한 일들을 많이 한다. 치맥 데이라던지 수박데이라던지 직원들을 위한 소소한 이벤트가 많다.	클라이언트를 상대해야 하는 일이므로 어떤 클라이언트를 만나느냐에 따라 업무 강도는 달라진다. 까다로운 클라이언트의 프로젝트를 진행하게 되다면 일의 강도는 높아질 수 밖에 없다.	직원들과의 소통을 통해 회사의 문제점을 해결했으면 좋겠다.
2015/1/21	(주)대학내일	100	86769	77247	4.0	5.0	3.0	4.0	5.0	1	1	마케팅/시장조사	현직원	서울	 0 	False	"유연한 조직이 좋으면 선호되고 주체적인 마음으로 업무하지 않으면 힘든회사"	기업내에서 수평적으로 커뮤니케이션 하려는 노력은 지속적으로 있음.	업무에 대한 이해를 제대로 시켜줄 사람이 없고, 스스로 공부해야 하는 분위기가 있음.	인력 선발에 대한 부분이나 능력 평가에 있어서 조금 더 구체적인 계획이 있었으면 좋겠음
2015/1/18	(주)대학내일	100	86769	76026	4.0	3.0	4.0	3.0	4.0	0	1	경영/기획/컨설팅	현직원	서울	 0 	False	"일을 많이 하고 싶다면 추천, 그러나 시스템은 갖춰져있지 않음"	젊은 분위기로 사람으로인한 스트레스는 없음	주어진 일만 하는 분위기, 회사의 비지니스를 더 나은 방향으로 발전시키려는 사람이 있는지 의문	현재의 일을 잘 하는 것도 중요하지만 앞으로의 일은 어떻게 할 것인지 고민이 필요 사원이 발전할 수 있는 소스를 제공했으면 함
2015/1/4	(주)대학내일	100	86769	71258	4.0	2.0	1.0	2.0	4.0	0	2	미디어/홍보	전직원	서울	 0 	False	"마케팅 대행사이기 때문에 광고주의 스케줄에 늘 얽매일 수밖에 없음. 그래서 늘 바쁘고 빠듯하게 업무를 해야하고 야근은 거의 필수."	직원끼리의 결속력과 정이 많음. 나한테는 오히려 이부분이 마이너스 요소이고, 단점이었지만 개인의 가치관에 따라서는 아주 큰 장점이 될 수 있음.여자사원에 대한 복지혜택이 아주 잘 되어 있음.(타기업에 비해 여자가 다니기에는 좋은 회사인듯)기업의 발전가능성이 아주 크다고 생각됨.	큰 장점이자 단점은 직원들끼리 너무 친하고 끈끈하다보니 공과 사의 구분이 별로 없음.그리고 주말에 출근은 안해도 집에서 늘 일을 하고 있음. 즉, 업무의 강도가 아주 높은편.	..
2015/1/18	현대그린푸드(주)	100	47646	76161	3.0	3.0	4.0	2.0	1.0	0	1	IT/인터넷	전직원		 6 	False	"망하진 않는다."	돈 말곤 없다. 타 회사와 달리 연봉에 휴근 야근 PS 등등 모두 제외된 상태라 돈과 관련된건 쏠쏠함	잘난건 협업이 못난건 죄다 IT탓. 잘났다 정말~	계열사 잡일 다 해주는데 복지와 PS 너무 심각하게 차이나요. 그런데 바라는건 너무 많은 듯.
2015/1/30	던킨도너츠(주)	100	92793	80210	3.0	3.0	3.0	3.0	3.0	0	2	서비스/고객지원	전직원		 0 	False	"매장이 점차 사라지는 추세"	경쟁 업체들이 사라져가는 추세라 좋음	일이 많고 분업이 제대로 되어 있지 않은 느낌이다.	체계적인 경영
2015/1/26	던킨도너츠(주)	100	92793	78682	3.0	3.0	2.0	4.0	3.0	1	2	서비스/고객지원	전직원	경기	 0 	False	"서비스직에 맞는 사람이라면 추천"	SPC는 꾸준히 성장하고 있는 추세로 다녀볼 만 함.	급여가 좋으나 그만큼 업무의 강도가 센편	비합리적인 인사제도로 개선이 필요함
2015/1/25	(주)그린웹서비스	100	86851	78454	3.0	1.0	4.0	3.0	3.0	0	2	IT/인터넷	전직원	서울	 1 	False	"연봉 포기자만 지원하길..."	여유로운 생활을 할 수 있음(파트에 따라 차이가 심함)	낮은 연봉...알바 수준의 연봉입니다....문제가 많습니다..이 부분이	연봉 좀 올려야 되지 않을까요?
2015/1/21	(주)그린웹서비스	100	86851	77047	1.0	3.0	5.0	5.0	5.0	0	1	IT/인터넷	현직원	서울	 1 	False	"낮은 연봉에도 만족 할수 있는사람.단순, 반복업무 오래 할수있는 사람.사원에서 팀장까지만 승진 가능사회초년생이 다니기 좋은곳업무 성과에 목표를 두지말것.상대평가 이기때문에 걸어다는 놈위이 나는놈이있음내가 잘한다고해서 항상 좋은 평가를 받을수 없음"	사내문화 좋음복지 좋음개인시간이 많은곳. 일이편함	낮은 연봉.최소 반년후에는 더이상 배울 업무가 없음발전 기회가 없음.생각없이 일하게됨.	야근 수당을 낮추고 연봉 개선이 필요함.
2015/1/10	삼성웰스토리(주)	100	88148	73377	3.0	3.0	3.0	4.0	3.0	1	2	경영/기획/컨설팅	현직원	서울	 0 	False	"삼성치고는 적은 연봉그런데 업무 강도도 양호한 편이라 만족스런 첫직장"	삼성의 인지도.동종 업계에선 높은 연봉으로 앎.업무강도가 강하지 않은 편.	삼성그룹 중에선 낮은 연봉그 외엔 딱히 없다고 생각 함.	성장에 좀 더 적극적인 기업이 되면 좋겠습니다.
2015/1/7	삼성웰스토리(주)	100	88148	72319	3.0	4.0	3.0	3.0	2.0	1	2	생산/제조	현직원		 0 	False	"업계 1위 삼성 이름 함 달고싶다면야..."	업계 1위..업계 상위권 급여와 다양한 복지업계 1,2,3위 중엔 제일 나음	현장은 현장대로 힘든데..너무 쥐어짬..크게 변화하진 않음	적당히 쥐어짜내길..
2015/1/4	삼성웰스토리(주)	100	88148	71145	1.0	3.0	2.0	1.0	1.0	0	None	경영/기획/컨설팅	전직원	서울	 9 	False	"업무의 전문성을 버리고 일하기 편하고 적정선의 연봉을 받으며 삼성이라는 자부심을 느끼고 싶다면 들어가도 무방하나, 자신의 꿈이 대기업 취업만이 아니라면 그다지 추천하고 싶지 않음. 단, 가정을 이루고 출산이후 회사 복귀가 힘들 수 있는 여성분들의 경우에는 한번쯤 생각해볼만한 기업."	그래도 삼성이라고 어느 정도의 연봉은 확보. PS도 최근 몇년동안은 10%대를 유지하여 그룹내 보통 정도의 보너스를 받을 수 있음. 진급에 대한 쓸데없는 욕심만 버리면 여성분들이 다니기에는 편하고 좋은 회사(출산휴가, 육아휴직, 생리휴가 등 여성분들을 위한 제도를 눈치보지 않고 활용 가능). 많이 힘든 경우 인사팀 등을 통해 타부서로 전배 또는 다른 일을 할 수 있도록 배려.	상명하복의 조직문화, 확고한 계급체계, 삼성과 비삼성출신간의 GAP(삼성 출신들만의 돈독한 관계), 그룹장/팀장의 성향에 따라 좌지우지되는 팀의 운명, 과거 악습을 버리지 못하고 새로운 것을 받아들이는데 엄청난 거부감을 느끼는 삼성 특유의 성격이 심함(하던대로 하자. 수십년전의 보고서 양식을 고수 등). 삼성전자를 비롯한 계열사 매출 의존도가 70% 이상되므로 전자와 생사를 같이 한다고 보면 됨. 보고서에 있는 수백개의 점까지 세어보는 오래된 윗분들의 정체된 성향이 다수 존재, 업무의 비전문성이 매우 강하므로 퇴직 후 할 수 있는게 아무것도 없음(기술을 가지신 영양사/조리사분들 제외). 경영지원쪽과 현장과의 불통(경영지원내 팀들은 자기내 역할을 충실히 하지도 않으면서, 그로 인해 현장에서 발생하는 문제들을 모두 현장으로 떠넘기는 성향 존재). 엄청나게 많은 회의 때문에 보고서 숫자만 맞추다가 몇일을 허비하는 경우 다수 발생. 고학력 인문계 출신이 주류라 IT기술천시 성향 일부 존재.	회사 경영을 위한 수많은 보고서도 중요하겠지만, 실제 일을 수행하고 고객과의 접점에서 고군분투하는 사람들에 대한 진정한 배려와 존경을 할 수 있는 훌륭한 마인드를 가진 분들이 많아지셨으면 좋겠음
2015/1/14	에스피씨그룹	100	87570	74863	3.0	3.0	2.0	2.0	2.0	0	2	디자인	전직원	서울	 0 	False	"일은 고되나미래를위해선 추천"	외식분야 최고회사로 외식의 노하우를 배울수 있고 해외에서 일할기회가 주어집니다	복리후생 좋지않음 야근많음 직원간의 소통이 부족함 업무환경 좋지않음	임원과 평사원의 소통
2015/1/13	에스피씨그룹	100	87570	74250	4.0	5.0	4.0	4.0	4.0	1	2	서비스/고객지원	현직원	서울	 0 	False	"자신의 미래가 약간 불안하고 불확실성이 있지만 노력하면 승진기회가 가능하고 급여가 쎄다"	급여가 쎄다 2년지나면 부점장이 되기위한  테스트를 할수 있는 기회가 주어짐	일이 힘들지는 않지만 업무의 효율성이 떨어져 매일 기분이 안좋음	잘하는 사람은 치고나갈수 있는 승진의 기회가 주어졌으면 함
2015/1/10	에스피씨그룹	100	87570	73436	4.0	4.0	4.0	2.0	3.0	1	2	전문직	현직원	서울	 0 	False	"다른 식품업에 비해 업무강도가 세지만 성장하는 회사모습에 보람을 얻을수있다"	다른 식품업에 비해 업무강도가 세지만 성장하는 회사모습에 보람을 얻을수있다   의외로 괜찮은 연봉	아직 기업문화가 제대로 잡히지 않아 불합리적인 상황들이 많다	기업문화..
2015/1/1	에스피씨그룹	100	87570	70552	2.0	4.0	1.0	4.0	3.0	0	1	서비스/고객지원	전직원	서울	 0 	False	"다양한 브랜드 경험이 가능하고 급여가 괜찮은 편? 삶의 질은 그닥..."	여러 브랜드들을 감싸안는 회사다 보니 브랜드별로 프랜차이즈의 특징을 잘 알 수 있다. 또 다양한 브랜드 경험이 쉽고 프랜차이즈에 대해 공부하고 싶다면 추천.	직원들의 삶의질은 그다지 중요하게 생각하지 않는 것 같다. 부서에 따라 좀 편차가 있는 편.	직원들이 브랜드 경험을 많이할수있게 편의를 주는 것은 좋지만 일 외의 삶의 질을 좀 향상시킬수 있는 방향을 키웠으면
