date	cname	industry_id	cid	cmid	possibility	pay	balance	culture	management	recommend	expect	job_kind	current	area	helpful_count	is_best	subject	good	bad	hope
2015/8/31	스타벅스커피코리아(주)	100	70749	170650	1.0	3.0	5.0	3.0	2.0	1	1	서비스/고객지원	전직원	서울	 0 	False	"모두가 닉네임을불러서 수직상하관계를 느끼지 못하나그들만의 리그가 존재함"	커피에 대하여 배울수있으며브랜드 부심을 느낄수있음 다양한 음료를 먹어볼 수 있음	점장되도 연봉이 매우작음타 브랜드에 비해 진상손님이 너무 많음	레시피준수! 그러나 바리스타답게커피교육 확실히 했으면커피만드는 기계가 아닙니다 바리스타는.
2015/8/25	스타벅스커피코리아(주)	100	70749	167542	3.0	3.0	4.0	4.0	3.0	0	1	서비스/고객지원	전직원	서울	 0 	False	"어떤 지점에 있으냐에 따라 다르긴 하지만 전반적인 복지 및 시스템 구축은 잘되어있다."	커피에 관심이 많다면 배울 것들이 무궁무진하다.커피전문점 1위 업체에서 일하는 자존감이 있다.	지점의 사람들과의 관계만 좋다면 그리 단점이라 할 점이 없다.하루 종일 근무시에 커피 냄새가 내 몸을 잠식할 가능성이 농후하다.	새로운 신상품은 정말 맛이 없다. 일하는 우리도 사먹지 않을 만큼 맛이 없는데, 더 이상 새롭게 만들어낼 음료가 더 이상 없는건지, 아니면 그냥 만들어서 판매가 목적인지 잘 모르겠다.
2015/8/15	스타벅스커피코리아(주)	100	70749	163081	3.0	3.0	2.0	3.0	3.0	0	1	서비스/고객지원	전직원		 0 	False	"현 커피체인점 1위로 시스템이 체계화 되어있음"	글로벌한 브랜드 파워로 꾸준한 인기를 얻고있어 상당한 차이로 커피체인점 1위를 지키고 있으며 그에 맞게 시스템 또한 체계화 되어있음	부동의 1위를 지키고 있는만큼 자부심이 대단하지만그에 따른 매너리즘에 빠져있는것 같음	외국계 기업이면서도 한국식 경영을 하는 특이한 구조이지만좀 더 잘 융화시켜서 경영하였으면 좋겠다
2015/8/13	스타벅스커피코리아(주)	100	70749	161999	4.0	3.0	4.0	3.0	4.0	0	1	서비스/고객지원	현직원		 0 	False	"커피, 외식업계에 열정이 있다면 좋은 경력을 남길 수 있는 회사. 하지만 기업문화에 대하여 크게 기대한다면 다시 한 번 생각해 보는 것이 좋다."	업계 1위답게 체계적으로 돌아가는 매장 시스템을 경험할 수 있다. 비교적 좋은 복지.	매장마다 너무나 다른 분위기. 새로 발령이 날 때마다 적응을 해야 한다는 점. 무엇보다도 연봉 수준이 가장 큰 단점. 야근 없고 정해진 근무시간에만 충실하면 된다고 생각하면 오산. 사람마다 다르지만 근무 외 시간을 투자하는 만큼 배울 수 있고, 윗사람에게 좋은 인상을 줄 수 있는 것은 다른 기업과 똑같다.	스타벅스라는 기업이 추구하는 문화가 실제 매장 환경 안에서 존재하고 있는지 좀 더 관심을 기울여야 할 것 같습니다.
2015/8/11	스타벅스커피코리아(주)	100	70749	161246	2.0	3.0	1.0	1.0	1.0	0	1	경영/기획/컨설팅	전직원	서울	 6 	False	"스타벅스, 신세계라는 네임밸류는 더없이 좋으나 워크앤밸런스는 좋지 않음. 인사평가 및 조직체계가 굉장히 불안. 대부분 본사에는 경력직 채용이 많으며 타 회사로의 이직을 위한 징검다리로 생각하여 근속이 대부분 짧은편임."	스타벅스, 신세계 계열사라는 네임밸류, 복리후생은 굉장히 자잘하지만 여러가지가 있음.	워크앤밸런스는 좋지 않음. 매장과 본사 모두 근태에 나타나지 않는 추가근무가 많으며 이를 눈치를 주며 반영하지 못하게 하기도 함.경력직들은 짧은 근속 후 이직이 잦음	우르르 매장이나 본사나 여러 인원이 빠져나갈 때엔 이유가 있습니다. 감사 왜 안하시나요?
2015/8/4	스타벅스커피코리아(주)	100	70749	157380	4.0	2.0	3.0	4.0	3.0	1	1	전문직	전직원	서울	 0 	False	"알바 정도로는 ㅇㅋ 직원으로 멀리본다면 그다지.."	다양한 복지(복지 원두, 커피, 직원 할인, 먼저 알수 있는 MD, 생일이나 크리스마스에 나오는 선물?) 타브랜드에 비해 다양한 푸드 및 음료, 아침에 우유나 푸드가 매장 안으로 배달되서 짐 날라야 하는 점 없음. 다양한 행사	메뉴가 자주 업데이트 되는 만큼 숙지를 빠르게 해야 함, 프로모션이 잦아서 스트레스를 받을 수도 있음, 직급이 올라가면 성과에 대한 스트레스, 덕후들이 많아 일을 하는데에 지장을 줌, 서비스직이다보니 쓸데없는 피곤한 친분관계를 쌓아야 할 일이 가끔 생김	지속적인 메뉴개발은 좋지만 맛이 없음, 소속된 사람으로서의 타 기업과 비교했을때의 복지는 그다지..학생 때 잠깐 하기는 좋지만 멀리보면 피곤한 스케쥴
2015/8/31	한국맥도날드(유)	100	3616	170312	4.0	3.0	1.0	2.0	2.0	0	1	영업/제휴	현직원	경남	 0 	False	"사람이 좋아 시작하지만 결국 사람때문에 힘든곳이 되는곳.."	학벌,나이 중요하지 않고 모두에게 기회를 주는곳.운영 시스템은 체계적임	3교대,야간근무,개인시간이 없음 늘 매달려야 함영업팀이 안고가야 하는 일이 너무나도 많음사람관리,서류관리,기계관리..초과수당따위 주지않음 윗선의 눈치보기 바쁜회사..방문시 스페셜?도대체 청소업체인건지..	업무시간을 공통적으로 정해주는 프로세스가 생기길..매장마다 상황이 다른것은 아나 기본적인것..
2015/8/29	한국맥도날드(유)	100	3616	169644	3.0	4.0	1.0	1.0	1.0	0	None	서비스/고객지원	전직원	대구	 0 	False	"좋은 시스템을 가지고 잇는 비전잇는 기업이지만 사람이 시스템을 망치는 기업"	비교적 동종업계보다 높은 급여를 받는다는것이 유일한 장점	동종업계보다 높은 급여를 받는다는 이유로 지나치게 많은 업무를 준다. 노사가 없어서인지 정직원에 대한 대우가 발전이없음. 뭐든 수치로 변환시켜 사람잡음. 눈가리고 아웅	맥도날드의 시스템을 제대로 활용하시길 본사와 오퍼레이션의 커뮤니케이션 필요. 무자비한 프로모션 한꺼번에 방출. 매장상황은 아비규환
2015/8/26	한국맥도날드(유)	100	3616	167792	2.0	3.0	1.0	2.0	3.0	0	1	서비스/고객지원	전직원	경기	 0 	False	"외국계기업이지만 한국에 적응해버림 영업직 정직원들에겐 호불호가 심하게 갈림"	다양한 복지,입사후 초반 진급빠름 많은 사람과 일함으로 재미있음 입사시 별다른 조건없음	비합리적인 인사평가,매장내에선 점장이 왕으로 군림 점장에게 밉보일시 퇴사요망 진급기회및 편한 직장생활없음 점장까지는 진급이빠르나 그후로는 기약없음  규정은 있으나 지역별로 지키고 안지키는 부분이 많이다름,매장 상황에 따라 혹은 상급자에 따라 눈감고 입막고 지나가야되는 부분있음	크루들에게만 체계적 매니저들에게도 일에 대한 권고사항일뿐 지켜지지않는 부분이 많은데 이에 대한 실질적인 대책이 필요
2015/8/22	한국맥도날드(유)	100	3616	165987	4.0	4.0	1.0	2.0	3.0	0	1	영업/제휴	전직원	경남	 0 	False	"동종업계인 패스트푸드점에 비하여 적은 연봉은 아니지만 그만큼 체계적인 시스템으로 직원관리,고객관리를 하기때문에 쉬운 일은 아님"	복지혜택이 좋고 월 9-10회 휴무, 1년근무시 나오는 휴가 등 휴무는 적은편이 아님	연장근무를 하게 될때가 많고 휴무인날 나와야할 경우가 많음	매장방문을 통해 크루가 많이부족하다거나 많이 힘든매장은 관리해줬으면 함
2015/8/14	한국맥도날드(유)	100	3616	162570	2.0	2.0	2.0	4.0	2.0	0	1	서비스/고객지원	전직원	경기	 0 	False	"세계적인 음식점, 패스트푸드점. 그런 타이틀에 걸맞는 서비스, 시스템 등을 배울 수 있는 손꼽히는 기업."	글로벌 기업이기때문에 체계적인 시스템을 배울 수 있다.	식사 대신 햄버거를 주는 거에 대해 한국사람으로써 큰 불편함을 느꼈다.	식사문제해결이 중요할 것으로 보인다.
2015/8/11	한국맥도날드(유)	100	3616	161253	4.0	2.0	1.0	3.0	1.0	0	2	서비스/고객지원	현직원	경남	 0 	False	"개인시간이 너무 적고 알바생이 없으면 쉬운날없이 일해야 하는 구조책임감을 굉장히 많이 요한다."	동종업계에 비해 연봉이 높다.진급의 기회가 열려있다.	사이드잡에 따라 24시간  대기해야하는 경우가 발생한다.	비효율적인 업무 처리방식과 보여주기식 보고!그만!거주지에 따른 발령 고려해 주세요.
2015/8/4	한국맥도날드(유)	100	3616	157298	4.0	2.0	1.0	3.0	2.0	0	2	서비스/고객지원	현직원	부산	 0 	False	"동종업계중에서 상위권 연봉을 받을수있으나, 24시간운영 주말출근은 힘들다"	국내기업과 다르게 여자에게 차별없는 인사제도와 젊은분위기가 좋다. 체계적이다.	연장수당없이 더일하는건 늘 각오해야한다. 매장마다 분위기와 상황이 달라서 힘든매장은 매우힘든것같다	연장근무를 당연시 여기는 의식은 바꿔야한다고 생각한다.
2015/8/3	한국맥도날드(유)	100	3616	156875	4.0	3.0	1.0	3.0	2.0	1	2	서비스/고객지원	현직원		 0 	True	"글로벌 프랜차이즈 외식업체로서 패스트푸드점의 체계화된 서비스 시스템을 경험할 수 있다."	진급기회를 얻기가 상대적으로 쉬워 어린 나이라 할지라도 일정 이상의 고수익을 보장할 수 있다. 서비스 업무뿐 아니라 매니저로서 재고관리, 직원스케쥴 등 사이드잡을 수행함으로 체계화된 시스템을 배울 수 있다. 또한 타서비스 및 외식업체 로의 이직이 수월하다.	매장직은 3교대 및 야간근무로 인하여 육체적인 부담을 느낄 수 있으며 공휴일의 개념이 없기 때문에 개인시간 관리가 어렵다.	서비스직군의 특성상 고객불만에 민감한 것은 이해하나 이유없는 진상들의 컴플레인에 대하여 방어할 수 있는 시스템이 필요하다.
2015/8/31	(주)하나투어	100	49174	170240	3.0	3.0	5.0	4.0	4.0	1	1	영업/제휴	전직원	서울	 0 	False	"여행업계 1위. 연봉은 예나 지금이나.."	젊은 회사. 면세점, 문화계열로의 사업확장에 두드러지며 커지는 조직치고는 시장의 니즈를 빠르게 파악하는 편. 비교적 자율적인 분위기, 업무강도는 보통. 남여차별이 적고 수평적인 기업문화. 해외출장 기회는 여행업을 좋아하는 사람이라면 만족할 수준.	과장급 이상의 인사적체가 심화되는 중. 연봉은 여행업 전반이 박봉이지만  대표적인 박봉 기업. 새로운 시장에 대한 인지는 빠르나 대응은 그다지 빠르지 않음. 기업 상부는 매우 보수적인 편. 개인의 성장보다는 회사의 성장이 두드러짐.	젊은 고객들과 새로운 시장에 대한 조금 더 빠른 대처를 요함. 급여 부분의 처우는 장기적으로도 개선되어야할 부분.
2015/8/24	(주)하나투어	100	49174	167148	4.0	4.0	4.0	4.0	4.0	1	2	영업/제휴	현직원	서울	 0 	False	"여행사 1위의 기업입니다 박봉이지만 여자가 일하기 좋은 환경입니다"	여행사 1위의 자부심을 느낄수 있습니다 다른 여행기업보다 규모가 큽니다	가끔 수직적인 업무 형태를 가지고있습니다. 보이지 않는상품을 팔기때문에 더욱 힘든점이 있는것같습니다	연봉이 높았으면좋겠습니다 근무환경이 더 개선됬으면좋겠슺니가
2015/8/24	(주)하나투어	100	49174	167123	3.0	2.0	4.0	4.0	4.0	1	2	영업/제휴	현직원	서울	 0 	False	"일등여행사의 자부심, 돈 욕심 많지 않다면 다니기 좋은 회사"	해외출장 기회, 여성이 많아서 보다 유연한 조직 분위기가 있다.	연봉이 적다. 시스템이 아직은 미흡하다고 생각되는 부분이 많다. 대기업을 바라보려면 더 나아가야 함	더 체계적인 업무 시스템이 갖춰져 있으면 좋겠다. 연봉을 올려줬으면 좋겠다.
2015/8/22	(주)하나투어	100	49174	166165	4.0	3.0	3.0	4.0	4.0	1	2	IT/인터넷	현직원	서울	 0 	False	"여행기업 1위로 일반 여행사에서는 경험할 수 없는 다양한 업무 가능"	여성 라이프 사이클에 따라 제도가 갖춰져 있어 장기적으로 일할 수 있음	연봉 수준이 타 업종 대비 낮다고 느낄 수 있으나 업계 내에서는 괜찮은 수준	앞으로도 계속 다양한 사업에 도전해서 글로벌 No.1 문화관광유통그룹으로 성장해나갈 수 있었으면
2015/8/21	(주)하나투어	100	49174	165438	3.0	1.0	4.0	3.0	1.0	0	1	서비스/고객지원	전직원	서울	 0 	False	"업계 1위의 안정감과 자부심은 있으나 과장급 이상부터는 자사직원이었던 내가 봐도 업체(랜드사)들에게 심하게 갑질을 함"	업계 1위의 안정감과 자부심, 여자가 근무하기에 나쁘지 않은 환경인듯	연봉이 너무 적습니다.. 연봉... 업계 사정을 생각하면 당연한 걸지도	정치질이 너무들 심하십니다 지켜보는 사람들 질리고 살떨립니다
2015/8/10	(주)하나투어	100	49174	160683	4.0	3.0	4.0	4.0	3.0	0	2	서비스/고객지원	현직원	서울	 0 	True	"글로벌 no.1 문화유통관광기업으로서 다양한 해외경험과 동시에 관광산업의 과정에 대한 지식과 업무를 습득할 수 있다"	해외출장경험, 유연근무제, 육아휴직 복지, 재택근무 가능, 출퇴근이 자유롭다	다소 보수적인 근무환경, 적은 연봉, 인력충원시에도 불구하고 일손이 부족함, 복잡한 사내 시스템	좀더 간단하고 효율적인 시스템구성을 통해 비효율적이고 복잡한 과정을 줄여서 업무환경을 개선해주었으면 한다
2015/8/6	(주)하나투어	100	49174	158840	3.0	1.0	3.0	1.0	1.0	0	1	IT/인터넷	현직원	서울	 1 	False	"여행업계 1위라는 자부심이 있지만 오래 일할만함회사는 아닌 것 같음"	연차 사용이 자유롭고 복지 향상에 노력하는 모습이 보여지는 회사	월급이 짬, 유관부서간의 소통 부재로 인한 업무 로드가 심각하게 발생 됨. 협업이 잘 안됨	회사는 점점 커지고 일도 많아지는데 월급을 좀 올려주셨으면 좋겠습니다.
2015/8/3	(주)하나투어	100	49174	157240	4.0	1.0	4.0	4.0	3.0	0	2	마케팅/시장조사	현직원	서울	 0 	False	"여자들에게는 좋은 회사, 연봉이 너무 적은게 단점, 해외는 자주 나갈 수 있음"	해외에 자주 나갈 수 있고 기업문화가 유연함(하지만 팀에 따라 다름)	업계 1위임에도 불구하고 낮은 연봉, 분균형한 인력 구조, 비효율적 인력 배치	주주만 위하는 회사가 아니라 직원도 위하는 회사가 되길,, 정에 의한 인사 제도가 아닌 실력에 의한 효율적 인사관리를 해주길,,
2015/8/31	롯데지알에스(주) 롯데리아	100	78632	170234	1.0	4.0	3.0	3.0	1.0	0	None	전문직	전직원	전북	 0 	False	"월급만 받고 시키는대로 하면 그럭저럭 할만한 알바. 패스트푸드 특성상 트렌드의 흐름이 빠르고 그에 맞춰 빠르게 반응할수 밖에 없는 본사의 대응에 지점들이 어거지로 따라가고 있음."	월급은 제때 지급되고 알바에서 정직원이 되는 경우도 있는 모양. 어지간한 시골에도 점포가 있는것 같다. 그 외 장점은 모르겠다.	다른 패스트푸드점에 비하면 나쁜의미로 확연히 차이나는 품질과 가격때문에 평소엔 손님이 없다가도 행사만 하면 우르르 몰려와 쉴틈이 없음.대체적으로 근무 밸런스가 맞지않다. 지점마다 다르겠지만 1년에도 여러번 알바가 바뀌고, 기본교육도 하지않는다. 고참들의 태도도 상당히 나쁘다.	직접 서비스하는 직종에 대한 기본적인 교육체계를 갖췄으면 한다.
2015/8/28	롯데지알에스(주) 롯데리아	100	78632	169047	2.0	2.0	3.0	3.0	3.0	0	2	영업/제휴	전직원	부산	 0 	False	"점장님이 어떤분이냐에 따라서 분위기가 천지차이일수 밖에 없는 알바...."	처음에 일 시자할때 점장님은 참 점잖으시고일도 열심히 매장관리도 열심히알바라고 무시하는것도 없었고 좋았다...	원래 계시던분말고 새로운분이 점장님으로 오셨는데스트레스가 장난이 아니였음...	제대로 된 분들좀 뽑아서 매장에 보내주세요 ㅜㅜㅜ 알바들은 너무 스트레스 받습니다 ㅠㅠ
2015/8/27	롯데지알에스(주) 롯데리아	100	78632	168509	2.0	4.0	3.0	1.0	1.0	0	None	서비스/고객지원	전직원	서울	 0 	False	"군대식 꼰대회사의 최고치를 가지고 있는곳 고인물이 많아 개선되는것이 1도없음"	수당이나 퇴직금 사대보험를 알바여도 보장받을수있음직영점이라면 본사에서 딱딱 들어오는 월급이 좋음	군대식 꼰대문화 서제스트 강요 아직도 옛날시대에 살고있는거 같음	고인물이 없어야 회사가 성장할수 있지않을까 생각합니다 윗물이 고아야 아랫물이 곱다
2015/8/18	롯데지알에스(주) 롯데리아	100	78632	164136	3.0	3.0	2.0	2.0	2.0	0	1	서비스/고객지원	현직원		 0 	False	"외식업에 대해 빡세고 다양한 경험을 해볼수있으나, 단순업무반복 및 자기발전가능성이 적음. 철저한 군대문화."	외식업에 관심이 많다면 많은걸 느끼고 배울수있음. 여자들 복지가 좋음.	기준이 없는 인사제도, 경쟁사에 비해 트렌드에 뒤쳐지는 점이 극명히 드러남. 철저한 군대문화.	현장경험이 없는 사람들이 본사에서 너무 쉽게 많은걸 결정하는듯..
2015/8/16	롯데지알에스(주) 롯데리아	100	78632	163120	2.0	4.0	2.0	3.0	3.0	0	1	서비스/고객지원	현직원	경기	 1 	False	"동종 업계 나쁘지 않은 연봉 수준 및 복지 수준"	복지 좋으며 노동 조합이 잘 이루어져 있어서근무하는데 굉장히 좋음	상하관계 뚜렷 군대식 문화 많이 남아있음여자들이 적응하기 힘듬	당혹스러운 요구를 할 때가 많음조금은 이러한 일들이 없어져야 하지 않을까 생각
2015/8/6	롯데지알에스(주) 롯데리아	100	78632	159016	4.0	4.0	4.0	4.0	4.0	1	2	서비스/고객지원	전직원	경기	 7 	True	"직영점 부점장으로 근무하면서 나쁘지 않았다."	대기업답게 복지나 급여는 적당했던 것 같고 인재를 육성하려는 의지도 보이며 노조도 운영되고 나쁘지 않았다.	최대 라이벌 맥도날드, 버거킹에 비해 제품의 약점이 강하게 드러남.경영 마인드가 옛날 마인드라고 할 수 있는 그런 느낌이 강하게 들고, 마케팅 또한 현 트렌드를 따라가지 않는 듯한 시대를 거스르는 느낌.	구시대적인 마인드는 이제 그만 놓고, 트렌드를 앞서지는 못하더라도 따라는 갈 수 있는 경영을 해주셨으면....
2015/8/3	롯데지알에스(주) 롯데리아	100	78632	156918	3.0	3.0	4.0	5.0	4.0	1	2	인사/총무	전직원	서울	 0 	False	"사람들 좋고 일도 빡세지 않아요. 대신 연봉이 적고 약간.. 초대졸 상사가 있을 경우 자존심 상할 때가 있습니다"	신메뉴 나올 때 시식 가능! 사람들이 참 좋아요. 일도 어렵지 않았고요	초봉이 좀 적은 편. 성희롱 상사 있었습니다. 지금도 다니시려나..	가정의 날을 잘 지켜서 참 좋아요. 사람들도 좋고.. 성희롱 예방교육이 철저히 필요합니다
2015/8/26	(주)세스코	100	71990	167936	3.0	1.0	1.0	3.0	1.0	0	2	영업/제휴	현직원	인천	 1 	False	"다양한 직종을 접할 수 있음....시간적으로 여유가 있음"	사회경험하기 괜찮음..다양한 직종에 다양한 직급과 상대하게 됨..	박봉..보너스나 상여금이 전혀 없음..동기부여가 안돼....	지사와 본사간 커뮤니케이션 부재를 개선해야..귀좀 여시고..
2015/8/25	(주)세스코	100	71990	167267	1.0	1.0	5.0	1.0	2.0	0	1	영업/제휴	전직원	서울	 1 	False	"대기업의 허울과 알바와도 같은 연봉, 복지가 갖춰진 회사..최대 3년  버티면 성인군자"	차량 지급에 따른 (물론 지사인원 만) 출퇴근 여건 보장	장점빼고 전체 다..신입사원의 열정을 고지식함과 알바와도 같은 대우로 다른 회사로 이직하겠다는 열정으로 바꿔줌	자신들의 자리 지키기에 급급하지 말고 현장을 서포트 하는 개념의 진정한 본사로서의 모습을 보여주길..
2015/8/24	(주)세스코	100	71990	166924	2.0	1.0	3.0	3.0	1.0	0	2	영업/제휴	현직원	대구	 1 	False	"안정적인 근무환경 차량 유류비 무한지급 공휴일 주말은 칼같이 지켜짐적은 급여"	업계1위 주말공휴일 널널한 근무환경 좋은 사무실 분위기님 문화 존중이 있음	보수적인 조직문화 ,무능력한 컨트롤 타워 ,개선조치사항이 다소 늦음 ,휴가,직원복지 많이 부족한편 그리고 적은 급여장점보다 단점이 많은 회사	회사발전을 위한 성장동력을 진지하게 고민해봐야됨현장감없는 정책은 지양하고 지역특성에 맞는 실적을 고려
2015/8/24	(주)세스코	100	71990	166922	2.0	1.0	2.0	3.0	1.0	0	1	영업/제휴	전직원		 0 	False	"변화가 많은 회사이며 아직 미래 가능성이 높음사회경험으로 하기에 무난한 회사입니다"	방제업계1위라는 부분의 안정성특별한 일없으면 짤리지는 않음인원수가 많으며 재직시 신분이 안정적임	아직 안정적이지 못한 체계낮은 급여체계로 보완이 필요의사소통이 원활하지 않은 체계	발전하는 모습 보여주세요이직률  및 퇴사율이 낮게 전반적인 관리가 필요
2015/8/20	(주)세스코	100	71990	165064	3.0	1.0	1.0	1.0	1.0	0	1	서비스/고객지원	현직원	서울	 1 	False	"폐쇄적이고 근무시간대비 박봉인곳 젊은사람에게는 권하고 싶지 않은 회사"	안정적이고 승진의 기횐 가 빠른곳 개인적인 시간이 생김	폐쇄적인 기업문화와 근무시간대비 박봉이며 복지가 좋지 않음	현장의 상황을 잘알고 경영 방침및 방향을 정할때 적용시켜주길 바람  현장과의 소통이 원활치 않으며 적용시키지도 않음
2015/8/19	(주)세스코	100	71990	164454	2.0	2.0	1.0	4.0	1.0	0	None	서비스/고객지원	현직원	서울	 1 	False	"시간이 아깝다 아무생각이 없으면 다닐만한회사주5일제는 괜찮지만  다니면서 쉬어본날이 거의 없다"	근무시간은 프리하고 사내가  분위기가 좋다급여날은 적은 월급이지만  칼같이 지킨다그거 빼면 .	영업성과를 빼앗아가는 회사  구태연한 인사평가매년바뀌는  평가제도  내일만있는회사	하급직원들의 말에 귀를 기울여 주었으면 좋겠다이제야 말이지만 노끼아가  생각나는  이유는 왜일 까요?
2015/8/19	(주)세스코	100	71990	164410	1.0	1.0	4.0	4.0	2.0	0	2	영업/제휴	현직원	부산	 1 	False	"대외 이미지와는 다르게 터무니 없이 낮은 연봉으로 이직을 고민하게 만듬"	대외 이미지의 강점 브랜드 파워 등으로 동종 경쟁업체 대비하여 다소 쉬운 영업	갖춰지지 않은 인사 시스템 인사체계의 시스템 수정이 시급함	직원 복지 및 직원 이직 방지를 위한 급여 및 인사제도에 대한 제도적 장치의 개선 시급
2015/8/18	(주)세스코	100	71990	164310	3.0	2.0	4.0	3.0	2.0	0	None	영업/제휴	현직원		 4 	False	"영업이긴 하나 쉽지만은 않네요. 도전해보라고 하기엔..."	가족적인 분위기 국가에서 시행하는 공휴일은 다쉽니다 사기업 내 공기업 분위기	지역차에 따른 업무강도가 판이하게 다름 성과급체계가 아쉽네요	직원들의 애사심을 향상 시키기 위한 방안을 모색하셨음 좋겠네요  복지 체계의 개편 등
2015/8/18	(주)세스코	100	71990	163991	1.0	2.0	4.0	3.0	2.0	0	None	영업/제휴	전직원	인천	 4 	False	"윗 물은 맞으나, 아래물은 맞지 않다.전 국민에게 방제서비스를 알려주려고 한다."	출퇴근에 대한 자유로움과, 실적에 대한 부담감이 적음정치를 잘하면 순탄한 인생	꽉 막힌 업무소통, 탑 다운식 업무지시, 변화하지 않는 기업새로운 도전에도 투자하지 않고 원금만 생각하는 기업사람이 기초가 되는 서비스 기업임에도, 돈이 우선되는 기업문화	퇴사한 사람이 만족하는 회사가 되어야한다.좋은 추억이 남지 않는 회사는 퇴사한 사람에게 언젠가 뒤통수를 맞을 것이다.
2015/8/11	(주)세스코	100	71990	161006	2.0	2.0	1.0	1.0	1.0	0	2	경영/기획/컨설팅	전직원		 4 	False	"업계 선두 업체 경험, 지방권 안정적인 직장,폐쇄적인 회사 분위기는 염두할 것"	업계 선두기업을 체험하는 목적으로 직장을 선택하였고 그 목적에 따라 업무를 생활했음. 첫 직장으로 혹독한 사회 첫 발을 내딛는 것으로는 좋음	신입은 연봉을 알려주는 시점이 매우 늦음 짧게는 2달 길게는3달이 지나서 연봉을 알려줌이직률이 상당히 높은편, 사옥에 투입하는 비용대비 직원들에 대한 처우는 낮게 진행	불필요한 없무진행을 줄이는 필요가 있겠으며,저녁식사라도 자유롭게 이용가능한 회사를 시작하셨으면
2015/8/8	(주)세스코	100	71990	159799	1.0	2.0	3.0	4.0	2.0	0	1	영업/제휴	전직원	경기	 5 	False	"직원들을 생각하지 않는 회사 지사 자체로 움직임 서비스하는 사람은 아무나 다 뽑 아줌"	별 어려움이 없음 근무강도 약함 누구나 할 수 있음니다	연봉이 적고 영업은 무조건 지역빨 실력없어도 좋은지역 받으면  인정받음	지역빨이 아니고 실력이라고 하지 마시고 탄력적으로 선후임 지역 바꿔서 운영해주세요
2015/8/6	(주)세스코	100	71990	158847	3.0	2.0	5.0	3.0	3.0	1	2	서비스/고객지원	전직원	충남	 34 	True	"업계에서 독보적인 위치. 시대가 원하는 서비스를 지속적으로 개발하며 고객 중심의 서비스 마련."	퇴근시간이 보장되며 국가 휴일 또는 빨간날에는 휴일이 보장된다. 거래처 대부분이 결제를 현금으로 진행하다 보니 회사 자금력 회전이 좋을듯함.	연봉이 적은 편이며. 복지 수준이 좋지 않다. 상기에 언급한듯이 휴무등이 보장되니 적당한 월급을 원하는 사람에게 적합할듯.	직원들의 이직율이 예상외로 높다. 연봉탓인듯..
2015/8/4	(주)세스코	100	71990	157821	2.0	1.0	1.0	1.0	1.0	0	None	금융/재무	현직원	서울	 3 	False	"직원이 답글 잘 달아 이미지만 좋고 대표가 자기 배 채우기 바쁜 곳입니다."	월급이 밀리지 않고 제 때 나온다출산휴가에 좋다대외적인 이미지는 좋다	*사무직은 직급의 상관이 없이 비슷한 수준 (과장 대리 사원 등)*심지어 연봉협상도 없고, 물가상승률 고려가 전혀 없이 월 5만원미만 인상* 중식 제공 없음* 시스템이 체계적이지 않고 비효율적인 업무가 다수 (70-80년대 시스템 고수)* 직원을 소모품 생각하듯이 생각함	직원들이 벌어다 주면 직원들에게 복지로 되돌여 주여할 것일들이 주먹구구식이며 시스템에 투자할 것외부에 보여지는 이미지만 중히 여기지 말고 내부 서비스에 충실할 것
2015/8/4	(주)세스코	100	71990	157771	1.0	1.0	1.0	1.0	1.0	0	None	연구개발	현직원	서울	 14 	False	"이 회사로 취업을 생각하는 사람은 절대 말리고 싶은 기업"	대한민국에서는 광고효과로 높은 이미지가 있음, 대기업으로 착각하는 사람들도 있음	결정을 못하는 결정권자들, 구시대적 실험, 무조건 양복 출근, 휴가가 따로 없고 연차서 휴가를 써야함, 연봉이 턱없이 적음	실질적 결정권자가 있었으면함, 논리적인 근거로 인한 판단을 내렸으면함, 눈치만 보면서 살살 기려고만하는 북한보다도 더한 듯한 공산주의 계급 사회로 여겨지는 회사를 변화 시켰으면함
2015/8/4	(주)세스코	100	71990	157739	1.0	1.0	1.0	1.0	1.0	0	1	인사/총무	전직원	서울	 2 	False	"대외이미지와 정반대. 경력직 적응 못해서 줄줄이 퇴사."	일보다 정치. 정치만 잘하면 평생 다닐 수 있음. 업무강도 낮음. 정치 및 딸랑딸랑 강도 높음	정치가 전부임. 시스템 매우 낙후. 듣보잡 조직문화 (경력직 적응하기 매우 어려움)	직원은 소모품이 아닙니다. 세스코에서 좋게 퇴사하는 사람이 과연있을까..잘 생각하십시오
2015/8/3	(주)세스코	100	71990	156917	2.0	1.0	1.0	1.0	1.0	0	2	기타	현직원	서울	 3 	False	"구멍가게 수준인 시스템들로 외부에서 보는 것보다 훨씬 모래성"	발전 가능성이 외엔 크게 장점이 없는데 지사와의 인간관계를 잘 쌓으면 도움이 있음	권위적인 기업문화. 사람차별 기회를 주는척하지만 이미 내정된 시스템 최상위관리자 몇명으로 운영되는 회사 그러나 관리자 능력 부족이 들어나는 회사	그닥 바라는건 없고 연봉이나 좀 더주고 현장에서 나오는 소리를 좀 듣고 해결해줬으면...
2015/8/2	(주)세스코	100	71990	156641	1.0	1.0	1.0	1.0	3.0	0	2	영업/제휴	현직원	서울	 6 	False	"4년제 졸업해서 가기에는 정말 비추인 회사. 월급이 알바월급. 대기업이아님"	장점이 없음.그냥 영업할때 출퇴근하는 모닝 차량지원밖에 없음.인센티브도 당월 100프로 채웠을때 세금때고 50만원나옴	영업을 할때 시장성을 고려하지않고 다 똑같이 평가하는 본사의무식한시선으로 인해 스트레스엄청받음 정치의끝판왕. 본사와 지사와의 커뮤니케이션도 되지 않으며 사장의 이기적인 경영시스템 지나친업무강도와 보고할게 무진장많음	영업직군과 세스코맨과 사무실 같이쓰는게 안된다고 생각하며 면세 사업이고 돈 번만큼 연구개발좀 더 하고 장비의 경우 렌탈2년유지시 고객에게 주는걸로 바깠으면함
2015/8/31	씨제이푸드빌(주)	100	23183	170494	4.0	4.0	2.0	4.0	3.0	1	2	서비스/고객지원	전직원	경기	 0 	False	"대기업이라는 자부심을 느끼며 일 할 수 있음"	다양한 복지와 교육혜택, 나이/성별차별 없어서 일하기 좋음	비합리적인 접포 운영방식(인건비를 줄이기 위해 눈치껏 연장근무해야함)직급이 높아지려면 홀/주방 상관없이 모두 일을 해야함	매출로 매장을 평가하기때문에 매출이 저조한 매장 직원들은 연장수당도 못챙기고 눈치받으면서 힘들게 일하고 욕을 먹어요
2015/8/25	씨제이푸드빌(주)	100	23183	167397	2.0	4.0	2.0	3.0	3.0	1	2	경영/기획/컨설팅	현직원	서울	 0 	False	"동종업계 상위 회사입니다업무가 많고 타이트한 편이다Cj 그룹 소속이다"	일을 잘 배울수 있음외식 전문가가 많음그룹 소속이라 시스템이 잘 구축됨	회사 분위기가 좋지 않고 사람에 대한 배려가 없는 편이다. 일이 많아 자기 시간을 갖기 힘든 편!	직원에 대한 인간적인 배려가 많이 필요해 보입니다. 시스템은 좋은 것 같습니다.
2015/8/24	씨제이푸드빌(주)	100	23183	166851	3.0	2.0	3.0	3.0	2.0	0	None	경영/기획/컨설팅	전직원	서울	 0 	False	"외부에서의 좋은 이미지로 대체적으로 다니는 사람 보다는 주위 사람들에게 좋은 이미지를 가진 회사"	강제적으로 술을 권하는 문화가 없고 복장에 있어서 자유로운 편	경영목표치 대비 매출, 이익현황이 낮아 성과급을 받기 어렵고 사무직 이직률이 타 대기업 대비 매우 높은 편	현실적인 경영목표치를 바탕으로 구성원 사기진작을 도모높은 이직율에 대한 체계적인 분석과 현실적인 방안을 통해 이직율을 낮춰야
2015/8/18	씨제이푸드빌(주)	100	23183	164298	4.0	2.0	2.0	4.0	3.0	1	1	엔지니어링	전직원	서울	 1 	False	"글로벌로 진출하려고 힘쓰는 회사. 더이상 국내만으로는 힘들다"	물론 같은 회사 내에서도 팀마다 천차만별이겠지만 사람들이 괜찮다.(본사 기준) CJ카드 할인이 쏠쏠하다. 35% 할인이라 주변사람들이 좋아한다.	지주사가 갑이다. 각종 보고자료도 많고 갑질을 많이한다. 가뜩이나 영업이익률이 낮은데 글로벌에 쏱아 붙느라 더 낮아진다. 대기업치고는 급여가 높지 않으며 알차게 일시킨다.	보고를 위한 보고 자료는 이제 그만. 과도한 페이퍼 웍은 업무효율을 떨어뜨립니다
2015/8/17	씨제이푸드빌(주)	100	23183	163642	2.0	3.0	1.0	1.0	1.0	0	2	마케팅/시장조사	전직원	서울	 0 	False	"식품 외식업계 1위 업체인 만큼 다양하고 폭넓은 경험을 할 수 있을 것이라 생각하나, 외적 이미지와 다르게 업무영역이 굉장히 좁고 기회요소가 많지 않음. 아직시스템화 되어 있지 않이 15년 sap 도입이 됨"	외식업계 1위. Cj의 타이틀. 복리후생 (결혼할 경우 혜택 많고 cj브랜드 할인. 해외 여행시 호텔 할인)	협소한 업무 영역. 시스템 부족 및 비체계적임.연봉 동결 및 삭감이 될수 있는 인사시스템	외적인 이미지와 실제 cj의 이미지를 같게 만들었으면 한다.
2015/8/14	씨제이푸드빌(주)	100	23183	162846	4.0	5.0	1.0	4.0	1.0	0	1	서비스/고객지원	현직원	서울	 0 	False	"복리후생은 좋으나 연봉은 적습니다!서비스직인 만큼 감성노동직으로 버티는것이 힘든편"	복리후생이 좋고 외식업인만큼 음식 관련쪽으로 다양한 할인제도가 많음	회사의 전망성은 좋으나 연봉에 비해 노동강도가너무 쎔  못버티고 나가는 사람이 많아서 채용을 자주함한달에 330시간 이상 일할때도 있음	현재 환경체재는 일하는 사람들에게 너무 가혹함전체적인 개선을 통해 일하는 사람들의 환경체재의 변화가 되지않으면 계속 노동자들이 악순환적인 연장근무가 지속될것으로 봄
2015/8/9	씨제이푸드빌(주)	100	23183	160043	2.0	2.0	1.0	3.0	1.0	0	1	금융/재무	현직원	서울	 5 	False	"직원이회사를먹여살리는느낌.. 회사안에서 모든걸 할수있지만 밖에 일이 너무 많아 집회사만 반복.."	직원할인정도... 월급은 꼬박꼬박나옴.. 이상한 교육이나행사가 많음..	수당이없어...주말도 밥먹듯이 나옴.. 월급이너무 적음야근은엄청시키면서..야근수당도 없음내 생활이 없음	월급을 많이 주던가.. 일을 줄여주던가해주세요 교육이나 개일역량을 높이기 바라시면 높일 시간을 좀주세요
2015/8/3	씨제이푸드빌(주)	100	23183	156927	4.0	3.0	1.0	2.0	3.0	1	1	금융/재무	전직원	서울	 0 	False	"글로벌에 대한 시각을 넓힐수 있다. 다만 업무 강도가 강한 부서는 많이 힘들수있다."	글로벌 경험을 쌓을수 있는 기회가 많음.유사한 업종의 기업 중에는 대기업으로 정리돤 프로세스를 맛볼수있다.	업무강도가 강한 부서가 많으며 잦은 조직 변경, 경영진 변경이 잦음.	잦은 교체로 인한 업무공백, 잦은 인사이동 등 개선 필요함. 빠른 의사결정이 필요할때는 과감한 결정도 필요함.
2015/8/24	유베이스(주)	100	87279	166674	3.0	3.0	3.0	3.0	5.0	0	1	서비스/고객지원	현직원	인천	 0 	False	"백수탈출 기회다 누구나 할수잇는일이다 하지만 누구나 적응할수잇는건아님"	주5일제 칼퇴근가능 직장 상사들에게받는 스트레스가없다	적은월급 진상고객 스트레스 밥값도안나오며 정말월급이짜다	밥값이나  줫으면좋겟다월급도   올려주고
2015/8/22	유베이스(주)	100	87279	165879	3.0	3.0	3.0	3.0	3.0	1	1	서비스/고객지원	전직원	경기	 0 	False	"한번쯤은 경험해 볼만한 콜센터 인바운드 사업"	-통제가 그렇게 빡빡하진 않아서 동료들과 웃으면서 뭔가 자유로운 분위기에서 일할수는 있습니다. -대한민국 국민이라면 누구나 콜센터에 소비자상담을 해본 경험이 있을텐데 직접 상담원의 포지션이 되어 볼 수 있는 소중한 경험이랄까...... 이제 상담원에게 덜 무례하게되고 뭐 그러네요..-복지는 좋은듯. 출퇴근 버스도 있고 사내 휴게실도 나름 쾌척.. -국내 수많은 대기업의 콜센터를 맞아 사업을 하고 있기때문에 특정 기업의 고객관리 특성을 대충이나마 이해할 수 있음...-알바로는 진짜 좋은데 오래할 수 있을지는 미지수..	-인바운드때 걸려오는 컴플레인을 심리적으로 감당하는 것이 생각보다 버거움-기업의 단점은 글쎄.. 위에 쓴 건 고객이 문제지 기업의 단점이라고 보기엔 어려움.. -단점은 딱히 없는 것 같다. 급여가 노동강도에 비해 좀 낮나..앉아서 하니까 육체적으론 부담없긴 하다 -승진이 쫌 빡센 것 같음 정말 오래버틸 자신 없으면 승진보단 이직이 낫지 않나 싶음	무례한 고객을 회사차원에서 예방할 수 있는 시스템도 개발되었으면 하는 바람..
2015/8/16	유베이스(주)	100	87279	163280	2.0	1.0	1.0	1.0	3.0	0	2	IT/인터넷	전직원	경기	 0 	False	"대기업 콜센터 하청 업무가 핵심인 기업. 규모에 비해 작은 연봉. 상담원은 매우 스트레스가 많이 받으므로, 장기 근무 하고싶어도 하기 힘듬."	기업의 규모가 크기 때문에, 월급이 밀릴 일은 없어보임	전형적인 군대식 문화. 위에서 지시하면 반론없이 철저히 진행. 만약 반론 제시할 시, 제시한 사람이 이상한 사람이 됨.	회사가 점점 크고 있는것은 분명함. 그점에서는 경영진의 영업/관리 능력이 상당히 뛰어나다고 볼 수 있음.
2015/8/30	아워홈(주)	100	68269	169917	3.0	3.0	3.0	4.0	5.0	1	2	전문직	현직원	경기	 1 	False	"그럭저럭 첫 직장으로서는 만족. 다양한 업무들을 배울 수 있음."	교육의 기회가 많음. 개개인의 능력을 높이고 발전시키기 좋은 회사.	복지가 생각보다 좋지 않음. 연봉은 타사와 비슷한편이나 업무량과 책임은 훨씬 많은 편.	외적인 이미지 관리도 좋지만, 내부직원에게 인기가 있는 기업이 되었으면 합니다.
2015/8/29	아워홈(주)	100	68269	169705	1.0	3.0	2.0	3.0	3.0	0	None	마케팅/시장조사	현직원	서울	 1 	False	"대기업이라는 허울에 갇힌, 보수적인 회사."	회사의 안정성, 많은 직원들과의 동료애, 강남이라는 지역적 위치와 대기업이라는 타이틀로 자부심을 느낄만 함.	임원진들의 보수적인 태도, 그러나 직원들에게 참신함을 주장하는데서 오는 괴리감.  홍보와 마케팅과 관련한 부분에 지원이 부족함.	직원들이 자신들의 능력을 성장할수 있는 기회가 있었으면 좋겠습니다. 업무적으로 고정되어 있고, 직무적 교육을 받고 싶어도 여건이 허락되지 않습니다.
2015/8/25	아워홈(주)	100	68269	167660	1.0	2.0	1.0	2.0	2.0	0	1	유통/무역	전직원	경남	 5 	False	"종합식품기업으로 업계트랜드에 민감하게 변화하려고 노력하나 업무강도에 비해 급여등이 동종업계에 비해 낮음"	한때는 급식식자재업계 1위업체로 관련 시스템등이 잘 갖춰져 있고 신규프로세스등을 지속적으로 도입함	지나치게 많은 kpi 설정으로 문서과다,보고과다등 정작 중요한 부분에 대한 실리적인 집중도가 떨어지고 있음기존 구시대적인 일부 꼰대상사들이 요직에 오르면서 상하소통이 원활치 못하며 충성도 높고 우직한 중간층 실무진들의 퇴사가 많음. 업무량에 비해 처우떨어짐.보고를위한보고, 인위적인 변화, 윗선에 보이기 위한 전시적인 부분에 지나치게 집착함	번문욕례. 조선은 지나친 문서과다로 진실이 왕에게 보고되지 못하여 국운이 다했음. 진정성있는 상하 다면평가를 통해 소통과 발전을 저해하는 적폐들을 정리하고선택과 집중에서 집중할 부분에 대한 심플한 방향을 정해야 함
2015/8/24	아워홈(주)	100	68269	167023	1.0	1.0	4.0	4.0	3.0	0	1	전문직	전직원	충남	 2 	False	"인건비로 인한 업무 과다와 계약직으로 분리한 대우급식 업체 네임으로 다니고 싶었던 회사였지만 다니고 실망함"	이름은 있어 좋은직장 다니는 것처럼 보임영양사로 일하는데 있어서 너무 낮은 급여	계약으로 입사 후 낮은 급여로 장시간 근무주말이나 연장 근무에 관해 수당 없음장직과 차이나는 복지	계약 만료 시 정직 전화 또는 근무 환경 개선근무 하면서 배울점도 많았지만 급여대비 노예기분이 들었습니다.
2015/8/22	아워홈(주)	100	68269	166097	2.0	3.0	3.0	2.0	3.0	1	1	경영/기획/컨설팅	전직원	서울	 0 	False	"현재 기업리더가 계속해서 바뀌면서 분위기가 뒤숭숭한듯 하지만 급식업계에서 가장 저력을보여주거있는 회사"	업계1위, 다양한식재료 개발과 체계적인 인트라구축 ...	특이한월급지급방식..아직도 홀짝수달 월급지급방식인지..직원의 목소리에 귀기울여 줘야함	복자가 너무 정체되어있는것 같다 직원의복지와 자기개발에 힘을줄수있도록했으면좋겠다
2015/8/16	아워홈(주)	100	68269	163247	3.0	3.0	1.0	3.0	1.0	0	None	인사/총무	전직원		 0 	False	"나름 급식시장의 선두기업이자 대기업지금은 하락세이지만 그간의 노하우와 운영방식은 아직 저력이 있다고 생각됨."	지금은 1등에서 밀려났지만, 아직은 탄탄한 급식시장의 존재로 안정적인 회사	회사가 정체되어 있는 느낌, 가령신사업이라든가 급식이외의 분야에서 성장이 정체되고 있는 느낌. 인재의 창의성이나 능력을 중시하기 보다는 정치적인 회사 분위기참으로 특이한 월급지급방식	말단직원이 원하는 것이 무엇인지회사에서 가장 중요한 가치가 무엇인지 정확하고 명확했으면 좋겠습니다.
2015/8/11	아워홈(주)	100	68269	160978	3.0	4.0	2.0	1.0	3.0	1	1	유통/무역	전직원	서울	 0 	False	"대기업 계열이라 복지가 좋다. 하지만 업무의 효율 보다는 보여주기식 업무 진행하는 경우가 종종...있음."	LG가 아니라고 하지만 LG 관계사라 대기업 문화와 복지를 가지고 있음	회사내 정치적 싸움이 있음. 업무를 위한 보고가 아닌 상사의 생각을 맞춰야하는 퀴즈 게임을 해야함	아부와 충언을 잘 구별해야 회사의 발전이 있을것이라 생각합니다.고급화 전략도 중요하지만 고객에게 쉽게 다가설수 있는 방안도 모색하셔야...
2015/8/11	아워홈(주)	100	68269	160796	3.0	4.0	5.0	5.0	4.0	1	2	전문직	현직원	인천	 0 	False	"본인적성에 맞으면 재미있게 잘다님. 연봉 복지는 식품업계  감안하면 낮지는 않은편. 업무강도 약함(주관)"	업무매뉴얼과 시스템 사용편리함. 직원끼리의 사내분위기 좋음.	불가피하게 힘든 영업장에서 일하는 직원에 대한 보상체계 미흡	승진급 공정하게 이루어졌으면 함. 업무량 사람마다 공정하게.
2015/8/8	아워홈(주)	100	68269	159761	3.0	3.0	2.0	3.0	2.0	0	1	경영/기획/컨설팅	전직원		 0 	False	"종합식품기업 급식 외식 식자재등 여러가지의 사업을 시행하고 있다."	가늘고 길게 다니기 좋음 영양사나 조리사들에겐 좋은직장일듯함	의사결정의 비합리성 다양한 사고를 방해 탁상공론 이직자들이 많다	다양한 의견수렴과 탁상공론을 벗어나고 직원을 소모품처럼 쓰지않았으면 함
2015/8/1	아워홈(주)	100	68269	156217	2.0	3.0	2.0	2.0	2.0	0	None	기타	현직원	서울	 1 	False	"비전 제시없는 고여있는 조직, 적재적소의 인재배치 없음 비전문가들의 탁상공론"	기본적인 복지혜택보편적인 육아휴직제도교육프로그램 많음	업무의 비효율성, 비전문성오로지 정답은 오너의 머리속팀장 복불복 심함밥회사임에도 중식대지원 2/3만책임은 있지만 권한은없다	지시와 복종대신 소통과 존중의 회사가 되길바란다. 이제 뒤쳐질 일만 남았을뿐...
2015/8/30	아웃백스테이크하우스코리아(유)	100	86465	169897	3.0	3.0	2.0	4.0	3.0	0	None	서비스/고객지원	전직원	서울	 0 	False	"오픈마인드로 일할 수 있는 외식업체, 내가 일했을 당시에는 상승세였으나 점점 매장이 축소되고 있는것으로 보아 조만간 외식업계에서의 뒷길로 사라질 것 같다."	일한 만큼 받아갈 수 있는 급여, 직원들과의 단합, 매장마다 직원단합을 위한 이벤트도 종종 열린다. 재미있게 일할 수 있는 곳.	개인적인 스케쥴 조정이 힘들다, 매니저급과의 소통이 힘들다	트렌드에 발맞춰 메뉴개발과 서비스 방법 등이 개편된다면 하락세를 딛고 다시 한번 외식업계의 1위자리를 쟁취할 수 있지 않을까 생각합니다.
2015/8/29	아웃백스테이크하우스코리아(유)	100	86465	169702	3.0	4.0	2.0	4.0	1.0	0	None	서비스/고객지원	전직원		 0 	False	"알바계의 해병대. 힘들지만 보수는 좋음스케쥴 관리를 잘해줘서 학생들이 다니기 좋은 곳"	외국계 기업이라 알바생도 모두 정직원덕분에 월급관리가 잘됨	가끔 알바생들이 봐도 너무한 가격...아웃백에는 마케터가 없나...	아웃백에서 일을하다가 본사로 들어가서 사무직으로 일한다고 하는데 제대로 된 신입을 뽑았으면 좋겠음
2015/8/24	아웃백스테이크하우스코리아(유)	100	86465	166609	5.0	3.0	2.0	4.0	3.0	1	2	서비스/고객지원	현직원	경기	 0 	False	"외식업계 최고봉. 어렵고 힘든점도 많지만 다닐만한 계속 다니고 싶은 회사이다"	차별없는 진급. 열정과 의지만 있으면 가능한 진급. 학벌에 대한 차별이 없음	직원들 근무시간이 다소 많은 것 같음. 개인 여가시간이 다소 부족함	주간근로시간을 좀 줄여주면 좋겠다. 기업내에서 업무외의 활동이 가능하면 좋겠다
2015/8/21	아웃백스테이크하우스코리아(유)	100	86465	165778	4.0	2.0	1.0	5.0	1.0	0	None	서비스/고객지원	현직원	경기	 0 	False	"그리 높지도 않은 급여수준에 등골까지 탈탈 털어먹는 노동력 짜내기의 귀재들. 하던 스테이크나 잘 구울 것이지 남이하는데 잘된다 싶은 메뉴는 모두 따라하고 그렇다고 딱히 특별한 맛이 있지는 않은 고만고만한 수준의 음식맛."	서비스 업종중 알바생에게 기본적인 업무 뿐만이 아닌 마인드 교육까지 철저히 시키는 곳.	시급제 사원에게는 소위말하는 꺾기가 심하고 무급 휴식시간이 길다. 반면 월급제나 연봉제 직원은 하루 14시간이 넘도록 매장에 붙어있어야함. 거의매일. 수당은 되도록 줄이려고하고. 쌍팔년도 인건비 줄이기 방식을 그대로 고수하고 있는 낙후된 씨스템.	하던거나 잘 하고 쓸데없는 메뉴개발좀 그만했으면 좋겠다.
2015/8/10	아웃백스테이크하우스코리아(유)	100	86465	160385	3.0	4.0	2.0	5.0	4.0	1	1	서비스/고객지원	전직원	경남	 0 	False	"체력이 많이 필요한 서비스업. 하지만 그만큼 얻을 수 있는 것도 많음."	복리가 뛰어남. 특히 직원50%할인제도가 으뜸인 기업. 서비스마인드를 키우기 좋음. 가족적	3D업종. 쉬는시간이 따로 없음. 체력적으로 많이 지침. 주말에 쉬기가 눈치보임.	다양한 신메뉴로 인해 고객들의 호불호가 상당히 많이 갈림. 그에 의해서 직원들은 고객의 눈치를 많이 보게됨.
2015/8/5	아웃백스테이크하우스코리아(유)	100	86465	157921	4.0	3.0	2.0	3.0	2.0	1	1	기타	전직원	대전	 0 	False	"대학생이라면 한번쯤은 반드시 해봤으면 하는 일! 사회생활에 밑거름이된곳!"	직원만의 특권이 너무 좋음. 알바에서 배우는 사회경험. 복지몰 활용도 굿. 모두가 정직원 이라는것.	파벌 형성이 심함. 원하는날에 쉬기힘듬. 일의 강도가 장난아님.	지금도 나쁘진 않지만 너무 굿코만 강요하지 말아주세요.
2015/8/17	(주)커피빈코리아	100	53841	163560	2.0	1.0	2.0	2.0	1.0	0	1	서비스/고객지원	전직원	부산	 1 	False	"음료 제조 과정을 다양하게 배울수 없음 . 아르바이트 생은 업무에 참여할수 있는 제한이 있음 근무시간이 짧음. 근무자를 배려하는 환경이 아님."	일 1회 음료 제공/비교적 자유로운 분위기.일 1회의 음료 제공과 마감 후 베이커리 이용 가능. 직원 할인 가능	월급 인상과 퇴직금을 주지 않기위해 3개월 마다 재계약/하루 근무 시간도 3시간에서 5시간밖에 안됨/최대9개월까지만 근무 가능	조금더 인간적인 회사가 되길. 누구보다 인간적이어야하고 사람을 위할줄 아는 서비스 직군의 회사가 정작 기업의 얼굴이 될 직원을 관리하는 능력이 부족한듯.
2015/8/25	(주)호텔신라	100	47377	167486	1.0	4.0	1.0	1.0	1.0	0	None	인사/총무	현직원	서울	 9 	False	"일이 많습니다 많은데 더 많아지고 절대 줄지는 않는 신기한 곳이에요."	삼성이라는 자부심과 밖에서 잘난척 할 수 있다는 것 외에는 솔직히 모르겠습니다.	비합리적인 인사고과와 비인격적 대우를 일삼는 상사와 책임을 부하직원에게 미루려는 상사와 부하직원 보호가 전혀 안되는 상사와 너무 싫은 상사와 약자한테만 강한 상사와 가끔씩 저 좋을대로 좋은 상사인 척 하려는 상사와 안 잡혀있는 업무 체계와 업무 파악 전혀 안 하고 자기 상사한테 보고 전날에 보고할 것만 딱 내놓으라는 상사 상사 상사	뭐 딱히 없습니다. 그냥 전 여기서 나갈게요. 나간다고.
2015/8/21	(주)호텔신라	100	47377	165504	3.0	1.0	2.0	1.0	2.0	0	2	마케팅/시장조사	현직원	서울	 2 	False	"삼성 계열사 중 근무환경, 복지, 연봉 최하위권. (후자 오브 후자)"	남들한테 신라면세점 다닌다고 하면 좋은데 다니네요 소리 들음. 연봉이 낮아 이직하기 쉬움.	유통업과 삼성의 관리 DNA는 맞지 않는 궁합. 안 맞는 신발을 신기고 뛰라고 채찍질을 하니 견뎌낼 사람이 많지 않음. 시스템적으로 배울 점 딱히 없음. 사람들 간 유대감 적어서 근무 분위기 건조함. 복지 혜택 놀랄만큼 없음. 기본적으로 사람 귀한 줄 모름.임원들 기싸움 및 조직 구성 성 부서간 업무협조 어려움. 초봉이 낮은데 승진해도 월급 5만원 오름(물가와 세금 상승 빼면 사실상 삭감)	칭찬은 고래도 춤추게 한다는데 연봉, 복지 등 아무것도 직원 만족 사유가 없음에도 불구하고 칭찬에 굉장히 인색하고 회사생활 무미건조함. 직원들 애사심을 높이는 방안 모색 필요.
2015/8/20	(주)호텔신라	100	47377	165235	2.0	1.0	3.0	3.0	3.0	0	2	마케팅/시장조사	현직원	서울	 0 	False	"대외적인 이미지와 많이 다른 회사경력직이 많아 경력직이 정착하는데 다른 회사보다 어렵지 않은듯"	회사의 성장성, 미래가 기대되는 회사임대외적 이미지는 최고 수준	장점이 단점이 될수 있음조직원 본인과 회사 비교시 상대적 박탈감을 느낄수 있고지나친 관리 문화가 부담됨	체계적인 시스템 구축과 직원에 대한 보상수준을 높여주는것이 꼭 필요함
2015/8/20	(주)호텔신라	100	47377	165014	2.0	2.0	1.0	2.0	2.0	0	2	인사/총무	전직원	서울	 0 	False	"빠르게 성장하는 회사이긴하나 성장혜택이 일반직원에게 돌아오지는 않음. 낮은연봉인상률 성과금. 삼성이라고말하고다니지만 다른계열사와 비교가심하게되는 처우. 삼성맨이라는 네임벨류를 원한다면 추천"	삼성이라는 네임벨류. 오너기업이라는 자부심.면세사업의 호황으로 많은발전을 이뤘음	보고서 문화. 계열사에비해낮은 보수 복지.직원들 개개인 역량은 매우높으나 오래있을수록 그역량이 퇴보하는듯한 느낌	보고서중심문화에서 벗어나서 효율적으로 업무를처리한다면 더욱발전할듯
2015/8/13	(주)호텔신라	100	47377	162152	4.0	3.0	4.0	4.0	4.0	1	2	경영/기획/컨설팅	현직원		 0 	False	"네임밸류가 강해서 다니고 있는 회사.... 네임밸류원하는분들추천"	여성이 다니기에 괜찮음, 육아휴직 출산휴가 자유로움, 네임밸류 강함	생각했던 삼성 복지를 못누림, 연봉도 계열사에비해 낮음	그래도 만족하며 근무하고 있음, 복지혜택의 폭이 넓어지면 좋겠음
2015/8/30	트랜스코스모스코리아(주)	100	51105	169733	1.0	1.0	1.0	1.0	1.0	0	None	서비스/고객지원	현직원	서울	 0 	False	"아웃소싱 업체중 나름 큰 규모로 안정적으로 일할수있다."	오랜기간 쌓아온 커리어로인해서인지 교육부터 실무투입까지 일사천리로 정형화되고 안정적인틀에서 진행이된다. 큰 규모의회사로서 급여에대한 불안감은없다.	콜센터들의특성일수도있겠지만 유독 직원들의나이가 어리고, 근속년수가짧다. 단점으로보는이유는 동종업계의 종사자들이라면 알것이라믿는다. 그리고 가장중요한 특징이자 단점은 업계최저수준의 임금...	장기근속할수있는환경을만들어주었음좋겠음.상담사에서 관리자로갈수있는환경을좋다고 선전하고있지만 . 왜 관리자로가고싶어하지않는지는 모르고있는것같음.
2015/8/29	트랜스코스모스코리아(주)	100	51105	169474	3.0	2.0	4.0	3.0	3.0	1	1	전문직	현직원	서울	 1 	False	"급여가 많지않지만 제때 잘 나오는 회사로 야근이 별로 없음"	비대면직업이고 자기 할 일만 잘 하면 문제없이 다닐 수 있음. 매년 호프데이라는 단체 회식 혹은 문화행사 있음.근무시간이 일정해서 여유시간 있음.	해당 업무 속성을 잘 모르는 상사가 무리한 업무량을 지시할 때가 있음. 정직원이라도 보너스나 휴가비는 없음. 동종업계에 비해 급여는  적은편.	급여와 복지가 개선되면 좋겠다. 현재보다 20퍼센트 정도 올려주면 좋겠다
2015/8/16	트랜스코스모스코리아(주)	100	51105	163131	1.0	1.0	5.0	1.0	1.0	0	1	서비스/고객지원	전직원	서울	 0 	False	"갑업체에게 최소의 비용으로 인력을 제공하는 회사이며 복지는 최저수준입니다."	퇴근시간이 정확해서 개인시간을 많이 쓸 수 있다는 점. 지하철역 바로 앞이라 좋음	엄청나게 적은 연봉과 사람을 콜센터 전화기만도 못한 취급	콜센터 상담사도 감정소모에 맞는 연봉을 제시한다면 이직율이 이렇게 높지는 않을것
2015/8/14	트랜스코스모스코리아(주)	100	51105	162817	4.0	3.0	4.0	4.0	4.0	1	2	서비스/고객지원	전직원	서울	 0 	False	"외국계 기업이며 현재도 강하지만 꾸준히 성장하는 기업"	명시된 근무조건을 칼같이 지키려고 노력한다. 대기업치고는 미약하지만 최대한 복지를 지원하려는 자세	다양한 솔루션을 제공하기 때문에 본인의 직무에 따라 굉장히 스트레스 받는 일을 할 수 있음.	아웃소싱을 전문으로 하지만 TM이나 CS계통의 직원들 첫 연봉을 좀 더 높이면 이직률이 낮아지리라고 봅니다.
2015/8/18	씨제이푸드빌(주) 빕스	100	91680	164287	3.0	3.0	3.0	3.0	3.0	0	None	전문직	전직원	서울	 0 	False	"체계적인 외식브랜드로 일배우기 좋으나 대기업인것에 반해 급여는 적고 부려먹는다"	체계적이고 깔끔하며 메뉴얼이 잘 정리되어 있으며 확실한 직급체계 등등 대기업답다	시켜먹는것에 비해 돈을 적게주며 매니저들의 등쌀과 스트레스에 못이겨 울며 퇴사함.... 매니저들이 갑인줄 아는 이상한 회사	매니저들의 인성교육이 필요하며 모든 인원이 열정 없이 일하는 레스토랑..... 휴...
2015/8/11	씨제이푸드빌(주) 빕스	100	91680	161076	4.0	3.0	1.0	2.0	3.0	1	2	서비스/고객지원	전직원	서울	 0 	False	"대기업을 간접경험해보고 싶다면 알바로라도 빕스를 추천합니다. 교육부터 시작해서 손님을 위해 하나하나 신경쓰는 모습을 볼 수 있습니다."	실제 직원들의 자부심이 굉장히 높다. 그리고 CJ계열 복지혜택이 굉장히 좋다. 그리고 다른 사람들에게 빕스다닌다고 당당하게 얘기할 수 있다. 하지만 서비스직은 안좋게 보는 경향이 있는 듯	많은 근무시간에 비해 급여가 적다.그리고 정말 고강도 본인의 생활은 영위할 수 없을 정도. 대부분의 인원이 빕스에서 눈이 맞는지 이유를 알겠더라. 다른곳에서 누군가를 만날 시간이 없음	휴가제도가 활성화되었으면 좋겠습니다. 너무 일벌레가 되어가는 느낌이였어요. 일주일에 6일을 일하는 고강도의 업무를 해야 인정받는 기업분위기였습니다.
2015/8/5	씨제이푸드빌(주) 빕스	100	91680	158206	4.0	5.0	3.0	4.0	4.0	1	2	서비스/고객지원	전직원	서울	 0 	False	"동종업계중 시급이 후한편이고 퇴직금도있어서 좋지만 서비스업이라서 그만큼 스트레스받음"	체계적이고 처음 1~2주정도는 체력적으로 힘들다. 사람들과친해지면 가족같은분위기.	좋은상사를 만나는것에 따라 단점이될수도 장점이 될수도 있을듯 하다.	어딜가나있겠지만 신입의 안정적인 적응을위해 텃세같은것들을 조금완화시켜주시는 운영을했으면좋겠다
2015/8/19	(주)유니에스	100	87274	164690	3.0	3.0	3.0	2.0	2.0	1	1	서비스/고객지원	전직원	서울	 16 	True	"항공 쪽에서 근무. 동종 업계 중에선 규모도 크고 체계도 잘 잡혀있는 듯 하다. 하지만 파견/도급 직원이다 보니 근무하는 회사의 정직원들과의 연봉과 복지에서 차이가 나고, 소속감과 확신을 갖기에 어려움이 있다."	동종 업계 중 규모가 크며 체계도 잘 잡혀있는 편이고, 타 아웃소싱회사에 비하면 복리후생도 어느정도 신경 써주는 편이다.	근무하는 회사의 정직원들과 업무강도는 비슷한데 어느 곳에 대해서도 소속감을 갖기가 어렵고 급여가 낮으며 복리에서도 차이가 많이 나서 비교하게 된다. 여러부분에서 근로자가 '을'이라는 느낌을 많이 받게 된다.	업종 특성 상 직원들이 파견/도급으로 타회사에서 근무하게 되는데 유니에스에서 케어해준다는 느낌을 못받으면 근로자는 어느곳에도 소속감을 느끼지 못하고, 회사에 대한 확신도 갖지 못해 퇴사하는 사람이 많아지는 것 같음. 거래처마다 담당자가 있으므로 소속 근로자에 대한 관심을 더 가지고 근로자의 복지와 연봉에 조금 더 신경을 써주면 좋을 것 같음.
2015/8/13	(주)유니에스	100	87274	162006	2.0	4.0	1.0	4.0	4.0	0	1	서비스/고객지원	전직원	서울	 1 	False	"항공사 아웃소싱업체 중에서도 규모있는 회사라고 하더군요. 업무할때는 몰랐지만 퇴사 후에 보니, 체계가 어느정도 잘 잡혀있는 회사임을 느꼈습니다."	자신이 노력하는 만큼 인센티브가 큽니다. 회사 복지가 좋은 편입니다. 자신의 일을 잘마 한다면 정시칼퇴가 가능합니다.	이건 기업의 단점이 아니고 업무의 단점일 것같은데, 아무래도 서비스센터이기 때문에 업무강도가 높은편입니다.	이건 아웃소싱업체라 어쩔 수 없는 것이겠지만 직원들을 너무 을의 입장으로 내몰지 않았으면 좋겠습니다.
2015/8/18	(주)에스텍시스템	100	89310	163900	3.0	2.0	3.0	3.0	2.0	0	None	서비스/고객지원	현직원	서울	 0 	False	"낮은 진입장벽과 나름대로 보장된 정년. 하지만 급여가..."	그렇게 체감되진 않지만 국내 동종 업계 1위. 보안업 특성상 진입장벽이 그닥 높지 않아 업무적응이 쉽다. 업무능력이 떨어지면 진급은 느려질지언정 짤리진 않는다. 군대문화가 존재하지만 심하진 않고, 회식 같은데에서도 술강요도 없는 나름 발전적인 모습을 보여줌(지사별 차이). 높은 급여보단 안정적인 직장과 평이하게 살고 싶은 사람에게 추천	낮은급여.연차에 따른 상승폭도 적다(팀장 진급해야 좀 쓸만해진다). 기술에 발전에 따라 인력경비 부분에 수요가 적어질 것이므로 전망이 좋다고는 못함. 인원 교대 근무이다 보니 급작스러운 땜빵근무가 많고 주,야간 근무로 인하여 몸이 상함	사람이 없다 없다 하지 말고 급여를 올렸으면...
2015/8/10	(주)에스텍시스템	100	89310	160348	4.0	3.0	4.0	4.0	3.0	1	2	서비스/고객지원	전직원	서울	 0 	False	"기업내부 문화가 가족같으며 선후배간 피드백이 강력한 곳임 급여조건만 개선되면 최고"	가족같은 분위기, 식사시간의 자유, 개별적인 담당자 개념의 서비스 제공	급여가 낮고, 보안이라는 국내의 약한 인식때문에 상대적으로 빈곤감	급여 인상을 바라겠지만 현실적으로는 많은 어려움이 있어보임
2015/8/6	(주)에스텍시스템	100	89310	158826	2.0	1.0	1.0	2.0	2.0	0	1	서비스/고객지원	전직원	서울	 0 	False	"군대식 기업문화,삼성에서 분사한걸 자부심으로 생각함. 노동자에 대한 처우는 글쎄?"	클라이언트입장에선 좋을수도 있겠네요.교육은 2박3일 지방연수원에서 받는데 커리큘럼은 좋음.	살인적인 근무시간, 위험한일 아님에도 과로사한 근무자가 있음.딱딱하고 무거운 근무지분위기. 몇주 일했는데 급여 못받았음.가스총,곤봉 지급.없이 유사시 몸빵해야함	노동자가 얘기해도 들을수있을까?그게 의문스럽다. 구직자여러분은 심사숙고해서 일자리 찾으셔요.
2015/8/3	(주)에스텍시스템	100	89310	156959	3.0	2.0	1.0	2.0	1.0	0	1	기타	전직원	경기	 0 	False	"같은조 사수가 어떠냐에 따라서 근무환경이변화는 회사"	같은조에 좋은 사람만나면 가족같은 분위기에서 어렵지않게 일할수 있는회사	대체근무시 나름 높은 수당을 받을수있으나 업무강도가 쉬운 야근조는 선임들이 전부채감말단들은 주간업무만 대체한다고 보면됨24시간 근무하는경우가 많음	지금은 어떨지모르지만 대체근무의 투명도를 높여줬으면함
2015/8/3	(주)에스텍시스템	100	89310	156831	3.0	3.0	2.0	3.0	3.0	0	1	기타	전직원	서울	 0 	False	"확실히 몸으로하는직업이기때문에 어느정도 각오만한다면 큰 무리는없습니다."	보안업체 중에서 너무 이것저것 따지지않고 신체건강하고,결격사유(문신,전과경력)만 없다면 무난하게 들어갈수있습니다. 특히 명절때는 각종선물과 보너스(?)(사업장마다다름)가 나옵니다.	진급체계가 너무 불확실합니다. 제가 일할때만하더라도 12년차 일반사원이 있을정도로..	진급체계가 어느정도 확실해야 더욱더 열힘히할 의지도생기는것같습니다.
2015/8/31	에스원(주)	100	65658	170595	3.0	4.0	4.0	4.0	4.0	1	1	전문직	현직원	경기	 0 	False	"전기시설관리직무를 배울수있고 자격증 취득이 중요하다.."	대기업의 관리 프로세스를 배울수있고 삼성 복지를 받을수있다	삼성이라는 이름을 달고있지만 생각보다 월급이 작다...	기술업무를 배울수있게 교육을 확대하며 신입사원양성의 힘쓴다
2015/8/27	에스원(주)	100	65658	168724	2.0	2.0	4.0	4.0	3.0	1	1	영업/제휴	현직원	서울	 0 	False	"에스원 빌딩솔루션사업부의 경우 동종업계와 비교해 근무환경이 좋은 편인듯"	임플란트까지도 지원해줄 정도로 복지제도가 좋음계열사에 비해 연봉은 낮은 편이라고 생각했지만 성과급은 비교적 괜찮은 편	에버랜드로부터 이관된 빌딩솔루션사업부를 제외하고 타 사업부는 업의 특성상 굉장히 보수적임	본사 외에 사업장 혹은 지사 직원들의 고충을 이해하고 근무환경개선에 노력해주셨으면 좋겠음
2015/8/24	에스원(주)	100	65658	166583	2.0	2.0	3.0	1.0	2.0	0	1	서비스/고객지원	현직원	서울	 0 	False	"탄탄한 현금 수입을 기반으로 안정성이 뛰어난 회사였으나 잦은 ceo 교체로 더이상 연구개발을 하지 않고 si에 집중하는 낡은 회사가 됨"	현금 수입이 탄탄함. 무늬만 이긴 하지만 삼성 계열임. 승진을 포기한다면 칼퇴 가능한 연구소.	무능한 헤드. 불합리한 인사고과 (야근자 위주로 고과 부여됨). 없는 미래.	무능하고 혁신하지 않는 그룹장 이상의 간부를 물갈이 하지 않는한 회사의 미래는 없음.
2015/8/23	에스원(주)	100	65658	166254	2.0	3.0	1.0	1.0	1.0	0	None	영업/제휴	전직원	인천	 4 	False	"여자가 다니기에도 힘든 회사. 에스원하면 남자, 출동사원만 생각하지만 여사원들도 있음. 사무직이라곤 하지만 사무직같지 않음."	복지는 좋음. 치과 보험처리 해주는 회사는 극히 드물다고 알고있음. 자녀 학자금도 유치원부터 대학까지 다 나옴.	그냥 정규직 콜센터라고 생각하면 됨. 사무직이라고 생각하고 오면 큰코 다침. 여사원들 출산이나 퇴사로 인해 계약직 쓰면 하루하고 도망가는 일이 허다함. 콜센터가 통신회사처럼 체계화 되어있지 않아서 처리할수있는 일이 거의 없음. 더군다나 월말되면 일일히 채권전화를 해야함. 이건 수많은 업무중에 극히 일부임. 부서간의 화합 절대 안되고 항상 남탓하며 싸우기 일쑤. 야근도 밥먹듯이 하여 오죽하면 사내결혼율이 매우 높음. 퇴근이 늦기 때문에 서로 만날수있는 사람이 한정적이어서인듯. 남자사원들이 보기엔 사무실에서 그냥 자판 두들기면서 편하게 있어보일지 모르겠지만 진상 고객들이랑 통화하고 수화기 내려놓고 울면서 뛰쳐나간게 여러번. 차라리 콜센터가서 안내해주는게 더 편할거같다는 생각도 여러번함. 콜센터에서 모르면 지사로 넘기면 되고 부수적인 업무도 안하기 때문. 그리고 암암리에 강매도 있음. 신상품 나오면 거의 출동요원에게 영업까지 시킴. 안심폰 실적 채우려고 가족이나 본인 이름으로 몇대씩 개통하고 사용도 안함. 알면서도 실적만 오르면 장땡. 텃세도 장난아니고 일 4, 사람 6 때문에 힘들어서 퇴사함.	본사와 세콤영업부가 소통하고 서로 싸우지 않았으면 좋겠습니다. 솔직히 에스원을 먹여살리고, 기반이 된 사업이 세콤이고, 안심폰이든 뭐든 세콤영업부 지사에서 다 판건데 공은 왜 본사에서 세웠다고 하는지... 조금씩 잡음이 커져가고 있는 상태인데 이상태에서 더 커지면 걷잡을수 없을거같네요. 직원들을 위하는게 무엇인지 절대적으로 생각해볼 때인것 같습니다.
2015/8/16	에스원(주)	100	65658	163218	3.0	3.0	1.0	1.0	2.0	0	1	교육	현직원	서울	 0 	False	"삼성 에스원이 아닌주식회사 에스원누가 먼저말했는데 삼성타이틀은 가지고 싶고 스팩은 안되면 노려볼만한 회사"	보수적. 리스크를 가지기 싫어함으로 망할가능성이 적음세콤이란 확실한 캐시카우가 있음	보수적이라 대박칠 건덕지는 없음.최근에 건물관리 사업을 구에버랜드에서 사오면서 돈을 너무 많이 썻음시너지는 없음 한회사에 두개의 회사가 됨	경영진은 공부좀 하면 좋을듯. 조금이라도 기기상품에 연관되면 기술이니.연구소에서 하면 되겠네 하고 연구소에 넘기고 일이 잘되면 자신의 공, 잘안되면 연구소에서 지원을 안해줘서.
2015/8/14	에스원(주)	100	65658	162835	2.0	4.0	2.0	2.0	2.0	0	1	서비스/고객지원	전직원		 0 	False	"복지나 연봉은 높으나 cs업무든 기술이든 영업이든 고객을 상대로 하는 업무라 스트레스가 많으며 보수적인 집단이라 적응이 어려움"	대한민국 최고의 그룹의 계열사인 만큼 복지가 좋으며 현금보유율이 높은 기업이라 망하지 않을 회사	한밤에도 비상걸리면 어떠한 상황에서도 나가야 하고 보안업 특성상 타지로 갈 경우 보고 해야됨	현재는 어떨지 모르지만 퇴근시간이 엄격해 졌으면 좋겠음
2015/8/10	에스원(주)	100	65658	160189	3.0	3.0	1.0	1.0	1.0	0	1	영업/제휴	현직원		 1 	False	"최고의 군대문화를 자랑하며, work&life 밸런스는 최악 수준. 직원에 대한 배려가 전혀 없다고 느껴짐"	업계 1위(업계 자체가 워낙 비주류), 삼성그룹이라는 타이틀 그 외엔 없는듯	직원들에 대한 존중과 배려가 전혀 없음.Work&life 밸런스가 전혀 느껴지지 않음.직원들을 부속품 취급한다는 느낌이 매우 강함.군대문화 및 부조리 매우 심함	본인들의 밥그릇 챙길 생각만 하지 말고, 직원들의 삶도 돌아보고 회사의 진정한 미래도 생각했으면...
2015/8/26	씨제이푸드빌(주) 투썸플레이스	100	94601	168242	1.0	3.0	1.0	3.0	1.0	0	None	서비스/고객지원	현직원	경기	 0 	False	"3교대에 정말 바쁜매장이라그런지 휴무후 일하자마자 모든체력소진 일하는속도는 정말 빨리늘어서 좋은데 그만큼 정확도나 정신적 체력적으로 너무 힘들다친구가 정신적으로 너무 힘들어보인다며 그만두라고 할정도... 매일매일 체력소모가 너무커서 잠을 자고와도 소모된만큼의 체력이 채워지지않는다... 매니저도 점장도 힘들다고 소리치고 죽고싶다해도 가맹점이라 바쁜거에비해 직원이나 스탭을 덜둔다.."	음료를 만드는 속도가 정말 빨라질수있다 손은 두개인데 스팀하면서 샷도뽑고 블랜더도 돌리고 그와중에 케익도가져오고 파니니도굽고.. 문어가 아닌가 싶다	굉장한 체력소모와 cj계열이라고 대기업이니까 진상부리는 고객님들이 정말 많다바쁜매장이라 그런지 주6일근무가 벅차다	직영점만 신경쓰지말고 가맹점도 돌봐주길 가맹점의 음료 질과 위생만 보고가지말고 가맹주나 가맹점 직원들과의 소통을 하는건 어떠신지...
2015/8/11	씨제이푸드빌(주) 투썸플레이스	100	94601	160976	3.0	4.0	1.0	4.0	2.0	0	None	서비스/고객지원	전직원	경기	 0 	False	"대기업 카페중 대우가 괜찮고 적응잘하면 좋은추억을 쌓을수 있음"	카페중 급여나 대우가 괜찮은편으로 알고있음 칼퇴가능과 교통비지원 등 대기업시스템의 이득을 많이볼수있음	3교대근무가 여가생활과 생활패턴을 망쳐서 힘듬 특정하게 정해진 여가시간도 없고 주말은 쉬기가힘듬 남들다놀때 일한다는게 힘듬	직영점과 가맹점의 운영방식이 너무 차이나는것 같아요 정말 어떤매장은 음료를이렇게만드나...싶습니다
2015/8/17	한국마사회	100	86726	163730	1.0	3.0	1.0	3.0	1.0	0	1	서비스/고객지원	현직원	경기	 0 	False	"대학생이 주말마다 할만한 최고의 알바 강한 맨탈도 필요"	주말만 일하고 공기업이다 보니 월급도 많이 주고 건강검진도 무료로 해준다	주말에 일을 해야한다. 경마장이다 보니 거친 사람들이 많아 강한 정신력 필요. 서비스 정신을 엄청 강요한다.	.....................
2015/8/4	한국마사회	100	86726	157671	1.0	4.0	2.0	2.0	2.0	0	None	기타	전직원	부산	 1 	False	"대학생알바로는 최고지만 그만큼 스트레스도 큰곳여자들이 많으면 일하기 피곤하다는 것을 알게해준곳"	대학생들이 주말알바로 하기는 최고의 곳!!다른곳에 비해 급여도 복지도좋다	차가없으면 찾아가기 힘든 위치그리고 서비스교육에 대한 압박도 심하고 여자들이 많아서 말이 많이돈다	업무상황에 맞는 서비스교육이필요매번 서비스에 대한 압박만 주지말고!!그리고 직원들을 위한 교통편마련
2015/8/12	케이에이(주)	100	87378	161816	1.0	1.0	1.0	1.0	1.0	0	1	서비스/고객지원	전직원	인천	 2 	False	"인내심의 한계를 느껴볼 수 있는 곳. 들어가고 싶어하는사람은 널렸지만 막상 들어가면 전부 퇴사한다"	많은 업무를 하다보니 시스템이나 업무에 대해 많이배울 수 있다	한달 스케줄을 왜짜주는지.. 의미없다 연장은 기본이다 시간지나도 퇴근못할때많다텃새도 심하고 부당한 일을 겪을 때가 많다...	처음부터 무언가가 잘 못 되었다 왜그렇게 퇴사자가 많은지 알면서도 내버려두는 것인가..
2015/8/4	케이에이(주)	100	87378	157337	1.0	3.0	2.0	2.0	1.0	0	1	서비스/고객지원	전직원	인천	 2 	False	"직원을 계속 뽑는데에는 이유가 있습니다. 비전이 없어요  업무량은 많아서 다른부서 친구들도 칼퇴하는걸 본적이 없어요.."	유니폼이 아시아나와 똑같다는거. 하지만 명찰과 인천공항 패스에는 케이에이라고 써져있는게 좀 그렇습니다.	승진을 잘 안시켜주려하고 일단 비전이 없어요. 복지도 안좋고 업무량은 많고.. 다들 금방 그만두는데에는 그만한 이유가 있습니다.	복지가 너무 안좋습니다. 업무량은 많은데 제시간 칼퇴도 못하고 회사에서 해주는게 아무것도 없네요
2015/8/18	이트너스(주)	100	13535	163934	3.0	3.0	1.0	1.0	1.0	0	None	IT/인터넷	전직원	경기	 5 	False	"빛 좋은 개살구본사'환경'은 좋음 그러나별로 이용할 가치가 적음 릴렉스륨이나 카페테리아 근무시간에 쓰면 눈치보임 야근을 밥먹듯이함"	본사 환경은 좋음 처음 보면 '우와'함 동호회도있음 S전자 아웃소싱이라 S전자에서 일할수있음 일반 사원들 다들좋음	뜬금없는 보직변경 이건 대기업따라하는거같음 아래사람챙기는거 모름 자기자리보전하는게 최우선 불합리한거 말못함	이미퇴사했다만 애정을 가지고일하고싶어도 경영진들마인드 보면 애정이 뚝떨어짐
2015/8/4	이트너스(주)	100	13535	157499	2.0	3.0	4.0	1.0	1.0	0	None	인사/총무	전직원	경기	 5 	False	"전향적인 기생기업. 삼성에 매달려 언제 끊어질지 모를 썩은 동아줄을 잡고있는 기업.전문성 ZERO."	월급이 밀리지 않고 수원 삼성전자 내부에서 부서에따라 칼퇴근이 보장됨. 삼성전자에서 나오는 연휴 보너스.	인사평가를 기업내 커뮤니티에 댓글수로 측정함. 그만큼 전문성이 없는 기업. 부가적인 아르바이트 수준으로 직장을 구한다면 추천.	전문직 양성, 획기적인 아이템으로 자체적 생산성 구축, 인사제도 재구축.
2015/8/31	효성아이티엑스(주)	100	285	170144	4.0	1.0	2.0	3.0	1.0	0	None	서비스/고객지원	현직원	서울	 1 	False	"급여가 너무적다.  물가상승에 비해 5년전과 급여테이블이 변동이 없는듯하다.  급여만 높다면 일하기는 좋은 분위기일텐데라는 아쉬운 생각이든다. 급여문제로 회사를 떠나는 인재들을 많이 보아왔다."	파트너사와 업무공조를 통해 폭넓은 경험을 할수있고 커뮤니케이션 향상에 큰 도움이된다.  배울수 있는것들이 많다.	업무량에 비해 급여가 너무적다. 상담원보다 급여가 적다는것이 업무역량을 떨어뜨린다.	저비용 고효율도 어느정도껏 해야지 너무 그것만으로 공략하기엔 근로자들에게 가혹하다.  인력난에 시달리지만말고 급여만 조금 더 투자한다면 품질도 좋아지고 인력수급도 원만할것이다.
2015/8/23	효성아이티엑스(주)	100	285	166567	2.0	3.0	2.0	2.0	3.0	0	1	인사/총무	현직원		 0 	False	"대기업 계열사같지 않은 낡은 시스템과 업무 프로세스, 센터별 분위기나 복지, 급여체계가 마치 다른 회사인 것 처럼 너무 다르다"	콜센터 전문 아웃소싱 회사 중 규모가 큰 편에 속하고꽤 오래된 곳이라 전국적으로 센터가 많음	본사 직원 이외의 센터관리자급들은 체계적인 급여테이블이나 연 성과급이 없고인사평가 또한 없어 업무 동기부여가 안됨	본사 이외 관리자급들에게도 명확한 승진 체계나 급여 테이블을 수립해서더 많은 인재들을 양성해나갔으면 좋겠음
2015/8/10	효성아이티엑스(주)	100	285	160403	3.0	1.0	4.0	3.0	2.0	0	1	서비스/고객지원	전직원	서울	 0 	False	"상담원일 때는 가장 좋음. 관리자는 되기 힘들 뿐더러 된다고 해도 상담원일 때 더 우대받음"	상담 일을 하기에는 좋은 환경을 갖추고 있음. 이런저런 프로모션으로 사기독려	상담원에서 높이 올라가기 힘들고 아주 오래 근무해서 올라간다고 해도 비젼이 없음	인사평가가 객관적이지 않고 주관적임. 줄 잘 서야 하는 문화가 있음.
2015/8/7	효성아이티엑스(주)	100	285	159282	1.0	1.0	1.0	2.0	4.0	0	1	영업/제휴	전직원	서울	 0 	False	"동종 업계 1위 / 경영진의 마인드는 오픈 / 중간 관리자의 마인드는 폐쇄"	대기업 계열사 / 업계 1위인만큼 다양한 레퍼런스 및 노하우 보유	적은 연봉 / 전자결재 부재 / 기존의 시스템을 벗어나지 못하는 틀에 갖힌 기업문화 / 막무가내 낙하산 인사 / 체계 없는 급여 / 본사 직군의 진급누락은 당연한 조치 / 불투명한 인사고과	바란다고 이루어지지 않을테니 그냥 넘어가는걸로,
2015/8/31	대명레저산업(주)	100	82315	170419	2.0	3.0	1.0	1.0	1.0	0	1	서비스/고객지원	현직원	전남	 3 	False	"서비스계 생각보다많은 임금 허나 꽉막힌 운영진 가족기업의 현실"	정직원이되면 연봉2400만원 일년만버티면 정직원 많은 대명내의 복지혜택 국내 1위기업의 타이틀	가족기업의 한계가 있다  가족들 떴다하면 다른 서비스는 일제히 중단된다 너무 주먹구구식의 일의 연속특별한메리트없이 분양 돌려막기의 연속	대명만의 스타일을 좀 만들 필요가 있을듯 합니다새로운 트렌드의 필요
2015/8/19	대명레저산업(주)	100	82315	164839	2.0	2.0	3.0	2.0	2.0	0	1	경영/기획/컨설팅	현직원	서울	 3 	False	"리조트 워터파크 스키장 골프등 다양한 사업을 하고 있기때문에 많은분야에 대해서 알 수 있으나 브랜드에 비해 연봉이나 보상 이 낮은편이다"	리조트 복지가 최대장점임.  본사근무시 5일제 근무 및 야근하는 문화는 없음.  담당자에게 비교적 많은 권한을 부여	연봉이 낮은편이다. 본사근무자들은 대부분 본사에서만 근무함. 사업장이동시 지역 변경이 잦아질 수 있음 기혼자일경우 가족과 떨어져 지낼 수 있음	연봉인상 및 체계적이고 공정한 인사제도가 필요하다고 생각함
2015/8/19	대명레저산업(주)	100	82315	164731	3.0	3.0	3.0	3.0	2.0	0	1	서비스/고객지원	현직원	강원	 3 	False	"대표적인 가족기업중하나 회장의 의견이 100%반영됨 군대같은 업무처리"	능력발휘할수 있는기회가 많음 레저산업의 1위다운 처우는 좋음	서비스업의 특징중하나로 사람응대하는것이 어려우면 지원하지말것	수직적이고 경영진에게 아부하는 조직문화를 탈피했으면 좋을텐데
2015/8/19	대명레저산업(주)	100	82315	164526	1.0	3.0	2.0	1.0	1.0	0	1	서비스/고객지원	전직원	서울	 1 	False	"처음다니기엔 so so. 롱런직장으로 보기에는 글쎄..?"	새로운시도를 자꾸하려고함. 성공하는사업도있으나 실패가더많음	구시대적인 기업마인드. 반쪽짜리복지. 어설픈 대기업따라하기.	구시대적인 마인드를버리고 자기 회사만의 경쟁력이있는 무언가가필요함
2015/8/6	대명레저산업(주)	100	82315	158600	2.0	3.0	2.0	2.0	2.0	0	None	서비스/고객지원	전직원		 0 	False	"버티면 정규직.이것 저것 손대지만 구시대경영진으로 힘들다."	동종 업계  상위랭크,복지 괜찮음.경력 쌓기에 좋다고 생각함.	힘들다.강매도 있었다.지금은 있는지  모르겠음.평생 직장인지는 의문.	무리한 사업확장은 어울리지 않습니다.주력 사업에 집중하는게 좋을듯합니다.
2015/8/2	대명레저산업(주)	100	82315	156621	3.0	4.0	4.0	3.0	3.0	1	2	경영/기획/컨설팅	전직원	서울	 3 	False	"당분간은 성장이 지속될 회사.하지만 중요한 변화 포인트가 분명히 존재한다."	직원을 거의 해고하지 않는다.본사 > 사업장 운영지원팀 > 사업장 서비스직 이런 신분체계가 있다. 본사나 운영지원팀 등 관리직으로 입사할 경우 아주 좋은 회사이다.	사업장과 본사와의 불균형이 크게 존재한다. 관리직의 힘이 아직은 큰 조금 옛날 방식의 회사이다.	중장기 전략이 없다. 여러가지 시도는 하고있지만 근본적인 시스템의 문제로 단기적인 영업매출이 중요시되고 이것이 장기적으로 문제될 가능성이 아주 크다.
2015/8/24	피알원(주)	100	87461	166883	3.0	3.0	2.0	2.0	3.0	0	1	미디어/홍보	전직원	서울	 0 	False	"피알회사중에서는 큰 회사이기 때문에 다양한 경험을 할 수 있지만, 오랫동안 일하면서 버티긴 힘든회사"	피알업계에서는 큰회사라 다양한 산업을 경험할 수 있음그 외는 잘 모르겠음	근무강도 높음.보통 평범한 PR회사라고 보면 될것같음..	업무배분 및 근무시간, 체계적인 업무 등
2015/8/22	피알원(주)	100	87461	165991	3.0	2.0	1.0	5.0	3.0	1	2	미디어/홍보	전직원	서울	 2 	True	"국내 홍보대행사 중 메이저에 속하는 대행사에서 실전 홍보를 경험할 수 있다. 야근은 덤"	메이저 대행사이니만큼 이름만 들으면 알만한 클라이언트들과 안정적으로 일할 수 있으며 직원 복지가 잘되어 있다. 휴게실에 원두커피를 무한정 먹을 수 있게 비치되어 있으며, 1인 1 법인카드로 밥값과 택시비쓰는데 부담이 없다.	대행사 특성상 외근과 야근이 매우 잦고, 주말근무도 많다.그리고 1bu와 2bu의 차이가 엄청나서 거의 다른 회사라고 보면 됨	앞으로 더 나은 회사로 발전하길 바라며,더 큰 홍보대행사로 거듭나길 바람
2015/8/20	피알원(주)	100	87461	165149	3.0	3.0	2.0	2.0	3.0	0	1	미디어/홍보	전직원	서울	 1 	False	"팀에 따라 분위기가 매우 다릅니다. 팀만 잘 만나면 문제될게 없지만 팀 잘못 만나면 스트레스 폭발합니다."	굵직한 클라이언트들이 많아 커리어를 쌓기가 좋습니다.배울점도 꽤 많구요.	수 많은 팀이 존재하는데, 팀끼리의 경쟁이 치열합니다.성장 측면에서 보면 좋은 점일수도 있지만 전 그게 너무 스트레스더라구요.	신입사원들을 잘 교육시키기 위한 노력이 필요할 것 같습니다. 신입이라 모르는 게 당연한데 제대로 알려주지도 않고 혼만 내면 기가 죽어 일을 더 못하지요^^;
2015/8/12	피알원(주)	100	87461	161427	4.0	4.0	3.0	4.0	4.0	1	2	마케팅/시장조사	전직원	서울	 0 	False	"뷰. 본부. 팀에 따라 직장생활에 많은 차이가 있음"	언론홍보와 관련하여서는 연차가 많은 숙련된 선배에게 일을 배울 수 있다는 점온라인/디지털 관련하여서는 홍보에이전시에서 수행할 수 있는 많은 케이스가 있다는 점	조직이 큰 만큼 의사결정, 리더쉽에 대한 불만이 많다.뷰, 본부, 팀마다 상의한 조직문화를 가지고 있다는 부분이 단점으로 부각되고 있다.	조직별 문화, 업무, 리더쉽의 부정적인 차이를 극복할 수 있는 방안을 제시해 주셨으면 좋겠다.
2015/8/4	피알원(주)	100	87461	157321	4.0	3.0	3.0	3.0	4.0	0	1	영업/제휴	전직원		 0 	False	"클라이언트가 많아서 다양한 경험 가능. 하지만 실적에 대한 압박이 강함."	탑 피알 회사로서 다양한 분야의 업종을 경험할 수 있음.	다소 보수적임. 여직원이 많아서 특유의 질투 패거리 문화 다소 있음.	시대의 변화에 맞게 변화를 생각해야 합니다. 아무래도 수익성이 악화되니까.
2015/8/1	(주)대학내일	100	86769	156216	3.0	4.0	3.0	4.0	4.0	1	2	마케팅/시장조사	현직원	서울	 3 	True	"인턴부터 대표까지 모든 사람들이 전속력으로 일하는 회사! 이상적인 팀플레이를 할 수 있고, 그에 대한 보상제도가 탄탄하다"	회사 내의 다양한 자기계발 스터디 & 동호회, 카페 , 자유로운 복장 , 강요 없는 조직문화. 사람을 사람답게 대접해준다	지나치게 인맥 중심으로 인사가 이루어진다. 대외활동을 직접 운영해서 그 안에서 직원들과 친해져서 인맥으로 들어온 대학생들이 너무 많다. 물론 실력이 없으면 뽑지 않지만, 인맥없이 들어갔을 경우에 지나친 친밀감에 당황할 수 있다	업무배분이 효율적으로 이루어졌으면 좋겠습니다. 회사 안에 식당이 생겼으면 좋겠어요. 밖이 너무 비싸서 도시락 싸다니는 직원들이 많습니다
2015/8/25	현대그린푸드(주)	100	47646	167644	2.0	3.0	3.0	3.0	1.0	0	2	기타	현직원		 0 	False	"경제가 어려워도 밥은먹기때문에 회사가 어렵거나 하지않음. 세계적으로도 점차 확장중임. 회사가 계속 성장하는 단계라 일이많아서 배울것이 많았음. 인사팀에서 일을 말도안되게 진행해서 이런 대기업도있구나를 느꼈음."	사람들은 잘몰라도 대기업이란 장점, 밥이잘나옴, 직원들이 친절함, 점심시간이 길어서 좋음	굉장히보수적인 분위기, 상사의 지시가 곧 법, 겉으론 칼퇴근 제도가 있지만 소용없음, 부서간 의사소통 제대로 되지 않음.	인사팀 좀 체계적으로 일좀 해줬으면 좋겠음. 이렇게 운영하는 대기업 처음봄.
2015/8/25	현대그린푸드(주)	100	47646	167213	2.0	2.0	2.0	2.0	2.0	0	2	전문직	현직원		 1 	False	"단체급식 업계3위로 단체급식외에 다양한분야로 발전하고 있는회사"	현대 타이틀이 좋음 현대가 망하지 않으면 지속성장 할수있는 회사	전문직기준, 승진하기 어려움 연고지 고려하지 않은 인사발령 시스템수준낮음 후배들 연봉이 더높음 기존근무자들 연봉수준을 인턴입사자 경력입사자를 따라가기 어렵게 해놓음	회사 체계를 좀 더 갖추고 시스템개발을 통해 더 발전할수있도록, 기존 근무자들의 소중함을 깨닫고 사람을 소중히 대하길. 합리적인 인사평가와 연봉인상 몇년씩 근무한 사람보다 갓들어온 신입이 더 많이 받는 경우 허다함 회사특성상 지방사업장이 많은데 지방근무자들 배려해주길
2015/8/21	현대그린푸드(주)	100	47646	165460	3.0	3.0	3.0	3.0	3.0	1	2	전문직	현직원	경기	 0 	False	"영양사를 희망하는 사람들에게 추천하는 회사"	주식상장되어있는 규모가 큰 회사로 앞으로도 사업영역을 확장하여 발전가능성이 크다.	대기업이란 말이 무색한 적은 급여가 단점이고 주기마다 근무지가 로테이션 되는데 어느 지역으로 갈지 집이랑 멀어질지도 모름.	근무조건이나 혜택수준을 높여주길 바람
2015/8/20	현대그린푸드(주)	100	47646	165365	3.0	3.0	3.0	3.0	3.0	0	1	유통/무역	현직원	대전	 0 	False	"급여는 쎈편이구요 조직문화는 글쎄요.......현대기업문화가 다 그런가요"	현대문화 존재 급여는 좋음 인프라도좋고 안정적인 느낌이 많이듬	조직문화 개편에 인사팀이 신경을 좀 쓰셔야 하는건 아닌지 hrd도 좀...	수직적인 조직문화가 좋을 때도 있지만 시대가 시대인만큼 이제좀 바꿀때도....
2015/8/14	현대그린푸드(주)	100	47646	162752	1.0	4.0	4.0	1.0	1.0	1	2	경영/기획/컨설팅	전직원	경기	 1 	False	"내부적으로 회사가 성장할 것 같다는 기대와 주식으로도 반영되는 회사임. 연봉은 유통업 상위"	비투비사업으로 안정성, 식자재 사업의 실적 상승 기대, 외식사업으로 브랜드 이미지 상승 기대, 사무직 신입 세전 4천	주식상으로는 현대백화점이 종속회사, 하지만 의사결정과 시스템은 현대백화점의 종속회사.이로 벌어지는 불편함 있음, 회사의 자본금에 비해서 회사가 볼품없음	기업문화가 바뀌려고 액션만 취하는 것 같음. LCO의 강조
2015/8/11	던킨도너츠(주)	100	92793	161370	1.0	2.0	2.0	3.0	3.0	0	1	서비스/고객지원	전직원	부산	 0 	False	"서비스 업으로서 쾌적하고 유쾌한 업무환경에서 일을 해볼 수 있었다"	높은 인지도의 프랜차이즈 외식 산업에서 관련 경험을 쌓을 수 있었다	업무 분장이 공평하지 않았으며 매니져 독단적인 의사결정	체계적인 업무 파악을 통해 업부 분담이 공평하게 이루어졌으면 좋겠다
2015/8/31	(주)그린웹서비스	100	86851	170613	2.0	2.0	4.0	4.0	3.0	0	1	미디어/홍보	전직원	경기	 0 	False	"마음의 안정을 얻고 상호 존칭에서 오는 업무 평등성을 느낄 수 있다. 하지만, 그게 다다."	장점이라, 공무원 같은 마인드로 일할 수 있다? 칼 출근과 칼 퇴근, 여성의 복지를 우선시 생각한다.	그 공무원 같은 마인드로 일하는게 단점이 될 것이다. 젊어서 도전하지 못한 채 머물러 있게 될테니. 뭐 적은 연봉이지.	내가 봤을 땐 어쩔 수 없다. 이런 목적으로 설립이 되었는데 목적을 바꾸면 기업이 사라질수도..
2015/8/23	(주)그린웹서비스	100	86851	166528	1.0	1.0	3.0	1.0	1.0	0	1	IT/인터넷	전직원	서울	 2 	False	"업무가 쉽다. 그래서 단조롭고 미래가 없다. 그리고 월급이 짜다. 그냥 편하게 아무 생각없이 다니기는 좋다."	일이 어렵지 않다. 나름 복지를 신경쓴 편.(아주 좋진 않지만)	미래가 보장되지 않기 때문에 이직률이 높다. 오랫동안 다니는 사람들 중에서 정치하는 사람들이 많다.	자신에게 아부하는 부하 직원보다 밑에 있는 좋은 직원들에게 많은 기회가 주어지기를 바란다.
2015/8/7	(주)그린웹서비스	100	86851	159365	1.0	1.0	5.0	4.0	2.0	0	1	IT/인터넷	현직원	서울	 0 	False	"네이버 내 컨텐츠나 광고등을 운영하는곳. 단조로운 업무의 반복."	법적인 부분은 칼같이 지킴. 여자들이 결혼후에도 다니기 좋은 회사. 칼퇴 가능, 복지 좋음. 에어컨 빵빵.	관리자급 승진 거의 불가능. 굉장히 수동적인 업무의 반복. 일이 쉽고 단순한 만큼 연봉 낮음. 끼리끼리 노는 문화.	연봉이 낮음.. 관리자들의 업무태만도 꽤 있는 것 같지만 윗사람들은 철밥통..
2015/8/3	(주)그린웹서비스	100	86851	157148	3.0	2.0	4.0	4.0	3.0	0	None	IT/인터넷	현직원		 1 	False	"너무 싸게 굴려먹는 회사다. 대기업이라는 명분하에 네임벨류만  높여놨다. 정작  대우는  매우  실망스러운  느낌이다."	자율적인 분위기이다. 야근이나 추가근무가 거의 없고 연차를 자유롭게 쓰는 편이다	야근이나  추가근무가  없기에  그만큼  수당이  나오지 않는다 그래어 연봉이 최저수준이다	적당히 부려먹었음 좋겠다.  인원을  줄이는건 좋은데  줄인만큼  남은 사람은  업무가 많아 질 것이고  그만큼 대우를  해 줬음 좋겠다
2015/8/18	한국피자헛(유)	100	2927	163927	4.0	4.0	2.0	3.0	2.0	1	1	서비스/고객지원	현직원	경기	 0 	False	"여자가 근무하기는 매우 좋은 환경입니다 그러나 일하는 시간이 일정치 않습니다"	복지가 좋고 일의 강도는 일반 외식업체에 비에 낮음또한 상여금 포함 월급이 동종업체에 비해 높음	피자헛 매각으로 직원들의 이탈이 많아 향후 인수기업에따른 문화가 어떨게될지 모르겠네요	직원들에 대한 좀더 책임있는 입장과 비전을 제시해주었으면합니다
2015/8/17	한국피자헛(유)	100	2927	163629	4.0	3.0	3.0	4.0	3.0	0	1	서비스/고객지원	전직원	서울	 0 	False	"미국식 기업문화에 한국식 기업문화 끼얹기"	스케쥴의 유연성, 비교적 진급이 잘 됨, 조금은 유연한 분위기	크게 단점은 느낄수 없었음. 일이야 서비스 직종이라 고되긴 했지만 그나마 같이 일했던 사람들이 좋아서 오래 버텼던거 같다.	비싼 광고모델 쓰고 싸게 파는 프로모션 좀 그만했으면
2015/8/14	한국피자헛(유)	100	2927	162766	4.0	3.0	3.0	4.0	4.0	1	None	유통/무역	전직원	경기	 0 	False	"글로벌 F&B 회사에서 고객상대 서비스업을 경험해보고자 한다면 나름 괜찮다"	나름 피자쪽에서는 알아준다는 자부심대기업이라 급여 체불등 불미스러운 일 x나쁘지않은 분위기	날씨가 악조건이면 늘어나는 주문량매일 피자,스파게티를 밥으로 먹어야 함 살찜잡일 많은편	웰빙 힐링푸드가 올라옴에따라 조금씩 서서히 가라앉고 있는 느낌이 듬. 식품업에도 개선이 아닌 혁신이 필요할때
2015/8/15	삼성웰스토리(주)	100	88148	162884	3.0	2.0	2.0	2.0	3.0	0	1	전문직	전직원	광주	 0 	False	"조직이 보수적이며 급식업계중에서는 좋은 회사이다. 한국보다는 동남아에서 발전하고있다."	급식업계중에서 이만하면 가장좋은 회사이다. 배울게많다.	연봉이 아주 적다. 일이 굉장히 힘들다. 오래다니기는 힘든거같다	현장의 근로자들의 의견을 들어주고 반영해줬으면 한다. 근무강도나 임금이 불일치해서 불만이다.
2015/8/5	삼성웰스토리(주)	100	88148	158359	3.0	3.0	2.0	2.0	2.0	0	1	서비스/고객지원	현직원	기타	 0 	False	"동종업계에 비해서 근무환경, 복지 좋음경력 쌓기 좋은 회사"	대기업이라는 메리트로 경력 쌓기에는 좋은 회사복지면에서는 좋음	업무강도 높음, 업무가 비효율적으로 이루어짐직군 이동 가능성 낮음	효율적인 업무환경, 복지 증진삼성 이름 없으면 그만둘 사람 많음
2015/8/31	에스피씨그룹	100	87570	170498	3.0	4.0	3.0	4.0	2.0	0	2	유통/무역	전직원	서울	 0 	False	"식품업계 내에서는 높은 연봉, 양호한 근무환경, 복지"	복지, 교육기회(양재 본사)식품업계 내에서는 높은 연봉높은 성장성(2014년 유통 자회사 설립)	보수적이고 유연하지 못한 경영진과도한 업무량(특히 영업 직무는 헬)	현재 업무의 효율적 배분이 시급함계열사간 원활한 소통 필요
2015/8/25	에스피씨그룹	100	87570	167641	5.0	5.0	5.0	5.0	5.0	1	2	서비스/고객지원	전직원	경기	 1 	False	"글로벌 제조사에서 일해볼 수 있는 아주 소중한 경험이었다 단점은 없고 장점은 모든 분야에 엄청난 투자를 한다는 것"	글로벌 1위 기업에 자부심을 느끼고 있으며 이 기업은 진짜... 너무 좋다	공장 간부 출신의 상관들이 많지만 그렇다고 해서 단점이 되진 않았던 것 같다	업무의 효율성을 위해 다른 기업처럼 임시 공휴일을 지켜서 휴무를 받고 싶다...
2015/8/16	에스피씨그룹	100	87570	163339	2.0	2.0	2.0	2.0	2.0	0	2	경영/기획/컨설팅	전직원	서울	 3 	False	"동종업계에 비해서 높은 연봉이라도 생각이 듦. 다른 회사에서 이직해 와서 일하는 것을 추천. 초봉치고 연봉이 높으나 그만큼 일이 엄청 많음."	첫직장으로 많이 배울 수 있는 괜찮은 회사. 이것저것 닥치는대로 주구장창 배워야하는 회사. 연봉이 동종업계 높은 편.	너무 일이 많음. 그냥 많음. 후덜덜하게 많음. 일을 하느라 여가시간 없음. 복지는 그냥 보통 정도.	급여는 높은편이나 여기 시간 활용도를 높여줬으면 함. 복지수준도 동종업계 처럼 더 높여줬으면 좋겠음.
2015/8/15	(주)한국코퍼레이션	100	63215	162882	1.0	2.0	3.0	3.0	2.0	0	1	서비스/고객지원	전직원	서울	 0 	False	"콜센터 아웃소싱 전문. 계약직 사원의 정규직 보장 안됨"	야근 연장근무 정말 없음. 주기적인 cs교육. 계약직도 차별없이 대우	정규직보장 안됨. 월급이 덜들어온 부분 해결 안해줌. 사원 보내고 끝이라는 개념으로 일하는 듯	상담업무인만큼 직원처우와 스트레스관리, 문제 해결능력을 높이세요
