date	cname	industry_id	cid	cmid	possibility	pay	balance	culture	management	recommend	expect	job_kind	current	area	helpful_count	is_best	subject	good	bad	hope
2014/10/29	스타벅스커피코리아(주)	100	70749	50378	3.0	4.0	3.0	3.0	3.0	0	1	서비스/고객지원	현직원	경기	 0 	False	"커피관련 프랜차이즈중에서 잘 나가는만큼 안정적인 직장"	자부심을 느낄수있음, 좋은 직원복지, 소소한 즐거움을 느낌	매장에서 일한다면 서비스업계이다보니 마인드컨트롤필요	아직은 딱히 떠오르는것 없음
2014/10/28	스타벅스커피코리아(주)	100	70749	49984	3.0	3.0	2.0	4.0	4.0	0	1	서비스/고객지원	전직원	서울	 0 	False	"동종업계 중에서 복리후생이 가장 잘되어있다."	1달에 한번씩 복리원두를 주고, 1일 2잔의 음료를 마실 수 있다.전국 스타벅스 음료,빵 30%할인, md15%할인	급여가 너무 적다. 공휴일이나 명절에 쉬지 못한다. 다른 카페보다 일하기 힘들다.	파트너들 임금 좀 올려주세요... 마감시간 너무 길어졌어요...
2014/10/22	스타벅스커피코리아(주)	100	70749	48432	5.0	5.0	4.0	4.0	4.0	0	2	서비스/고객지원	현직원	경기	 0 	False	"외국계 회사의 복지문화를 경험할 수 있다. 업계 1위인 만큼 아르바이트로 생각하기에는 힘들다."	다양한 복지 제공함, 같이 일하는 사람들끼리 닉네임을 부르며 일하기 때문에 수평적인 관계를 유지할 수 있음	공휴일이에 일하는 것이 당연해짐. 단순 아르바이트로 생각하고 오는 사람들이 많은데 아르바이트라고 생각하고 일하기에는 힘들다.	바리스타들은 시급제로 월급을 받지만 최저임금으로 받는다. 시급을 조금만 올려줬으면 좋겠다.
2014/10/21	스타벅스커피코리아(주)	100	70749	48218	4.0	3.0	3.0	4.0	4.0	0	2	서비스/고객지원	현직원	경기	 0 	False	"업계 1위인만큼 단순 아르바이트로 지원하게 되면 업무강도가 쎄다고 생각할 수도 있다.생각보다 직장으로 생각하고 지원하는 사람들이 많다"	외국계 기업이라 복지가 좋고 사내문화도 좋다. 여자들이 많이 일하는 기업인 만큼 여자들에게 필요한 복지가 탄탄하다.	공휴일에도 일하는 것이 당연하고 부점장 밑에까지는 시급제인데 최저시급으로 계산한다.	사내 문화와 복지가 좋은 만큼 시급도 조금 올려줬으면 좋겠다.
2014/10/19	스타벅스커피코리아(주)	100	70749	47578	2.0	2.0	3.0	3.0	3.0	1	1	서비스/고객지원	전직원	서울	 0 	False	"F&B분야에 관심이 많다면 지원해볼만한 곳, 하지만 급여나 복지는 타 회사와 크게 다르지 않고, 약간 노가다 느낌이 있음."	비교적 합리적이고 까라면 까는 군대식 문화가 아님. 음료 제조 분야에 있어서는 이 회사가 1위라고 자부할 수 있음.메뉴나 가격 마케팅 유통 체인까지	생각보다 노가다식 업무가 많고 조직마다 분위기가 많이 달라서 어떤 부서로 발령이 나느냐가 중요함 야근을 위한 체력 보강이 필요함	합리적인 듯 하지만 어쩔 땐 뼈속까지 한국의 전형적인 조직 문화를 유지하고 있음.
2014/10/19	스타벅스커피코리아(주)	100	70749	47566	3.0	3.0	3.0	4.0	3.0	1	1	기타	전직원	경기	 0 	False	"서비스업의 전반적인 흐름을 배울 수 있다."	외국계기업인 만큼, 유연한 회사분위기. 조금 더 자유로운 분위기를 느낄 수 있다.	매일 비슷한 일의 반복. 크게 성장하거나 다이너믹한 변화를 원한다면 반복되는 업무가 지루할 수 있다.	지속적인 프로모션과 함께, 단순한 카페가 아닌 더 나아가는 무언가가 되기를.
2014/10/15	스타벅스커피코리아(주)	100	70749	46680	4.0	5.0	4.0	4.0	3.0	1	1	서비스/고객지원	전직원	부산	 0 	False	"복리 하나로 모든 걸 버틸수 있습니다."	최고의 복리..깨알같은 복리 하나하나가 퇴사의 발목을 잡기도 하였다	무리한 캠페인 시행...끊임 없는 제품 개발 및 확대를 추진하나... 매출에 크게 도움이 되지 않고 직원들만 죽어남하지만 변화하지 않으면 도퇘되는 것은 모든 기업에 있어서 마찬가지 이기때문에 어느정도 이해가 된다	무난 하기보다는 좋은 직장인듯 하다.. 다만 근속연수를 고려했을때 남성보다는 여성에게는 최고의 직장이 될수도
2014/10/9	스타벅스커피코리아(주)	100	70749	45457	3.0	3.0	3.0	4.0	3.0	1	2	서비스/고객지원	전직원	경기	 0 	False	"커피에대해 관심이 많고 다양한 사람들을 만나는것을 즐길 줄 아는 사람이라면 강력 추천합니다=)"	동종업계 대비 임금체계나 복리후생이 잘 구비되어 있습니다. 또 커피에대해 심층적으로 공부하고 싶다면 커피마스터 과정 등을 통해 배울 수 있는 기회가 열려있습니다.	진급 프로세스가 긴 편입니다. 하지만 그만큼 타업계에서 인정받을 수 있습니다. 예를들어 스타벅스에서 부점장 경력이 있는경우 타업계에서 인정받아 부점장이 아닌 한단계 높은 직급의 점장으로도 바로 들어갈수 있습니다.	해피아워 같은 프로모션을 악용하는 고객분들이 생기지 않도록 제한선을 더 명확히 되어야 한다고 생각합니다...
2014/10/7	스타벅스커피코리아(주)	100	70749	44815	4.0	4.0	4.0	4.0	4.0	1	2	영업/제휴	현직원	서울	 0 	False	"커피를 좋아하고, 커피에 대해 공부하는것을 감수하며 프로의식과 주인의식을 가지고 일할 수 있다면 추천.동종업계 복지 최강에 임금도 나쁘지는 않음. 다만 그만큼 뽑아가는 느낌?동료 파트너들과 부점장, 점장이 누구인가에 따라 크게 달라질듯 하다본인은 파트너들 부점장 점장 모두 괜찮아서 스트레스는 있지만 괜찮게 일하고 있음"	직원 복지 좋고, 단순 알바보다는 살짝 직원 느낌파트너들이 착해서 좋았음(이건 케바케일듯)	공부할게 많고 익히고 숙지해야할것들이 많음가끔 진상고객 출몰 ㅇㅇ	파트너들 사기진작을 위해 수고해주는게 보기 좋습니다~
2014/10/6	스타벅스커피코리아(주)	100	70749	44319	4.0	3.0	3.0	2.0	3.0	0	1	서비스/고객지원	전직원	경기	 0 	False	"(스벅코는 상관없지만) 파트너로 잠깐 일했습니다.매장에 따라 평가가 극명하게 갈릴 것 같습니다. 저는 불호 쪽입니다."	- 스벅코 입사 시 이점- 커피에 대한 관심이 있으면 도전해볼 만함	- 미국식과 한국식 기업문화가 혼재하는데 동료들은 한국인이니 어쩔 수 없이 요상한 한국스타일..- 외국 스벅과는 판이하게 다른 파트너들의 업무환경- 매장 실무에 관한 체계적인 교육 시스템이 없는 듯- 매장 운영시간 별 근무자 수가 묘하게 적음	파트너 라는 명칭이 '스타벅스에서 추구하는 진정한 파트너'가 아니라 결국 '알바'로 느껴집니다.
2014/10/5	스타벅스커피코리아(주)	100	70749	44149	3.0	4.0	2.0	5.0	4.0	1	2	서비스/고객지원	전직원	부산	 0 	False	"일단 재밌습니다!"	젊은 연령층끼리 근무해서 열린 환경과 자유로운 분위기에서 일할 수 있다는 점이 가장 좋습니다.	하는 일에 비해 적은 급여와 주말이 없다는 점이 아쉽습니다.	트렌드를 이끌고, 새로운 시도를 많이 하는 것은 좋지만 때론 현장에서 근무하는 사람들의 고충도 귀기울여 줬으면 합니다.
2014/10/5	스타벅스커피코리아(주)	100	70749	44134	3.0	4.0	2.0	3.0	1.0	0	2	서비스/고객지원	전직원		 0 	False	"동종업계 중에서는 직원복지는 최고. 그러나 점장 및 파트너들을 잘만나야함. 아르바이트로는 추천"	대기업의 직원복지를 느낄 수 있음. 동종업계 중에서는 시급 및 업무환경이 좋은편임.	바리스타의 전문성이 떨어지며 고객서비스가 주 업무	프로모션이 너무 잦고,  BOGO쿠폰같은거 뿌릴바에는 음료가격이나 베이커리 가격을 낮추는게 더 낳을듯
2014/10/4	스타벅스커피코리아(주)	100	70749	44063	3.0	4.0	3.0	4.0	4.0	1	2	서비스/고객지원	전직원	경기	 0 	False	"커피를 좋아하고 사람들을 좋아한다면 추천"	조직문화가 수평적이고, 복지가 은근히 괜찮다.	업무강도에 비해서 급여가 적은편이다. 주말출근, 이른 아침(오픈), 늦은 퇴근(마감) 등의 업무 스케쥴로 일반 기업에 다니는 친구들하고는 자주 못만나게 될 수도 있다.	지금처럼만..
2014/10/3	스타벅스커피코리아(주)	100	70749	43889	3.0	3.0	3.0	3.0	3.0	0	2	서비스/고객지원	전직원	서울	 0 	False	"같은 아르바이트라도 브랜드 인지도 같은 것에서 오는 만족도가 있음. 커피를 좋아한다면 추천."	수많은 업계 경쟁브랜드 사이에서도 부동의 1위를 지켜낼 수 있었던 곳이기에 일하면서 열심히 공부하면 하나라도 더 배울 수 있다.	어느 지점이냐에 따라 분위기가 많이 다른 듯. 서비스 업이 다 그렇듯 가끔있는 이상한 손님들 있음. 그럴때는 부드럽게 대처하면 잘 넘어갈 수 있음.	어차피 정규직은 생각도 없었지만 정규직 대우가 그닥 좋지는 않은거 같던데... 뭐 나는 아르바이트 생이였기에 내 알바 아님..
2014/10/3	스타벅스커피코리아(주)	100	70749	43818	2.0	3.0	2.0	2.0	2.0	0	1	서비스/고객지원	전직원	서울	 0 	False	"좋은매장을 만나야 오래 일 해볼 맛이 나는곳"	동종 업계중 교육체계가 잘 잡혀있어서 빠르게 습득하고 공부할 수 있음 단순 아르바이트가 아닌직장으로 하기에 손색없을 여성복지 시스템이 되어있고 계속 발전하고 있다고 들었음.보통 커피집 알바가 아닌 신세계 계열사 라는 소속감이 생김.	연령층이 낮은편이 아닌데도 매장 텃세가 심함. 점장까지 잘못만나면 일이 재미있어서 오래 하고싶어도 할수가 없음. 텃세로 스케줄 변경도 동의없이 바꾸고 난리나서 퇴사함. 초반에 매우 빡세게 굴림. 동료만 잘만난다면 일은 재미있고 걱정했던 어려운 고객도 의외로 없었음.	매장 수가 계속 늘고 있는만큼 매장 하나하나 신경 써  주셨으면 좋겠습니다.
2014/10/1	스타벅스커피코리아(주)	100	70749	43369	4.0	4.0	4.0	5.0	5.0	1	1	서비스/고객지원	전직원	서울	 0 	False	"몸은 힘들어도 일해볼 만한 회사"	호칭을 붙이지 않는 수평적인 체제가 좋다	전체 인력이 부족해 한 개인이 해야할 일이 너무 많음	예전의b3를 부활시켜주세요
2014/10/30	한국맥도날드(유)	100	3616	50897	3.0	3.0	3.0	3.0	3.0	0	1	기타	전직원		 0 	True	"최소한 중간은 하는 곳"	젊고 쾌활한 분위기. 동종 업계내에서 평균 이상의 급여. 외국계의 합리적인 문화를 가지고 있음. 굳이 대졸 공채 아니더라도 크루로 시작해서 스윙 거치고 천천히 올라가는 방법도 있음. 여러모로 '합리적'이라는 단어를 붙일 만한 구석이 있음. 남자보다는 여자가 일하기 적합함	감정 노동자의 비애를 느낄 수 있다. 알바 관리하기 매우 힘들다. 매장 규모가 작으면 중견(?)알바생들이 퇴사할때 타격을 입기도 한다. 또한 사세가 확장보다는 수축 추세이므로 장기적인 비전을 기대하긴 힘들다.	새로운 비전을 찾아서 패스트푸드 업계의 맏형의 위상에 걸맞은 기업이 되길 바랍니다.
2014/10/27	한국맥도날드(유)	100	3616	49938	4.0	3.0	3.0	3.0	3.0	0	1	서비스/고객지원	전직원	서울	 0 	False	"나쁘지 않은 곳"	1.매니저의 경우 알바부터 시작해서 계속 진급해 올라갈수 있음.즉.기회가 꽤 열려있는 편2.매장 근무시 대부분 젊은 연령층이라 다른 회사처럼 나이 많은 상사들의 압박적은펴ᆞ3.나름 외국계라 복지가 나쁘지 않음	매장 업무라면 진상 손님에 대응 할 수 있는 멘탈 필요	.
2014/10/19	한국맥도날드(유)	100	3616	47624	4.0	1.0	3.0	4.0	3.0	0	1	생산/제조	전직원	경기	 0 	False	"알바로 시작해 능력만 있으면 단기간에 정직원이될수있습니다"	가족같은 분위기 많은 승진의 기회 기타등등	몇몇 자기멋대로인 점장 스트레스극대화 커뮤니케이션의 부족	올챙이적 시절을 잊지말길
2014/10/17	한국맥도날드(유)	100	3616	47207	3.0	3.0	4.0	3.0	4.0	1	1	기타	전직원		 0 	False	"알바하긴 좋음"	시급은 딱딱 제때줌 야간시급 좋음 남는거 먹을수있음ㅇㅎㅎ 오래알바가능	사람많을땐 정신없음 일하고나오면 온몸에서 ㄱ ㅣ 름냄새남	시급 좀더줘 ㅠ
2014/10/7	한국맥도날드(유)	100	3616	44886	3.0	3.0	3.0	3.0	3.0	1	1	영업/제휴	전직원	서울	 0 	False	"외국계기업이라 어느정도 상식선은 지키는 회사"	외국계 기업, 네임밸류, 적당한 연봉, 괜찮은 사내 분위기	영어필수, 승진의 기회가 낮음, 연봉 인상폭이 적음	맥도날드라는 브랜드만 부각시키지마시고, 사내 직원들이 회사를 바라보는 브랜드도 같이 발전시켜주시길^^
2014/10/5	한국맥도날드(유)	100	3616	44183	3.0	2.0	2.0	3.0	3.0	1	1	서비스/고객지원	현직원	대구	 0 	False	"높은 연봉과 뛰어난 직원 복지를 둘다 가진 회사는 매우 드물다후자를 더 중요시한다면 들어갈만한 가치가 있는 회사"	우선 브랜드 가치가 매우 높기 때문에 근무하는데 있어 자부심이 매우큼외국 기업이기 때문에 직원 복지가 매우 뛰어남	많은 돈을 바라는 사람이라면 다시 한번 생각해 봐야할듯	경쟁사 보다 마케팅 같은 측면에서는 좀 소극적인거 같다.
2014/10/27	(주)하나투어	100	49174	49913	1.0	4.0	4.0	4.0	2.0	1	1	영업/제휴	전직원	서울	 0 	False	"면세점과 호텔사업 손만 안 댔으면훨씬 잘 나갔을 기업."	점점 승진이 어려워지며, 장점이 줄고 있는 것 같습니다. 장점은 해외출장(인솔자)기회가 나름 많지만, 나이들면 인솔 따라다니는 것도 조금 초라해지네요.그래도 여행업계에서는 제일 오래 남을 기업이라 생각함..	일등여행사 특유의 자신감이 있지만 실제 b2c 접점에 없다보니 딱히 전문가가 있지도 않은 것 같습니다.	본업에 충실하는 것이겠죠, 면세점 호텔..게다가 화장품 판매까지 하신다고 했는데..
2014/10/27	(주)하나투어	100	49174	49809	3.0	3.0	3.0	4.0	3.0	1	2	기타	전직원	서울	 0 	False	"반복된 업무, 동적이지 않음!!!주로 컴퓨터 작업이 많습니다."	비교적 자유로운 분위기로 복장에대한 까다로운 조건 없음팀내 분위기는 좋습니다	야근수당이 없습니다. 여행을 많이 나가지는 않습니다. 그리고 급여나 복지가 적음.	사내 복지나 혜택이 많았으면 좋겠습니다. 부서간의 교류도 이루어지길.
2014/10/26	(주)하나투어	100	49174	49568	4.0	2.0	4.0	4.0	3.0	1	2	경영/기획/컨설팅	현직원	서울	 1 	False	"사람이 좋고 여행이 좋고 회사의 발전가능성을 본다면"	사람, 자유로운 문화, 다양한 발전 가능성, 외부의 긍정적인 시각	연봉, 복지, 회사 자체의 체계, 업무 전문성 미흡	사람이 중요한 회사에서 회사를 키우고 싶다면 급여는 중소기업 수준은 맞춰 주시는게
2014/10/21	(주)하나투어	100	49174	48364	3.0	3.0	3.0	2.0	3.0	0	1	경영/기획/컨설팅	전직원	서울	 0 	False	"국내  no1. 이긴한데 글쎄 연봉이 너무 적다"	다양한 여러가지 일을 접할수 있다는 점	너무 일을 벌려놔서 막상 여행사를 다니는건지 아닌건지 헷갈림	연봉좀..
2014/10/20	(주)하나투어	100	49174	47901	3.0	2.0	2.0	3.0	3.0	1	1	경영/기획/컨설팅	전직원	서울	 1 	False	"여행 단어만으로 직업 선택하면 오산!"	큰 조직이지만 유연하고 프리한 편의 업무지만 팀마다 분위기는 다르므로 복불복	큰 조직이다보니 다른팀과의 커뮤니케이션이 진행이 더디어 업무 홀드	유연화가 진행되는 단계지만 아직은 ...
2014/10/19	(주)하나투어	100	49174	47595	3.0	2.0	3.0	3.0	3.0	1	2	서비스/고객지원	현직원	서울	 0 	False	"여행을 좋아하는 것과 여행업에 종사하는 것은 다릅니다"	업계를 주도하는 회사이고 자부심을 느낄 수 있음	복지수준이 낮은편.. 일하는 만큼 못받는다는 느낌을 받음	일하는 만큼 대우부탁드립니다
2014/10/18	(주)하나투어	100	49174	47488	3.0	3.0	4.0	5.0	3.0	1	2	경영/기획/컨설팅	현직원	서울	 0 	False	"자신만의 시간을 가지고, 사람들도 모두 아는 회사를 다니고 싶다면."	눈치보지 않고 연차사용 가능 / 부서별로 상이하지만 9to6 근무로 자신만의 시간을 가질 수 있음 / 지속적인 성장이 가능한 사업의 1등기업	과장, 차장급이 많아 인사 적체 / 적은 연봉과 낮은 복지수준	직원들에 대한 투자를 아끼지 않았으면 좋겠습니다.
2014/10/14	(주)하나투어	100	49174	46410	4.0	2.0	4.0	3.0	2.0	0	1	경영/기획/컨설팅	현직원	서울	 0 	False	"여행업계 선도하는 기업에서 일할수있으나, 위상에 비해 연봉등 떨어짐"	여행업계 1위이며 워크앤라이프밸런스를 어느정도 챙길 수 있다. 사옥의 위치도장점	여행업구조상 박할수밖에 없는 연봉과 본사 사옥에 구내식당하나 없는점.. 사옥 시설이 안좋음	제조업이 아니기때문에 인력이 곧 회사의경쟁력인만큼 우수한인재를 확보하기위해 급여부분을 올릴 필요가 있다
2014/10/10	(주)하나투어	100	49174	45638	3.0	3.0	3.0	3.0	3.0	0	1	영업/제휴	현직원	경기	 0 	False	"화이팅 하시기 바랍니다."	동종업계 1위의 느낌을 받을 수 있음. 배우는게 많습니다.	연봉과 복지가 적습니다. 이러한 문제점에도 여행을 좋아하시면 하세요	힘내세요
2014/10/8	(주)하나투어	100	49174	45206	3.0	3.0	3.0	3.0	3.0	1	1	경영/기획/컨설팅	현직원	부산	 1 	False	"후회는없습니다."	좋지도 나쁘지도않다. 여행이라는 단어에 속으면 안되는것 같다. 하지만 나름 나쁘진않다고 본다.	좋지도 나쁘지도않다. 하는 일에 비해서 제공되는 복지혜택이나 연봉책정이 좋지않다.	복지제도를 개선하고 연봉책정도 상향시켜줬으면.
2014/10/7	(주)하나투어	100	49174	44982	3.0	1.0	3.0	1.0	3.0	0	None	서비스/고객지원	전직원	서울	 0 	False	"여행이 좋은거랑 여행사에서 일하는건 천지차이임여행을 자주 다니고 싶어서 간다는 점에서도 메리트가 있는지 모르겠음."	여행업계 1위.여성들이 일하기는 나쁘지 않은거 같음.	사람. 비전. 연봉이하 중략 자세히는 말 안하겠지만 나온걸 단 한순간도 후회하지 않고 있음.	비록 좋지 않은 기억을 가지고 나갔지만.... 뭐 그렇다구요
2014/10/7	(주)하나투어	100	49174	44666	3.0	1.0	4.0	3.0	1.0	0	1	경영/기획/컨설팅	현직원	부산	 0 	False	"급여부분에 있어서는 어느곳에 지지 않을정도로 적음. 개인의 삶의균형과 자기발전의 기회는 많음. 인사고과의 불평등함이 있긴하지만 타기업에비해 안정적임"	해외 곳곳에 대해서 글로 배울수있음..출장의 기회가 많을것같았지만나날이 줄어들고있음.	비합리적 인사제도. 인사평가.개인이 열심히해도 결과와는 다른 인사평가해외여행의 기회가 많은게 아니고몇만원 더 싸게갈수있는점.	효율적인 체계마련.기계적이고 비합리적인 인사제도운영을 자제해주셨으면 하는바입니다
2014/10/7	(주)하나투어	100	49174	44657	3.0	2.0	4.0	4.0	3.0	1	2	IT/인터넷	현직원	서울	 0 	False	"여행업계 1등 여행사이기에 여행관련해서 많은 것을 배울 수 있고 지속적으로 성장하고 있다. 하지만 복지나 급여는 아쉬운 편이니 잘 판단하여 지원하길 바람"	여행업계 1위 기업의 자부심. 부서마다 다르겠지만 야근은 적음	대기업으로 분류되었지만 대기업 답지 않은 복지는 많이 안타깝다.	성장을 위한 투자도 필요하겠지만 직원들에 대한 복지나 급여에 투자도 필요함.
2014/10/5	(주)하나투어	100	49174	44260	3.0	2.0	5.0	3.0	3.0	0	1	경영/기획/컨설팅	현직원	서울	 1 	False	"연봉정보 알고오세요..ㅠ"	자유로운 분위기에서 일 할 수 있습니다. 다른 회사에 비해 상하관계가 심하진 않은 것 같아요	낮은 연봉.. 회사의 성장가능성과 무관하게 이건 절대로 안바뀝니다 ㅎㅎㅎ	진짜 위기입니다..
2014/10/21	롯데지알에스(주) 롯데리아	100	78632	48292	2.0	2.0	2.0	2.0	2.0	0	None	서비스/고객지원	전직원	서울	 0 	False	"본사직원은 괜찮지만 매장 근무는 비추천. 보통 3교대근무로 생활패턴이 깨짐"	서비스업이지만 롯데라는 이름을 무시할 수 없음. 본사 직원과 복지나 교육제도는 비슷함. 점장에서 본사로 발령나는 경우가 있기때문에 열심히하면 승진가능성도 있음	매장 순환근무로 인해 지방근무를 하기도 함. 적은 연봉. 여성이 일하기엔 도넛생산이 체력적으로 힘듬	연봉 인상과 복지 증대
2014/10/20	롯데지알에스(주) 롯데리아	100	78632	48033	4.0	3.0	3.0	3.0	2.0	1	None	서비스/고객지원	현직원	경기	 11 	True	"롯데리아는 롯데의 외식업 그룹으로써롯데리아 그룹밑에 ,롯데리아(햄버거), TGIF, 나뚜루, KKD(크리스피  도넛), 엔젤리너스가 있습니다.저는 TGIF에 근무 하였고, 알바로 시작해서 부점장까지 같습니다.공채로는 가지마세요. 분위기 적응못합니다. 하지만 개인적으로 애사심이란걸 알 수 있었던 곳입니다."	미국 TGIF는 2015년에 50주년을 맞습니다.한국 TGIF는 22년을 맞이 했습니다. 그만큼 요식업계에 대한 노하우는 타의 추종을 불허합니다.아x백, 스x디킹 창업자들도 tgif 출신이었다는건 아는분은 아실겁니다.그만큼 요식업에 관한 메뉴얼은 정말 잘되어있습니다.또한 이곳에서 2년이상 일하면 다른곳으로 이직하기는 쉽습니다.(CJ계열은 제외) 입사해서 TGIF에 대한 메뉴얼을 본다면여러분은 TGIF에 대한 애정이 생긴 나를 볼수 있을겁니다. 또한 팀원(알바)들과의 친근함은 또 다른 즐거움을 줄것입니다.	장점에서 말한 애정이 없어지게 하는 부분들입니다.롯데리아가 한국 TGIF를 인수한 이후, 낮은급여, 많은 업무시간(쉬는날 종종 소환하기도함),찾은 소셜쿠폰, 22년간 쌓인 진상들.. 그리고 메뉴얼과 다른 현실..	제발 소셜쿠폰 그만하고, 마케팅팀 자르고, 새로 구성하세요. 메뉴얼과 TGIF의 Fun은 전세계 어느 패밀리레스토랑보다 우월한데왜 그걸 죽이나요..
2014/10/20	(주)세스코	100	71990	47746	3.0	2.0	3.0	3.0	3.0	0	1	영업/제휴	현직원	대구	 0 	False	"급여에 크게 구애받지않고 안정적이고 정적인 기업문화를 좋아한다면 지원하세요~~"	큰 변화없는 기업문화와 주5일문화 정착	상대적으로 낮은 연봉과 탄력적이지 못한 월목표	회사의 이직률이 높은이유가 무엇인지 한번쯤은 경영진에서 고민해봄이 어떨까요??
2014/10/13	(주)세스코	100	71990	45989	2.0	2.0	4.0	3.0	3.0	0	1	영업/제휴	현직원	대구	 0 	False	"복리후생 및 특히 급여를 중요시 한다면 이 회사 무조건 다시한번 생각해봐야 합니다."	1. 빨간날 다 쉼 2. 대체근무함. 3. 월급 밀리거나 하는 일 없음	1. 승진 및 직급에 대한 명확성 저하(대리,주임등 직급이 아닌 자체 직급 붙여 이직시 직급이해 불명확) 2. 보통 주임달고 타회사로 이직하여 대리가 없음	.
2014/10/22	씨제이푸드빌(주)	100	23183	48663	3.0	3.0	1.0	2.0	3.0	1	1	경영/기획/컨설팅	현직원	서울	 0 	False	"고수익산업이아니라 연봉이 높지않음 외식업을 이끄는 기업이라 배울건 많으나 경쟁력을 갖춰야 생존가능."	대기업이라 복지와 이미지. 기업문화.시스템이 아무래도좋다	조직이 크다보니 리더에따라 문화.역량의 갭이큼	리더선별
2014/10/21	씨제이푸드빌(주)	100	23183	48162	4.0	5.0	3.0	4.0	4.0	1	2	서비스/고객지원	전직원	경기	 1 	False	"분위기가좋음"	분위기가좋고 급여가높음 그리고 자유로운 분위기 분위기가좋다	모든서비스직이 그렇듯 감정노동문제일이많을 때는 몸이힘듦 ㄷ그고 서브스직이라 감정노동문제	좋은분위기였음
2014/10/13	씨제이푸드빌(주)	100	23183	46141	4.0	3.0	1.0	3.0	3.0	0	2	서비스/고객지원	전직원	충남	 0 	False	"서비스업을 직업으로 택한 분들에게는 제대로 배울 수 있는 곳."	복지혜택이 괜찮음. 매장관리 등을 체계적으로 교육받을 수 있음.	너무 고객 위주의 서비스를 하다보니 정작 직원들은 스트레스 강도가 높음. 매장 내 사무실 공간이 매우 비좁음(2명 들어가기도 벅참).	매장 내 실적 압박이 너무 심한것 같네요.
2014/10/9	유베이스(주)	100	87279	45365	3.0	1.0	3.0	2.0	2.0	0	1	IT/인터넷	현직원	서울	 4 	True	"잠깐 경험할 생각이라면 비추.이 악물고 버틸수 있다면 도전."	특성상 여성이 많다보니 여성에대한 성차별 없음.승진기회 많음.규모가 크기 때문에 본인이 퇴직하지 않는 이상 고용은 안정적임.	관리자급으로 승진을 위해서는 업무능력 보다는 사내정치가 중요하게 작용함.상담원의 급여나 인간적인 대우가 아쉬운것은 여기도 마찬가지임.업계 1위를 자랑하지만 그것이 상담원을 쥐어짠 결과라는걸 인지해야함.	현실적인 급여를 책정해주시기 바랍니다. 관리자급들의 인성교육을 심각하게 고려해보시기 바랍니다.
2014/10/3	유베이스(주)	100	87279	43971	4.0	4.0	2.0	3.0	3.0	1	1	영업/제휴	전직원		 0 	False	"상담업무인만큼 인내심과 정신력 필요."	업무 시 좌식, 복장자율, 직접대면 등 업무특성상의 장점이 있음 출퇴근의 시간도 정해져있어 상사의 영향력이 미비한 편	간접대면 고객의 비상식적인 컴플레인 정신적인 스트레스 사회적으로도 감정노동업무의 가장 큰 문제	업무 특성상의 개선점을 파악하여 복지시스템으로 개선할 수 있도록 노력이 필요합니다. 업무에서 오는 스트레스를 완화하거나 대안책 마련
2014/10/31	아워홈(주)	100	68269	51116	3.0	3.0	2.0	3.0	2.0	0	1	경영/기획/컨설팅	전직원		 1 	False	"식재 외 사업부문은 정체, 성장가능성 불투명함. 아직 대외인지도 부족하며 그나마 현재의 광고로 점차 알려지는 추세. 아는 사람들에게는 낮은 성장성에 비해 이미지적으로 과대평가되고 있는 부분이 많다고 느껴지는 회사"	일이 많은 만큼 개인의 역량을 발휘하거나 배울 기회가 많음. 종합식품업계에서 이름이 있는 만큼 역량쌓아서 이직하기 좋음. 회사에 여성이 많으며 임신한 여성도 꽤 많이 있음. 여성을 위한 복지가 잘 되어 있어 여성이 다니기 좋은 회사. 업무는 많으나 사내 분위기는 좋음.	일이 많은 이유는 비효율적인 업무 지시와 처리 때문. 은근히 보수적인 기업문화. 낮은 연봉에 야근수당도 없음. 식재부문은 지속적으로 성장하고 있으나, 급식, 외식 등 나머지는 계속적인 적자로 폐점도 많이 하고 있음. 사업 시장이 포화상태인 만큼 성장성이 불확실함.	일방적이고 납득하기 어려운 업무 지시가 아닌 합당한 업무진행과 체계적인 업무배분이 이뤄지면 좋겠음.
2014/10/23	아워홈(주)	100	68269	49019	3.0	2.0	4.0	4.0	3.0	1	2	영업/제휴	전직원	서울	 0 	False	"종합식품기업으로서 식품업계의 다양한 분야에서 활동가능함식품 업계에서 종사하고 싶은 지원자에게는 추천현재 회사 규모는 점점 커지고 있음"	업무 강도나 실적에 대한 압박이 상대적으로 적음일과 삶의 균형 면에서 만족스러움사내문화도 나쁘지 않음퇴근에 대한 부담감이 적음	급여 수준은 상대적으로 좋은 편은 아님복지 수준이나 회사에 대한 자부심은 떨어지는 편	사원들의 체계적인 교육이 필요한 듯좀 더 과감하고 진취적인 사업경영이 필요
2014/10/23	아워홈(주)	100	68269	48877	3.0	3.0	3.0	3.0	3.0	0	1	영업/제휴	전직원	서울	 1 	False	"미래는불투명 급식업계 1위"	교통이 편리한편사내식당밥이 맛있습니다(가격대비 양이적긴하지만)	간부출신이 보수적임주요산업자체가 정체기임	보다 열린채용바람보다 사내식당밥양이 늘었으면 좋겠음
2014/10/14	아워홈(주)	100	68269	46306	2.0	1.0	1.0	2.0	1.0	0	1	기타	전직원	경기	 3 	False	"급여가 낮고 일은 많다. 여우같은 여자들이 살아남기 편한 곳. 적당히 일하고 꾀를 잘 부릴줄 알아야 버틸 수 있다."	급식업계 1위 라는 자부심. 아워홈에서 일했다고 하면 다른 회사로 이직이 쉽다.	인건비를 낮춰야하므로 여사님들 일을 최대한 조금 주고 영양사가 조리업무나 청소 같은 업무를 하기도 한다. 모든일을 다 맡아서 해야하고 책임감의 무게가 크다. 여자들끼리 있어 행동조심 입조심 해야함.	업무배분이 효율적으로 이루어질 수 있게 했으면 좋겠다.
2014/10/27	(주)커피빈코리아	100	53841	49836	3.0	3.0	3.0	3.0	3.0	1	2	서비스/고객지원	전직원	서울	 0 	False	"아르바이트로 커피빈에서 일했습니다. 그냥 서비스좋아하고 커피좋아하면 지원하세요"	커피빈종류가많고,그래서 가끔 골라먹는재미.그리고, 러쉬아워 아니면 안바쁨.	음료를 하루에 한잔밖에안줌.치사함서비스업이라서 진상손님짜증남	아르바이트생들에게 잘해주세용
2014/10/21	(주)커피빈코리아	100	53841	48064	3.0	1.0	2.0	3.0	1.0	0	None	서비스/고객지원	현직원	서울	 0 	False	"알바하기엔 참 좋은곳직원으로는 매우 비추천"	휴무갯수 따지면 주5일근무사람들 잘만나면 재밋게 일할수 있음	복지가 점점 구려짐보너스따위 없음.  수당도 아주 기본적인것들만 줌매장수만 늘리느라 직원이 부족해서 모든매장이 사람부족	이상한데에 매장좀 그만 만들고 그돈으로 보너스라도 주시길점장들이 왜 퇴사하는지 진지하게 생각좀 하길 바란다
2014/10/21	(주)커피빈코리아	100	53841	48063	3.0	1.0	3.0	3.0	2.0	0	1	영업/제휴	현직원	서울	 4 	False	"겉 다르고 속 다른곳앞으로의 미래가 정말 궁금하다."	카페 운영의 기초는 참 잘 배울수있는거같음	최악의 복지체제, 점점가면서 독창성이 사라지는듯, 남들 따라하기에 급급한것 같다	모든 매장을 원활히 운영해주는 직원들 고마운줄 알았으면 좋겟다.
2014/10/17	(주)호텔신라	100	47377	47216	3.0	3.0	3.0	3.0	3.0	0	2	경영/기획/컨설팅	현직원	서울	 0 	False	"묵묵히 일할수 있는 곳 삼성 계열사임"	복지체계 우수 및 체계적 관리시스템으로 운영됨	약간은 보수적인 문화가 있어서 창의성과는 거리감이	성장을 경험하면서 당연히 성장통은 있을 수 밖에 없음 이를 잘 극복해 나가는 것이 중요함
2014/10/14	(주)호텔신라	100	47377	46333	3.0	3.0	2.0	3.0	3.0	0	1	서비스/고객지원	전직원	서울	 0 	False	"말 그대로 삼성계열 호텔"	최상급 호텔답게 쾌적하게 일할수 있는 업무 환경	평일에 휴무를 받는대신 주말에 근무해야한다는점	발전이 없어보이는 경영
2014/10/13	(주)호텔신라	100	47377	45941	2.0	3.0	2.0	2.0	3.0	0	1	서비스/고객지원	전직원	서울	 0 	False	"오래다닐 수 있는 직장을 찾는다면 별로. 업무 스트레스"	호텔 업계 중에서 상위권. 삼성 브랜드 가치.	업무 분위기. 업무 스트레스. 일과 삶의 균형이 어려움	없음
2014/10/4	(주)호텔신라	100	47377	44027	2.0	1.0	2.0	1.0	3.0	0	2	경영/기획/컨설팅	현직원		 3 	False	"연봉, 승진, 자기계발에 큰 욕심없고 시키는 대로 잘하기만 하면 오랫동안 다닐 수 있을 것임. 복지, 연봉은 삼성 후자 중의 후자이니 기대하지 말 것"	발전이 빠른 기업. 기업 이미지가 좋음.	삼성답게 역시나 임원 중심.호텔은 군대문화, 면세는 개인 플레이.눈치를 많이 보고 다른 부서에 책임 떠넘기느라 급급.남의 잘못만 지적.관례에 얽매여 있음. 보수적임.보고서 문화. 시대에 역행	후배들의 성장이나 발전, 처우에 관심 좀 가져주시길.
2014/10/30	트랜스코스모스코리아(주)	100	51105	50709	1.0	2.0	1.0	3.0	1.0	0	1	영업/제휴	전직원	서울	 0 	False	"서비스업이 정말 본인에게 있다고 생각된다면 지원하세요."	능력만큼 가져갈수있습니다. 월급은 칼처럼 늦지않게 통장에 입금됩니다.	여자가 너무 많고 좁고 공기가 탁해 감기에 잘 걸립니다.	일반 상담직원들에게 대우를 조금 더 늘려주세요.
2014/10/24	트랜스코스모스코리아(주)	100	51105	49034	2.0	1.0	1.0	2.0	2.0	0	None	IT/인터넷	전직원	서울	 0 	False	"다양한 경험을 쌓을수 있다. 분위기는 그럭저럭"	퍽 자유로운 근무환경, 칼퇴근이 자유롭다. 업무에 대한 압박감도 꽤 낮은 편	사원들간의 교류가 별로 없다. 그리고 오래 버티는 사람이 거의 없다. 다들 중간에 나감.	사원들이 원하는것이 무엇인지 관심을 가져주길
2014/10/10	트랜스코스모스코리아(주)	100	51105	45648	2.0	1.0	4.0	4.0	3.0	0	1	서비스/고객지원	전직원	서울	 2 	True	"배달의민족, MAC, Iphone 등 어플이나 전자기기쪽 콜센터 업체. 급여에 상관없이 자유롭고 편한 분위기로 근무하기 좋아하시는 분들에게 추천장점과 단점이 상당히 명확하게 드러나는 회사."	근태 관련해서 정말 심각하게 문제생길정도로 막장가지 않으면 엄청나게 자율적인 분위기명확한 근무시간 칼퇴 가능	낮은 급여로 인해 조직 충성도가 낮은편. 근무하는 대다수의 사람들이 직장이라기보단 알바쪽이라 생각하는 성향이 더 강함.그로인해 이직률도 상당히 높은편 필자의경우 5개월 근무자가 최고참자였음인센티브제가 존재하긴 하나 조건이 넘사벽 수준이라 실질적인 의미가 없음.	급여좀 올려줘여 ㅠㅠ
2014/10/8	트랜스코스모스코리아(주)	100	51105	45268	3.0	3.0	5.0	3.0	3.0	1	1	서비스/고객지원	현직원	서울	 0 	False	"일본계 아웃소싱업체로 콜센터/애프터서비스 등 아웃소싱"	출퇴근이 정확함. 약간 과장하면 공무원수준임.공휴일도 대체로 휴무함. 개인시간이 많아서 재충전하기에 좋음업무강도 적절함. 업무파악이 빠를수록 본인이 편해짐.반복적인 업무에 염증을 느끼지 않는다면 오래 다닐만함.	연봉이외에 추가수당은 바라지 않는게 좋음. 명절에도 수당없이 선물세트만 받을 가능성 높음.연봉도 높지않음. 너무 낮지도 않지만 분명 아쉬운 부분임. (출퇴근은 칼이니까 감안할 부분이긴함)개인발전을 기대할 수 있는 회사는 아님. 회사규격에 맞춘 셀러리맨이 됨.	경력에 따른 연봉인상을 시원하게 해줬으면
2014/10/6	씨제이푸드빌(주) 빕스	100	91680	44598	3.0	2.0	2.0	4.0	3.0	0	None	서비스/고객지원	전직원	경남	 1 	False	"사정 안봐주고 힘듬. 군대보다 더 힘듬. 일이 너무 많음. 근데 일에 비해 돈은 작게줌"	약간 분위기 나쁘않은곳에 있단 느낌. 유니폼이 나쁘지 않음	업무를 많이시킴. 신병처럼 일 시킴. 시간이 불규칙적이라서 신체밸런스가 무너진다	사람 인성보고 뽑길.
2014/10/5	씨제이푸드빌(주) 빕스	100	91680	44170	3.0	4.0	2.0	4.0	4.0	0	2	영업/제휴	전직원	경기	 0 	False	"일이 너무 많아요"	힘들지만 같이 일하는 사람들이 모두 가족같은  분위기라 재미있습니다.	정해진 퇴근시간 외에 근무하는 경우가 많았고 저 같은 경우는 근무 외 시간에 근무를 해도 초과수당을 받을 수 없었어요	매출 상승을 위해 직원들이 많은 노력을 하는 만큼 많은 복지 부탁드립니다.
2014/10/5	씨제이푸드빌(주) 빕스	100	91680	44135	2.0	3.0	2.0	1.0	3.0	0	1	서비스/고객지원	전직원	인천	 0 	False	"서비스직에 대한 인식은 아직도 낮다. 교대근무, 진상고객, 대기업다운 업무과중, 포함되지않는 근무시간, 빡치는 알바관리."	패밀리레스토랑 인지도 높음. 복지 좋음. 해고위험없음.	알바에서 인턴으로 입사시도시 2년은 저렴하게 사는 것. 입사가 되어도 퇴직 후 재입사 처리. 공채와 급여차이 존재.	오래된 M2 직급의 경우 마인드가 썩은 사람이 많다. 그래서 M2에서 멈춘걸지도.
2014/10/4	씨제이푸드빌(주) 빕스	100	91680	44113	2.0	2.0	2.0	5.0	2.0	0	1	서비스/고객지원	전직원	경기	 0 	False	"공채로 들어오지 않을거면 추천하지 않음"	직원들끼리 친해서 재밌게 일을 할 수 있고 젊어서 활기차다.	과도한 업무량과 함께 오래 일해도 야근수당은 없다.	공채뿐만 아니라 밑에서 부터 올라오는 직원들도 챙겨주세용
2014/10/29	(주)유니에스	100	87274	50539	2.0	3.0	4.0	4.0	2.0	0	1	유통/무역	전직원	경기	 0 	False	"암웨이사업부 매장에서 근무알바만도못한 취급. 그냥 매장알바를 하시길"	휴식시간 제공및 데이오프 엄수로 편안한 근무가능.	암웨이라는 갑의 을이다보니 눈치를 많이 보게됨. 가끔 일을 체계없이 제공. 단순 노동.	망하지는 않을것같으나 체계적인 시스템이 필요할 것 같음
2014/10/18	(주)에스텍시스템	100	89310	47534	2.0	2.0	1.0	2.0	2.0	0	1	서비스/고객지원	전직원	인천	 0 	False	"업무와 삶의 균형을 맞추기 상당히 힘듬주주야야휴휴 근무체계인데 휴일에도 대치근무서는 경우가 부지기수"	생각없이 잠시 해보기엔 경험하기 좋은 회사 선후배간 끈끈한 챙겨주는 문화가 있음	군대식 상명하복문화가 강함 일하는 강도에 비해 급여가 너무적음	급여를 올려주시고 직원들 프라이드를 위해 복지에 신경써주세요대다수직원이 너무 프라이드 없이 할일 없어 온사람이 많은느낌이듭니다
2014/10/7	한국마사회	100	86726	44684	3.0	4.0	4.0	3.0	2.0	1	None	경영/기획/컨설팅	전직원	경기	 13 	False	"직업에 대한 꿈이 없고 안정적인 중산층으로 살아가고 싶다면 대한민국 최고의직장. 욕심이 많다면 글쎄....?"	높은 급여와 급여대비 낮은 업무강도. 성과급 포함 초봉 6천가까이 된다. 부서마다 다르지만 대체로 칼퇴근하며 업무난이도도 높지않다. 승진에 대한 부담이 없어서 이른바 만년차장이 임원급직원보다 부러운 눈총을 받기도 하는 기형적인 구조. 이 회사 최고의 복지는 안양에있는 사택 아파트를 들어갈수 있다는거고 그외 자잘한 복지혜택도 매우많음.	수~일 근무 월화휴무라 친구들이랑 멀어지게된다. 조직자체의 한계지만 경마라는 산업이 사무실에  앉아서 무언가를 한다고 발전하지 않기때문에 탁상공론이나 쓸데없는 문서작업을 많이시키는 편이고 비효율적인 공공기관 특유의 업무가 골치아프게함. 시어머니가많고 조직의 대외이미지가 좋지않기때문에 따가운 눈총을 받음. 직원들의 인적구성은 매우 좋고 똑똑한사람이 많으나 회사에서 그런 능력을 필요로하지 않기때문에 조직에 매몰되다보면 같이 멍청해짐. 따라서 자기발전 욕심이 많은사람에게는 답답한 면이 있음. 공채 이전에 들어온 사람들과의 갭이 커서 커뮤니케이션이나 인적 수준에서 차이가 느껴질때가 많음. 우스갯소리로 일잘하는놈은 매일 빡센부서 돌면서 승진빨리하고 명퇴로 집에 일찍가고 일못하면 편한부서 보내주니 대놓고 일안하고 버티면서 월급만 가져가려는 사람들이 있음.	쓸데없는 탁상공론 말고 진정으로 회사를 발전시킬방향을 제시해주었으면 합니다.
2014/10/15	이트너스(주)	100	13535	46669	3.0	2.0	1.0	2.0	3.0	0	1	서비스/고객지원	전직원	경기	 3 	False	"최종면접 보고 갑자기 TO 필요 없다며 공고 내리는 회사"	본사 위치 - 판교 & 스마트 오피스 본사 내 업무 환경은 굉장히 쾌적한 편, 드라마 촬영도 가끔 함다양한 분야로 사업영역을 확대 중	본사 외 지사의 경우 근무환경 별로 ex_좁은 사무실협력사 및 파트너라 자처하지만 하청업체 수준 화려한 겉면과 다르게 다소 비체계적인 내부조직 및 시스템 GHD업무의 경우 군대 5분 대기조라 보면 됨완벽한 사무업무가 아닌 이상 업무시간은 퇴근 후 연장선임	언행일치 하세요
2014/10/6	이트너스(주)	100	13535	44374	2.0	3.0	1.0	3.0	1.0	0	1	IT/인터넷	전직원	경기	 3 	False	"보수적인 기업문화를 이해하기 어렵다면 적응하기 힘들것임. 스마트오피스를 지향하지만 전혀 스마트하지 않은 업무체계."	직무간 전환이 용이하며, 성실함만 갖춘다면 다양한 기회를 잡을 수 있다.  기준에 따라 다를 수 있지만, 연봉과 복지면에서 다양하게 제공하려고 노력한다.	수직적관계, 강압적 사내활동, 불필요한 행사 등으로 업무에 지장을 초래한다. 인,아웃풋이 빠르게 진행되어야 하는 전문직종은 장기근무하기 어렵다.	다양한 직무가 존재하는만큼 직무에 대한 넓은 이해력을 갖추길 바란다. 모르는게 약인 시대는 이미 지나갔다.
2014/10/6	효성아이티엑스(주)	100	285	44402	1.0	1.0	1.0	1.0	1.0	0	None	IT/인터넷	현직원	서울	 1 	False	"IT분야로 입사하실꺼면 과장급이상으로 오시길..."	눈치 안보면 칼퇴가능, 망하진않음. 월급 꼬박꼬박 나오고 가끔 회사에서 뭘주는것이 많음.근데 솔직히 별로 불필요하지만 기분은 좋아집니다.	IT부서는 모든게 단점임. IT본부로 오시는분은 심각하게 고려해보시기를 바랍니다.	복지가 너무안좋고 대우가 너무안좋습니다.
2014/10/30	대명레저산업(주)	100	82315	50778	2.0	1.0	1.0	1.0	1.0	0	1	서비스/고객지원	현직원	기타	 0 	False	"보이는것이 전부가 아니다"	대기업 소속이라는 점과 서비스교육을 많이 시켜 배울게 많다	서비스직의 스트레스  많이 받음 , 이직률 높음, 군대식 분위기	...
2014/10/24	대명레저산업(주)	100	82315	49243	4.0	2.0	3.0	1.0	1.0	0	1	서비스/고객지원	현직원		 1 	False	"군대나 다름없는 수직적 문화경영진이 사업장에 나타나면 고객이고 뭐고 경영진 모시기 우선인 이상한 회사여자 회장이 무슨 여왕벌같은 느낌주변인들에게 좋은 대기업 다닌다는 인식을 주고 각종 리조트 및 레저시설 무료이용 등은 좋음"	좋은 레저 복지승진은 짬밥먹으면 무난업계 1위이기에 이직에 좋은 경력	수직적 기업문화로 불통의 기업경영진은 왕족그에 따른 낙하산 인사 다수(짜고 친듯 모두 무능)급여가 서비스업답게 엄청 높진 않음	말해봐야 손가락만 아플듯...워낙 높으신 분들이기에
2014/10/23	대명레저산업(주)	100	82315	48844	1.0	3.0	1.0	1.0	1.0	0	None	서비스/고객지원	전직원	기타	 2 	False	"영업직이건 사무직이건 서비스직이건 상관없이 모두에게 주어지는 영업실적 압박.대화와 소통이 없는 곳. 군대보다도 더 꽉 막힌 수직문화를 겪고 나서 느낀 것은 '여긴 아니다'라는 생각 뿐."	분양만 잘하면 승진의 길은 열려있다.업계 1위이다보니 여기서 잘 훈련받으면 이직시 도움된다.	1. 출근 시간은 칼 같이 지키지만 퇴근은 자유롭지 못 하다. 최소 한시간 이상은 무료로 연장근무 하고 가는게 예의라고 생각하는 회사.2. 회원권 분양, 객실 판매 등...3. 대화와 소통? 그런거 없다. 위에서 까라면 까야하는 군대보다 더 삭막하고 꽉 막힌 회사 분위기.	부하직원에 대한 존중과 배려, 대화와 소통이 절실히 필요합니다.
2014/10/16	대명레저산업(주)	100	82315	47080	4.0	3.0	3.0	2.0	2.0	0	1	경영/기획/컨설팅	현직원	경북	 1 	False	"하는만큼 자신의 능력을 보인다면 인정받을 수도 있습니다."	인턴기간이 1년이라 길지만 식대 및 기숙사 제공 등 복지는 좋으듯 하지만 급여는 타 기업에 비해 낮음업계 1위인만큼 자부심은 가질 수 있음	보수적인 회사. 하지만 규모는 큼. 초봉이 낮음	형식적이기 보다는 체계적인 관심과 직원들에 대한 배려가 필요
2014/10/30	피알원(주)	100	87461	50733	3.0	3.0	3.0	3.0	3.0	1	1	미디어/홍보	전직원	서울	 0 	False	"다양한 PR사례를 접하며 전문가로 성장할 수 있는 곳"	국내 인지도 높은 PR기업. 여기 경력이면 홍보 분야에서는 어디서나 왠만큼 인정받을 수 있을 정도	팀별, 본부별 근무환경이 조금씩 다름. 같은 회사인 듯 다른 회사 같은.. 직원들의 의견을 잘 묻기는 하나 반영은 잘 안 되는 듯..	출산, 육아를 앞둔 여성 근로자를 위한 배려와 장기근속자를 위한 혜택이 늘었으면
2014/10/19	피알원(주)	100	87461	47685	3.0	4.0	2.0	4.0	4.0	1	2	서비스/고객지원	현직원	서울	 1 	False	"홍보분야의 업무를 경험하고 기초를 탄탄히 배우고 싶다면 강력추천한다."	복지, 사내문화, 연봉이 괜찮다. 야근이 많긴해도, 택시비 지원 등이 좋은듯.	업무와 삶의 균형.. 일이 많고, 업무의 강도가 세다.단순 일을 처리하는것이 아니라, 인사이트를 요구하는 업무가 많다.	다양한 레퍼런스를 쌓을 수 있는 구조였으면.
2014/10/1	피알원(주)	100	87461	43410	2.0	1.0	3.0	3.0	1.0	0	None	미디어/홍보	현직원	서울	 2 	False	"보기에 좋은게 맛도 좋다라는게 아니라는걸 보여주는 대표적인 회사"	사내 분위기가 좋은점. 사내 교육 시스템. 점심?보여지는 국내 굴지의 PR 회사? 여자들이 많지만 군대적인 분위기는 아니다.	팀간의 경쟁. 이야기를 들어주는 척하면서 변하는게 없음. 보여지는걸 굉장히 중시함.남의 이야기 하기 좋아하는 남자 상사. 저 사람이 왜 월급 받지? 라는 의문이 드는 사람.	경영진이 사원들 이야기 다 들어줄 것 같지만 실상은 자기들 하고 싶은 말만하고 비전이 보이지 않는다.
2014/10/1	피알원(주)	100	87461	43406	2.0	2.0	3.0	3.0	1.0	0	None	미디어/홍보	현직원	서울	 4 	False	"보기 좋은 떡이 맛도 좋지 않다는 예를 보여주는 회사."	자유로운 분위기, 사내 교육 철저, 점심 식대?	팀간의 경쟁이 심하다. 경영진들이 PR의 앞날을 생각하면서 정말 PR에 대해 생각이 있는지 궁금하다.회사에 비젼이 없어보인다.	회사가 보기에는 개방적이고 사원들의 말을 들어줄려고하나실상은 그렇지 않음. 자기들 생각으로 일방적으로 진행. 솔직히 비전은 보이지 않음회사가 굉장히 진보적이라 생각하지만 경영진들이 자기가 듣고 싶은 말만듣는다.
2014/10/26	(주)대학내일	100	86769	49563	4.0	3.0	2.0	4.0	5.0	1	2	미디어/홍보	전직원	서울	 9 	True	"오래 일할 수 있는 안정적인 직장을 찾는 사람들에게는 적절치 않을 수 있음기존 광고대업 업무외에도 스스로 새로운 비즈니스를 창출할 진취적인 마인드가 요구되는 회사회사 자체적으로도 현재 비즈니스로 언제까지 수익을 창출할지 스스로 의문을 가지고전사적으로 위기의식과 비즈니스를 만들어야 한다는 진취적 분위기가 있음"	발전적으로 노력하는 문화, 좋은 사람들이 많이 모여있음, 경영진이 투명하고 인간적임, 사원복지에 고민을 많이 하는 편, 광고업계에서는 상위연봉과 복지	광고에이전시 특유의 야근, 주말출근은 역시 어쩔 수 없음, 광고회사치고는 크리에이티브 역량은 떨어짐 다만 기획력은 있음.   현재 주 수익창출원인 공모전, 캠퍼스 프로모션 대행이 점점 경쟁이 치열해지는 상태	충분히 좋은 고민 많이 하고 있다고 봄.  삶과 일의 경계에서 회사 성장과 개인의 성장을 함께 도모하기 위해 계속 고민했으면
2014/10/9	(주)대학내일	100	86769	45341	4.0	3.0	4.0	4.0	5.0	1	2	미디어/홍보	현직원	서울	 1 	False	"어떤 팀에서 일하는지에 따라 분위기가 각기 매우 다르다. 업무도 고정되어 있지 않다. 사수 또는 팀에서 일일이 가르쳐주는 시스템이 없어서 혼자 열심히 배운다는 생각으로 일해야 한다. 그게 괜찮다면 지원해도 좋을 것이고, 체계와 교육시스템이 잘 되어 있는 곳을 원한다면 힘들 것이다."	대표실이 따로 없을 정도로 권위적이지 않다. 개선할 점들에 대해서 연차가 낮아도 자유롭게 건의할 수 있는 분위기다. 도서비 지원, 교통비 지원 등 복지가 좋은 편이다.	체계적인 교육 시스템이 없다. 업무 배분이 골고루 되지 않는다.	보상 시스템이 제대로 작동하는지 확인해줬으면 좋겠다.
2014/10/8	던킨도너츠(주)	100	92793	45059	3.0	3.0	3.0	3.0	3.0	1	2	서비스/고객지원	전직원	경북	 0 	False	"커피와 빵에 관심있는 분들께 좋은듯"	사이버교육을 수강하고 매장에서 근무할 수 있어서 일할 때에 많은 도움이 됩니다.	서비스직으로써 체력적인 힘들고 손님상대가 어려워서 사람들을 만나기를 좋아하는 사람에게 어울림	딱히 없습니다. 다양한 종류의 도넛과 음료가 더 많이 개발되어서 시중에 보급되었으면 좋겠네요.
2014/10/26	(주)그린웹서비스	100	86851	49522	3.0	1.0	4.0	1.0	1.0	0	None	서비스/고객지원	전직원	경기	 2 	False	"야근 거의 없고 해도 힘든업무 없음. 연봉이 아르바이트보다 못한수준이고 머리쓰는 업무는없음 거의 네이버 보조업무, 반복되는업무 싫어하면 못다님 ,복지완전 다르니까 네이버 생각하시면 지원하지 마세요"	체계가 잡혀있는 사내문화, 개인생활을 할수있을정도의 업무량	낮아도 너무 낮은연봉,개인주의적인 사내문화,단순업무 능력있어도 펼칠 기회 전혀없음	낮은임금을 줄거면 그만큼 채용학력을 낮춰 채용했으면..
2014/10/26	한국피자헛(유)	100	2927	49564	3.0	5.0	3.0	5.0	4.0	1	1	서비스/고객지원	현직원	대전	 1 	False	"여성이 일하기 정말 좋고 기타 서비스업과는 비교가 되지 않는 곳(복지, 체계적인 급여체계, 노조)"	노조가 있어 안정적임연봉은 괜찮은편신입사원 연봉이 높음회사 문화가 최고(칭찬하는 문화, 상하전달이 아닌 평행한 관계에서 서로 의견을 주고 받는 기회가 많음)여성 복지가 좋음시간 외 수당 체계가 잘 되어 있으며 정해진 시간외 근무할일은 그닥 많지 않음	정체된 성장, 출퇴근 시간 일정치 않음(단 주5일 근무 보장, 타회사의 야근, 주말 갑작스런 출근에 비하면 근무시간 일정)	통상임금, 회사의 사정으로 직원들의 근무조건 후퇴는 있어서는 안될 일입니다
2014/10/13	한국피자헛(유)	100	2927	46131	3.0	4.0	3.0	3.0	4.0	1	1	서비스/고객지원	전직원		 0 	False	"글로벌 업체의 체계적인 서비스 구조를 배우기 좋음"	체계적인 서비스 만큼은 배우고싶다면 정말 확실하게 배울 수 있음	서비스업의 특성상 주말에는 거의 쉴 수 없음	동종업계 중 복지가 좋은편이나 좀더 신경써주면 좋을것
2014/10/18	삼성웰스토리(주)	100	88148	47519	3.0	4.0	5.0	4.0	3.0	1	1	유통/무역	현직원	경기	 7 	True	"근무시간 복지 최고수준연봉 대리까지만 최고수준과장부터는 다른기업에 역전"	안정적이고삼성브랜드라서 대외적으로 나쁘지 않음성장성은 떨어지지만 안정적 영업이익으로연말성과급이 삼성그룹 평균 이상은 됨	보수적이어 개인의 아이디어나 생각이 반영되는데는 큰 노력이 필요	사업에 관한 전문지식 함양
2014/10/10	삼성웰스토리(주)	100	88148	45620	3.0	3.0	3.0	4.0	2.0	1	2	경영/기획/컨설팅	현직원	서울	 0 	False	"지원직군이 아닌 현장직군(조리사/영양사)은 현실적으로 성장의 가능성은 낮습니다."	삼성그룹 계열사인 만큼 근무의 연속성이 보장된다.(즉 정말 이상한짓 하지 않는 이상 아무리 일을 못해도 자르는 일은 절대 없다고 봐도 무방함)	삼성그룹 오너가 관여하는 회사인만큼 스피드가 매우 느린편이고, 비효율적인 보고, 검토 등이 많다. 그리고 현장의 역량이 매우 중요하고 또 그걸 강조하지만 실질적으로 현장 임직원들이 로열티를 느낄수 있게 하는 제도나 배려 등이 부족하다.	부서간 시너지를 낼 수 있는 협업 문화가 부족한데, 조직의 체계가 문제점일수도 있다.
2014/10/7	삼성웰스토리(주)	100	88148	44695	4.0	3.0	3.0	2.0	2.0	1	2	경영/기획/컨설팅	현직원	경기	 0 	False	"식품 1위연봉.."	단순한 사업분야.. 빵빵한 계열사들이 아직 이익에 큰 부분을 차지하는점	더 빠르기 도전해야 더 크게 먹는다.. 동반성장의 덧	더 가벼워 지기를
2014/10/17	에스피씨그룹	100	87570	47268	2.0	3.0	1.0	2.0	1.0	0	1	경영/기획/컨설팅	전직원	서울	 11 	False	"공채가 아니면 경력자이면 신중히 생각하고 지원하세요. 텃새가 무지 심함. 급여는 업계 최고지만 많이 주는 많큼 죽도록 일하지 않으면 살아남기 힘든 보수적인 조직. 특히 여성인 경우 지원은 극부 반대. 일에만 미쳐서 일할 사람은 강추. 개인적인 여가와 자유로움을 언한다면 비추. 조직이 유연하지 않고 완전히 상명하복의 보수적인 기업."	브랜드가 워낙 탄탄해서 회사가 망하지는 않을 것임. 해외시장으로 적극적으로 조력하고 있으며 삼립식품 식자재 사업을 통한 성장 기대	감추려는 기업문화, 사람을 돈많이 주고 영입하지만 귀하게 생각하지 않는 기업. 외부에 적이 많다는 것이 가장 큰 단점	사람이 결국 재산입니다. 귀하게 생각하세요.
2014/10/13	에스피씨그룹	100	87570	45972	2.0	4.0	1.0	3.0	2.0	1	1	서비스/고객지원	현직원	서울	 0 	False	"일과 생활에서의 균형을 맞추고싶으시다면 비추. 극단적으로 말하면 워커홀릭들은 잘 맞을듯 하네요."	동종업계 최고 연봉복지수준똘똘뭉칠 수 있는 분위기	보수적인 윗분들의 분위기항상은 아니지만 도저히 이해 할 수 없는 지시들	업무배분이 좀 이루어졌으면 좋겠고 직원들을 먼저 생각하는 회사가 되었으면 좋겠습니다.
2014/10/9	에스피씨그룹	100	87570	45325	3.0	3.0	3.0	3.0	3.0	1	2	유통/무역	현직원	서울	 0 	False	"꾸준히 성장하고 있는 회사. 하지만 업무강도 만만치 않고 경쟁회사들이 속속 등장. 전체적으로 안정적이고  끊임없이 연구 개발 하는 회사"	높은 시장점유율을 가지고 있는 브랜드들이 많아서 안정적이다. 꾸준히 성장하고 있다.	다른 회사들만큼 어느정도 보수적이다. 업무가 많을땐 정말 정신없다.	체계적인 인사 평가 제도가 있었으면 좋을듯 하다. 전체적으로 매우 만족
2014/10/4	에스피씨그룹	100	87570	44020	3.0	2.0	3.0	2.0	3.0	1	2	경영/기획/컨설팅	전직원	기타	 0 	False	"중국 사업 확장이 불가피 한 만큼 중국쪽에서 자신의 역량을 펼쳐보고 싶다면 추천"	해외 사업 확장이 불가피 하기 때문에 해외 시장에서 능력을 펼쳐보고 싶다면 추천.게바케 좋은 상사도 있기마련	회사는 기다려주지 않는다. 빠른 성과 피드백 필요케바케이겠지만 군대식 상하직급체계로 할 말 할수없음	인재를 믿는다면 조금은 더 장기적 관점에서 성과 평가했으면 좋겠음..
2014/10/14	(주)한국코퍼레이션	100	63215	46472	1.0	1.0	3.0	2.0	2.0	0	1	서비스/고객지원	전직원	서울	 1 	False	"관리직이 아닌 콜센터 직원으로 입사한다면 스트레스 각오해야함. 관리직은 근데 또 야근비가 없는것같음ㅋㅋ"	콜센터 근무의 경우 칼퇴. 초과근무시 수당지급	1년후 월급이 깎이는 기현상. 화장실갈때도 말하고 가야됨. 업무시간중 휴대폰 사용금지(걷어감). 실적순위 엑셀로 정리해서 하루에 네번씩 게시하며 갈굼.	없음
